"n","p","q","prob3","mttf3","prob1","mttf1","mttf","tau","shapes1","shape.mles.1","shape.mles.2","shape.mles.3","shape.mles.4","shape.mles.5","scale.mles.1","scale.mles.2","scale.mles.3","scale.mles.4","scale.mles.5","shapes.lower.1","shapes.lower.2","shapes.lower.3","shapes.lower.4","shapes.lower.5","shapes.upper.1","shapes.upper.2","shapes.upper.3","shapes.upper.4","shapes.upper.5","scales.lower.1","scales.lower.2","scales.lower.3","scales.lower.4","scales.lower.5","scales.upper.1","scales.upper.2","scales.upper.3","scales.upper.4","scales.upper.5"
100,0.215,0.825,0.278487170955192,883.95437971124,0.158592041373319,924.869251041088,210.627343926679,362.492299414816,0.9,0.863324560574472,2.21157435376541,0.626444790257203,0.926340527688009,1.31109846582614,1221.19375360058,490.280176283526,2984.90182156836,826.933349944616,759.114128663383,0.534944116573506,1.04289028535177,0.38182065580688,0.725528447671958,0.91812609649028,1.49753893560829,3.55675506397735,1.19037715257069,1.37132706910829,2.44303611354163,618.094858835162,385.78805624928,882.381638779823,468.786324665959,469.847989849405,5747.72611673114,899.909582693714,53451.0504844491,2176.95422876832,1825.95681106118
100,0.215,0.825,0.278487170955192,883.95437971124,0.158592041373319,924.869251041088,210.627343926679,362.492299414816,0.9,1.41128055354916,1.31787555921502,0.807712296536363,0.8569194472234,1.46613759674946,1176.27018452592,913.714270359571,693.609525908325,1521.02546987413,444.675611601056,0.65264617484715,0.876010270440532,0.61365698630102,0.578097219821814,0.996432763446367,5.34372810598959,5.81064217525324,1.1312199154502,1.57868932815442,2.39381345513877,484.261703636369,450.929894642381,401.582857404171,602.660558757198,334.694777325027,6503.26899373076,3623.90461978941,1658.80890061365,7680.7955826268,750.734187836156
100,0.215,0.825,0.25758356990199,840.1141,0.163241635870107,924.869251041088,216.399595490668,369.485692399371,1,0.969346622311902,1.29200128637819,0.918269678988682,0.924563842680097,1.19135590435043,1182.23388201267,525.614452979727,862.783699718488,1770.12820992141,1023.6423240761,0.566748963700509,0.998197645624029,0.532561217300495,0.606955910760664,0.768227129287135,1.45033984177926,1.77503190630054,1.35275093780619,2.02958288541107,2.22283026288882,585.527575087562,367.929623638315,468.284094306626,672.616349415849,524.503780140502,7351.40199759893,1145.79669385328,4488.27620273817,12426.5154801541,5801.30770087323
100,0.215,0.825,0.25758356990199,840.1141,0.163241635870107,924.869251041088,216.399595490668,369.485692399371,1,1.45959155218151,1.82315925291322,0.902639455224625,1.04524089988616,1.47325732166685,723.030098794936,662.60022888639,1271.36633672476,868.384595021199,573.549110635822,0.722980841282469,0.578906393715865,0.396810315150899,0.679142641115677,0.967010697104717,2.40437162188897,3.53487037176274,1.92140226601378,1.606537283446,2.59635344676807,449.174223247361,423.168752005759,519.491443149258,469.663683144473,397.236464646167,4474.24683820462,4556.83774352039,41387.9523396745,3354.26458526631,1133.97444194166
100,0.215,0.825,0.233754681559727,803.563879727765,0.168562831860821,924.869251041088,222.883586821744,377.709824077126,1.1308,1.31508330341563,1.11747534993933,1.21622536258002,1.46771294640676,0.917704552416365,924.133541240151,1028.2409075501,952.068950290687,757.426986127902,1006.16104855365,0.452707658519735,0.853991087785373,0.908130650144272,0.614048825673448,0.491158552511218,3.17864806261743,1.88805830976299,2.04610590449183,4.4794113461979,1.38938456945019,491.612837438455,544.844299825282,513.958763603916,457.066147589174,567.356494379529,27995.5846223818,2584.63746723913,2722.36874388205,4875.67005388022,6407.20989620952
100,0.215,0.825,0.233754681559727,803.563879727765,0.168562831860821,924.869251041088,222.883586821744,377.709824077126,1.1308,1.15185504597146,1.19727691803052,2.33740968363423,1.41850736197365,0.959059004934034,1205.81072755023,738.172522729058,525.106233262606,599.499575074876,2218.03124571757,0.727657389441602,0.86228446073338,1.62336188837036,1.09937740755793,0.61258644457583,2.10759182733602,1.79281614320386,3.74302608202181,1.99700478781154,4.34168560363505,606.559385465644,482.583700131438,398.168193788839,422.025036461622,727.673123181865,7468.88228246223,1640.91803792963,876.994723082338,1236.81998225514,32925.2962754645
100,0.215,0.825,0.222548475552248,790.258249769115,0.17107334979663,924.869251041088,225.896577087981,381.694351762218,1.2,2.14902623301135,1.26135126199764,0.803245335151791,1.32263741947958,1.10064614032036,613.983352036893,1004.81775788002,1249.34468588986,710.826277804285,1820.99644830667,1.24230602988286,0.847361957626295,0.560367829138468,0.858432538494255,0.797668420938142,4.88455956223331,3.32815974373485,1.24917568079034,2.07938343491966,1.67228053516314,436.497198995799,542.13844137374,645.946174209328,483.035413160428,798.923549889007,1277.72626653469,3659.29177021755,4452.8142626584,1562.82000311039,6612.48913095937
100,0.215,0.825,0.222548475552248,790.258249769115,0.17107334979663,924.869251041088,225.896577087981,381.694351762218,1.2,1.1067583764092,1.71178904370596,1.23011608565123,1.34146525176159,1.23872292853317,901.159862194284,565.251097572462,818.892618012307,936.377401636009,840.170112252804,0.70941875376483,1.11628662873566,0.92783372294425,0.749641370041007,0.809101474192655,1.71987827953285,2.6180096701673,1.81027832389737,2.83321016491772,3.29914029055175,538.930044073874,415.096944854473,507.676003912765,504.282398333963,464.702598421596,3116.49873898976,1071.22486147216,1817.0927667364,5033.06968334593,2236.80875299784
100,0.215,0.825,0.207844400994472,775.909826210951,0.174375694121379,924.869251041088,229.813843872325,387.060635736324,1.3,1.62913468813221,0.879631331832542,1.08140971186812,1.24323097827217,0.987775713736209,803.160844562102,1453.25663841315,768.194385109336,900.250716466683,1071.37963448153,1.0851832509278,0.65028015321563,0.846701716950182,0.621447715253109,0.687804034582803,4.03076688492861,1.20693790993803,1.41992454002561,2.68108679969253,1.45832277064825,506.29545532986,735.089034329272,483.513948663691,508.73149600414,573.591421015912,2657.42653890036,5728.28382403965,1684.02171156152,6296.73100414316,3679.2146125175
100,0.215,0.825,0.207844400994472,775.909826210951,0.174375694121379,924.869251041088,229.813843872325,387.060635736324,1.3,1.41177709818316,0.932094954260138,1.40586532298894,1.70691114563883,1.50852883804609,923.359140462424,1064.72294489638,1309.41192166417,573.193470036184,1057.13440447505,0.95611845216746,0.679746508765295,0.932302834275467,1.02435710834889,0.795965420603925,2.99994896909744,1.29071626495648,1.8710450391844,2.59515407665333,2.16245399554087,550.468872449823,592.22257934759,651.273517762492,425.266390465456,625.619024521918,2532.29174398593,2827.65569843867,4208.89312691913,1125.11969973852,4138.70160537338
100,0.215,0.825,0.278487170955192,883.95437971124,0.158592041373319,924.869251041088,210.627343926679,362.492299414816,0.9,1.00065415457222,0.737252958931793,0.754077665277809,1.38891925834364,1.2964406507722,1055.46530363351,2311.54646929291,2050.08392161095,979.725436989577,752.671147217207,0.749829776020451,0.407964262267542,0.42285598050564,0.511069116048844,0.818168389941107,1.32903238215992,1.45266902273383,1.58849900967294,52.0799685117193,2.07025862271619,551.112025314325,782.823950364101,701.290311058604,375.168196878048,482.840332251435,4325.14825422604,49874.3026165183,36893.0255439167,16782.7300497826,2494.87222371884
100,0.215,0.825,0.278487170955192,883.95437971124,0.158592041373319,924.869251041088,210.627343926679,362.492299414816,0.9,2.12522233607009,1.11953788840504,1.05583688361686,1.48112414524209,1.1336119995045,674.033541332593,781.872785553878,512.688619237189,454.374964371585,800.54332070607,1.21774680396064,0.497128593948234,0.785546769373593,1.07174078570748,0.39966338934787,189.297520512463,1.68063844210171,1.59404043044981,2.24302537821861,1.74499694031051,364.251890862502,454.472954501901,350.453449030673,340.656628579414,448.773037029965,2358.87742538696,10808.781634294,1153.51853726367,867.839388659048,12414.9720728829
100,0.215,0.825,0.25758356990199,840.1141,0.163241635870107,924.869251041088,216.399595490668,369.485692399371,1,1.25791124129001,1.21345417084826,1.09989337233522,1.09914348458688,2.23626493848003,986.301725230483,1171.38659622918,874.599794707416,650.928384010943,526.489875745313,0.732772409625963,0.766318398852841,0.814177392210968,0.755829739885181,1.68884472021545,3.75228530671047,1.78511090790121,1.4635780421255,1.66974679423337,3.59852841991568,481.378275199112,603.610257452919,508.72133289028,420.456337417825,397.628301301839,6242.57284448137,4018.16276874408,2289.13028576211,1515.09763813079,889.298675640916
100,0.215,0.825,0.25758356990199,840.1141,0.163241635870107,924.869251041088,216.399595490668,369.485692399371,1,5.73242414643492,0.903818201605252,0.955720289460386,1.75008978101122,1.03773579429634,3626.78004422301,697.545187987913,1127.46055853636,545.832114212759,1204.63133091942,5.72129763516433,0.689804821651472,0.673385927654772,1.14152568792873,0.639508791466645,5.73166463185169,1.26534951222519,1.44914012835995,2.94526811428058,1.38900474770742,3623.1331820778,416.395348535895,579.453686635162,406.241071925615,623.583151334848,3626.60633476381,1618.01998054743,3510.27575821265,963.062790512404,5169.69386011695
100,0.215,0.825,0.233754681559727,803.563879727765,0.168562831860821,924.869251041088,222.883586821744,377.709824077126,1.1308,1.29246481075828,1.31274651504357,1.06583328577292,1.42780965546252,1.18306014315173,1315.17394616229,839.299488859817,1221.03121702131,652.070358059515,987.931440109149,0.74593444865533,0.851662542618806,0.760052738479871,0.91912586512001,0.856204851790057,5.12276919725529,2.25280900766449,1.54389901451099,2.44476540863137,1.64154831016394,575.11963846133,516.918357817316,640.798451429048,445.480619631048,563.870846911373,5851.12781589759,2442.42416037723,4272.25106511786,1409.62298661713,3020.9225478432
100,0.215,0.825,0.233754681559727,803.563879727765,0.168562831860821,924.869251041088,222.883586821744,377.709824077126,1.1308,0.863876805122578,0.876293353914593,1.19978260172876,0.783429561467616,1.91551450497437,4850.73755662658,2125.72176749397,529.844431386825,1144.73524275868,672.788964965882,0.422811191368159,0.511679925892586,0.842069015843268,0.433815388564198,0.849279923128625,1.41241126645663,1.81772795866212,1.685682756635,1.16850663700847,3.31521048468979,1062.75296957631,716.746026832654,384.451030374264,563.912833610423,444.640022172671,125087.252674634,47811.1771900281,1028.82897934459,10427.6106978189,2975.47022282111
100,0.215,0.825,0.222548475552248,790.258249769115,0.17107334979663,924.869251041088,225.896577087981,381.694351762218,1.2,2.45930585483726,1.04419704491058,2.00892046197719,1.05063770120564,1.07402883960573,664.911330965325,1060.3490385854,457.345709821391,735.289084869048,740.042115419144,0.44121334838251,0.717888449473786,1.32263041335383,0.640872863984454,0.718136948484684,7.75625727213868,1.7041772009649,3.18372197401176,1.69351316878952,1.75325538910239,418.398936978193,573.084933872244,363.631207881983,445.016416013886,429.090891626241,54793.3307826477,5892.02345851243,694.409509659312,2451.71674286726,2168.84581426657
100,0.215,0.825,0.222548475552248,790.258249769115,0.17107334979663,924.869251041088,225.896577087981,381.694351762218,1.2,1.27456708992875,1.29233343400106,1.40327520605531,1.66812827149627,1.66397959730776,769.466531279803,661.237970171373,744.374479380509,722.309564780711,586.836483890283,0.747306805523049,0.769258499462874,1.02067988087795,1.09715900267088,1.09783046562256,1.9882203374672,1.9100364655584,1.95158793041518,3.35658848083712,4.40374953353001,493.738497209993,454.884225708259,470.709232171553,463.291737011862,416.901717694448,3409.48801013591,1721.39679907846,1724.69985537323,2153.70066679658,1192.24214144047
100,0.215,0.825,0.207844400994472,775.909826210951,0.174375694121379,924.869251041088,229.813843872325,387.060635736324,1.3,0.753226684535017,1.15725409210607,2.76030296852816,0.750965667489236,0.90911449475195,5386.7138221106,1244.31309039032,628.345139519006,3107.72296674729,2302.87980501411,0.494522749837083,0.712978397590054,1.56796063132402,0.48676342801799,0.65492036360693,1.01180556303014,2.2667892153334,5.33556731557402,1.57262390334787,1.37504558624698,1535.92348253009,659.488966331018,480.02428357376,1006.12029141505,1048.51845609883,34787.1881277919,4970.69359489763,1114.62720472838,41771.4086563666,17274.4440670982
100,0.215,0.825,0.207844400994472,775.909826210951,0.174375694121379,924.869251041088,229.813843872325,387.060635736324,1.3,1.02321277693713,2.30911218539033,1.42422386189849,1.03894040045051,1.20742145734262,679.759382670266,528.198670087787,743.073747679931,1131.84639213463,885.611628702242,0.795685548847968,1.11853396274382,0.916809945290359,0.71972866577424,0.682538168965896,1.32800576445377,3.65779196164349,2.84996159392137,1.63104794416906,1.74220946725389,407.104471155664,390.38790196342,467.208875140345,588.864080452054,509.412234449705,1319.46337119631,1353.96651426055,2208.18725678191,5015.48919040644,4544.42006705269
100,0.215,0.825,0.278487170955192,883.95437971124,0.158592041373319,924.869251041088,210.627343926679,362.492299414816,0.9,1.2040085203428,1.10900168785636,0.865492721101024,1.3918076838152,1.51784825413484,636.506787537931,876.486121059081,718.324683101621,819.982064167653,693.916528681888,0.545451000159335,0.88382871691755,0.668492236280153,0.510294879388932,0.823919491499451,1.84489738884573,1.62932893998914,1.1940366984595,2.25512526622814,3.48808850402913,396.775337169561,458.133711441129,407.102382126908,467.380497641501,420.330892581227,5860.42995133414,2667.7921330664,1672.95193127305,13405.8672153881,3566.92934218407
100,0.215,0.825,0.278487170955192,883.95437971124,0.158592041373319,924.869251041088,210.627343926679,362.492299414816,0.9,2.14260092415801,1.35723484627428,0.951189875710886,1.24615451498408,2.02837043647104,711.915566761248,856.276802107609,906.5228625441,916.171636013864,616.939487914502,1.33849553388776,0.798458580903959,0.373944831047426,0.434470585013315,0.837713516198168,4.55120908256774,2.67531014789257,1.80281119048746,2.47901070193582,7.48541970032341,446.790402531657,500.239451252027,491.003125307777,483.372578075182,426.979065954591,1733.81612135108,3363.24052756668,11006.0548324523,45811.7337095185,3987.89061573375
100,0.215,0.825,0.25758356990199,840.1141,0.163241635870107,924.869251041088,216.399595490668,369.485692399371,1,1.04774824078193,1.39007971267479,1.03916649430187,1.05683396191557,0.982442413543537,2048.3233176688,895.742992703742,575.898482646473,822.158376511735,1424.19689362529,0.486081341407044,0.994867737864596,0.765777852996553,0.809702791139135,0.591004131139125,3.90853484107835,2.21443829955415,1.48860058499335,1.49682254125921,1.49927053402123,545.901988069447,514.572767265403,397.486310703645,485.693547428006,672.609998633359,196211.289248491,2580.71219142424,1218.75729128109,1934.43998322748,17295.4209231201
100,0.215,0.825,0.25758356990199,840.1141,0.163241635870107,924.869251041088,216.399595490668,369.485692399371,1,1.5585047810753,1.3525759152159,1.61161326722449,0.955166089648868,1.49597739120998,547.564630777553,852.571110621053,636.219624577572,1423.23747411562,652.730974984704,1.05128664234413,0.946541196166677,1.03886211812159,0.579044079209406,0.967345805261721,2.66868577911149,2.07160886657892,3.49294366772413,2.2531701289619,7.00473496643064,406.375593583517,497.716186726001,424.295046880979,567.432175849079,425.286502593337,1006.20680767371,2319.1441425766,1414.76722045934,13500.9010600004,1772.31486547104
100,0.215,0.825,0.233754681559727,803.563879727765,0.168562831860821,924.869251041088,222.883586821744,377.709824077126,1.1308,1.41319140494152,1.24490472014114,1.04790774999639,2.23479857865797,1.1159704680493,734.594433456254,734.099147899571,779.317870386522,419.539593705437,651.773142832461,0.781787608401412,0.613318097903395,0.685081973152843,1.19417570940719,0.634159276231914,2.49972926347106,2.69251268081511,1.53999322916632,3.030605612644,1.78486148827076,435.196588649735,432.262981804576,432.800570597525,331.602806413182,404.368317415189,3843.45921831585,5270.64829107929,2581.07518741371,710.743527240615,2739.50401230618
100,0.215,0.825,0.233754681559727,803.563879727765,0.168562831860821,924.869251041088,222.883586821744,377.709824077126,1.1308,1.06202363412872,1.09370284426185,1.40593100508448,1.29014342898793,1.40562135909767,1250.4507729608,1144.83959765905,492.926907230803,808.165533348019,1043.41167745826,0.783711015364171,0.801938724663715,0.949505240726541,0.821742083186586,0.788937471586528,1.43909396920326,1.72221123203588,2.4047945328529,2.45692073702558,5.93787583260011,588.564627033193,612.696694230635,367.952629573117,468.731741944129,461.577946895169,4175.60521718604,4500.14459616486,863.633397130286,2202.69718641896,5706.34112061377
100,0.215,0.825,0.222548475552248,790.258249769115,0.17107334979663,924.869251041088,225.896577087981,381.694351762218,1.2,1.13327903842212,0.79438588607121,1.17560715795949,3.39302905721809,1.49779330970932,970.391595245542,2204.03720129139,740.239915333393,523.74576338896,627.733248342795,0.744761273154151,0.522061129437171,0.809563237381217,1.02120848204028,1.08382278338391,2.25662922198314,1.22657769233049,2.16016014339182,7.89777182400186,2.07627612861374,530.577019943394,838.781311488534,445.017266667225,423.277035669595,420.682440968256,3270.94031091842,19010.2251477726,2043.61838788461,1604.0145329704,1069.85412678966
100,0.215,0.825,0.222548475552248,790.258249769115,0.17107334979663,924.869251041088,225.896577087981,381.694351762218,1.2,1.70586294944667,1.1597943168813,1.16403530349639,1.0477212396486,2.90371414471888,756.770595543166,726.039788676798,716.677517863929,1143.51996266452,556.559549734204,1.02445866230755,0.677251900498808,0.872221739101519,0.688106157869348,1.85336442089301,2.92359281565494,1.59683347888426,1.48576666405857,1.65603335710495,10.674645758435,482.61095538578,466.640237087934,480.516107840796,600.588858300355,413.282164825078,2962.08649452776,2460.55755777945,1676.26714286152,5407.2279018063,1082.44219469286
100,0.215,0.825,0.207844400994472,775.909826210951,0.174375694121379,924.869251041088,229.813843872325,387.060635736324,1.3,1.42389958863398,1.59507542969724,0.941706151617034,1.11705264174476,0.689510201518731,1226.58587570235,698.123980178486,937.015047848047,817.788147835895,1698.32428842432,0.636240195289975,0.466265509046146,0.52417036622999,0.688708410264427,0.376527948159678,5.71408896127886,2.78019374989885,1.32995380011549,2.11985640425568,1.07907386025849,543.3339492453,452.522431366135,502.186079484547,479.272155455603,716.852925418108,7462.22486028888,8888.67422496163,3525.52806087011,3752.61469449087,16370.2553906142
100,0.215,0.825,0.207844400994472,775.909826210951,0.174375694121379,924.869251041088,229.813843872325,387.060635736324,1.3,1.02390871642143,0.997544517739689,1.56715867708579,1.80102962390982,1.03800584262903,1028.22856683251,2316.70052096771,718.149397455664,554.094665970196,1174.52380302841,NA,NA,NA,NA,NA,NA,NA,NA,NA,NA,NA,NA,NA,NA,NA,NA,NA,NA,NA,NA
100,0.215,0.825,0.278487170955192,883.95437971124,0.158592041373319,924.869251041088,210.627343926679,362.492299414816,0.9,2.26365959099822,1.02769691918876,1.13648915531214,0.699758518472033,1.12954284933242,841.532701109777,801.106124167664,587.038036731354,1496.26895638446,980.812518926134,0.889552269676351,0.805846210639332,0.773788163258761,0.408481278114391,0.775272283423177,11.6255446085488,1.39060440777602,1.74413547362794,1.08303472750672,1.77878526938709,413.562424744818,447.840044278291,387.738572936623,626.201219603336,546.334871759039,2760.24247080818,2193.80163630474,1365.51127767066,24987.0934597554,3255.86504503429
100,0.215,0.825,0.278487170955192,883.95437971124,0.158592041373319,924.869251041088,210.627343926679,362.492299414816,0.9,1.14625728063951,0.998823593608538,1.03360808725481,1.0130455859631,0.936938646999915,795.17891739886,1418.346746503,851.542367398593,2120.09441036729,1367.04995076711,0.826960574926986,0.753702750723449,0.671257481541268,0.6036958025551,0.644453943431913,1.56103970278394,1.88940997771118,1.84111444822766,2.21691670999466,1.53954444432498,491.206564959052,660.885735737467,498.106951981631,690.177717470454,627.459027532349,1927.94737679287,6043.54740191471,2650.84530351009,27701.70424607,5610.85697644236
100,0.215,0.825,0.25758356990199,840.1141,0.163241635870107,924.869251041088,216.399595490668,369.485692399371,1,1.1649154929776,1.46787907362191,1.24504654055468,1.14429615973152,0.848767849236905,1641.00044988929,731.326372756506,753.991961969333,828.466275380135,1138.79161532798,0.841863155229894,1.05222309675428,0.679200212079577,0.858691902409911,0.541810270626559,1.86943907064883,1.97997022302114,1.925706568791,1.51860642827694,1.33737487705245,797.212965481993,470.066613941564,481.072736700819,498.19906153865,563.97988046204,8832.18699411262,1569.6758617585,2443.80087295134,1984.48463195748,5982.58831111367
100,0.215,0.825,0.25758356990199,840.1141,0.163241635870107,924.869251041088,216.399595490668,369.485692399371,1,1.26386169503771,1.29996975787658,0.862408208870583,1.58016682195763,1.3311093380006,769.871155785153,593.43994625686,1268.82205180395,602.268749374834,622.331782362979,0.887949389186932,0.851555715563598,0.626482245372698,1.06696326503716,0.505454221980189,1.98122220471634,1.83686825768062,1.48549729645576,2.48585772142004,2.12758417862223,459.750702193126,398.448220412012,603.166812857198,408.729363694885,406.647860123264,2026.00742169908,1600.84091350621,4440.18464152238,1339.90967850757,6271.84511126155
100,0.215,0.825,0.233754681559727,803.563879727765,0.168562831860821,924.869251041088,222.883586821744,377.709824077126,1.1308,1.32958678268439,1.09372643231707,0.977735183286873,1.23933007627133,2.87624147328237,757.290369094188,1336.75508954281,709.077681671469,715.467140780504,527.680776435659,0.771419235763242,0.725363438023281,0.758885073431867,0.876783433835598,1.27811517696808,4.82787658085848,1.58351197568882,1.3015178411576,1.71027229120095,4.86096327601834,437.153437203108,615.590918553721,438.094930743606,450.104161596557,403.133725196944,3508.66444951336,7161.18114717231,1525.94911503568,1750.61101740421,1482.64534981526
100,0.215,0.825,0.233754681559727,803.563879727765,0.168562831860821,924.869251041088,222.883586821744,377.709824077126,1.1308,0.786339979168019,1.15967672128233,0.829431383223756,1.25883942293937,0.736193432784808,1711.997047424,757.716305455664,1414.31637047384,960.631932186574,5093.19388784288,0.559287895521631,0.672015304602704,0.522706814313523,0.80691361748378,0.239661009966806,3.58894765481299,3.38270364801718,1.67164688949821,2.30566700643384,3.47625550513393,530.050560608105,446.387732643411,650.919329442591,519.658396724479,505.957760311379,9790.51710306752,2334.74257843414,9754.00577651219,2814.04726070789,83757080.1146966
100,0.215,0.825,0.222548475552248,790.258249769115,0.17107334979663,924.869251041088,225.896577087981,381.694351762218,1.2,3.23520505233251,1.13440459325313,0.811633424863554,1.38618896074559,1.11287077586682,621.419927420997,538.841480928283,1502.32528539243,752.405383783639,1609.31374648814,1.34343283473732,0.778755833264289,0.557829306687312,0.753001992730036,0.565165740685382,9.45572718064903,1.53659546854801,1.44538062269414,2.35518273135836,1.86448875690305,444.136138867116,376.801719294229,597.74052937823,474.471282116198,703.680749062927,1912.79462380331,953.558512565125,7576.09377159215,2639.75231572494,18184.9140052907
100,0.215,0.825,0.222548475552248,790.258249769115,0.17107334979663,924.869251041088,225.896577087981,381.694351762218,1.2,0.953015904575123,1.70445510075742,1.80987202183262,1.10132849532345,1.46098863868338,2681.65079061965,543.755047645192,874.61939082609,922.209846642253,593.698155346952,0.507170182957592,1.27546250192441,1.03576180025787,0.695235220702205,0.72188991317298,1.49291597577641,2.48428408375144,6.48192092093026,1.65680952204933,2.24154116547022,905.580279443748,420.159454351862,437.93168917955,535.749868381022,438.20608930525,43357.2275297871,859.708337522042,3364.78861043552,3524.07750773709,1430.92116910004
100,0.215,0.825,0.207844400994472,775.909826210951,0.174375694121379,924.869251041088,229.813843872325,387.060635736324,1.3,2.20692496432918,1.49870603202768,1.44832937821927,1.20257949767891,0.864799378334137,687.208807166232,735.531525904219,741.068093162961,1191.93833622653,1198.41528491905,1.17409941538768,0.661357234439678,1.04015367399371,0.908083074643046,0.59020516129104,4.1335066894464,4.86549383546418,2.04855752647431,1.85281566067293,1.38722483744533,475.610171309631,444.045723352054,491.559115680031,606.211996491721,621.831966052518,2018.76901769284,10383.3371037652,1843.58838597509,3024.76583236069,3999.70022611209
100,0.215,0.825,0.207844400994472,775.909826210951,0.174375694121379,924.869251041088,229.813843872325,387.060635736324,1.3,1.11201190739052,1.05422165264941,1.81480842766614,1.2615820612637,1.24160473831509,1085.07588726654,905.544671255255,606.677881802584,698.752396899156,2096.17509697413,0.6815205234689,0.564768084387089,1.19892365850931,0.934844591367617,0.584122084744372,2.68666585370892,1.46161507074736,2.67220988056783,1.68654381590614,2.35508962425824,550.142121164567,527.683609944121,441.777960649235,450.928735034785,765.061311012937,6664.97285993055,3442.29147744996,1247.35380380579,1479.12482099985,23681.681525177
100,0.215,0.825,0.278487170955192,883.95437971124,0.158592041373319,924.869251041088,210.627343926679,362.492299414816,0.9,1.94777462811727,1.05583540622079,0.785298566181347,2.3606638606584,1.42482193148737,838.321708628491,845.215456497608,845.08459297071,687.897413976246,836.5833970497,0.689285210539926,0.728473462211339,0.552903457995808,1.32421566876332,0.921153570351987,11.1959020936987,1.4769978385092,1.03019346501929,6.62786296124014,2.84776830674476,416.157309806422,509.631562548716,489.389686153245,451.360722183908,484.787232142125,21935.9350685921,1955.74906730207,2249.2698575125,1832.8139440847,3221.26180788524
100,0.215,0.825,0.278487170955192,883.95437971124,0.158592041373319,924.869251041088,210.627343926679,362.492299414816,0.9,1.33858915544885,0.911412006738757,1.28614938138724,1.16696575366669,0.765978652887377,903.411096468802,1046.77818220795,634.993694439698,675.645976758028,3909.36252676345,0.94825293481176,0.594776106723042,0.93517537552115,0.763173930563654,0.417208337110865,2.20010150807898,1.41820431867095,1.92757731832493,1.97584552213104,1.53972288600766,536.466075107931,562.089525054424,427.010981619319,434.684577449816,986.33403334828,3111.01655774323,4017.21720447538,1217.04477388521,1705.27329949859,305139.591456456
100,0.215,0.825,0.25758356990199,840.1141,0.163241635870107,924.869251041088,216.399595490668,369.485692399371,1,1.2196162285074,1.23322968007233,0.941955676670588,1.59035929436085,0.651866322655292,2326.22142270603,739.811330280371,636.318032988787,567.597568667138,6061.99081667929,0.645064212566638,0.783824236007524,0.695645747182681,0.841633801716628,0.358058938100571,5.346675147385,2.51894336815242,1.23105043261176,2.39265886516668,4.2276263741297,774.045942873448,454.580166926433,409.493419946197,409.521519300994,459.028760580191,10883.0507242078,2011.94035578758,1227.24342179713,1539.56307715401,650030.396184012
100,0.215,0.825,0.25758356990199,840.1141,0.163241635870107,924.869251041088,216.399595490668,369.485692399371,1,2.08326361741917,1.52909563327412,0.911648272114643,0.96759524982665,0.645706157385141,513.170864605061,792.686739331333,762.994346712941,1436.60725303696,6371.71497848044,0.913579219026554,0.685654148955256,0.693646388787691,0.587580896943228,0.273309418224403,3.45085035176633,4.67473280691121,1.27371708167218,1.84357716692738,1.14977460106966,402.482765323181,437.852165100697,469.68004807437,599.47132175679,1309.85490148492,984.942760146308,5008.7303112857,1657.8518219166,17675.5634938994,6383358.30921548
100,0.215,0.825,0.233754681559727,803.563879727765,0.168562831860821,924.869251041088,222.883586821744,377.709824077126,1.1308,1.26847421297519,0.971920445133167,1.0714253064786,0.703743588698173,2.03880228599057,694.323774044717,1468.45296725142,1206.10118450122,2581.82690853096,546.547404289312,0.837373879760766,0.535607633752568,0.605092841006097,0.497082053913527,1.21328657153776,2.52328226420995,1.6469478161567,2.11656573824483,1.10529236572588,3.14891268955313,438.022108317684,636.222571806132,599.366398386023,907.289601521876,418.773918313805,1901.84352775738,46391.1446948704,10117.8840057303,19177.2502411228,934.497099279543
100,0.215,0.825,0.233754681559727,803.563879727765,0.168562831860821,924.869251041088,222.883586821744,377.709824077126,1.1308,0.828624212911066,1.65623634721213,1.42584247346067,1.192341169973,1.18281550563126,1478.5796730372,681.105747683082,680.477177019991,1276.10298082515,789.82640229258,0.421512999223427,1.19006611160557,1.03671888475015,0.532599798971794,0.850593431734716,1.4382388288578,2.40354379679091,2.12973858992393,2.17020857712123,1.69125032697696,643.894217496105,442.786021769836,455.346386135453,614.303506680331,505.556388085726,31020.9680792954,1418.24256298652,1300.44169134783,28537.5970097338,2055.8824153193
100,0.215,0.825,0.222548475552248,790.258249769115,0.17107334979663,924.869251041088,225.896577087981,381.694351762218,1.2,2.62334629246888,1.21836117853253,1.26044634789778,1.58524709997054,0.936824639945122,565.807645357848,943.671131968551,803.653895492341,490.032993731699,1108.6914662387,1.6662669198076,0.507869049992265,0.558909825334746,1.22757120562104,0.4571460897322,3.61209922427282,2.70137566367752,2.58906080941256,2.42662406518581,1.59685473083973,409.406482860937,483.490123730434,455.303791873474,381.47326950043,529.307256271198,998.417032787354,11577.7170680157,7918.60200578618,785.411801655444,12523.473104201
100,0.215,0.825,0.222548475552248,790.258249769115,0.17107334979663,924.869251041088,225.896577087981,381.694351762218,1.2,1.66498329112903,0.900367365472321,1.08927849350303,1.15318297052694,0.881673689857134,840.396236033426,1295.67086744216,785.410555485732,864.147882500194,1687.11314932364,0.747041028779124,0.527928490561423,0.803939238054617,0.867430874438446,0.574322364034341,2.58613759987307,1.63688038375019,1.72465668645455,1.51957113260643,3.67083394773849,525.231164362706,615.313268486888,472.76876463383,507.673431096707,589.419723032802,2818.37692987903,15940.1623328056,2178.83257127355,1914.4111438139,10745.4202767529
100,0.215,0.825,0.207844400994472,775.909826210951,0.174375694121379,924.869251041088,229.813843872325,387.060635736324,1.3,1.20031745908699,1.73482081329166,2.13243547313113,0.557152333659264,1.56081734182681,1033.10494579221,589.691016004288,506.744796035762,8939.48212587674,499.144781604125,0.831528963720462,0.604222981408388,1.26789817128982,0.330225827718224,0.952769931401599,1.69325241724312,3.96227863658129,3.78881841006329,1.54336470471213,2.65125383008765,576.497856290435,420.237670715911,388.743740078581,981.639178607137,379.053102704704,4565.41768398158,4310.43536508554,936.936903962727,561130.171783979,920.729413954461
100,0.215,0.825,0.207844400994472,775.909826210951,0.174375694121379,924.869251041088,229.813843872325,387.060635736324,1.3,1.05740699637303,0.967669867560354,1.2121848748686,2.20105778274694,1.55934841190336,1102.63423526473,1044.398514521,857.477162756886,584.111411386376,804.471127237206,0.330062756362213,0.6794084833617,0.736600622439521,0.660644505137602,0.751797880040583,2.04861510785541,1.32664420340738,2.36308592653286,5.80608415718651,66.9917034608574,508.23482895948,620.469998642405,486.624933234788,428.131119855757,396.051906519459,1267361.54760495,3509.50845805522,3947.67514114462,6287.65374429882,9465.0055068769
100,0.215,0.825,0.278487170955192,883.95437971124,0.158592041373319,924.869251041088,210.627343926679,362.492299414816,0.9,1.42393795720719,1.25112144452052,1.14756287316027,1.25483678349846,1.38928874571451,1043.57484378018,618.799990301055,582.287878071932,721.711545139181,806.689130195619,0.772768631126182,0.793904154301623,0.849144557925558,0.880442659028293,0.58040606924622,5.80079116208588,1.90761617809596,1.76181299328101,1.9148972112601,3.34046500411925,476.546483771525,406.460350881397,374.926117178549,422.845357619887,459.553962539355,5365.9879470531,1414.13772310967,1387.141661053,2169.67898849808,7925.20483378517
100,0.215,0.825,0.278487170955192,883.95437971124,0.158592041373319,924.869251041088,210.627343926679,362.492299414816,0.9,1.20298501099466,1.49786296492568,1.10952157283084,1.24301105110649,1.31738181629331,1214.65397271239,706.341337104444,789.72269479588,659.599027883549,885.238655189304,0.820879566541165,1.01692570417819,0.795160648804978,0.840230528903384,1.06631271712251,5.80418075705412,2.04206900588795,1.62081122585518,1.70822724304059,1.64961583368109,489.113311044049,459.997146280149,452.072581791529,425.935188618682,521.279788791519,5618.33562321583,1600.15725025125,1778.64096056965,1376.74997409786,1984.3834323902
100,0.215,0.825,0.25758356990199,840.1141,0.163241635870107,924.869251041088,216.399595490668,369.485692399371,1,6.02546874804925,1.12452267584035,0.976140029241121,0.79927580728046,1.22854998334504,3796.09515825516,724.053110313435,713.209048798071,1963.85413479734,716.314639590621,5.99762806704305,0.722855305344214,0.644045075742231,0.50031214311486,0.748093901995399,6.0299206750605,1.7841717366566,1.47509463832236,1.28951989913204,2.28417792827736,3793.1070678752,467.707225686618,453.689035944687,757.978433178802,434.442606616462,3797.82013626007,1875.48933427246,1859.99931045429,18010.1357619419,1940.03881003594
100,0.215,0.825,0.25758356990199,840.1141,0.163241635870107,924.869251041088,216.399595490668,369.485692399371,1,1.49224484144668,1.52438698127336,0.764965363340786,2.11024828744674,1.3537936430955,2586.7537786068,519.591213474234,789.136378009129,521.946488207133,1142.73206161649,1.13158199038968,1.01165153130038,0.576026479582525,1.3714893529567,0.753923804571942,5.03962754769114,2.52406317917635,1.00873113779598,4.3071038956168,2.43222102191847,574.992448023397,387.049319199607,465.055566921892,408.42014952795,598.156935382265,6070.87463531901,892.60911210785,1820.96143314819,850.482143294449,6024.6376963774
100,0.215,0.825,0.233754681559727,803.563879727765,0.168562831860821,924.869251041088,222.883586821744,377.709824077126,1.1308,1.66057063055371,1.43207983015932,1.63755714006745,1.21354644953736,0.778055880745042,965.998781380087,657.752550932293,666.228563114572,671.15710848722,2815.30802110828,0.899164794211799,0.950761352909469,1.11484010774751,0.886156085304526,0.598963863707522,7.14268836872898,2.34467503379713,3.08173047518214,1.67172267132766,1.13719317787476,454.112611466267,454.573747610456,455.087192397616,461.576352784355,965.43241346859,5503.42639118599,1399.24004746872,1307.46341819777,1378.23162008312,14719.2971433581
100,0.215,0.825,0.233754681559727,803.563879727765,0.168562831860821,924.869251041088,222.883586821744,377.709824077126,1.1308,0.814224147132208,0.797018166123425,1.37224144695914,1.05516540763745,0.930496588510658,2890.82591289532,1644.4493814806,647.082635224974,913.450111956427,1601.13452124562,0.538772350304754,0.516626283343692,0.758274477218315,0.657593147510462,0.500583582811659,1.26597047756583,1.19678897385175,2.89406023116819,1.69751723983678,1.8649553442942,1006.3999345925,723.601859339795,428.531588138481,526.367762388653,672.641557921751,53475.9927789143,10206.7721736407,1802.31644655579,5453.36457332324,49657.6163567326
100,0.215,0.825,0.222548475552248,790.258249769115,0.17107334979663,924.869251041088,225.896577087981,381.694351762218,1.2,1.2444182016605,1.14229411773172,0.925874909350012,0.793359956301696,2.68707927815615,807.654904959456,521.816323473551,1242.94122588812,1361.5002555375,552.47664047371,0.865103073122182,0.828791518403404,0.580810731382441,0.482294300110875,1.60639345849913,2.04467700656553,1.53393982967498,1.41423933027751,1.14168145476636,109.127840214372,501.493457808267,372.784855268389,603.683244192594,669.460401403985,386.899038384581,3020.28516067555,984.265010749511,11921.3133227435,22948.4949409319,1323.78888885116
100,0.215,0.825,0.222548475552248,790.258249769115,0.17107334979663,924.869251041088,225.896577087981,381.694351762218,1.2,3.37686412470691,1.08552609137602,0.952128326323062,1.14496867149557,0.828184036701083,570.717506206916,1201.54775466575,1351.67383906322,837.246290737765,1393.86160096541,1.83034325802163,0.736259769973463,0.643601959837197,0.743523462713111,0.560139972606901,25.1674785016421,1.78898267808735,1.62471215381321,1.67776024941437,1.21152281549384,409.740145042489,629.884654252787,646.66303236007,515.026342780529,681.589449899102,1709.38451927287,5228.98872012055,7206.74654544651,2210.74580759869,7635.8248436409
100,0.215,0.825,0.207844400994472,775.909826210951,0.174375694121379,924.869251041088,229.813843872325,387.060635736324,1.3,1.34224131572345,0.91166502338312,1.26937509325302,1.38679470121129,2.13720040348426,1254.18607421592,1436.84500605967,873.507618616397,610.024898959027,486.810781814875,0.63147450332129,0.523543945044131,0.793886421842076,0.852231292545676,1.40485234632191,8.07381277573553,1.63949539058338,2.62932109124694,2.18337057339773,2.94919525371099,467.18385870258,644.986123748324,490.930710440218,424.773277652211,391.421707821694,20900.1460561405,18014.3454406465,3246.22579052034,1650.61026094052,725.182593294883
100,0.215,0.825,0.207844400994472,775.909826210951,0.174375694121379,924.869251041088,229.813843872325,387.060635736324,1.3,1.0071187419635,1.05490922833876,1.1677775509216,1.14914158916324,0.836391344781444,802.878533698878,1048.16704685102,2926.94490742828,712.403692926699,2334.71354089019,0.701397979733106,0.690098448024828,0.717895759057825,0.890505062167822,0.469026980021349,1.41497674058914,1.89019542385119,4.53078395745159,1.54424496174995,1.57532229137225,484.011685843287,558.234137219625,1014.85704194544,444.012174060087,746.449118020596,2380.89069600652,4012.19649194338,23118.6531318526,1496.49698953333,65322.2637368336
100,0.215,0.825,0.278487170955192,883.95437971124,0.158592041373319,924.869251041088,210.627343926679,362.492299414816,0.9,0.767453361105659,0.974033195459301,1.14376843852046,1.21188388957376,1.13292667047096,1706.09471810105,999.609427598528,716.350686357667,569.345830891872,1042.79380791724,0.296603862278305,0.77512353068974,0.721423646723022,0.728392441034848,0.648273045738544,1.77728055079377,1.31450040471159,2.14008422219026,1.66325345427691,2.17886709519583,539.755071743995,502.717952774259,415.981913632383,372.291961188255,519.072600241183,1450678.31102025,2782.09991187501,2033.54306002308,1315.36205386904,7198.85710286586
100,0.215,0.825,0.278487170955192,883.95437971124,0.158592041373319,924.869251041088,210.627343926679,362.492299414816,0.9,0.962731914087064,1.06351923990675,0.948482562643747,1.43963400192335,0.936829447267459,1490.65992898795,886.259125699156,674.851942798644,1205.18748815673,1631.52124918118,0.576069107358108,0.772775598102714,0.707880894795312,0.845069281763274,0.453107546044619,2.3464219665412,1.53288869734674,1.28630768735584,7.88954472799755,1.65238508613395,640.703073783606,509.793615695844,418.026775464433,434.863026387362,696.723229140053,15230.6044975443,2447.02089523967,1485.19594700901,9574.97134174814,81243.8986590572
100,0.215,0.825,0.25758356990199,840.1141,0.163241635870107,924.869251041088,216.399595490668,369.485692399371,1,1.56529223791181,0.99736154779633,0.993198928135475,1.06531967053959,0.586058758177227,825.609651783899,922.116554459127,586.898647569056,1105.42449647133,41793.9315451662,0.63324899746833,0.717057361515587,0.60754317260525,0.613940995319657,0.47494980301115,3.95323773775742,1.42049043272104,1.41022911762127,1.84880094859058,2.58377713955626,479.189479732167,502.650658642177,389.76630787528,561.085331268704,3133.69159202378,20822.9761181879,2780.42303350543,1523.55140071139,5636.90389274773,427224.910593158
100,0.215,0.825,0.25758356990199,840.1141,0.163241635870107,924.869251041088,216.399595490668,369.485692399371,1,0.957363399583142,1.34137427441296,0.999478534355868,3.05339061263199,0.734256272950757,1684.97615891364,768.436121213357,722.853814222168,552.95519677434,2009.93624815341,0.547904324681355,0.70996733938276,0.575935614790965,1.24130978514413,0.427956496897331,1.88047920644202,2.56040056016878,1.47558149248684,36.2034046090556,1.41661339205362,627.359776646031,455.138517712669,443.904582508387,381.661038815372,674.873297317516,25885.2236251699,3501.65860486887,2032.60900200784,1943.28388831057,35104.057851823
100,0.215,0.825,0.233754681559727,803.563879727765,0.168562831860821,924.869251041088,222.883586821744,377.709824077126,1.1308,1.50643807090517,1.62760078283051,0.823531242383503,0.930758156590985,0.770684080365518,696.883441658814,703.08049698655,1441.89949612424,1739.67200220693,2787.77339844846,0.885829909310831,1.12962726723098,0.630378597414373,0.474990665967597,0.595655242207284,2.25942903949124,4.99577689788034,1.09928863147257,2.39220526757009,1.03371923342212,475.486958201277,464.562650141036,726.11515718613,705.617546398182,1016.61585750899,1699.56238051589,1530.21766909076,5469.99648858669,41576.1002492282,19042.9797200053
100,0.215,0.825,0.233754681559727,803.563879727765,0.168562831860821,924.869251041088,222.883586821744,377.709824077126,1.1308,2.34796419748742,1.35272286786141,1.21441985021799,1.19569752954863,1.17771546651215,666.153889169343,628.868313393525,463.839136220392,1045.97186601876,1397.00758216874,1.31546596150133,0.87087259930012,0.954618312549674,0.85760987656761,0.683717884922347,7.48220874896764,2.08103100602988,1.49873719218195,2.06498523257673,3.45416369128469,440.100676091205,410.428489464825,347.43758540035,538.198191171641,521.561665363559,2112.36767791738,1404.88774532444,757.416786798653,4261.85874122093,15244.1259058237
100,0.215,0.825,0.222548475552248,790.258249769115,0.17107334979663,924.869251041088,225.896577087981,381.694351762218,1.2,1.1312139863939,1.63375165318061,1.84639035764275,1.16462355839712,1.22960236775025,762.373878414908,776.035968592586,532.043835761668,919.422316092886,1539.33754173051,0.852386792938402,1.0722913721171,1.26285451163254,0.822923476947833,0.422649841302815,1.58086927311133,5.03934903008224,3.76479787419447,2.14695732897102,5.43405380749352,481.753260039864,465.487627547189,408.432647224671,483.220668880594,465.909921124889,1726.96543284196,2181.88779385386,916.910026257848,2392.32593257424,394725.96380383
100,0.215,0.825,0.222548475552248,790.258249769115,0.17107334979663,924.869251041088,225.896577087981,381.694351762218,1.2,1.53522969546464,1.46034324872423,1.08254799659771,1.54532532987622,2.12444520039462,935.554340019533,656.958670901709,1000.9395403136,707.55571867252,559.139303237021,0.527476594598668,0.948932188782912,0.690368757896442,1.09668594184577,1.5047135207069,6.35751553492452,2.79291188516139,1.99042849943253,2.60763410040382,3.58653438064664,419.435852871423,436.590386707108,559.579111070038,453.80353671143,419.701605448249,37968.3388825643,1346.42621765334,4164.61937435879,1489.75427275761,934.002871893997
100,0.215,0.825,0.207844400994472,775.909826210951,0.174375694121379,924.869251041088,229.813843872325,387.060635736324,1.3,1.21388537963352,0.948115133758267,1.14380702137416,1.54562875434071,1.07421217512932,1877.94321878309,1259.44506286808,636.860050124567,719.873639515082,1845.92154190393,0.785567244702216,0.586712690930418,0.782906691440731,0.955933681730797,0.655401382458252,5.08791225170712,1.4324557967909,1.66077134946399,2.36530167007494,2.4400169907347,654.699411033256,629.429351469487,433.770686840196,487.450248421131,716.264942706349,10899.1159781746,8958.11876711641,1183.42437642959,1668.49434874712,22314.1327526806
100,0.215,0.825,0.207844400994472,775.909826210951,0.174375694121379,924.869251041088,229.813843872325,387.060635736324,1.3,1.64972029495781,1.0787757391406,1.53470866483255,1.59506234554003,1.48200478069969,910.382940459042,1064.98555071722,630.184725634786,604.150523233029,873.572790630471,0.852664861538035,0.70603068415865,1.06638271152621,1.06870443431646,0.859496337337319,3.09594388159788,1.86855295736657,2.20283239950191,2.47467982203302,3.19317668344857,518.276289083013,577.38240141133,451.416450698142,433.746880393191,526.122697576596,5449.93178946172,3609.27633078509,1176.95419915092,1195.8304403618,4440.93415871615
100,0.215,0.825,0.278487170955192,883.95437971124,0.158592041373319,924.869251041088,210.627343926679,362.492299414816,0.9,0.468893213204956,0.918091475722158,0.929289742743602,2.26658331349096,1.3558852224797,34687.0520309408,1190.96948297766,559.214747174222,462.957283952977,695.697731361543,0.189442066311529,0.322284454476754,0.675229699301691,1.44091757564388,0.997999171215695,1.22306002763812,1.78110771208525,1.3027932391936,4.22547108881267,2.52558716211758,1349.18054537877,488.458140696946,352.585761200806,361.417536269537,433.527190795589,1517189462.96563,61604.5229249619,1083.49597492917,783.604217241724,1610.85323714343
100,0.215,0.825,0.278487170955192,883.95437971124,0.158592041373319,924.869251041088,210.627343926679,362.492299414816,0.9,1.09162918106651,0.629107588431683,0.821634562973486,0.793802516844485,1.1605155971471,1217.58443639387,9652.67440777789,602.667701769081,2009.83355616758,871.830269490238,0.684544023853096,0.345216427742235,0.646596306520881,0.492412781697244,0.783465461714638,1.979315124282,1.4365392008507,1.06650706854302,1.23906445159314,1.67083956721991,602.587427808182,1440.53293702834,375.829331890721,766.858612944492,525.046125739338,7697.33632609002,518033.152605532,1265.74265364489,24590.2025222682,2766.96756612984
100,0.215,0.825,0.25758356990199,840.1141,0.163241635870107,924.869251041088,216.399595490668,369.485692399371,1,1.22412447644741,1.25054486972601,1.36113396878335,1.25682409761857,1.00650930533698,775.748498213802,1133.76827464109,662.014156452597,1083.78924840986,1225.7903484274,0.866094208528909,0.907408047697592,0.905363352898511,0.568514788733777,0.66349766588708,1.90612010207069,6.24720264823249,1.82753514290496,2.40130621430468,1.58891699225077,492.772263191121,523.572958274091,460.130917836195,561.95169828261,616.85669555222,2013.29635120864,4515.44119732878,1510.3654120467,12789.9564724762,4453.38498028878
100,0.215,0.825,0.25758356990199,840.1141,0.163241635870107,924.869251041088,216.399595490668,369.485692399371,1,1.18174405933585,0.756741982044986,0.990205528010884,1.48935847811339,0.885578021200726,2146.85350042468,2508.7325821869,802.094850626642,579.335703361162,2137.32775426271,0.655009796318045,0.363235386694256,0.58394547783701,0.941298154110499,0.612896937674703,6.48528245497741,2.74588234811376,1.71982157218442,2.96170163327843,1.4609194071124,454.919548163986,631.51530744823,482.21796909376,408.235092404457,862.781501698498,14272.3603723349,106553.118195368,2855.56385314986,1125.37639002019,12829.9594551924
100,0.215,0.825,0.233754681559727,803.563879727765,0.168562831860821,924.869251041088,222.883586821744,377.709824077126,1.1308,0.956687738422672,1.03959338984907,2.05197491453424,1.74194939739351,1.18233141222846,1982.48041769226,792.862305984935,624.479988291028,870.904461396179,875.548889449327,0.578718827192077,0.666209740019859,1.13721297956989,1.02993891098722,0.789331534030197,3.30724361940885,1.55002373607352,3.86540280049102,3.82306164106132,2.37600215574486,644.422245132406,485.141048733291,453.531967693082,503.555588199879,516.126010942767,21713.6096161747,2333.91980101121,1307.20739667725,2681.33804146329,2495.7391066138
100,0.215,0.825,0.233754681559727,803.563879727765,0.168562831860821,924.869251041088,222.883586821744,377.709824077126,1.1308,2.54947929189823,0.919615036937881,1.23583447443213,1.05207301436019,1.43753019724425,548.672402472862,1435.29685132198,543.154034875906,4103.39350864829,694.288569653494,0.926177260818165,0.621237108397499,0.978206645404139,0.706760004379655,0.921705048537101,19.954103601723,1.96246661299069,1.63447530403195,4.52080863248086,2.24048860004414,397.014638360072,538.264301315069,396.989795783796,556.627188904052,467.267391543981,1937.35006185076,7399.62744101657,941.471082813602,19203.6511608318,1619.44013018869
100,0.215,0.825,0.222548475552248,790.258249769115,0.17107334979663,924.869251041088,225.896577087981,381.694351762218,1.2,1.69910564558634,0.931656926496261,2.13448698087754,1.60950214488401,0.828471407614793,605.381056187066,1163.16026638839,519.012084261263,642.703870011207,1954.77189013482,0.731370299191877,0.491325305183766,0.734127512062834,1.15511573091853,0.641591657645939,4.30115887820149,1.28943342888541,4.39569130566339,2.34654932469631,1.18513245492501,432.983302752247,618.903255454507,408.281433664283,441.705131053973,881.402098798805,1971.96401869928,7036.32860538314,1681.20917355903,1172.03015511912,8892.70889995886
100,0.215,0.825,0.222548475552248,790.258249769115,0.17107334979663,924.869251041088,225.896577087981,381.694351762218,1.2,1.15744806944075,1.05352627419928,1.2222463770185,1.0840480171093,1.37631056036883,1557.34844359651,1065.5557109298,783.130915379362,710.651632472299,774.980821734427,0.696616723264766,0.674950614470441,0.743820004390408,0.827090513855746,0.655711733020852,3.37033177024138,1.65186614380501,2.46483592683714,1.64276109962329,3.88646540574775,555.582496624173,577.453433513624,471.828557239486,451.598633030358,445.698064106692,10625.0951498644,4394.82306036853,2711.26940347923,1565.40214271045,4653.15589588021
100,0.215,0.825,0.207844400994472,775.909826210951,0.174375694121379,924.869251041088,229.813843872325,387.060635736324,1.3,1.71022762576631,0.975229883952651,1.38883091476526,0.902722003146046,1.60964965866066,674.013388640312,1623.60679510543,726.104529212387,2072.6785609586,653.671825769533,0.452171784609748,0.482451805614788,0.951603316499229,0.320807569362818,0.93664307150088,2.57082920836295,1.71071048808128,2.34318871289664,1.92547279280404,2.61177716307672,465.246255720276,715.01183959889,472.180393045983,684.893441625818,442.956949884852,11859.2731137978,43904.6008278777,1632.3802199506,281270.017904135,1622.16559546179
100,0.215,0.825,0.207844400994472,775.909826210951,0.174375694121379,924.869251041088,229.813843872325,387.060635736324,1.3,1.7413777381983,0.904319982967744,0.963574978082433,0.594937890361064,1.81753690587227,587.178618330561,1301.74062661468,1063.49360047594,3546.29732207686,669.796212731336,1.13583672516126,0.574519400412641,0.675058373202877,0.367414620268128,1.17939555617468,3.4239772794587,1.53543945745179,1.52344715762124,0.930642972557019,4.33085508470146,419.36871453246,617.48675493433,566.752446607071,1180.85607854583,463.772579112844,1103.15850798416,7645.22045889518,4126.27759597964,282087.640769296,1700.58092808675
100,0.215,0.825,0.278487170955192,883.95437971124,0.158592041373319,924.869251041088,210.627343926679,362.492299414816,0.9,2.36197499895804,0.740454037888843,0.923932075973041,1.40336964654202,1.63787272368223,1075.7417937234,3204.0086917378,775.85971836924,864.742952415415,892.918751224195,0.905840357788976,0.522068646057873,0.649696099318151,0.896560846725749,0.987076388616391,7.04114117243066,1.42284355628262,1.31938700193101,1.96923112217296,3.4161432641962,397.833170598543,1043.75200273018,491.474710348257,551.849568301438,527.653951662413,3089.34801842634,28976.061238211,1761.32863129923,2528.30849706678,3145.39959833892
100,0.215,0.825,0.278487170955192,883.95437971124,0.158592041373319,924.869251041088,210.627343926679,362.492299414816,0.9,1.14135427763804,1.04691656564746,0.957605694179578,1.04831718941693,1.99497166426477,2120.1930246879,1344.71237435964,875.218526550109,928.570699067217,465.918635249584,0.706612294341563,0.532842457667555,0.726341532724513,0.668841411266753,1.15145748411836,4.28421884621893,4.96552191845599,1.40549079862861,1.55886446216913,4.13486584535867,537.324294623329,468.511234938266,517.763904560105,546.959917907769,369.394338687912,11031.3968270808,34706.6774128386,2253.70768769273,3931.55359625944,828.66533233587
100,0.215,0.825,0.25758356990199,840.1141,0.163241635870107,924.869251041088,216.399595490668,369.485692399371,1,0.52320368945679,0.82589927661671,1.26978574012724,1.50409781176699,1.07836755180531,13079.9225474372,1293.51453660146,695.88518587627,759.92229707439,883.072000788635,0.315201562616539,0.377791385048471,0.845267478387309,0.782113680937002,0.712145863083245,1.32730656380996,1.52462954850797,1.85395866844104,3.92359620854148,1.91947092468555,1441.56719318096,547.830393561538,447.5263411712,465.124352176212,532.582165550753,809655.30513117,52006.0353055079,1677.43017737456,3601.39031993101,2791.21238311353
100,0.215,0.825,0.25758356990199,840.1141,0.163241635870107,924.869251041088,216.399595490668,369.485692399371,1,1.55036231678586,0.917849383994038,1.27554597212901,0.931832740800404,2.12242336850566,1074.629327954,633.788410917122,633.447624410167,1485.74607780804,775.544503360528,1.00998913643698,0.661422903083018,0.832793399252834,0.560335760415008,1.16507006246395,5.74116267180327,1.21114495418565,2.15339730248907,1.44805720846064,11.2143015098046,548.005679185945,412.840075169251,439.243986387132,686.985103442021,415.592664422768,3565.73824380803,1320.68638598075,1600.36739944768,20807.0788548451,2782.03065606615
100,0.215,0.825,0.233754681559727,803.563879727765,0.168562831860821,924.869251041088,222.883586821744,377.709824077126,1.1308,1.24024577114771,1.02009896695071,0.996051279830424,1.15111481983871,1.06763114934973,1379.68374660223,823.32963509527,1340.43771999228,677.666207802518,898.362422998348,0.678084845299401,0.715344451224926,0.656717736493201,0.849440083663598,0.773360969523489,16.6023408743104,1.86072143200468,1.57825488411802,1.81591088711414,1.44133796376564,425.825072006369,496.666372454243,677.403420963886,446.594427652686,529.241493561061,11524.2037588421,2787.20582936882,7297.21159004747,1414.80829351934,2289.57172982297
100,0.215,0.825,0.233754681559727,803.563879727765,0.168562831860821,924.869251041088,222.883586821744,377.709824077126,1.1308,1.13425464072766,0.966267097413473,1.30046317429781,0.804561735905004,1.32370156820524,798.747701662377,762.400463552043,562.068230499473,1794.25553402583,751.802512448093,0.762257065361239,0.742455582274397,0.611565961668729,0.388323238854146,0.646384140423447,2.18229638921185,1.37479818588541,2.14540679427559,2.19440532583023,2.08418626239339,448.527384988193,442.571568337564,384.001661200802,577.250044680534,453.433993785631,2323.70146570402,1958.23224117306,3333.29616802227,188707.688264607,4785.47928770217
100,0.215,0.825,0.222548475552248,790.258249769115,0.17107334979663,924.869251041088,225.896577087981,381.694351762218,1.2,1.84812121511816,0.983599803244293,0.873740734549466,1.17387304461515,1.73289041829152,492.39537292778,1517.75841171127,1237.51310204116,777.110726017313,476.436132707968,1.18004060462707,0.365248761943569,0.546108522720639,0.624453431553112,1.10403045703865,3.6011636888427,3.49491790509187,1.34872219537583,2.23157150847195,3.0684184219259,361.767529991573,440.493105670819,532.083559382641,435.738235856039,347.988410161195,951.930559508331,619931.307596585,7371.73874710611,3649.02667320697,782.366677571273
100,0.215,0.825,0.222548475552248,790.258249769115,0.17107334979663,924.869251041088,225.896577087981,381.694351762218,1.2,0.954270574648198,2.0285110342801,1.03873706421405,1.0692502063459,1.14425141491825,2874.85100378244,631.097562402659,1051.08045403253,1109.42959681935,780.365301703191,0.492327616706633,1.1044625130101,0.657111830552172,0.659792333000313,0.79028845253666,4.74394632090173,3.58286052781203,1.72787166964401,1.64351186083435,1.82233285554245,537.383588425613,449.627250985841,607.215494990268,601.1069249461,515.941922008549,96020.3162583839,1555.59154572038,4291.87862620099,5218.77653253983,2066.95092003524
100,0.215,0.825,0.207844400994472,775.909826210951,0.174375694121379,924.869251041088,229.813843872325,387.060635736324,1.3,1.4439899898577,1.12641043109652,1.4576479442666,1.85869674515556,1.42141109604937,1038.88769089934,936.778160217229,804.038417076463,569.295963320116,910.939582168928,0.690864742140769,0.786256849430742,0.79024887371654,1.49421312006166,1.05001125224817,2.58791676065896,1.61661575979141,2.38737398148943,2.78651848568343,1.98692605950795,567.604720351566,551.972248511314,527.196381012025,427.194450340896,562.805022452331,10191.6316031886,2707.43634782949,2557.00106682521,940.910115850078,2938.19598863369
100,0.215,0.825,0.207844400994472,775.909826210951,0.174375694121379,924.869251041088,229.813843872325,387.060635736324,1.3,0.934554232711466,1.46343786156093,2.24844102911257,1.04817377806892,0.660063500459024,2223.6189471274,604.611876837255,526.834455172668,1257.15462095343,2617.85301362014,0.642042924536786,0.565533400366979,1.39213409045279,0.685548493568594,0.367740435119427,1.4987774877159,2.10901522096357,3.49553751520137,5.15178118841065,1.02883457132287,921.869802176816,436.277862159487,411.737118417036,509.67544288783,967.121761571073,11912.9077788188,2070.87816021421,839.051068556195,5898.95892821083,31868.6496678624
100,0.215,0.825,0.278487170955192,883.95437971124,0.158592041373319,924.869251041088,210.627343926679,362.492299414816,0.9,1.63311309392458,1.9623447181094,0.853497618582523,1.23257258117002,0.888492058238531,978.946793054696,504.834501275388,721.860777879484,956.84507341377,2695.21637959763,0.538694350549978,0.962551906278824,0.613053432982972,0.819415669820104,0.332681803917246,18.8703356110043,4.11247725648614,1.19206501155746,2.86463634629381,1.98058772892638,390.570923909975,384.252545419064,452.148701093497,527.770383472219,755.654697662499,99776.2457474816,940.750823734046,1573.37608037925,4172.51692521916,24746756.0309539
100,0.215,0.825,0.278487170955192,883.95437971124,0.158592041373319,924.869251041088,210.627343926679,362.492299414816,0.9,1.42930777709547,0.636990572070779,0.706932621727103,1.30120675171442,1.8706089376701,1421.34133541288,8069.88344723702,965.8272973949,617.7479301039,454.402313651414,0.856992766046356,0.279713089174959,0.474480118486608,0.753835203225454,1.45088050760802,5.72971071224162,1.38121112819275,0.991924679131741,1.95038976064317,2.48967726306241,628.196672213761,1243.2316264974,499.205110407493,410.109083269513,351.494136085196,10068.9424345584,17105552.1008607,3675.81727739229,1942.04823480818,664.808373289603
100,0.215,0.825,0.25758356990199,840.1141,0.163241635870107,924.869251041088,216.399595490668,369.485692399371,1,1.80232179872156,0.915940882649151,1.00713643075409,1.83903499280062,1.32367315185557,878.929584786468,1359.91294946743,1258.47295118965,505.924601877444,1534.9840463706,0.939569752211272,0.678091238143564,0.657592993205617,1.27199609001729,0.953862253268539,10.5615572754639,1.91145474832618,2.28053921069686,2.95807176330564,5.52328811365879,405.150388031514,613.469107146751,587.598149425606,394.386665265031,515.491869113294,3426.26422405876,4026.9117196767,4777.72515852296,779.109411855743,6267.69478196503
100,0.215,0.825,0.25758356990199,840.1141,0.163241635870107,924.869251041088,216.399595490668,369.485692399371,1,3.29378265775722,1.53464149595269,0.883455337054031,1.27828436810375,1.62298926866784,548.520401256714,578.679986562363,662.684976091969,540.361759633739,580.231221895471,1.9475562822215,1.21045022935674,0.606246994509155,0.683906437613632,0.661195282923249,8.53727006807003,2.02510874653957,1.2256785585113,1.81294483802709,2.62705408710131,382.765445516525,395.878923364749,408.965166280955,374.560500051586,378.917340090611,1945.62813671966,1018.84136682192,1716.21368936613,1541.40100070631,3905.89222283858
100,0.215,0.825,0.233754681559727,803.563879727765,0.168562831860821,924.869251041088,222.883586821744,377.709824077126,1.1308,1.43387856342454,0.747206793972144,1.11994242036134,1.22977421568542,2.57034921806389,976.351794752286,3023.22109872143,829.452896778828,694.559724303187,753.359570772767,0.917464142825865,0.434242419161466,0.809324572236005,0.890595566515484,0.847187831281149,3.66521799527919,1.08931868019969,1.48994421467607,1.81047021561255,5.62799725021138,516.058431687698,1146.03812208616,517.977387508417,460.253103152975,502.929181653294,3633.37207233353,43198.0285054485,1960.09742708279,1443.32023970697,2497.98282198795
100,0.215,0.825,0.233754681559727,803.563879727765,0.168562831860821,924.869251041088,222.883586821744,377.709824077126,1.1308,1.65055841234411,1.19455220181391,1.44161633201855,1.08553483732503,0.607378955589844,603.761302146556,1085.74661984655,622.428274358774,968.822076493602,3315.82991815188,1.14929719332047,0.821049851274758,0.885412197032569,0.636956348058821,0.31947428605907,2.57043643471181,2.19536958925414,2.15098904869253,1.54981590799681,1.08754993474909,427.482807106596,575.621362305457,440.637251404109,526.802565418773,896.861882024661,1277.48579298451,3674.48584075,1339.85643750464,4900.0863753427,180933.427100549
100,0.215,0.825,0.222548475552248,790.258249769115,0.17107334979663,924.869251041088,225.896577087981,381.694351762218,1.2,1.71168121146374,1.29517264101782,1.08875304072894,1.07915460072232,1.52849523238995,745.152951784164,933.728766631535,1082.91364876868,905.565917661807,1078.5187557423,1.03974583416074,0.921934805782403,0.773656817564624,0.755477645955327,0.818045214402451,3.86499099356756,2.19093464167198,3.3385321982495,1.69704015853729,5.35732232183702,487.453512450815,554.382508227952,537.805455213341,538.285992420624,514.319909992443,3355.25370032052,2629.87512613734,3950.12742551846,2452.23540760491,6159.12598687631
100,0.215,0.825,0.222548475552248,790.258249769115,0.17107334979663,924.869251041088,225.896577087981,381.694351762218,1.2,12.2482942328315,1.1824258655744,0.82426543756096,1.22130126629583,1.35968970345207,454.204843952113,985.175363056916,1132.29488001812,923.198881654805,722.013739663214,NA,NA,NA,NA,NA,NA,NA,NA,NA,NA,NA,NA,NA,NA,NA,NA,NA,NA,NA,NA
100,0.215,0.825,0.207844400994472,775.909826210951,0.174375694121379,924.869251041088,229.813843872325,387.060635736324,1.3,1.15186169717743,1.78009278071284,1.44786178352777,1.54600006324823,0.989234129767571,832.625568467971,601.848874349096,730.768154406184,617.390741994383,1115.74279987603,0.802980766893977,1.35161493947135,0.643015539193119,1.13249437672791,0.687830952976957,1.65376368587482,2.55568611762517,2.34605434610227,2.57980617701558,1.48180876950741,492.59704657429,429.830775763211,464.372506074984,422.244761324587,557.826148073097,2429.13375499612,1058.44916895896,5097.18495483955,1274.72496526104,4005.18922401347
100,0.215,0.825,0.207844400994472,775.909826210951,0.174375694121379,924.869251041088,229.813843872325,387.060635736324,1.3,0.527013419914838,1.0874576900861,1.51336600812869,1.68985524006414,0.957750475309042,65729.5687076819,707.743398376331,523.755385454496,626.094342678375,1082.24612405534,0.288244436296578,0.66107791228122,0.860443830708908,1.24160345128872,0.513425629870632,2.17791095940854,1.77493522165159,2.23809470889721,2.73657873634445,2.07339393045072,4107.82963775614,444.401552960117,381.139057027962,442.503482091814,541.908929081424,1121015.92700822,1911.95164403218,972.84217862085,1257.47930897864,10348.6279833649
100,0.215,0.825,0.278487170955192,883.95437971124,0.158592041373319,924.869251041088,210.627343926679,362.492299414816,0.9,1.44366282271732,1.07862423041312,0.920498198231883,2.75729732946417,1.04940790873097,1308.8317960766,1090.85719363124,565.647109820204,525.522491972468,1217.5022220665,0.773362667887486,0.633658063663685,0.640887058621045,1.76570076713239,0.748438054903295,2.72709358234716,1.74709662972176,1.21151472292993,4.27518103260635,1.70588768547225,611.380968070409,545.278856391521,387.64193587926,407.203451228385,631.556432123907,10073.7388027048,6922.5856409355,1177.61022513424,870.886103322141,4851.17949495836
100,0.215,0.825,0.278487170955192,883.95437971124,0.158592041373319,924.869251041088,210.627343926679,362.492299414816,0.9,1.35361158872412,1.45012576585253,0.833810400791911,0.472068109279728,1.26643310613707,653.607110387288,490.505984345449,1115.70847672405,11393.0501505241,879.991101100803,0.952999836353666,1.03588106345631,0.382659535251221,0.161518892611093,0.665283937820593,1.97721569265599,2.10263569942398,1.44752899089662,1.06431609839789,2.54395154610004,413.483534465839,357.941324781485,490.430649665069,826.117086375336,473.690136279026,1323.05724024822,835.891341466907,15207.1632204462,3394947072.29639,5770.81157668523
100,0.215,0.825,0.25758356990199,840.1141,0.163241635870107,924.869251041088,216.399595490668,369.485692399371,1,1.28502119831925,1.27550374335933,0.889658189349839,1.11725896204467,1.14377211091176,1756.10043287402,705.922546129099,1225.70217584901,896.166633998853,602.042204101349,0.701270003343862,0.93878558656783,0.638664964755474,0.786782665326831,0.922893784608018,5.4876555304815,2.04092952038121,1.23183467566453,2.40752264126156,1.50093684139529,463.679871605392,445.441319683183,574.668120955482,494.55390428828,403.963526732316,10904.5773648727,1787.65180178178,4585.58902315708,2817.05216603333,1078.52194947896
100,0.215,0.825,0.25758356990199,840.1141,0.163241635870107,924.869251041088,216.399595490668,369.485692399371,1,2.17559951513459,1.57548574292864,0.758165606510638,0.751194179865015,0.855040340448736,555.67331333488,532.493019638012,992.673513924239,12438.7358923676,1300.09435617863,1.43246236270812,1.17757681630554,0.521637264450656,0.392462867700543,0.480695563343261,3.69189662348608,2.35212985537013,1.20829953993172,2.97128561791886,2.11834287617873,410.281664861063,385.500122810887,470.92897480915,504.966062815386,486.230617644439,984.342972445026,966.253730668056,3087.26711763721,974241.671955957,11420.846178577
100,0.215,0.825,0.233754681559727,803.563879727765,0.168562831860821,924.869251041088,222.883586821744,377.709824077126,1.1308,1.25611404609638,1.66806505415116,1.19694710785729,0.994539104701192,1.29886845460775,842.895052417241,746.834072710512,563.453733063988,4736.32217852722,1073.70395403731,0.917347555503413,1.10628483463754,0.901374492638407,0.603371913997362,0.944943125001703,1.77523730627036,2.78554932725199,1.53078374153712,3.99932855893413,9.77311544656848,510.156137323964,501.734434211865,396.79013340439,954.982736278355,522.484493905123,2027.89698690712,1752.56018510291,1026.90056466691,16916.3171729271,4836.49766939251
100,0.215,0.825,0.233754681559727,803.563879727765,0.168562831860821,924.869251041088,222.883586821744,377.709824077126,1.1308,1.89410161654256,2.05529811083457,1.68453897257383,1.3945555524484,1.18667936373923,846.507092054074,773.705754651173,506.278588292594,663.76538406682,1350.84403375967,1.46893055403336,0.883145364348438,1.18657234341718,0.732436560862606,0.660904010279365,6.66255025117559,7.81958666258898,2.34581958643656,2.25518782129649,1.69093730537612,512.045921978587,445.101706241768,397.07851328283,457.190913111917,691.199696030802,3506.88915719772,4152.52955223916,786.198198992638,2134.66803306579,8392.98785644318
100,0.215,0.825,0.222548475552248,790.258249769115,0.17107334979663,924.869251041088,225.896577087981,381.694351762218,1.2,1.59601213404215,1.01843277890951,0.997445406928899,1.13301849669705,1.50670673421585,736.138422602803,1700.28856537356,969.354114639265,1125.8329161088,665.520643830218,1.05846741449302,0.761797949924453,0.549012264649744,0.559153501781141,0.670585222358073,3.15982266993315,1.46192521786937,1.37272791183148,2.32130525184907,2.862383525787,485.225412702232,824.650986398812,556.469007354945,559.677494122631,461.159355074466,1804.19693157285,8732.61864052764,4429.49904945882,8610.15491350136,2938.16274760232
100,0.215,0.825,0.222548475552248,790.258249769115,0.17107334979663,924.869251041088,225.896577087981,381.694351762218,1.2,1.07206798831495,1.45387763051769,1.44650325239726,0.876940800710091,1.4282738557491,1364.41833163913,542.571062674646,842.021151729024,1206.205723875,734.380076010632,0.731064401476494,0.92374647957165,0.728982396134617,0.52958003952905,0.845751716577843,1.64576516689824,2.16306370464101,2.11370549556211,1.44884881105782,3.1836965640177,647.657841820852,388.205543821442,505.857699562877,569.742791539346,462.092822857311,5255.45790992689,945.557764010878,4113.9468210453,6265.80214263252,2505.14941564789
100,0.215,0.825,0.207844400994472,775.909826210951,0.174375694121379,924.869251041088,229.813843872325,387.060635736324,1.3,0.892835595515958,1.80651261913288,1.57145386963949,1.22188049443648,1.60955605738751,1980.72891435336,508.864365716341,799.156721452044,699.134062081015,677.5104726468,0.596213616063912,1.26509728928196,1.02160487001127,0.908580554932157,1.05147076341946,1.82694133377382,2.72000074020666,11.4652715606981,1.857373146562,5.48258499135805,745.898208689884,388.717967988061,425.258407954723,465.180354780428,439.8044765974,10768.7278180228,862.676218289856,3295.83112308789,1461.73595605512,1639.36830745764
100,0.215,0.825,0.207844400994472,775.909826210951,0.174375694121379,924.869251041088,229.813843872325,387.060635736324,1.3,1.58200948538033,1.47771840421065,0.681837777449149,1.44948290829038,1.11639509714007,1071.54059728111,557.89945351813,4748.76410841573,552.64494099425,1435.82575886021,0.83571442398254,1.0301711231691,0.491127999506839,1.03233331085917,0.60861527555672,11.9621230567656,2.84695106260527,0.959004625748206,2.0146504194085,8.38856425376091,458.542028818875,412.027743001384,1276.21520815971,406.163231883226,459.467743709345,8280.40887700243,969.478167608043,44606.9397178096,1007.11459670271,34649.5105998532
100,0.215,0.825,0.278487170955192,883.95437971124,0.158592041373319,924.869251041088,210.627343926679,362.492299414816,0.9,0.940667911514529,1.11862781765015,0.740121028696066,1.54380644149247,1.41556444420185,1363.18245281119,597.946287466926,899.299129451415,849.254309637719,775.315722626898,0.404723911461181,0.830609136789506,0.565919518625947,0.67725951044455,0.906640586645977,1.76800128894279,1.43450493127114,0.969128087276943,3.04799879770742,2.33108081986703,578.021307723266,411.577953880494,460.594365911914,475.020362923119,485.198841633826,287544.187436028,1304.59743726912,2590.8365054268,16381.7226974426,3650.45373975047
100,0.215,0.825,0.278487170955192,883.95437971124,0.158592041373319,924.869251041088,210.627343926679,362.492299414816,0.9,1.65096652257162,1.60146917667513,1.01486404384708,1.01866101724381,1.2453503306044,562.862510498419,611.367040817588,818.588610205955,2391.28120192963,500.33997743817,1.07279425923291,0.788666848629995,0.678268281816428,0.500080426218867,0.960822605524573,2.4808718745844,3.29988403837823,1.54904352184666,4.54170439011947,1.67224105659586,394.460973298479,415.995739165064,442.635409612812,495.301090211657,347.576786615467,1383.37003987982,2102.61430930378,2738.80885904182,54913.5473642724,898.99791078759
100,0.215,0.825,0.25758356990199,840.1141,0.163241635870107,924.869251041088,216.399595490668,369.485692399371,1,1.69010631336153,1.10103197646265,0.69252703086657,1.19130931739126,2.03269167510889,905.833142952456,680.981299011114,1283.96602740679,816.341592976395,571.829408304589,0.886044996595264,0.863402007359327,0.257184435115366,0.525951648202311,1.41942664259123,52.1727004639905,1.36535076295637,1.27366354549974,2.24351053652993,3.19504792429107,381.92046613579,434.428898469959,506.727840945715,438.302159839287,421.183908745105,5560.24923532952,1438.93045408298,75948.4729184669,11154.0479586741,1146.18550419842
100,0.215,0.825,0.25758356990199,840.1141,0.163241635870107,924.869251041088,216.399595490668,369.485692399371,1,1.63058462100863,1.52062761678556,1.00498558655771,0.863195742755221,1.2480755072199,856.244248932954,679.056183168674,606.177493865012,1224.0150032693,887.577046038844,0.93596338086893,1.19345436342569,0.757473117068997,0.36452756691104,0.732871527660976,4.65086644226525,2.52739549382036,1.47942293687369,1.42735505067844,5.61217554720308,474.809134904526,435.851258592467,394.679800505573,561.955714355745,429.681911046585,4816.65435260689,1416.27555520908,1137.49193166681,70707.3653873926,5078.10048043369
100,0.215,0.825,0.233754681559727,803.563879727765,0.168562831860821,924.869251041088,222.883586821744,377.709824077126,1.1308,0.938628714824764,1.01257601664042,1.63862865772831,1.91934074007368,0.942083097317803,795.603108752041,1418.10217913447,715.960682653193,614.302939353728,937.901906335192,0.696723407805954,0.514304872670161,0.593721773763845,1.19781115309141,0.657639825558711,1.24242028255179,2.15772884889061,2.76277055422356,3.2606498097179,1.44589929984005,468.303762957464,579.064755593002,474.778463715395,439.494462181351,532.711663115308,1924.782814388,24752.9209452225,4312.1651260258,1102.28485543263,3299.97058266562
100,0.215,0.825,0.233754681559727,803.563879727765,0.168562831860821,924.869251041088,222.883586821744,377.709824077126,1.1308,1.03948945313728,2.6871007226659,1.124462299929,1.12090147232498,1.07188575472424,1233.90627462611,436.257401174634,559.680525560474,929.087656358967,1131.96692233991,0.536176414174612,1.45555506073231,0.833141438849659,0.707983042766227,0.718461264913224,2.33908726917919,5.1494278411733,1.58130419109306,1.91746935951603,2.21893325703847,583.220213324843,363.883790428811,382.503987521404,495.388020675995,587.086547847696,23866.9880791533,677.709262810498,1101.52912697493,2990.28663501062,5871.8321191317
100,0.215,0.825,0.222548475552248,790.258249769115,0.17107334979663,924.869251041088,225.896577087981,381.694351762218,1.2,1.62651541354083,1.22636065934128,1.07737527993228,0.926654455613954,1.93754789650745,712.706018636103,652.958577912767,779.816293254538,1070.05255932452,626.24564742629,0.919057988340936,0.631676909139547,0.660324170449189,0.389070512113022,1.01386211624542,2.65858151445295,1.91873243336453,1.8403761999435,1.50264701711899,6.52633695779281,468.858914139266,425.276314877442,469.803369995617,511.872033026039,429.905220591478,1979.66507154398,2470.34253698995,2961.13594382666,24098.921508831,1966.53517826762
100,0.215,0.825,0.222548475552248,790.258249769115,0.17107334979663,924.869251041088,225.896577087981,381.694351762218,1.2,0.974113667682467,0.634340566910368,1.46997473593252,0.933833198351816,1.29548612130106,1084.95230316295,3460.53622781639,684.102078054404,1267.93503732637,777.738059537975,0.708125573957692,0.419541944816954,1.09669385261775,0.57726008563426,0.803622933704408,1.37151360359267,1.09624581545981,2.26595735476532,1.35509808753987,2.44832198225857,590.010442437346,987.169310539687,474.528734931193,594.930996390482,481.790076077773,3266.59226948921,111870.537066865,1501.31935358213,7362.45285693222,2009.10081868244
100,0.215,0.825,0.207844400994472,775.909826210951,0.174375694121379,924.869251041088,229.813843872325,387.060635736324,1.3,1.8771064191869,1.16581558644526,1.90065050376897,1.05978642397566,1.99462831472212,630.887238481153,1203.9741769638,578.966847080896,2713.19233723264,551.639536121466,1.17424792230572,0.765283738945386,1.22040570634151,0.553658531436917,1.54063750250273,3.35378807748492,1.9880225333867,2.82673804346775,3.22602834622013,2.66727171599705,453.042016700527,628.271204215953,436.496569505896,726.963122430329,408.700877391163,1448.97674705131,4474.2501503205,982.00028475558,95780.7051964063,811.090631940883
100,0.215,0.825,0.207844400994472,775.909826210951,0.174375694121379,924.869251041088,229.813843872325,387.060635736324,1.3,0.712271163503901,0.696574477705579,2.41515034103232,1.1570705193964,1.18276184961779,4589.35886657264,3752.13876762932,701.511749006421,716.856248692543,888.302785571072,0.403710718615851,0.427239246695461,0.935430727026667,0.853753331271181,0.684455414207972,1.39354118193048,1.13298953731177,24.1152930498758,1.53088165461375,2.09594350176702,1032.5453214639,1033.43357201905,418.815293528026,490.114078191623,483.009797390368,174323.740705585,52255.4866320101,2717.12962429156,1481.24013549571,2652.30821261289
100,0.215,0.825,0.278487170955192,883.95437971124,0.158592041373319,924.869251041088,210.627343926679,362.492299414816,0.9,1.30874968942532,0.67335734000454,0.704463031141859,1.61502826674083,0.968738201916497,686.705200492818,2335.15461533241,3667.32388049273,538.075502401953,1189.97692822113,0.918425973902904,0.40792944816513,0.472218529147356,0.840622434421533,0.699625900058894,2.0523594268183,1.50972409311615,2.64390970355795,3.01523643156392,1.47547062308974,437.725340933318,676.085716995489,807.138512126964,389.668397203525,582.814039109498,1469.36628353838,49065.5307508398,82545.2378429458,1843.99900349368,3886.96874842642
100,0.215,0.825,0.278487170955192,883.95437971124,0.158592041373319,924.869251041088,210.627343926679,362.492299414816,0.9,1.25950451629093,1.21554608982839,1.53359074459573,0.644014588027691,1.12740082661905,846.20011900481,817.444952063157,744.07498074669,4282.09347908671,887.092721302722,0.763957326183174,0.85810624301303,0.983163714714965,0.407489218181257,0.84198968187218,2.50787392986712,1.66497636647097,2.73769462753106,1.0423683289244,1.90745657831604,498.131648847834,520.87024628287,477.711210930198,1166.79435615212,528.823203378047,4619.80350071276,2283.89793824365,2568.68677312554,96658.0680674555,2392.22622008444
100,0.215,0.825,0.25758356990199,840.1141,0.163241635870107,924.869251041088,216.399595490668,369.485692399371,1,1.53128819288714,0.766334732744393,1.26307314968805,0.737734030898285,1.44350003782591,505.51411447571,2632.87393117815,511.874228009374,3467.37264755893,818.280598636902,1.18883527918451,0.31928328802078,0.779480367266681,0.280717277617489,0.677910903730049,2.09201518815809,2.176178187009,1.98917576599113,2.47907714802524,3.13603386536032,365.846368861248,605.472884939209,361.19191214614,521.953550063765,463.559261695928,792.579884859757,1541008.88289311,978.491371164693,16118278.2587047,5746.78556360405
100,0.215,0.825,0.25758356990199,840.1141,0.163241635870107,924.869251041088,216.399595490668,369.485692399371,1,0.977101282379806,1.42132466109238,0.987590816948939,1.39091461836482,1.18899467628288,1900.26182651923,590.332304835782,733.165697487336,886.768022625002,994.081180085719,0.465853533206475,1.04358175045635,0.669918200215859,0.749929304062812,0.73295650048767,4.25285403138998,2.03518384924209,1.39243505216237,3.71472641193613,2.98300852607586,546.908405155336,409.731838600142,428.500979553107,484.94548464235,515.505528398504,292354.537837739,1067.00870304063,1810.08560918054,5299.23914280714,5564.53412738973
100,0.215,0.825,0.233754681559727,803.563879727765,0.168562831860821,924.869251041088,222.883586821744,377.709824077126,1.1308,1.14996169345653,1.3439935286006,1.42040730611949,0.854283997187092,1.16370871923638,694.569892052004,725.66773513414,603.205432228791,2430.23282904125,890.464439849166,0.761833859254603,0.851955476077491,0.995686895045303,0.433724558352245,0.591149215468343,1.58231173280272,2.17815334665783,2.28355965968801,1.48317494460309,2.37700478586074,447.491738532091,459.947004704185,409.012249993634,859.825582271029,494.542811985651,2259.47734835538,2047.01608069567,1224.77779494343,140177.172364674,6638.19326049625
100,0.215,0.825,0.233754681559727,803.563879727765,0.168562831860821,924.869251041088,222.883586821744,377.709824077126,1.1308,2.02607173641378,0.884872481962074,1.38288162918038,1.20035665793813,1.62438090308536,859.36761119557,827.278616180569,978.166585297737,837.1405499182,573.332488412766,1.11987256533153,0.63569487108546,0.998535423498092,0.774901293253025,1.04519732423994,4.87284627524012,1.26562913848935,2.09813878843819,3.36156275044003,2.53810428583361,498.18980635001,480.627799983923,557.945204774687,471.596611936712,420.187877390016,2986.03126247417,2281.19769433244,2878.24155352891,2551.75352142951,1087.74316544084
100,0.215,0.825,0.222548475552248,790.258249769115,0.17107334979663,924.869251041088,225.896577087981,381.694351762218,1.2,0.929505519116813,1.47436779884574,1.44729322819391,1.49808188738463,1.17425907988265,4084.79593935517,798.159711624358,670.907198255981,993.51892814214,700.109410675967,0.493623908056905,1.01232910735825,0.999825637987736,0.791390284283648,0.80961085222197,2.31389747415041,2.43327056515743,2.09641811688804,2.21861120156546,1.7459331863593,981.984350511142,504.77571338253,472.032650430393,571.903618054959,462.83360072041,65259.5453420099,2040.02452259082,1331.94042645185,4077.23716656718,1575.17394137454
100,0.215,0.825,0.222548475552248,790.258249769115,0.17107334979663,924.869251041088,225.896577087981,381.694351762218,1.2,1.4596419575039,0.914502546669644,1.49600538468484,1.38157949007741,1.09069887517251,972.923379809322,2326.33411364682,521.603607794432,833.692395502942,794.390974326684,0.84352403446929,0.598996790452497,0.937029072371877,0.929330540105448,0.667397515301409,5.65150504284479,3.91087844811819,2.87887864591403,6.58582937777854,2.1390202610456,483.513354405791,642.946577302081,381.974642821821,446.833194989656,470.163742008815,3845.66838307738,18444.980115248,1078.56217585222,2156.85692395833,3568.54346085234
100,0.215,0.825,0.207844400994472,775.909826210951,0.174375694121379,924.869251041088,229.813843872325,387.060635736324,1.3,1.50054783361204,1.04714931266509,1.49365285696429,1.2321777071708,1.32317979076928,716.736195734133,2133.01111594143,687.258681348324,1288.41718406827,762.026575540701,1.01726380599803,0.653820646772233,0.906349755102366,0.748276875097486,0.990290256910066,2.4712934404237,4.98918429454837,2.8040261566553,2.25203912570912,1.86927512589231,468.19933480756,771.590266292205,461.845300403858,642.612572046124,496.174521173784,1566.19684498581,32062.7820653111,1649.35937809175,8899.69321896687,1596.13512044219
100,0.215,0.825,0.207844400994472,775.909826210951,0.174375694121379,924.869251041088,229.813843872325,387.060635736324,1.3,1.60781058197078,0.694923365154135,0.868139558383091,1.36327047887957,1.4477491864265,643.904031885319,1846.84696510317,1401.54622778452,740.359902659509,850.072761692073,1.05313265378903,0.419739674685963,0.569015667671463,0.872764306618446,0.844475178154475,2.29973751469595,1.11893002276475,1.29778944920414,2.47287202513883,2.39563685338225,439.929673253176,697.125674167552,671.979050815136,471.520577364907,521.831762715824,1339.42602082774,15925.098731551,6353.00662514301,1806.60773580129,3460.77806615471
100,0.215,0.825,0.278487170955192,883.95437971124,0.158592041373319,924.869251041088,210.627343926679,362.492299414816,0.9,1.12448092653295,1.04087793929557,0.678189449369101,1.37870142769578,1.75276937575828,879.566601373282,1142.91973109242,906.010845808473,908.837256292196,796.693416560942,0.696700901450686,0.367296038390385,0.472630680365733,1.00629632814783,0.91029030315638,2.11248016178775,1.95609695564673,1.13738231071194,2.15783965284772,6.0863811332981,446.070822580911,516.607084227767,458.488197099164,529.396798619281,427.524432943333,4027.54148927942,40795.372890373,3504.42439973475,2653.70007322855,3161.81632375822
100,0.215,0.825,0.278487170955192,883.95437971124,0.158592041373319,924.869251041088,210.627343926679,362.492299414816,0.9,1.1869791182671,1.58139617420411,1.07447496508171,1.39657089243969,1.33869825058005,1017.5832290984,683.700341751479,511.066848805711,1180.33023240772,712.362628337575,0.716562101213266,1.11255074711489,0.719043309615699,0.789420254168562,0.714360980961188,2.40766875283631,2.59804486198943,1.49227551635617,2.53387432385264,1.90134851003406,511.080603719582,445.153199379028,353.626303738101,609.884234806539,470.521484568817,8808.53718017397,1737.80531406618,1095.88097451532,6387.27274520283,3088.82825087335
100,0.215,0.825,0.25758356990199,840.1141,0.163241635870107,924.869251041088,216.399595490668,369.485692399371,1,0.937400437599177,0.798792035645053,2.71047024208387,1.21563289805144,0.987470677607934,1720.13883430959,2415.46321910313,429.641391095245,959.133309053914,800.68293050214,0.502514301896597,0.489296097430048,0.854759328337615,0.732990738095989,0.660312784194652,3.31698640257763,1.31739893124304,5.01211471498176,3.07893433022405,1.42378477860871,565.183750625878,857.762614102013,352.44210622726,536.761755876029,486.565715695583,23876.8058561223,45156.9646076332,783.925730707289,5759.14319784231,2301.59472963417
100,0.215,0.825,0.25758356990199,840.1141,0.163241635870107,924.869251041088,216.399595490668,369.485692399371,1,1.17548334500466,1.29715625150865,1.49763665271198,1.62893879297254,5.67965637238583,916.731588299726,764.850745504613,500.369261945358,594.653199218836,488.188202385141,0.790456430487813,0.947345376425293,1.17835973361288,1.18940567884475,1.61768213483134,1.58063563842683,2.230802218697,2.02612252462944,2.19978339650583,23.8328605364441,524.645082944018,483.606558880067,360.731566872576,426.108987148404,386.440217923252,2249.26764347017,1663.19706354425,772.413061231756,1039.53242705141,1288.05031368131
100,0.215,0.825,0.233754681559727,803.563879727765,0.168562831860821,924.869251041088,222.883586821744,377.709824077126,1.1308,1.17486025388467,1.95690078326991,1.32660019121539,0.741358215231693,1.25677904472832,1801.40642118729,877.208855459581,825.755160966605,1685.60730483324,823.889653772365,0.751538645447684,0.749806009000335,1.00735270159111,0.32713316556201,0.857282161306562,2.94040602315998,7.2601443827275,1.75512189039971,1.19502602565285,1.86972470757603,805.654951742925,474.15478325868,535.80170061941,750.398341305833,532.781955406291,10463.3595246442,11252.8836752877,1684.60664735615,54291.1493059913,1927.06161032222
100,0.215,0.825,0.233754681559727,803.563879727765,0.168562831860821,924.869251041088,222.883586821744,377.709824077126,1.1308,1.19497992760837,0.87662923576499,1.1641521233732,2.11396738462104,0.886792384055173,698.321669323727,3005.51655861308,752.170181583741,440.1386247876,1382.50306239487,0.8335563671725,0.522772655878504,0.796346921445236,0.922208619834649,0.40598920713192,2.00328788094775,1.8663103801694,1.74226211704787,3.08373432251877,1.5056967323848,455.721769018653,804.539983578727,458.449246339449,347.234819326048,614.104367112285,1601.11561999169,64918.5610540152,1975.36952427824,753.299025397036,24445.9175139545
100,0.215,0.825,0.222548475552248,790.258249769115,0.17107334979663,924.869251041088,225.896577087981,381.694351762218,1.2,0.908120634004125,1.52430822053764,1.16446012534136,0.827057014981697,1.56640373377936,2413.13171707653,477.188234897307,813.359229318191,2586.61585909555,461.159980944517,0.591682138983892,1.07903852488475,0.912414527117305,0.612674317375949,1.15859069990853,3.78237925542648,2.49747864055753,1.56110714646339,1.41653563368597,2.4551821163499,804.943028422711,364.564911671148,489.827704386707,848.453433562567,357.685825686749,12249.3735912158,833.69917114225,1737.45408023046,12544.1576083336,712.112707195792
100,0.215,0.825,0.222548475552248,790.258249769115,0.17107334979663,924.869251041088,225.896577087981,381.694351762218,1.2,1.58672158754422,0.823210889330325,1.73021008805544,1.62470361300099,2.37555608957968,737.728381131217,1876.46653890861,689.166073756345,703.390900684026,567.43826268398,1.06597454051922,0.309649503089634,1.162202906623,1.02812451921572,1.48636005509774,3.08771025068237,1.7846861179842,4.1450149421793,2.45397842117047,4.12530190024459,471.389763219614,622.979372972691,460.002728786778,492.328108931586,433.436850816626,1903.58596776278,510619.729824311,1945.03395629088,1955.8721107037,1119.99217048082
100,0.215,0.825,0.207844400994472,775.909826210951,0.174375694121379,924.869251041088,229.813843872325,387.060635736324,1.3,1.1357283895916,1.4045587862922,1.27199804609479,1.33631216286365,2.99720382342239,714.508625610875,645.903822906136,1027.08116833199,750.937336911392,665.812681990018,0.640780934071927,1.04722955001524,0.631909334287401,0.776105738923373,0.556247403644825,1.62272747485374,1.95936403885951,1.92428999797127,2.3703524485887,24.6681702421916,448.627634836295,438.274849972292,589.918352227372,477.49553314062,403.874591399093,2205.1069903865,1206.38650932013,5184.80360133661,2653.96013855351,23356.2232380872
100,0.215,0.825,0.207844400994472,775.909826210951,0.174375694121379,924.869251041088,229.813843872325,387.060635736324,1.3,1.18958447617195,1.19999768715228,1.38095513433028,0.960946141726342,1.1248602934243,1224.26602826161,817.091944688512,864.840736964155,1532.4408801493,1092.12224227484,0.55160214010062,0.895719900510718,0.928978197503903,0.73913027344988,0.55802984787557,2.45869886350104,1.71838146651369,2.77119781202999,1.50336939093274,2.26050965292217,570.018219595715,506.347358732407,513.080384413916,713.650856260977,575.612624240878,13210.7128788556,1955.62266838407,2193.64979180913,4978.11869628776,8394.7963361747
100,0.215,0.825,0.278487170955192,883.95437971124,0.158592041373319,924.869251041088,210.627343926679,362.492299414816,0.9,1.33481391438654,1.52750948420162,0.72687647483112,0.808893961291297,0.707630085127263,1126.38137804435,754.797153215041,1283.33490480269,1379.14276001157,1226.79628980278,0.829868652272814,0.959576524984622,0.534528497135702,0.456596577685242,0.516892467563174,3.64865178033771,3.33596652523065,0.993211767674468,1.20163891939371,0.938586334813325,545.031819040821,472.021521737434,616.717851146401,604.817474681116,620.90033076193,4645.66692183764,2673.63585036097,5456.08886426667,12929.5372636315,5000.47004170401
100,0.215,0.825,0.278487170955192,883.95437971124,0.158592041373319,924.869251041088,210.627343926679,362.492299414816,0.9,1.58931008982696,1.10064149096593,0.981038504981108,1.39537393621748,1.29106104013636,985.74063485013,804.570599513487,915.921557616467,649.898463116471,893.217588469092,0.825738669825506,0.460752685299703,0.566528925110011,1.06672853022076,0.450741744452421,5.19948307307111,1.78125459845663,1.45265735080939,1.86631030820087,2.07653154752661,457.176915740521,450.536380974791,495.850435953653,432.54163255742,510.464520895346,5914.1447468619,7305.85973629329,4947.86482553627,1635.96192591037,11254.696944636
100,0.215,0.825,0.25758356990199,840.1141,0.163241635870107,924.869251041088,216.399595490668,369.485692399371,1,0.878790321427238,1.95410241265014,0.826600425574284,0.978501486108504,1.37787584441439,2016.77732388764,694.941808605519,924.034764259006,1115.84041509119,773.215234222868,0.397770478526959,0.703886329798378,0.604730453921504,0.63028869921387,0.826563346243929,2.17752503448685,3.69132218137598,1.2023532743295,2.23294611529971,3.03580551775749,637.93598486599,472.709831292062,548.234496541406,544.573769977591,467.330780591529,192257.145468523,4146.95887126935,2333.2252062659,6646.62694123876,2721.43443195704
100,0.215,0.825,0.25758356990199,840.1141,0.163241635870107,924.869251041088,216.399595490668,369.485692399371,1,1.2450489766663,1.37073797912145,1.01790080223861,1.33722114374473,1.41472269778339,721.74758861362,722.626994426769,815.671237279169,852.9878537546,634.580483405969,0.789973368026386,1.00912258278681,0.545229841472939,1.03105913777066,0.850402156007319,2.11528515942261,1.88186544084869,2.00364689813945,1.99242148194789,1.97249863142989,446.488889814386,446.104912985351,428.831858694158,509.508066781791,417.879676295744,1933.10991350634,1534.91661264289,4498.20348121475,2112.77752595442,2289.16016252904
100,0.215,0.825,0.233754681559727,803.563879727765,0.168562831860821,924.869251041088,222.883586821744,377.709824077126,1.1308,1.35076632464114,0.93293667434063,1.08862660158276,1.21944670632439,1.02149582455287,785.373771747013,727.908091461271,603.433103824881,1465.99263043685,1022.85499469821,0.944755674307673,0.673851753017594,0.82181831633557,0.79445954261674,0.564785515372639,2.1463154596666,1.37065580595198,1.69831772685942,5.62055884678637,1.55684240642898,476.218742900507,437.575196178678,398.373443964212,452.578575286176,524.599027015981,2374.23114871121,1947.3171343139,1432.94195067769,6334.06649035054,5968.10280556565
100,0.215,0.825,0.233754681559727,803.563879727765,0.168562831860821,924.869251041088,222.883586821744,377.709824077126,1.1308,1.54389302840218,1.77846199081764,1.01886516048751,1.04956984338531,1.57739558617113,925.343467523958,1334.30165834352,873.064294181369,709.044549752609,622.608262761874,1.1721139216479,0.7453471377445,0.455298494015223,0.755352255847498,1.09721150331028,2.46241030725544,6.6892738739147,1.55039994204762,1.37233619918362,2.38044391614116,537.824617164892,435.156041202503,515.665051356295,463.331155412125,445.042020458156,2058.16336160371,11073.874922075,5363.43010124063,1638.16536304448,1202.78089582073
100,0.215,0.825,0.222548475552248,790.258249769115,0.17107334979663,924.869251041088,225.896577087981,381.694351762218,1.2,1.79556622384891,0.942924826392315,1.60391251111037,1.10665933490492,0.989385754068878,785.71626275062,1312.41529286189,784.60369911938,599.656391418781,1852.95272505045,0.966667599845164,0.565561786069909,1.11004576657887,0.692889424899917,0.603781750204323,5.96056200804286,1.62661978111073,2.72981126901922,1.58785524564335,2.18364873885102,462.047541777817,641.618973234076,494.871046326691,414.655022702641,734.353189656084,2953.19393407749,12513.8083142629,1956.5033076604,1256.26305054526,30347.6878117564
100,0.215,0.825,0.222548475552248,790.258249769115,0.17107334979663,924.869251041088,225.896577087981,381.694351762218,1.2,1.50153426164235,0.898186580442872,1.40280112784276,1.2994135551004,0.914236145112979,1127.943581001,1201.49001715241,595.720760873099,989.024092385192,2147.44623329771,0.83658154944058,0.610653146524138,0.88926866253984,0.93254063087878,0.489419758436288,7.11296058993059,1.13564854385452,1.98903289805863,2.46280488397855,1.61943561438084,481.031915528922,683.635463597864,436.62481120495,559.49647792888,792.304825289098,18246.5371090932,6067.60331662416,1186.18404931793,3289.48989849649,27322.4199386119
100,0.215,0.825,0.207844400994472,775.909826210951,0.174375694121379,924.869251041088,229.813843872325,387.060635736324,1.3,0.663384208455004,1.10429978346363,0.753435814700705,1.18003434565134,1.17573369610264,7739.85114730471,971.478622848198,1404.82882400865,1004.99722129868,696.799444778274,0.445988524557951,0.747183166464378,0.497248594815404,0.676521906257015,0.760644411828916,2.79745408815784,2.38224093640864,1.15570163958323,2.97597747136324,1.88908657575782,1160.73643038403,536.677032008276,597.516521658946,537.182117308882,444.959123554266,153056.292332227,2863.12026726315,8120.92263291902,5697.7719715296,1661.65356928698
100,0.215,0.825,0.207844400994472,775.909826210951,0.174375694121379,924.869251041088,229.813843872325,387.060635736324,1.3,1.20771786039076,1.1632795872261,1.6075401848712,0.70035685585589,1.7564001155528,1331.50922242506,834.793049758684,842.768582743334,2449.33204912771,548.735295371976,0.800207909549615,0.902430763530731,0.869476638775555,0.450576783718906,0.970023534432302,1.92777563960744,1.58346466049042,3.70378633176262,1.87639054286057,4.86740547881022,719.034607436095,531.558127401866,506.199852159314,750.304578682662,416.176791650923,5939.85256576244,2027.76190182713,3776.75349964519,57520.2280659781,1154.24324802866
100,0.215,0.825,0.278487170955192,883.95437971124,0.158592041373319,924.869251041088,210.627343926679,362.492299414816,0.9,2.04697550153208,0.712175374222927,0.733895892436747,1.08088971554887,1.59371444909676,852.541878419517,6606.61706618255,1847.2240708612,642.814952550923,534.335182526207,0.801252330839619,0.49236632650768,0.518773570712032,0.606088271268695,0.643110412048808,7.21663889899213,1.42644921186471,1.01963055754298,1.79338539479485,2.33140452897909,458.285511953867,1350.97697915489,761.726996888361,429.744822124148,394.317863421732,3440.67652119346,137855.196849021,9042.06984590218,2984.60343530286,1832.92805045797
100,0.215,0.825,0.278487170955192,883.95437971124,0.158592041373319,924.869251041088,210.627343926679,362.492299414816,0.9,0.736812080816144,0.878529646084439,1.17253853534299,1.47609464990744,1.40947638914709,3029.65981556227,1473.3419783269,593.470404063199,1067.87331326468,592.677431710931,0.309639216558252,0.570041988585795,0.493546617368861,1.02674714846487,0.891958838880055,1.34834809510263,1.34540490038402,2.0930675454045,2.15628700440579,2.83454639924271,815.643176007741,720.601352238235,388.909277931026,585.795197173942,398.783767444924,3925197.50342309,10830.0367267588,4018.37077222187,3390.9212104256,1355.61705136932
100,0.215,0.825,0.25758356990199,840.1141,0.163241635870107,924.869251041088,216.399595490668,369.485692399371,1,1.14441443250753,1.15290943430665,1.24848902240566,0.829146986474726,1.05745422904598,900.067561159803,855.388121821501,560.334465933937,2000.89438977816,597.35387671095,0.669369856139058,0.712394680217611,0.916276649322794,0.573038331706912,0.783059739140731,1.98193825690618,3.03778069036166,1.91470415636877,1.42408819732591,1.4706636501045,469.507989804158,428.369794297344,365.236968456246,774.745848423513,382.355210560478,8665.60751777279,4808.20460733806,1089.91536600009,14860.4701004047,1329.66466994482
100,0.215,0.825,0.25758356990199,840.1141,0.163241635870107,924.869251041088,216.399595490668,369.485692399371,1,2.54432270343492,1.2362634431349,0.685664072543136,1.18878253225904,1.1595309606512,497.771825861227,648.045401961253,1861.54003958893,946.820025921905,1179.00353970196,1.4986709969437,0.848353368480606,0.469655604739626,0.756492086209183,0.708073303025217,6.50408655849877,1.87668235097244,0.886701632021238,2.28844256161863,2.07933903635797,397.847818123785,437.265819788088,882.040047849078,533.187382402091,575.074411266206,918.991668740756,1450.17933508867,15262.1088348149,3740.01047712066,7497.55914458478
100,0.215,0.825,0.233754681559727,803.563879727765,0.168562831860821,924.869251041088,222.883586821744,377.709824077126,1.1308,1.03338612447619,1.18468537532542,0.944694060610867,1.17409031307144,0.819716311838441,1630.3081425647,1127.78234661365,1611.6335665244,1272.20733641358,2898.12959116929,0.546071376652701,0.803320535464784,0.647438141335591,0.721374406683381,0.388692595650879,1.96448821828986,2.51383255503149,1.65090068331803,2.5193343123355,3.26860488508414,704.298560645907,608.363716993315,751.774996718877,605.938761533872,601.864284896108,15919.1650579527,3865.76032864448,6665.38540980877,5653.82648497596,90447.7583496317
100,0.215,0.825,0.233754681559727,803.563879727765,0.168562831860821,924.869251041088,222.883586821744,377.709824077126,1.1308,1.54214665783706,1.36728104325112,1.70780225037925,1.03752810283511,1.14967060591079,855.079596419617,566.21781498332,679.404514574936,1099.38146546867,710.356282557486,0.841804778858477,1.01716665640696,0.786629410210101,0.468773925358982,0.691944496123657,4.35629084329595,2.0235660305534,3.19836447682689,2.81434764933149,2.13686185196395,452.545461425146,392.973056416043,435.833117927271,474.273948415052,439.675267422307,3815.10462922875,1084.45953632282,3859.01791220649,42929.2857050175,2643.24870978297
100,0.215,0.825,0.222548475552248,790.258249769115,0.17107334979663,924.869251041088,225.896577087981,381.694351762218,1.2,1.31578320879723,0.746648386500771,1.42748693782918,0.888755788760088,1.33759519849929,1059.23548225144,1329.79532686998,794.39692525248,1774.96262470529,540.474127013867,0.852941500536613,0.57143605241567,0.878667252558012,0.512943317598416,0.946514721189193,2.10060635556661,0.959455705841903,2.40201895374797,2.04821243034297,2.11850524440533,575.346787873999,661.505463802132,496.631145424651,618.786600510401,401.173981685712,3656.62156074746,4708.4200728791,2179.26485418394,15529.5868859285,936.95211496013
100,0.215,0.825,0.222548475552248,790.258249769115,0.17107334979663,924.869251041088,225.896577087981,381.694351762218,1.2,1.10881600545236,1.01310926567815,0.695525928250263,1.16770887291305,1.10834452583717,1400.30988653769,639.790002108784,3936.15940391653,1029.02532146592,1049.16576133704,0.727005371256722,0.628189134701535,0.411133266344901,0.691871564816344,0.800363571791092,4.28302278033686,1.85047220819802,1.6363100171235,2.68134271446716,1.58307005667052,613.557324307126,406.483593937864,976.568018748102,536.527928700451,557.420735731922,7520.96722990567,1736.90380775248,126717.509693815,5519.97027116103,2915.78449581011
100,0.215,0.825,0.207844400994472,775.909826210951,0.174375694121379,924.869251041088,229.813843872325,387.060635736324,1.3,1.08197943802417,1.39586022948067,1.26477910078783,1.13322674213345,1.57872075185094,806.148851651656,592.058963165186,848.357854619035,1359.524991469,582.979941562,0.763818483730582,0.866990243612925,0.743430369745338,0.64510835506114,1.13311859944531,1.51323003492136,2.81039906038968,4.45050479518988,5.96049993501643,3.12593013125655,497.712292715957,412.759556637692,466.443206292374,466.293835090888,406.830008411065,2397.33682485007,1239.13125112949,4427.23859567616,7629.25819341426,1118.96041965129
100,0.215,0.825,0.207844400994472,775.909826210951,0.174375694121379,924.869251041088,229.813843872325,387.060635736324,1.3,1.23281277297601,1.21620206139337,0.99530034777713,1.53417069367336,1.11889543099148,501.53277382027,791.692365231257,949.988400126761,657.658262478112,1534.21214308603,0.858483243811678,0.734159804076216,0.714232661711406,1.16457691498384,0.71783360615708,1.67187393737089,1.77946566899147,1.44942691239762,1.99883004883792,1.96639112303679,351.756856032476,482.630448286046,501.999864115293,440.388664218585,654.026730717261,951.73437528338,2562.82645497902,3368.83734982281,1625.14314085295,9007.33993624278
100,0.215,0.825,0.278487170955192,883.95437971124,0.158592041373319,924.869251041088,210.627343926679,362.492299414816,0.9,1.45753379173763,1.93939237560967,0.855080355352594,1.16494361965082,1.4563109700774,888.712614471742,615.845024189327,1551.86970744336,1089.4439143142,591.964968581427,0.691670366037531,1.17128782119739,0.605844900493545,0.596320940599305,0.888327943591435,2.71411832107721,3.30661349328681,1.40212517521436,2.58768638271022,2.12864905053807,506.265216512746,437.536818715873,641.557249043225,546.304536840689,417.676321065829,5110.66206654458,1373.14528275123,6233.6858698937,8575.76094439155,1399.76013764173
100,0.215,0.825,0.278487170955192,883.95437971124,0.158592041373319,924.869251041088,210.627343926679,362.492299414816,0.9,0.985413560722458,1.10451465138243,1.10697363248828,1.73066965363332,1.05233893388455,2165.97864807124,1125.22496735094,504.839021592037,584.649163805402,1089.70302582081,0.632885254747659,0.752572033648491,0.807919391504879,0.803453229478273,0.737154376097559,1.64386137228695,1.62117916667649,1.63003455348959,2.51244281389072,1.4899889116918,820.039981826238,593.763522098786,350.322001642725,409.436168197734,548.333780578091,11428.8770403623,5188.12278196327,919.684081587495,1644.04946765945,4431.86440924587
100,0.215,0.825,0.25758356990199,840.1141,0.163241635870107,924.869251041088,216.399595490668,369.485692399371,1,2.86857830319292,0.850390041951481,1.00319497258315,3.0838464659757,0.963968639356569,429.530801586769,1266.89603115067,1269.36928109011,552.169116318726,698.217233619192,1.52434665394264,0.524755984521061,0.523145784145319,0.6107291287165,0.686672563565812,3.9828744530293,1.33360205004554,2.86316956872507,8.01193457377382,1.41069125419497,352.465491356047,604.931533018953,474.002826155715,388.294383187822,436.380115517035,606.602150141184,8747.09073014843,36587.6509288403,5077.97568658619,1669.59445172697
100,0.215,0.825,0.25758356990199,840.1141,0.163241635870107,924.869251041088,216.399595490668,369.485692399371,1,1.1920679011783,1.43834712857206,0.990526096782022,0.953596586224533,1.34361962173282,1092.78624564551,645.720825277188,859.490051701163,895.20338136054,825.348683158001,0.744448305682942,0.81868579821717,0.758317903701931,0.683797109794944,0.902993995278292,2.57891270014121,2.8215317493929,1.42013036474492,1.30063510377474,2.28099740888283,532.925132189092,439.751512015341,493.124196864887,510.166783083009,491.012748228408,5165.71319806792,1831.338948592,2360.99932686329,2820.69259322892,2615.44620793248
100,0.215,0.825,0.233754681559727,803.563879727765,0.168562831860821,924.869251041088,222.883586821744,377.709824077126,1.1308,1.40243709826825,0.953513490977553,0.960125155237627,0.891872056186075,1.32389052143893,855.761190121678,1231.99394446752,1952.15409892225,1236.2013348979,638.693674737068,0.602217218073588,0.494091459267497,0.415899891398684,0.521102698923164,0.941049032659172,4.61183864822193,1.34945531158047,2.3608355727247,1.29478235105489,1.89695826623577,471.560459996034,643.177672306791,598.528615131578,649.271727317757,433.308932417772,9937.13771668301,11031.1910601777,391588.693752572,7644.70508158051,1372.35114972552
100,0.215,0.825,0.233754681559727,803.563879727765,0.168562831860821,924.869251041088,222.883586821744,377.709824077126,1.1308,1.00244070312841,1.12309409324528,1.43360458646254,1.30875610106813,0.861888150784258,2194.47943284781,1203.06208483981,615.312166357027,933.189734365086,1746.36778949293,0.580722051939049,0.811578127311349,0.995471532368656,0.994518339823752,0.535772223646203,4.50744018339813,1.94921609003346,2.9709296693386,2.20662200248714,1.53790003916881,622.222567115696,612.66503355574,424.98843768977,551.674370423838,771.026574363146,43413.767390915,3615.38554731533,1100.39096856678,2241.25328763783,13211.7233297803
100,0.215,0.825,0.222548475552248,790.258249769115,0.17107334979663,924.869251041088,225.896577087981,381.694351762218,1.2,1.09298828507713,1.5076088954162,0.682463357936195,1.56385156254032,1.14372145711627,572.338346025985,489.936934184847,14630.4503903873,694.360395842929,589.451059132366,0.686718306501633,0.451308518539636,0.491243746041688,0.839793612708918,0.82377294827469,1.66266244972689,3.14229882887733,2.95060437325134,2.57627939837941,1.6124499171568,383.108154344273,352.074623787373,1340.71836042205,452.148783444729,387.696401625885,1739.62838715474,3245.43273245825,92016.8509483137,3066.96121785056,1392.05624674959
100,0.215,0.825,0.222548475552248,790.258249769115,0.17107334979663,924.869251041088,225.896577087981,381.694351762218,1.2,1.59133202502789,1.67859593793688,0.922776149313436,0.924696598733579,1.41606229851982,1080.18728511677,637.880340736034,1552.37557963328,965.23172871308,595.333330112652,0.525743831292819,1.0532693546765,0.571233161870361,0.588913446545069,0.841623530936411,5.8657672597814,2.57905922258583,1.70015650558205,1.40176098809233,2.10823489453397,489.449580859022,441.278071773864,631.205735876043,519.847129495199,407.75287798999,14570.6620307057,1394.57799366784,8471.33181488153,4211.17597156382,1294.6880182055
100,0.215,0.825,0.207844400994472,775.909826210951,0.174375694121379,924.869251041088,229.813843872325,387.060635736324,1.3,2.71906569857504,0.98086663697739,0.995886857318798,0.984652024935298,1.11977537751644,743.167117171547,1629.95368987726,874.18492639571,880.632872093556,1139.75875679089,0.898589397598851,0.555889230896151,0.760108788522838,0.753554548694426,0.770015828347026,7.67234171898978,2.05649009486483,1.60482743666189,1.27372360625698,2.03131078324687,478.00437302914,685.145538219859,512.887640589403,537.868100927786,609.237069778121,2846.81258802166,20225.5594120037,1960.51116695234,1930.39017678558,3888.12575847628
100,0.215,0.825,0.207844400994472,775.909826210951,0.174375694121379,924.869251041088,229.813843872325,387.060635736324,1.3,1.51837130606797,1.02684483918519,1.99528545227482,0.956647870283154,1.12356384464186,974.222594973947,964.6354178014,619.88152232641,731.512231583972,1376.28302493793,0.970859709758414,0.420416327680253,1.02859749497623,0.709017110642062,0.661968335944207,4.51793284558059,1.79740612854856,3.63772188599476,1.25515058912598,2.40109253287486,485.514807059518,518.762042411728,448.906698294732,453.542821792239,622.62974977115,3794.18164223932,25408.2360372799,1838.15503025509,1671.46015050339,14536.5675341159
100,0.215,0.825,0.278487170955192,883.95437971124,0.158592041373319,924.869251041088,210.627343926679,362.492299414816,0.9,0.739897266629776,0.95769532115466,1.00727684840204,1.08031504523493,1.26136917230706,1698.36078810259,815.346751238631,791.831628933187,900.092881983561,1819.86454088894,0.466292714510892,0.677553908910993,0.654501546284241,0.542890055720804,0.649043945324891,1.36467583097019,1.50916913345391,1.73667291293509,1.97294248686763,5.37247816539924,613.098133647565,460.446358059659,432.528954266871,469.220633936953,737.86342006626,24630.7401053735,2192.26143054022,2822.11253994977,8168.81491086048,15046.1204407878
100,0.215,0.825,0.278487170955192,883.95437971124,0.158592041373319,924.869251041088,210.627343926679,362.492299414816,0.9,1.11888311099178,1.10994463805121,1.02059660920623,0.864604628492959,1.15919818409333,1476.80015094569,1312.56234822246,799.122943486619,1831.13035252841,759.788125363882,0.633241361082271,0.764243631667623,0.613189185109872,0.485308441614072,0.814122916292587,2.82110101238401,6.25092215943838,1.427031803595,1.30208115907171,3.21324679727163,664.108143231746,476.749681015857,466.522481116294,772.885141728459,449.925566139471,15743.8538612335,6587.93447677011,2532.19068439053,30711.8016159611,2411.20988196757
100,0.215,0.825,0.25758356990199,840.1141,0.163241635870107,924.869251041088,216.399595490668,369.485692399371,1,1.52827166284633,1.16216868881757,0.855145454727443,0.996998957661074,1.35159521973379,1070.48980120773,1094.77752153475,947.622587885615,1331.84895778091,845.600926961862,1.04771139682513,0.745758619893421,0.630862497503967,0.671056387221041,0.931251462889017,5.6079876494243,2.15144456999297,1.21095831048265,1.66724944217813,1.83272654391068,566.983246111506,554.537060328396,510.282413414841,638.070393722087,526.847442061078,4008.44621847469,6970.63910589594,2793.77941787075,7317.90997400786,2327.14789615388
100,0.215,0.825,0.25758356990199,840.1141,0.163241635870107,924.869251041088,216.399595490668,369.485692399371,1,2.43861418357485,1.02730346680566,0.807845200318655,1.58865200978606,1.43037640579304,905.425261029894,971.827423572985,784.890068021114,1133.32019575095,516.34743949448,1.23283282444066,0.754896719850992,0.406383543741743,0.368726701218613,0.913925339262308,8.08781593429766,1.46321726205356,1.37959040711949,6.03792164840486,1.99705445764662,447.697127837757,530.738527865113,448.509211436781,483.816256358058,377.432142546915,5108.37888017722,2402.50525585212,6568.26896822303,54322.7104330829,975.555605551264
100,0.215,0.825,0.233754681559727,803.563879727765,0.168562831860821,924.869251041088,222.883586821744,377.709824077126,1.1308,1.23819236674351,0.976672248071336,1.14479786792068,0.926384234572213,0.905033164713794,965.953167991178,1630.43068339354,739.014325729322,1253.94549968285,1200.53713862936,0.873063752560141,0.666700302066629,0.824253660562519,0.677332139884598,0.496511683214013,2.16772489867768,1.93557012757581,1.61229102976718,1.29945758685984,1.50762190639045,566.253696564888,710.390793736563,444.627209053075,641.924270284271,590.323586490724,3720.8707591273,7703.15602335304,1558.87581149831,6056.03309398759,11351.1225318383
100,0.215,0.825,0.233754681559727,803.563879727765,0.168562831860821,924.869251041088,222.883586821744,377.709824077126,1.1308,1.21260255600829,1.12509872982436,1.4674649709328,0.727359563112068,1.63239703846357,739.133493399396,819.391901728819,1187.12400419181,2328.27472831338,593.994350246655,0.751698819614434,0.817160304509509,0.658820777256754,0.522541271173564,0.972566755899071,2.72916559037295,2.32774787893242,3.92218224077295,1.55202200755336,3.24138090111807,465.256787842078,492.376887916839,592.8040515443,680.302613493074,416.063959384251,2607.77181326398,1993.13669768312,8682.79470516779,18807.4525477182,1410.02171708437
100,0.215,0.825,0.222548475552248,790.258249769115,0.17107334979663,924.869251041088,225.896577087981,381.694351762218,1.2,2.41525895154554,0.689279084496425,1.36802346750446,1.26688266169193,1.79684601190651,601.96597829042,2731.69145739834,668.425798198286,862.50214457603,571.573921346029,0.89366807131596,0.329839941576651,0.628344934582145,0.910198646108339,1.2174889824778,11.5608468645191,2.17324851318078,2.18286781404692,1.79957919739309,2.71071213330866,417.691336105104,562.670918605782,452.805728952578,516.004450644783,419.465677023469,2508.72275818358,646681.855942048,3380.54899883765,2347.21717315983,1029.46371865597
100,0.215,0.825,0.222548475552248,790.258249769115,0.17107334979663,924.869251041088,225.896577087981,381.694351762218,1.2,1.01786625158159,1.0788945789582,1.116263683534,0.719681030009994,1.65906865415208,1879.11068635614,1021.5593018286,863.621830491587,4469.09288385784,654.5865563301,0.3944501791463,0.796176238696414,0.706089216728764,0.324897458826269,0.908820515302979,3.53236767681411,1.67363428916201,2.16317269803964,1.67398193850338,3.73349880442902,495.739089810184,558.448889287428,489.823592321557,821.27937433339,440.906381735739,1090441.78781855,2546.41990525448,2714.88901773919,1063260.3569764,1571.23671958646
100,0.215,0.825,0.207844400994472,775.909826210951,0.174375694121379,924.869251041088,229.813843872325,387.060635736324,1.3,1.3886584151037,1.5928319207186,0.893017986065941,2.44348441792065,0.942067518087016,919.156595803173,797.48713157631,1256.33711300827,734.611968592145,954.588369920664,0.814215640736953,0.988280999111533,0.60610492213738,1.31413786441688,0.712294501754612,2.70550850364019,2.85386880305538,1.31270095994283,9.55988681112289,1.25584810542742,537.426318741544,516.80365904748,637.411898764833,435.035069751466,555.272617493918,3056.44006961391,2204.07044942057,4588.01990866306,2657.31932192429,2482.7896433982
100,0.215,0.825,0.207844400994472,775.909826210951,0.174375694121379,924.869251041088,229.813843872325,387.060635736324,1.3,1.15412940832622,1.05043243288564,1.58422123923724,1.12246684592637,2.42283723121449,1253.578930716,1603.78586751287,570.189640353813,989.32011987938,453.917593061087,0.657396055450561,0.688005903307455,1.21732019054209,0.73052251412012,1.3535866889743,3.07852310758873,2.21675316454658,2.8731470931407,2.10664682658276,4.54628738499181,528.911263038001,681.805761772668,411.224331992035,525.570931904612,378.329104096795,12236.5794370104,12212.0736752973,947.845865299429,3610.77253849746,684.036419948572
100,0.215,0.825,0.278487170955192,883.95437971124,0.158592041373319,924.869251041088,210.627343926679,362.492299414816,0.9,1.50023651946728,1.34265148720258,0.870307610598093,1.26748131063892,1.72940109523512,2198.68818324951,702.392685114712,901.330616434765,644.329581857535,769.689649356871,0.493642764898957,0.797020399145437,0.5195976072108,0.718202940686886,1.09056570532097,27.8540305253104,2.24549637345515,1.7222367922043,2.15797594301525,3.0151892291368,374.475732828041,466.991709565667,467.938127131733,420.202365797353,463.786900101828,33681.7452724067,2895.03773199472,6193.20785272747,2341.0494428249,2487.36555922024
100,0.215,0.825,0.278487170955192,883.95437971124,0.158592041373319,924.869251041088,210.627343926679,362.492299414816,0.9,1.55374621591042,1.52106391931511,0.943297655791441,1.21787562155785,1.41951366794548,1021.01555366832,453.577580614223,1015.60658873277,787.567418107561,1321.32086101032,0.433086010498288,0.940690360884179,0.492642034875664,0.701685411131259,0.845140646071726,5.13468922286984,2.10421347901157,1.81902894021635,3.54022972809299,6.47382063559736,485.518925397417,348.54390144644,492.733813131298,432.668296324082,444.560189965201,45816.088299778,846.83672071966,16675.7216329358,3659.03689776759,6939.73384811192
100,0.215,0.825,0.25758356990199,840.1141,0.163241635870107,924.869251041088,216.399595490668,369.485692399371,1,0.865273863805358,1.34609232574472,0.888153609347556,1.35028885272485,0.855066303051011,2505.84139705032,650.71515845447,1200.3897504315,684.712727440726,1381.01371693761,0.325926006223169,0.753574084795997,0.467028561945162,0.729607892794912,0.466336131373401,2.11161964563597,1.98755769223501,1.66651630101182,2.28471674190599,1.48898424407491,659.437597872969,438.078602461625,573.637852328162,432.437294507037,580.040407975305,305797.081280502,1548.84543492059,11763.5644886139,1996.15344061761,16970.2408293749
100,0.215,0.825,0.25758356990199,840.1141,0.163241635870107,924.869251041088,216.399595490668,369.485692399371,1,1.17340265486609,1.08973142343274,1.13719404973896,0.835826290760339,1.1700530017782,1070.38602288025,1120.49287845362,625.340468986056,1843.13998462836,718.827851735942,0.810020165583225,0.633881880597172,0.779680937201876,0.660924104633906,0.869688320744533,1.97355040757272,2.10681494019301,1.52506593865842,1.09903373169509,1.62089686568959,588.089166338551,532.658869642284,419.693621027473,784.157630279989,453.799326478095,3849.24864203932,10541.1120392735,1498.00380598428,9249.20706526415,1499.55039113645
100,0.215,0.825,0.233754681559727,803.563879727765,0.168562831860821,924.869251041088,222.883586821744,377.709824077126,1.1308,0.990827549428689,1.40319095601556,0.854955970785787,1.16709964614693,0.959945562340116,732.254300317579,702.836659860701,1012.29340768995,951.621876538742,981.571833822088,0.681155417347043,0.749431600259891,0.623596960865537,0.852110356341304,0.647910301126379,1.52400677245628,3.00567171877941,1.30513233100255,1.93776349055326,1.50251934316921,430.56095907714,456.941661828204,514.225570168733,537.798357193676,547.264713510844,1972.99664926545,4437.73154806764,2988.48752815606,3878.88809776004,6161.9755586373
100,0.215,0.825,0.233754681559727,803.563879727765,0.168562831860821,924.869251041088,222.883586821744,377.709824077126,1.1308,1.46922195404982,1.38459357334408,1.79276972570722,1.16981352955161,0.8721845245143,910.774412661911,1069.03638626914,509.08872195183,1210.29008119748,1273.47027652902,0.809976496685644,0.852222968093209,1.16473779799059,0.60436331543466,0.511063107592723,8.4667592467105,3.36264101990374,2.88994800758776,4.58717138707212,1.26181714701369,479.338210006188,558.545970276387,396.690689741487,508.60100546847,670.592918329734,5422.23038717965,7836.78991690104,863.927402418765,23608.9680668929,12420.1980856244
100,0.215,0.825,0.222548475552248,790.258249769115,0.17107334979663,924.869251041088,225.896577087981,381.694351762218,1.2,1.7489994772664,1.44241110348965,1.07707683863808,1.66069157709725,1.07153367482766,644.098089077803,507.038980141355,2788.06646498002,698.608428779531,912.276914742198,0.977847284494069,0.980386676969904,0.663704380716678,1.10368730731169,0.797251629684088,3.25760815748638,2.29811908713363,4.4074304175364,2.88673041425243,1.74118846806902,439.19181751034,384.333540107377,749.943770748097,462.733780414182,497.899124193317,1883.17777780208,895.678085411553,13936.6090460664,1689.49596795306,2504.67262218756
100,0.215,0.825,0.222548475552248,790.258249769115,0.17107334979663,924.869251041088,225.896577087981,381.694351762218,1.2,1.04936241872674,0.689801630299797,1.03087999167721,1.37939873150374,1.14292971200239,1531.57012663344,5929.0333146481,1555.21891126624,940.855397123799,809.575950198762,0.512602845430966,0.363351089880309,0.512107361268317,0.876832720117805,0.919450367338831,2.35663636305082,1.711176169755,2.14990965537456,2.53845587859286,1.522828270488,696.385071667723,948.406173540399,686.280202298257,547.608423448648,515.797716355374,22149.7865796585,112066.407685473,13096.2213843879,2734.32558383967,1662.33387446425
100,0.215,0.825,0.207844400994472,775.909826210951,0.174375694121379,924.869251041088,229.813843872325,387.060635736324,1.3,1.1648669388503,1.1649291104883,1.35167040417146,1.02513881979925,1.72850018436191,834.161077980104,1219.41116579274,695.981342846325,3409.25968890329,468.897315741753,0.715425038423894,0.715681180890181,0.996915050598193,0.591716026953977,1.29859639220097,1.7360578785088,7.52012077083329,1.97385730801264,4.13417698093083,2.41159210894246,497.17536964409,457.366028553234,465.126971803424,867.388554414728,368.675131569688,2352.2032141336,9920.75379345647,1371.92798816482,14883.4728967216,661.986606426927
100,0.215,0.825,0.207844400994472,775.909826210951,0.174375694121379,924.869251041088,229.813843872325,387.060635736324,1.3,1.3702615202186,0.954456108945373,1.24362152320602,1.06465277770221,0.613231477828737,837.852832037551,1236.23145832266,699.383100887076,1595.27513001301,10356.4474181129,0.926234899128602,0.661116337825279,0.864428975706275,0.685550505223802,0.344462242512541,2.02118257304332,1.38036682755954,1.89676192052745,1.71239448907869,1.25569681296475,533.681195540463,633.276838269772,461.300574161859,730.502371829043,1492.06630915149,2222.42829258704,4941.83596241512,1524.08744455965,9457.55596112752,1288946.1024008
100,0.215,0.825,0.278487170955192,883.95437971124,0.158592041373319,924.869251041088,210.627343926679,362.492299414816,0.9,1.94581077985897,1.10421816034075,0.870191854538703,0.830697584200969,2.33313712864796,622.462189820468,801.969620484461,805.646025943607,1037.33315775404,510.3139224522,0.835419021957267,0.763153953260343,0.531723780754464,0.522179451430021,1.03236738112186,7.7721965993125,1.65119100470963,1.30085874456947,1.19136884330286,3.98290681163336,398.61751434597,468.049978656194,455.151936464155,527.988013136695,390.617692177162,4218.30015826101,3057.56390421468,3916.65588805458,7456.49278910988,1282.77665093606
100,0.215,0.825,0.278487170955192,883.95437971124,0.158592041373319,924.869251041088,210.627343926679,362.492299414816,0.9,1.38462192870969,1.25958714447698,0.937632921333837,1.03484518386232,1.78233953816475,1015.0950040216,733.276182046156,567.648502997983,1723.69770708411,662.149626774424,0.809037844103188,0.7353013228574,0.667136745144717,0.738245226042315,0.941765279597112,5.27436964768926,3.13252588427912,1.32270376292433,2.83452138981177,7.28199040118959,459.016884553539,441.380773546911,386.338159785839,657.115770994455,407.113910104198,5943.7117171256,3380.34942700924,1148.49290175516,7642.98871970621,2486.04525574421
100,0.215,0.825,0.25758356990199,840.1141,0.163241635870107,924.869251041088,216.399595490668,369.485692399371,1,1.60870745135164,1.20614181849943,0.926553205492981,1.74809986672007,1.32689651704421,653.002210767211,644.815829388336,1733.30288417146,633.822225613025,645.07335983393,0.535437214384934,0.604406498413243,0.665300460652021,0.882945687745744,0.803163074295144,2.63519357420157,2.73413897424172,3.16514739205054,2.86882775898258,2.34376482205312,404.742804490141,400.772681229301,685.931640741499,425.476545265479,427.963749791121,7591.04069713626,5123.49153229584,8262.38231624246,2000.10013341642,1937.05469025456
100,0.215,0.825,0.25758356990199,840.1141,0.163241635870107,924.869251041088,216.399595490668,369.485692399371,1,1.88260435270507,1.25871664898644,1.15480008551558,2.3938685393127,1.01005269406049,541.967229863123,861.203725938899,817.20297416104,544.243422936645,1173.01507975636,1.2805012918201,0.887739718199089,0.846971848271853,1.80064434959875,0.624645199983212,4.0699084231136,2.19447711154655,1.5196359891527,3.3629979931328,1.67170931028883,399.573191966137,505.089776838017,511.355262166541,409.283174561641,575.026332811651,1064.8585068114,2188.83952878645,2048.59426881838,832.504901546787,8454.89782143961
100,0.215,0.825,0.233754681559727,803.563879727765,0.168562831860821,924.869251041088,222.883586821744,377.709824077126,1.1308,1.81245798556285,1.0609622963135,1.31820063039128,1.0695951933056,2.24065814214126,895.564040097606,1185.18421436726,954.270896026385,838.855866045238,510.371088092237,0.855343015502847,0.527878093108938,0.716661554067664,0.603625149469343,0.85740999275827,3.32640719871518,2.45769228443803,2.62468428466086,1.76306347127858,3.82188759797879,539.501120373558,564.581021458088,522.717731542444,508.798410285728,404.511321889538,4194.71880674677,9798.7634345753,4978.92192566297,3504.88573582557,1339.67900565282
100,0.215,0.825,0.233754681559727,803.563879727765,0.168562831860821,924.869251041088,222.883586821744,377.709824077126,1.1308,1.92422576529772,0.742099350420845,1.48927037448791,3.61585443070376,0.816895116404971,571.247152808549,1656.54980179327,525.699221841209,499.377186203801,2811.83525545684,0.732783119534817,0.407409437093538,1.07385526059555,1.61776856628534,0.487374711564546,4.68193398813758,1.16952266122364,2.05413427687928,6.57457686405889,1.69446144786256,415.394944203793,673.548952078544,394.047304171456,404.092640273872,838.462466909561,1975.16178691713,17104.1469866132,844.821588418305,955.26268131941,38890.1748692084
100,0.215,0.825,0.222548475552248,790.258249769115,0.17107334979663,924.869251041088,225.896577087981,381.694351762218,1.2,1.54060925076977,1.87490372141561,1.62505942464392,1.29487720579613,1.21692648414211,807.811432685342,554.574377224353,699.936590713343,635.033160506885,620.694927104242,1.01529086811641,1.19391032580453,1.28876022481771,0.875685937251274,0.931818974086832,3.05501718367565,3.32376475618432,2.62950631329159,2.11889925082766,1.78386529554259,501.44439359609,408.219224330364,439.658943104697,409.495396393466,408.296851252555,3073.74753824453,1091.09683762501,1358.63168130903,1443.8745210369,1271.01102535811
100,0.215,0.825,0.222548475552248,790.258249769115,0.17107334979663,924.869251041088,225.896577087981,381.694351762218,1.2,1.26750377441604,1.77681936729619,0.741146074246642,1.03000689114266,0.785929011970807,1165.44084206847,572.481110879275,1138.2507253081,1361.83954944509,1637.44795359141,0.820375846611937,0.922931721210286,0.456402801480932,0.710018274327384,0.58549929726083,1.83717049235005,3.52613438775833,1.14654741349536,2.04946581935861,1.2151589715026,625.994560640626,409.096821968039,541.958908380602,603.609755391552,720.324525309546,5538.35458374569,1470.61399398327,5901.51359438574,8231.08035329148,7295.46577579781
100,0.215,0.825,0.207844400994472,775.909826210951,0.174375694121379,924.869251041088,229.813843872325,387.060635736324,1.3,1.50709696780751,1.06778066728209,1.8782477188922,1.08800840273107,0.793573805945397,901.191212370834,1331.28950676213,625.865971088448,889.74120402883,2150.63896173964,0.667238483028513,0.619660836206915,1.11653486345918,0.77121071360388,0.419479413868253,2.60773810902594,1.80658142110703,3.4141465787259,1.8687704211851,2.03723358743223,552.877586409157,629.158255238649,456.214415402906,537.655987460016,697.580447835083,5189.87897825893,6161.64405088511,1257.22554252704,2372.32287580399,133592.356536019
100,0.215,0.825,0.207844400994472,775.909826210951,0.174375694121379,924.869251041088,229.813843872325,387.060635736324,1.3,1.04443551221046,1.47819122241862,1.16086621669807,1.14597977871393,1.57058692260172,1147.30664358447,602.07240738594,707.109448875226,876.408744193251,667.516947215834,0.715725222504654,0.959477418897917,0.585321851781782,0.817615454905578,1.01187165227843,1.58425446455961,2.19900963186839,1.83815156517008,1.81404600110632,2.91629969233301,538.748812333483,409.257778896433,447.963747831581,505.05202496362,441.854057459432,5001.89050889839,1332.371737198,3482.40706303107,2530.44250216041,2059.47625682234
100,0.215,0.825,0.278487170955192,883.95437971124,0.158592041373319,924.869251041088,210.627343926679,362.492299414816,0.9,3.34123632921932,0.799557203878088,1.16656935001793,1.2101450648293,1.16623674387726,596.680362250678,6347.4602664245,637.783733568836,753.323847601321,885.808288565728,0.649951020378698,0.505729744996413,0.799800773666468,0.75945016907726,0.75385040455001,7.93367022520726,3.75234575218423,1.70571207427506,2.70164513905198,2.03129678026912,425.371512223702,488.170841922944,434.291478105216,460.313663778893,516.914326848857,2389.69432184181,107150.008776077,1187.49318803817,2876.94312857357,3618.35690627335
100,0.215,0.825,0.278487170955192,883.95437971124,0.158592041373319,924.869251041088,210.627343926679,362.492299414816,0.9,2.04899742384626,0.908618676005478,1.08462764207305,0.898137643695904,0.954937937396249,559.287878677689,1783.98432965911,689.236784489906,1555.79154482829,884.793154737883,0.688089866992105,0.609393923818044,0.654300671720927,0.53488497757496,0.587226263099106,3.68712760629301,1.66516679217069,1.91134900215461,1.86873201708948,2.14661812542099,404.584525055509,699.794395288625,412.521519826173,596.814394217507,450.000923428268,2977.97531414842,18337.9928173481,2262.68014689425,13539.3114197577,4158.82104189504
100,0.215,0.825,0.25758356990199,840.1141,0.163241635870107,924.869251041088,216.399595490668,369.485692399371,1,1.44436946748,1.04359473355565,1.23078855561659,1.89180240962434,0.891877054795911,689.777846964516,1204.9063653288,820.472864897886,705.653338826809,2359.68139981062,0.914463328634926,0.640153354017496,0.690325163820119,1.23059905352776,0.603407833871703,2.39555971139469,1.81576129441202,3.5007914860637,4.81932072500739,3.96013148203956,468.490655965377,581.090040992249,456.635392430466,471.023940216513,656.755890742972,1799.16293338529,5435.31746331215,3035.56363169659,1581.14404714403,18262.0072141762
100,0.215,0.825,0.25758356990199,840.1141,0.163241635870107,924.869251041088,216.399595490668,369.485692399371,1,1.06936868261602,1.56685931226129,1.48211073564375,1.63012582276968,1.25344744182584,1449.40044318256,699.035133050892,553.163520178057,1011.27723340417,1139.68694052035,0.719223799315137,1.00955931855447,1.14295931336434,0.801797863543634,0.89724381258612,2.66285024637413,2.4915512046625,2.00780355095841,4.95625104335192,1.89855234496034,578.360435224343,484.596112328964,399.934367841554,502.043724869854,632.331234778188,7940.7215272228,1966.49779484674,928.307482016244,6582.18412066795,4457.93066892066
100,0.215,0.825,0.233754681559727,803.563879727765,0.168562831860821,924.869251041088,222.883586821744,377.709824077126,1.1308,1.45468458991562,1.19202085846578,1.25562187779169,1.24544098151154,0.830366470628581,707.475188722327,675.521654619986,749.732956232946,1144.32819398631,1589.51147322509,0.608799662448295,0.755561257550725,0.729958590565081,0.820007597721958,0.489652719511432,2.68796105333969,1.99550063815059,1.97570863352386,5.28565699952886,1.49231084315696,451.893259703253,438.087326651953,469.853761761061,500.381377960164,616.827932783692,6326.60060597774,2072.72765229551,2422.92449877449,4994.66504089999,18847.685004806
100,0.215,0.825,0.233754681559727,803.563879727765,0.168562831860821,924.869251041088,222.883586821744,377.709824077126,1.1308,1.82180411369877,1.17042160288333,1.17216304383003,0.936088443108316,0.918263970246753,715.97695602721,815.861944517548,1058.91324174031,2359.54383986538,1729.19205898693,1.03348844669595,0.815325867009221,0.716295970902841,0.602734996665659,0.652394474920461,4.95514275771377,1.6226344715981,1.78294492429334,1.65511230758189,1.45802308811659,486.509463303249,518.60069843691,607.363236067326,835.759627070509,799.780368255731,2831.95403827722,1715.19928819615,4736.30130588384,25068.4401316705,9964.63123106629
100,0.215,0.825,0.222548475552248,790.258249769115,0.17107334979663,924.869251041088,225.896577087981,381.694351762218,1.2,1.66140043079577,1.07593663829508,1.31206026238694,0.932234976934028,1.76031257531516,657.80515552313,1087.16886022453,474.869035017626,991.853740664971,585.822692652188,0.863738889032499,0.668748875461301,0.996193720868403,0.640386367473953,1.02320968585389,11.5375526981065,1.88304009674338,1.78984432699879,1.4444830887169,2.9073263103296,416.874683309073,543.769900939913,347.278720860458,504.241191799591,416.835993714335,5136.92397954239,7593.87623973692,775.536305925225,3906.39267889187,1617.40171745917
100,0.215,0.825,0.222548475552248,790.258249769115,0.17107334979663,924.869251041088,225.896577087981,381.694351762218,1.2,1.03420340023072,0.888769812516141,1.0487704959559,1.17284347680331,1.45544038627495,1604.72217270179,2923.61596326126,900.671382231315,650.397491852564,777.433623456073,0.630990490809973,0.570344634861082,0.735408211822416,0.749266189005007,0.803996930132844,2.04655866870217,1.85248107634095,1.70862293579815,1.65988234101782,5.18310907869514,690.140417183064,841.574936014222,523.523531599202,446.089610736919,459.760413657218,15934.6647803939,35133.8183288656,2846.42324357297,1586.7076844897,2618.98730797036
100,0.215,0.825,0.207844400994472,775.909826210951,0.174375694121379,924.869251041088,229.813843872325,387.060635736324,1.3,0.932628235358775,1.28705538668652,1.80610749558348,1.44331687161709,1.03068262876632,1643.4260249051,880.554664442788,735.388320272181,789.366793575666,2074.22275986176,0.616355284099606,0.895413334470761,1.22153009255321,0.621765025250093,0.672776862245857,1.51654814753179,1.78766625022883,2.74467810247794,3.31419825844134,1.68525959032712,709.871440233049,562.682885920262,518.821876812888,488.939085765425,899.970113567999,11314.9764562344,2224.47726370732,1713.76645970461,13830.5134183689,18290.6943927436
100,0.215,0.825,0.207844400994472,775.909826210951,0.174375694121379,924.869251041088,229.813843872325,387.060635736324,1.3,1.03476976930799,1.50461927813173,1.3225020250775,1.24323380848982,1.2056640902807,864.164937125522,550.497807223691,970.780677130736,755.334724071489,739.203128012631,0.629453988545544,0.73812359515691,0.84883049930117,0.759695966815465,0.656619304231876,1.40082838555238,2.59160676939769,6.44351580675086,1.86735694096009,1.88628753355517,513.622044033074,389.095277840986,466.455277951167,464.399506008885,454.055988979741,3839.16630514589,1665.17022139245,4392.28801502537,2387.38608327621,4526.07444347247
100,0.215,0.825,0.278487170955192,883.95437971124,0.158592041373319,924.869251041088,210.627343926679,362.492299414816,0.9,1.38102085826861,1.02967655955517,0.729684555825314,1.33241290251027,8.82604268882438,1163.22192101551,1048.52022400572,1174.90287492451,922.905449138068,452.816287326576,0.95134299485521,0.696488288444096,0.614218213200085,0.901064430730633,2.40452975840556,2.35772703784553,1.58457754769384,0.899890510089822,2.40281939225508,24.852295529902,633.637807477373,601.981694313356,643.920918408168,523.751181720342,389.071706850303,4060.9726095337,3140.10678067339,2838.21589905718,3153.49906544648,989.933390835078
100,0.215,0.825,0.278487170955192,883.95437971124,0.158592041373319,924.869251041088,210.627343926679,362.492299414816,0.9,1.22813474906658,1.45981438129816,0.687471615016853,0.846362221805824,0.985323867962877,1094.38582743308,646.154248764155,2777.13243566078,2898.44189389102,934.646951893589,0.782142880929068,0.913411909109529,0.469645902447433,0.508934222877832,0.653457835483026,3.6171145522288,2.26305145246629,0.992726032053487,2.15973053849022,1.69541804297961,520.077588203022,446.721880099581,992.404442039695,848.565700921013,513.922577155071,4245.53150006451,1819.18574370604,21009.3519096358,36375.0405708778,2925.16199190811
100,0.215,0.825,0.25758356990199,840.1141,0.163241635870107,924.869251041088,216.399595490668,369.485692399371,1,1.59627607464661,1.29800550128524,0.927051363840365,1.81507216117462,1.18600055725908,818.015234201827,667.586712925287,897.416466550879,544.928112930001,1036.73594513433,1.02573850207309,0.906973386232696,0.674968809374546,1.07218817816577,0.746988562073173,2.57389737767216,1.82140746543309,1.18356127660932,2.60563927194712,1.66327259614709,484.269981307846,453.710419427284,501.892195962846,405.662385710371,581.893918549148,2780.27027701023,1383.88424990954,2299.90912762139,1128.94078013978,4285.04232099573
100,0.215,0.825,0.25758356990199,840.1141,0.163241635870107,924.869251041088,216.399595490668,369.485692399371,1,1.3646192974503,1.31616797371297,1.15709783088859,1.36988292642817,1.45944492299374,721.848566159839,802.852459837291,781.041896297172,1081.94318600364,561.798397038813,0.933953578911207,0.719293950075766,0.847315247191855,0.818868660558921,1.02286617517233,2.39315248950957,2.05493727893607,1.559720114738,4.47302625987848,2.31000586138773,478.642930494194,480.57212136873,460.280052544034,484.920546843366,392.581864151326,2277.33237688512,4357.00357913356,1975.19067361144,6453.91898962959,1082.01508088635
100,0.215,0.825,0.233754681559727,803.563879727765,0.168562831860821,924.869251041088,222.883586821744,377.709824077126,1.1308,1.6655611358265,1.29434725448272,0.873430408661741,1.01272481974036,1.12405385002274,664.604954153696,995.47195302041,1374.6132512311,2526.70956363289,894.419364921328,1.21443126876912,0.954747686086824,0.473349507083585,0.805848852830086,0.830796041133484,2.72706852026084,2.0475979951597,1.23956271314894,3.77337733506184,1.6147663138323,452.382847440183,601.796118768665,665.204562140268,915.880130376007,538.731227769061,1276.87811926981,2640.27923870587,20326.3624311012,9054.69389617156,1963.58368516055
100,0.215,0.825,0.233754681559727,803.563879727765,0.168562831860821,924.869251041088,222.883586821744,377.709824077126,1.1308,0.866818209362252,1.35004420518218,1.1936206770465,1.30199128766595,1.53420388191492,1433.78230178933,1002.76348582751,997.093129365276,1041.07807389613,613.336705475008,0.576329436865416,0.823853323387723,0.702951916852215,0.825024414421952,1.07275119100738,1.61175360440163,4.21382022483833,2.93513186256409,4.13920794130135,2.69044768709511,651.21873077532,486.937653876684,528.500686076675,499.384078303463,429.569986357025,6404.31838707864,5406.93949076707,3836.22978226472,3497.98183860526,1181.45313192975
100,0.215,0.825,0.222548475552248,790.258249769115,0.17107334979663,924.869251041088,225.896577087981,381.694351762218,1.2,1.59404549498621,0.905515939798104,1.78426855647326,1.23649053597395,1.08522000165321,558.669112505825,2270.83933910723,624.941550713101,890.090343592978,1156.12666208266,1.07565629982225,0.446185659273201,1.15184655007954,0.843889814815936,0.830143386084484,2.37172093434293,2.44739883116921,2.33725618018109,1.77039539796486,1.42363063058598,403.719054401564,623.236277684814,447.865183545018,522.391325641144,612.156265458554,1029.92030354494,120332.164315964,1301.47217333188,2239.57499332802,3068.77435604342
100,0.215,0.825,0.222548475552248,790.258249769115,0.17107334979663,924.869251041088,225.896577087981,381.694351762218,1.2,1.78203959903149,1.10955069218358,1.26003082665106,1.25205425771145,1.43145203799633,584.969181463947,1129.03898745612,772.99212298034,711.383651553347,651.955694523074,1.32337809380622,0.712484318005118,0.79666504762225,0.590940978096222,0.992520316709192,2.61864726785072,2.01511505292379,2.20679768908142,1.87805551165173,1.88656399906809,408.162984393636,562.358928537089,432.670485660652,460.969404853282,433.034511454573,1074.26615259198,5133.44207558748,2967.24577422521,3479.22456686587,1516.811683888
100,0.215,0.825,0.207844400994472,775.909826210951,0.174375694121379,924.869251041088,229.813843872325,387.060635736324,1.3,1.33008896344224,1.30445683718495,0.856003712439203,0.911149694587093,0.851520770144954,1043.6494373758,613.103557082708,3596.56278981338,692.216467535925,2042.47131376521,0.868856681826061,0.858822659789672,0.41076594400644,0.647423148646896,0.591398219345311,2.03501401187408,1.89050092323449,3.17056868176413,1.33728973486844,1.27214263787682,579.428644081158,433.37459267347,967.058989237246,433.004082775667,805.205954150007,4785.76647625005,1252.11532516676,82330.923954138,1666.33721222019,12184.7445034368
100,0.215,0.825,0.207844400994472,775.909826210951,0.174375694121379,924.869251041088,229.813843872325,387.060635736324,1.3,2.25981002294855,1.11850996140931,1.45446214840975,1.13666532690887,0.886257163407002,717.765644948923,495.173689560126,802.919137980676,829.511501097547,1442.55840146188,0.804399117792461,0.782078999648996,0.894194319191306,0.763337302120983,0.456616890736976,24.967038485367,1.55303308713472,2.33445573935831,1.75039425479437,1.34770170650734,401.164663484044,345.101011531431,480.166582003689,495.029291268592,659.241862126436,5035.98432645681,939.57305506624,2924.51066731974,3151.65224825238,21841.5717549657
100,0.215,0.825,0.278487170955192,883.95437971124,0.158592041373319,924.869251041088,210.627343926679,362.492299414816,0.9,1.63884077636333,1.978598244675,1.33279011546419,1.05250464104922,1.33593922607654,787.665440274677,631.05187990794,485.173268715006,759.443030931251,792.406075954076,0.659327607444881,0.882223109187926,1.02077571824055,0.62748642994561,0.878441825056058,3.75910556091249,5.23060489926016,1.75728857539505,1.53856485123154,2.34668265034946,471.744959492093,406.209341224226,356.017992160438,433.165305945951,461.535316380692,7053.61667136462,5329.77601431237,835.467750293642,3081.07055864244,3258.2518479953
100,0.215,0.825,0.278487170955192,883.95437971124,0.158592041373319,924.869251041088,210.627343926679,362.492299414816,0.9,1.12772858989271,1.33250093292415,0.956601153463933,1.14416197786937,1.63815563351955,774.675996535274,553.661459378752,1128.00471253951,829.091515353575,733.822594023983,0.759286101051381,0.85806409911061,0.590777349061571,0.576802795832475,0.889075014136374,1.69771509472069,2.2832984760416,1.69200127043635,2.03863565951152,8.03999951665321,442.424592077369,380.31633389954,542.898203101825,454.415393145241,399.358149961367,2523.66579768305,1151.84338219711,8308.15874208378,4639.91287313778,3011.04692687454
100,0.215,0.825,0.25758356990199,840.1141,0.163241635870107,924.869251041088,216.399595490668,369.485692399371,1,1.51033564537785,1.43077325970459,0.811881308386518,0.793926316681363,1.34685719754478,805.111214267943,1128.23315249725,853.806100473825,3683.79535978282,871.699152838745,1.0297386959659,0.993927310388154,0.533186193379125,0.521513487108227,0.785196727745901,4.09644999541268,3.28930097737948,1.26418963413518,1.15844077160784,2.05729571126408,465.67554566115,587.051808067339,493.298619929064,1136.50540318317,514.104731951332,1894.8826783837,3480.51057726467,2579.70655129479,31604.5137016501,3617.41746567184
100,0.215,0.825,0.25758356990199,840.1141,0.163241635870107,924.869251041088,216.399595490668,369.485692399371,1,1.39162796370145,3.21475178577062,1.15314634779658,1.3691143370441,0.995505980984513,974.247305274309,481.151335179996,728.738984410426,750.023946943356,3475.42220791061,0.769346410517938,0.798170543372978,0.878232712171684,0.842436029250926,0.397900277664082,2.9263110769327,6.17744199278722,1.59813805772767,2.18329880267252,3.96977375049099,505.406445146059,395.98640497623,465.804356482158,496.137010306308,550.248255304933,8243.73225398671,2573.68456128179,1381.15177365722,2782.12521787987,2136585.10701099
100,0.215,0.825,0.233754681559727,803.563879727765,0.168562831860821,924.869251041088,222.883586821744,377.709824077126,1.1308,1.49081456191483,1.01230773234997,1.21789889119397,1.41665771294306,1.27993752257458,748.067526377404,1758.96921742375,755.719617582024,691.350311965401,736.705047432519,0.737505266955453,0.409395452349047,0.89694410668585,0.975114462516124,0.940636410155329,2.39680945223605,2.05273537704424,2.28125131711955,2.70074803912959,1.9015238413205,468.73178038248,724.479040776637,470.354886065221,458.652482296466,449.408814922642,3564.16810943671,481800.521180543,1994.4659407368,1735.16479345515,1897.62090068106
100,0.215,0.825,0.233754681559727,803.563879727765,0.168562831860821,924.869251041088,222.883586821744,377.709824077126,1.1308,1.576070803873,2.26013313542604,1.04011570334126,0.964904485323721,1.05638687909811,863.522464933334,724.620787212107,2437.36340820861,852.172048816312,1142.61269424652,0.955313816913242,1.3220885592878,0.717296372984965,0.66030517742745,0.728115552489917,6.26634338169271,82.3952110646499,4.7791355453244,1.39774982565902,1.65408559989334,459.600777661805,389.249932633379,692.848777811297,522.305253043841,645.920840905088,3657.44478617732,2436.88846136413,20058.9194131126,2131.59698361037,5811.17079522788
100,0.215,0.825,0.222548475552248,790.258249769115,0.17107334979663,924.869251041088,225.896577087981,381.694351762218,1.2,1.2632028642015,0.889044750946963,1.22408573768267,1.3058744700033,3.0670532725731,771.994328024159,1032.24730238163,958.737585747241,996.991923155179,493.020235047468,0.813696334444817,0.562594955624993,0.838025221273581,0.75890277110417,1.25276138173187,1.93861203871067,1.63387003797517,1.92802214349859,2.42889283292257,4.78579737642647,474.400048341249,509.759678695504,525.312528598446,527.959717425292,396.79521486825,2741.93952932835,5352.11785141907,3414.02039251535,5386.48551653601,1033.95640252227
100,0.215,0.825,0.222548475552248,790.258249769115,0.17107334979663,924.869251041088,225.896577087981,381.694351762218,1.2,1.34116997878171,1.49156365698688,1.71074755200386,1.31388204371358,1.3090303187076,632.802278341887,1100.52340501033,522.706420143173,1181.57540495425,901.818149106904,0.896917304629835,0.627088832325159,1.30847081409607,0.609599892197775,0.512151869510111,2.05888139044843,4.14440082356075,2.36926937363466,3.34306190923086,2.96115891543057,429.523543609548,508.741101495441,399.528260926846,536.440838685231,466.779585425486,1418.32558113212,40239.3883965513,873.27903131868,23192.3021169687,62782.2530979358
100,0.215,0.825,0.207844400994472,775.909826210951,0.174375694121379,924.869251041088,229.813843872325,387.060635736324,1.3,0.89560699957619,1.14946680844986,0.871388894789614,1.30249600733967,1.29950293619641,1615.4716163102,887.459821724418,3173.56626420663,1068.8483104931,723.200229876233,0.723149164064404,0.63917560446731,0.35925976001794,0.849584571004178,0.989287220311164,1.1702159238275,2.18960358902188,2.02173555817063,2.69545841091216,1.80114335021668,776.689182234921,505.535749949476,748.966098705424,582.461389643647,491.681868088722,5737.66457010644,3892.76414269995,946255.809908383,4312.59035260441,1325.50462165307
100,0.215,0.825,0.207844400994472,775.909826210951,0.174375694121379,924.869251041088,229.813843872325,387.060635736324,1.3,0.925068535938829,1.02999138520906,1.55310547146993,1.14039663776458,1.40804872900817,1433.33716768306,1126.35967411984,737.11428332881,1460.54827588101,787.783450651549,0.695099485212593,0.623853076536365,0.925828198671499,0.647208578368831,0.866248704373697,1.39541003346635,1.42973780405361,2.61549458416719,3.31309903110352,2.51251801349371,654.70624923002,647.034363185192,493.813695543853,637.475153573013,494.634331722466,4532.56898602427,6214.20145061702,2049.43347373384,14806.6460556999,2238.62619928942
100,0.215,0.825,0.278487170955192,883.95437971124,0.158592041373319,924.869251041088,210.627343926679,362.492299414816,0.9,1.01883061695093,3.29132298311022,0.694760817006172,1.58388098490338,1.07448787080783,983.716013984927,421.28358868253,1718.05583430954,708.303499110517,1609.71550071622,0.699765819316652,2.11373433697433,0.398612315522183,0.573051745417493,0.570511227776505,1.55381924571834,5.41589064188703,1.65154705199808,2.77729900018015,12.9144905786209,535.46623948985,359.458999020409,526.981851512037,464.936331484059,415.203500690132,3944.89258871063,602.687644676375,22517.106929362,5665.76861327914,34261.6387214005
100,0.215,0.825,0.278487170955192,883.95437971124,0.158592041373319,924.869251041088,210.627343926679,362.492299414816,0.9,1.30350433479745,1.28710318526407,0.634218759896961,1.3554984105144,2.56279668958587,910.535575003451,498.733071702532,3181.60389473026,801.771413039187,497.636441994023,0.386843149750158,0.70016972426098,0.303480147807315,0.909807633313138,1.62544035963327,2.22999076790329,1.75804868595432,1.610395002798,2.98254536548586,3.74628618522983,505.032039017212,353.88263575054,686.019594524631,455.422810251462,387.721512083366,30617.2884329399,1078.80489234907,1273584.45012273,2628.38327574335,807.932191222742
100,0.215,0.825,0.25758356990199,840.1141,0.163241635870107,924.869251041088,216.399595490668,369.485692399371,1,1.04647624266698,1.37670070079164,0.727093280515344,1.46979885247374,1.6247806832842,1406.78980835269,675.90209506871,1001.06242213434,807.843694070301,554.32705493738,0.560082450979356,0.818742003469312,0.507414754387541,0.623425307007195,1.09857039597398,1.98431494356229,2.09381576163596,1.08685286761189,2.69244144126017,2.53375763317359,621.137803932031,451.770628913447,521.376883489908,481.782532769952,389.115839566445,17219.7932693932,1933.55758903304,3595.50160934435,6405.70992529428,935.299833895413
100,0.215,0.825,0.25758356990199,840.1141,0.163241635870107,924.869251041088,216.399595490668,369.485692399371,1,1.42051354331467,1.08645916090677,0.919788681350491,0.914961759386443,1.14322544886091,1026.58016200471,1133.20956070693,775.562991198705,1481.01587291709,854.466376142683,0.795812931128708,0.545469404899541,0.652324554331037,0.527832432586542,0.738653924478527,5.81698311612441,3.92538089679244,1.2756159530199,2.43540368184948,1.85163360821626,545.468868644364,502.011507372868,484.785168545639,620.567903293229,499.472572439955,7350.4135639686,33608.7650387781,1952.73816984323,35400.3900332163,3490.16079574051
100,0.215,0.825,0.233754681559727,803.563879727765,0.168562831860821,924.869251041088,222.883586821744,377.709824077126,1.1308,1.40515373068373,1.5127068206805,1.03042743052599,1.2124023943522,1.63080743865754,788.585162895767,763.937547112284,1333.65617759983,1058.27300473254,581.546813825337,0.936702714146109,0.906814788774499,0.565896812612021,0.77468253185948,1.24760893181558,3.16616541003873,6.94333831807765,1.51796423695773,2.00287107470183,2.43679621497874,471.7363306888,453.820394288623,642.998279848708,580.8026579555,431.716517471954,1900.2109904066,3090.95212567732,9773.71736860432,4150.68674777264,1050.34535657298
100,0.215,0.825,0.233754681559727,803.563879727765,0.168562831860821,924.869251041088,222.883586821744,377.709824077126,1.1308,1.02385690317874,1.49674430906684,0.892325545345399,1.05139658869919,1.18550444724201,1598.173944121,729.562497643794,1187.44772452776,1271.61145725861,1161.90902586743,0.558252244420403,0.91886065289923,0.636772899684512,0.483368004326726,0.715897425212006,1.75451147754899,2.76882410868714,1.24947483573131,1.87242442582975,1.81287475637728,685.767947806651,488.799051099657,611.475607158438,621.026439304441,618.808736058028,16223.7972120713,2375.25859510574,4227.28529658893,20007.6765773944,5400.4507516359
100,0.215,0.825,0.222548475552248,790.258249769115,0.17107334979663,924.869251041088,225.896577087981,381.694351762218,1.2,1.86056768080709,1.06619397488137,1.40025487419058,0.941226418317422,2.00343643008341,923.941302594719,1018.64655761499,812.88822048322,791.423447187935,600.022785975714,0.847580939835619,0.724296242892083,0.857910787480507,0.688495413308591,1.15730519030117,4.44141640136533,1.49331386596394,2.35595047287758,1.24106410312729,4.30239594846328,516.454671495513,558.108684257549,496.462580385845,471.288763580091,433.666980647338,4367.93944755455,2864.19778404751,2968.96050634195,2084.03679150004,1642.84618896876
100,0.215,0.825,0.222548475552248,790.258249769115,0.17107334979663,924.869251041088,225.896577087981,381.694351762218,1.2,0.891255150065102,1.50128608023181,1.67695511988891,1.94070547903845,1.20957603118386,1234.54795682827,571.12782748417,552.087759144274,747.65294529202,829.781948345523,0.556147458411202,1.01641755016667,1.17708339002889,1.17042186677197,0.799566212102523,1.51063734823697,2.14551071935807,2.35550351813578,4.56368818769517,1.6266515642095,591.134428201324,406.626036350586,400.823371105414,445.190449138287,515.270206707953,6597.00056365611,1052.77351858419,920.960533656149,2390.67114575263,2667.42139884096
100,0.215,0.825,0.207844400994472,775.909826210951,0.174375694121379,924.869251041088,229.813843872325,387.060635736324,1.3,1.16454902306999,1.23537418357304,1.24699821157964,1.36766022196697,2.95333232154043,867.274452078083,911.095143012555,853.93751783605,664.082268349746,491.738771638241,0.865221840932159,0.722505030825699,0.824293206778029,0.787296792802423,1.76038283862548,1.66631470833479,2.15885781106994,2.33006871178501,2.32593779071882,6.9851189012257,496.060288280733,516.435937641087,500.248644931799,449.373884196433,403.709718984285,2285.96564201127,3784.8196595603,2213.75680723402,2165.89032381775,779.782643833473
100,0.215,0.825,0.207844400994472,775.909826210951,0.174375694121379,924.869251041088,229.813843872325,387.060635736324,1.3,2.39980831747456,1.3257658735666,0.92729041185087,0.915426096158396,1.06525925548296,592.397891525847,681.325315023004,1142.01491502569,1083.67360201635,1860.39975699911,1.41753913018952,0.893871858669574,0.676435231473582,0.660501126875035,0.758616912894018,5.15200751750443,2.19649018759556,1.29654028978961,1.38818505914531,1.88554422410521,450.473958873596,461.689191218225,594.776972987161,576.827474704317,765.242155608776,1210.61709186988,1482.91161784358,3343.22893552637,2902.40968200996,9108.38037067109
100,0.215,0.825,0.278487170955192,883.95437971124,0.158592041373319,924.869251041088,210.627343926679,362.492299414816,0.9,1.43808889185999,1.25015368477667,1.02100392641918,1.14715043145668,1.26376920047103,668.566882637099,651.936036456423,1358.49951985646,784.324234818869,607.339654547006,0.666417999425355,0.873048236146268,0.394363504112841,0.81484763600544,0.735072226469084,2.26719592632395,1.85610895273904,1.64610056835171,1.77354664101797,1.71418466878037,426.97207934346,402.393307813391,594.036281469575,454.870052989417,388.139050535522,3529.89541157283,1644.61583334569,136275.742858691,2260.9316385996,1678.36314665565
100,0.215,0.825,0.278487170955192,883.95437971124,0.158592041373319,924.869251041088,210.627343926679,362.492299414816,0.9,1.31402886586247,0.949102011829886,0.694555342398684,1.57759271039261,1.25634430548948,1207.18219754441,909.402878387296,1031.66083475921,988.980507937531,788.163967608289,0.882757575947446,0.696869914351988,0.489209221069686,0.384200865204704,0.832591879994052,2.76987035681403,1.34551596617615,1.00380759991279,4.32786356715712,2.16111904975016,619.902547336215,539.045416183497,520.466349047233,485.451670821309,496.598245001294,5486.04538593644,2986.38766239519,4066.56031225817,80726.5099108008,2107.71113378931
100,0.215,0.825,0.25758356990199,840.1141,0.163241635870107,924.869251041088,216.399595490668,369.485692399371,1,2.29923224849314,0.911016630985304,1.19289149958383,0.950085306725785,1.20941526983474,518.732911149922,1123.50700592396,730.275324571396,1070.42371090598,803.859555172777,1.66077093950714,0.607517876537952,0.81463031575317,0.636036375817919,0.896082073955223,9.23215253658635,1.50279737281944,1.88276085939667,1.40947704463794,1.67064719330276,387.8940841744,565.645592005644,463.810503971212,565.125996168874,502.472456562961,825.397958544556,8346.07199273987,1806.33673968652,4462.3875591606,2300.14263992173
100,0.215,0.825,0.25758356990199,840.1141,0.163241635870107,924.869251041088,216.399595490668,369.485692399371,1,1.1868344083457,0.851775701880629,1.03538547234152,1.26239742610545,1.51096203231638,1349.04802645512,3270.06966100973,750.783802967412,1312.86599667445,788.588022278281,0.736086447595974,0.539888114628236,0.757407748995796,0.826101716579832,0.871131012923515,2.14485351292016,1.85463045359264,1.43865299841385,4.75804125158431,3.60428869758865,656.175525068821,921.68266049722,487.091363483206,584.111934540872,473.163348911417,6324.41239444745,38487.9145608471,1504.06936758022,5195.48075288787,2997.37473967463
100,0.215,0.825,0.233754681559727,803.563879727765,0.168562831860821,924.869251041088,222.883586821744,377.709824077126,1.1308,1.23377835203156,0.81603925875402,0.919607000866805,1.36992771958998,1.11204410647303,1121.29993124199,1247.72938914278,978.957532592716,1130.78538287485,1171.66530616387,NA,NA,NA,NA,NA,NA,NA,NA,NA,NA,NA,NA,NA,NA,NA,NA,NA,NA,NA,NA
100,0.215,0.825,0.233754681559727,803.563879727765,0.168562831860821,924.869251041088,222.883586821744,377.709824077126,1.1308,0.841752447487251,0.922386038716468,1.37351174369221,1.18009012307854,1.5055677856321,1984.31397396695,1570.5182188594,631.445065769933,1492.2338441552,838.692070195686,0.558066768194612,0.586016431698394,0.94511819660352,0.674006671870858,1.02084690522522,1.3746938515055,5.02647976817201,3.40238374637538,3.17597686010014,2.55334337151624,885.535180331577,463.607675125939,440.368229207676,634.845408314961,538.529459124344,11238.5501331136,10980.0976030718,1354.96555142748,8814.2476797213,2177.06373760732
100,0.215,0.825,0.222548475552248,790.258249769115,0.17107334979663,924.869251041088,225.896577087981,381.694351762218,1.2,1.64908071690303,1.40995995265644,1.42101197831683,0.890317757476295,0.94233708399041,1356.64776928843,815.968148177269,705.572159875125,1119.55507496522,1136.75930624478,0.636224424747635,0.840543671953994,0.928869010290664,0.543493727452348,0.644291471981837,5.71674080984837,2.06964068088862,2.50999997211644,1.2826820973299,1.44023164206696,537.562524253118,526.076036726266,460.473634154109,609.531519369444,603.016160998687,7456.45706518228,1993.06556710574,1574.84009076509,4932.21811095253,4574.46880565242
100,0.215,0.825,0.222548475552248,790.258249769115,0.17107334979663,924.869251041088,225.896577087981,381.694351762218,1.2,1.67953194241314,1.62948209524217,0.901990296399067,1.07288148687537,0.836979186312801,798.916489959578,702.047144739066,1300.84291931319,952.381853756788,1297.85255291218,0.888073634712318,0.857208861695533,0.6549550989539,0.694005738292746,0.568758775807905,2.87599358710027,2.64878338424784,1.29051544723734,1.94532036986811,1.26336589916366,512.413520965931,468.514423310601,658.662674421476,541.937075990338,655.547084917839,3049.5766053016,2259.89012788476,4401.98907190898,3673.77761802523,10833.4602086822
100,0.215,0.825,0.207844400994472,775.909826210951,0.174375694121379,924.869251041088,229.813843872325,387.060635736324,1.3,0.852989303834234,1.30285511176088,1.40305224804837,1.1475615387354,0.917459175119797,2382.72406163062,1289.60586022661,987.976608548165,589.20598192323,1435.21923732971,0.57578336097555,0.858153323608414,1.06815575070714,0.721932012623722,0.681832504721482,1.12956575339537,2.87526539222971,17.6126333610377,1.71091404102939,1.47402281778227,946.144547573491,637.62815632786,437.706518495265,415.700261286804,665.445993205379,13990.0220929293,5070.47821419572,3841.48146878844,1329.35214521558,5477.4097347341
100,0.215,0.825,0.207844400994472,775.909826210951,0.174375694121379,924.869251041088,229.813843872325,387.060635736324,1.3,1.28321609494963,0.835587062256408,1.66492258734814,0.697329691257887,1.82462881877219,715.830925720916,1271.4973897549,613.314528401022,2531.0875625473,550.739570013521,0.790501044583499,0.430248270521326,0.570790396667134,0.459719897008316,0.941799390493349,2.00615960755367,1.83019367647347,6.20222601513957,1.05821244229915,5.23386059639783,441.409039784279,509.84730354532,393.294504026529,922.806387430833,398.978745252008,2060.52362908873,23699.0983973528,15450.928449851,36545.5416756129,1370.53984263909
100,0.215,0.825,0.278487170955192,883.95437971124,0.158592041373319,924.869251041088,210.627343926679,362.492299414816,0.9,1.11953131047079,2.51747791422639,0.808715743111253,1.41050092499574,0.923091441381458,2366.95214244222,523.289732478648,1947.81780481219,540.589836374291,1304.28445092881,0.576732438016128,1.19566434087943,0.42102567266969,0.953255079275381,0.518058604303184,7.8378383409859,6.56121759374017,2.7507001793465,2.04949648285656,1.56299084816319,471.663720035587,397.915408845095,557.660708174743,394.631590011298,637.438730182986,40224.2120420064,1460.12326901712,66132.5836527398,987.859655836107,9006.05875429352
100,0.215,0.825,0.278487170955192,883.95437971124,0.158592041373319,924.869251041088,210.627343926679,362.492299414816,0.9,1.27747116167441,2.53831791764737,1.07988152115741,0.9602371455063,2.82310866593839,778.860261953044,506.696851889198,853.637129724731,724.637018626429,652.0618440795,0.746993780590651,1.43257981516413,0.7352036692793,0.596964233542852,1.62914663048704,2.88119662848618,5.68644461752612,1.71598984294468,1.36162500685283,8.37251612543037,445.804869561035,393.110161838307,478.08612399106,444.94592500137,380.680510641464,4074.72746952588,996.378362238862,2765.06202449386,2158.03377328145,2265.40904495976
100,0.215,0.825,0.25758356990199,840.1141,0.163241635870107,924.869251041088,216.399595490668,369.485692399371,1,1.02683125538453,0.988598990218004,0.911184133401143,0.995503149975041,1.3740962623691,1823.1680610429,1269.7099928827,819.688701795733,1471.87980096546,655.419709296971,0.74490818349386,0.765849633076057,0.682117537335037,0.738615487064418,0.86130793662785,5.42878129881492,1.38517224554305,1.28564137065852,1.81677086239864,2.48978624803565,412.361590882912,660.280572405744,487.902319513973,655.00338779092,432.92881613954,7119.85739469085,3768.18962805821,1982.66586895573,8394.47390585132,1476.75404055231
100,0.215,0.825,0.25758356990199,840.1141,0.163241635870107,924.869251041088,216.399595490668,369.485692399371,1,1.03831335982078,0.831048901909262,0.975861668171691,1.75389464058013,1.07399823413432,1287.25550002387,1596.46946572848,872.863539160039,582.200607448498,1153.95197764213,0.629778271188997,0.56187570973532,0.739668187557176,1.09981875277408,0.787475127461661,1.57493418267537,1.37564601201655,1.36467253586059,3.02970496421863,2.10741068729412,643.159203308398,716.813407218541,535.946381627367,407.494689530526,618.01379608279,8642.68234001131,12653.5658461116,2444.7343764474,1273.98363520778,4761.46987976523
100,0.215,0.825,0.233754681559727,803.563879727765,0.168562831860821,924.869251041088,222.883586821744,377.709824077126,1.1308,0.988735607419704,1.22990683018516,0.980702658415705,1.08765781834916,2.48381829672655,1212.79898580356,620.402899855327,1173.97855510384,882.674292519497,555.82347048855,0.543288112578718,0.82020609257175,0.608712785857488,0.546707539595671,1.30517342175101,1.70418357981591,1.7064906844368,1.67789003579718,3.06484291111776,12.3991446548642,530.657305601919,421.740595593368,582.347175576318,439.313707576244,406.617269437196,17741.6768476344,1351.74444643325,8415.221327263,8581.20947005204,1771.88221652281
100,0.215,0.825,0.233754681559727,803.563879727765,0.168562831860821,924.869251041088,222.883586821744,377.709824077126,1.1308,5.85003054007599,1.03949778735636,1.4637280276957,1.41453270431599,1.04528921912193,3359.50988991875,863.346419291023,574.595180777602,551.111370896745,597.533225232933,5.8015356094265,0.713248245860865,0.634448239459558,0.782451712517406,0.741630846922398,5.85262852983694,1.61462273952533,2.83278746694979,2.22945849414409,1.53576231362784,3346.10948875689,498.291409118786,380.291286869679,380.205164134537,380.518310744636,3360.19592150347,3212.41679321346,2448.20765887202,1402.19624047405,1225.87438416375
100,0.215,0.825,0.222548475552248,790.258249769115,0.17107334979663,924.869251041088,225.896577087981,381.694351762218,1.2,1.20415895587634,1.42031780378499,1.74456690600709,1.05407060872046,2.03715345571365,767.153152307171,1106.68717735629,702.037126411279,1449.19850377775,774.80748117338,0.915865247786516,0.859153507348272,0.766897930965467,0.604539623858798,1.42677381092342,1.68769580913485,3.80083014817738,3.76071129311247,2.01960151602678,3.9925920127623,504.259931854304,547.318522266929,453.721271898491,666.234651404301,517.71415666706,1527.72177276197,5347.19935986588,3200.04108861617,9018.61037664806,1735.13636777619
100,0.215,0.825,0.222548475552248,790.258249769115,0.17107334979663,924.869251041088,225.896577087981,381.694351762218,1.2,1.08902063752745,1.07493482498255,1.12481642139338,0.555845378111621,1.32039702100998,896.55153789516,1239.36186293219,1008.87261447004,9043.5949599974,729.334555060943,0.72984334009194,0.751517655724785,0.788723500184523,0.437095262074269,0.789828043177346,1.8319120681684,1.78561353399521,1.76067596636404,0.791108355024556,2.04530578546262,499.934952225073,626.389973719998,564.698592077084,2363.49168402092,483.466268205284,2715.57139806943,5359.86388195809,3395.69392239432,228002.585375206,2189.33130717475
100,0.215,0.825,0.207844400994472,775.909826210951,0.174375694121379,924.869251041088,229.813843872325,387.060635736324,1.3,1.29506459327762,0.970875947290484,2.2552225030723,1.58689140295381,1.2114956591939,907.633581135763,1453.62737338321,562.597602683565,832.772899871234,1116.29947325561,0.913893084925228,0.531425679043758,1.5408488550603,1.01803185500092,0.828928085381585,1.97316379654977,1.82152331186053,4.45682254339338,3.98146916810498,1.94510397987781,547.588302904628,605.280159277118,429.107436938482,481.12269337964,637.804119270165,2344.08943121028,32131.5282323845,931.957411846135,2262.55427102483,3580.82031644733
100,0.215,0.825,0.207844400994472,775.909826210951,0.174375694121379,924.869251041088,229.813843872325,387.060635736324,1.3,1.49074458877266,0.92442615258263,1.50001887971883,0.591512989174098,1.12560131317428,717.175725837475,1265.80896272136,664.800314073504,2914.66589680185,1119.12388240531,0.977050190588857,0.282264289918504,0.817197054678624,0.232467014774125,0.366379563141734,3.01183133495927,2.07295857599089,3.30985133417675,1.12410972469882,6.7821141016128,456.623987697993,515.548145837825,445.62778642017,782.980051578451,462.94979681924,1739.45161854512,79002.204005777,1692.87547872069,5122912.54858692,46649.6983406222
100,0.215,0.825,0.278487170955192,883.95437971124,0.158592041373319,924.869251041088,210.627343926679,362.492299414816,0.9,0.92616228469361,1.58929833129739,0.873464017516491,1.35998108159239,0.924340379103138,1781.51670298466,730.931831535186,1042.19736186402,934.093986739325,1105.5277598169,0.511150785507751,0.875038050673875,0.579025804455716,0.98990878420042,0.693791124771169,1.93363294703655,2.72501389538675,1.44466669340796,1.97620644186872,1.34595063043902,680.810537486056,470.191635188339,565.035132823776,566.278561774635,559.878794609197,46049.5675942606,2494.34466947145,3974.534572651,2775.97857678368,2894.13282215775
100,0.215,0.825,0.278487170955192,883.95437971124,0.158592041373319,924.869251041088,210.627343926679,362.492299414816,0.9,0.846021202923928,0.981184639190087,0.75710989465897,1.32326090963991,1.32330891099494,1930.88136957605,738.471436211588,2317.57431130646,747.247718768339,769.614871796119,0.499756063618308,0.719140587260879,0.439407690134124,0.703325391456134,0.922964800709535,1.96382256104503,1.38275127121177,1.11649121484283,2.73843698700788,2.16401930971893,616.269585051704,459.311002759448,879.057285445826,468.803320965514,457.047844458779,24809.4532568346,1853.43275376991,31951.4853065257,3532.28598187689,2102.22172017632
100,0.215,0.825,0.25758356990199,840.1141,0.163241635870107,924.869251041088,216.399595490668,369.485692399371,1,2.55249447058284,1.51718153357164,1.14685189849339,0.784567731932741,1.55534661356633,593.46536331474,644.804971664307,562.914335150594,3086.6206625537,776.193207292462,1.70456078545564,0.845012207860173,0.791518603958244,0.266940544004759,0.65262318435908,3.97960285441069,2.14128054693171,1.79211883921699,1.70873243731999,3.42016078433219,431.516853929305,420.990455567292,384.834928828615,702.69696159048,463.864157725909,1149.95162481945,1740.96598448052,1219.19649452202,3390516.88425186,8943.92294432115
100,0.215,0.825,0.25758356990199,840.1141,0.163241635870107,924.869251041088,216.399595490668,369.485692399371,1,1.09952108480222,1.49354749953701,0.973753042192171,0.854982452187442,1.01971408597602,1464.47284439395,607.585833651776,1025.29090469404,934.563624287109,1482.80630982945,0.505188580107014,0.980208204299839,0.535848314351108,0.634930590684025,0.572216495418726,3.67182860807912,3.52196887653551,1.45281001122764,1.0683863568782,13.7611646025807,563.417824939263,424.805633628717,567.209409010005,530.689174070476,416.758089882439,24498.7050577014,1363.19115545095,5495.67107259963,2790.90963594146,23007.4757745608
100,0.215,0.825,0.233754681559727,803.563879727765,0.168562831860821,924.869251041088,222.883586821744,377.709824077126,1.1308,0.923788670197642,0.908430260941991,0.847960427089676,1.51081425062963,1.04344539542187,1091.8136741037,1985.66489126743,1518.55909388584,576.411862795943,609.807781785367,0.467304128634807,0.477814276058636,0.49526865830186,1.00280117799448,0.695611347977945,2.12747197399428,2.09893144424938,1.19560008639755,2.79512136889735,1.49852015740981,478.242413157201,660.487159477286,672.071396894394,400.450192202813,398.834135158409,20579.2377949296,35126.9775563258,11344.1047533119,1296.73417430595,1515.91772470568
100,0.215,0.825,0.233754681559727,803.563879727765,0.168562831860821,924.869251041088,222.883586821744,377.709824077126,1.1308,1.15726283534254,0.932686964147829,2.15882034798206,1.07534419712392,0.980363084898275,1233.6222643382,1059.10104117871,532.544435490601,947.461236287121,859.779500244214,0.700341828030025,0.670948609674004,0.871250590076078,0.707984418211588,0.677434632552617,12.5410791288339,1.92489125748899,5.6635537090414,2.52302688692635,2.51192483433283,425.603555087339,566.975263550287,401.678965489714,498.801682900712,464.661396875157,8139.75212114749,4326.58398402945,1741.09600712124,2967.1258158986,2905.37120428099
100,0.215,0.825,0.222548475552248,790.258249769115,0.17107334979663,924.869251041088,225.896577087981,381.694351762218,1.2,0.984287426713906,1.27379949775523,1.60362586209674,1.60398485627235,1.38307489295024,1395.8311239259,852.015938270733,711.459951374996,620.591993446559,769.751398128041,0.703448459927708,0.84889928148485,0.76777696082203,0.963258881594057,0.922550009887704,1.49961339455079,2.59894884666014,4.95674302724219,2.92573442647234,3.32301344234848,689.006140895115,530.03036184909,440.093980007055,430.388372980957,476.053548857513,5007.29814120267,2646.47613226664,2963.08891942663,1254.80326777175,1971.46850951625
100,0.215,0.825,0.222548475552248,790.258249769115,0.17107334979663,924.869251041088,225.896577087981,381.694351762218,1.2,1.19744156334842,0.989510391080534,0.944116126968213,1.50053630624429,1.03586043164196,1047.93582633899,731.172266085336,1786.73149224488,781.936574117965,1127.04652979755,0.720661074657481,0.657945687953972,0.450648950760245,0.76009021686496,0.547398824588519,1.76427182193349,1.70660916610765,1.4878472594011,2.52414313992319,2.01847722212415,582.847569551941,446.043786070947,794.405296926601,488.524501589766,547.734322200335,4226.80554742398,2015.18344249942,165205.512446148,3832.65764587463,12804.490776484
100,0.215,0.825,0.207844400994472,775.909826210951,0.174375694121379,924.869251041088,229.813843872325,387.060635736324,1.3,1.10763390905296,1.20021465890586,1.76966207709646,0.877186885322102,2.02016180764707,1223.14799404381,969.160335443545,630.51834611225,1515.45785738924,591.553793229884,0.69359751447722,0.851355735696063,1.21866110149489,0.455624715720851,1.2731115486141,1.52241613659845,2.26505224186384,2.58431689398896,1.58254411919533,2.58999287019129,632.809073708861,548.065705669464,454.92389403931,692.144356607926,435.233113853854,5986.53111951169,2560.63683713546,1273.03451871806,35056.1393239854,998.748523469504
100,0.215,0.825,0.207844400994472,775.909826210951,0.174375694121379,924.869251041088,229.813843872325,387.060635736324,1.3,1.38395086822338,1.35886881902617,1.02484773616499,1.841510603919,1.54101173526544,744.690373410379,797.890243198321,884.619162976419,561.104394977985,699.75662799264,1.00213867243552,0.854844717687233,0.631288511017855,1.37134592700708,0.966890299684865,1.95019853238928,2.53537369581582,1.66670204083128,2.48791410032175,3.15763010698793,472.704456689099,470.262480682448,472.877022870032,415.184297940333,459.448027815113,1814.01516194628,2624.63780362953,2887.30309004571,1025.49113841138,1981.94008855386
100,0.215,0.825,0.278487170955192,883.95437971124,0.158592041373319,924.869251041088,210.627343926679,362.492299414816,0.9,1.27949206767463,1.32008127924802,1.17451269133202,1.50132233193265,0.935853989663334,986.16558039936,820.44979677821,997.21388393278,528.932990674769,2356.85123936881,0.898768739525884,0.747427150724815,0.863751294183027,1.03501410859076,0.691236350772426,3.38043810151942,3.50803204772379,2.24918629500617,2.34614003745637,1.62096269015043,554.313076036388,456.64824734678,527.619579517487,389.602662695338,926.304887816223,4298.76188010496,3717.78048599446,3534.34298452466,952.797965087673,11462.3366826319
100,0.215,0.825,0.278487170955192,883.95437971124,0.158592041373319,924.869251041088,210.627343926679,362.492299414816,0.9,1.48961332457647,1.14363629123977,0.833659924906055,2.01760934284027,0.961381142949709,929.77658295231,969.110555543762,747.323304054873,570.147434506099,1165.79789612484,0.818014448105492,0.56610366781575,0.596559034110751,1.27740618646526,0.577075630638043,3.06677611740287,1.60735607554156,1.10188926368838,3.32708828039749,1.38829244970276,506.540142259356,537.042168235842,457.95101970467,430.89778312011,587.983752743841,3787.35746081612,6167.38326298262,2042.26292935423,1229.94412315791,7396.01719639163
100,0.215,0.825,0.25758356990199,840.1141,0.163241635870107,924.869251041088,216.399595490668,369.485692399371,1,1.68645515766201,1.2332498072688,0.829265252038746,1.02869408449651,0.971719344207317,684.167066156001,565.494707803609,1265.0768976891,843.473663512356,1858.72262648874,1.01977095230919,0.853506572282839,0.55109457479162,0.703108256174482,0.651280426589107,3.07634987909816,2.06553815892822,1.12522471768011,1.57693051254142,4.71404932353948,453.030775222528,390.965332778013,606.631499590884,473.980995826429,493.246922599383,1798.39388572735,1313.37736911211,5495.42378682269,2659.41988294319,14503.2837627994
100,0.215,0.825,0.25758356990199,840.1141,0.163241635870107,924.869251041088,216.399595490668,369.485692399371,1,1.33326475100342,1.47228306784654,1.66189760447979,1.47775283559296,1.48559749840203,592.984209189517,567.270476343564,753.79713971716,891.438468220956,921.530979326412,1.01299552067517,1.01200667848147,1.17443550638268,0.552171498289301,1.04461169854008,1.93684095287749,2.04389871170403,2.23348152425218,4.95076069874434,2.91750979586649,408.732489262364,408.279343701195,481.449127608318,442.33323944904,530.896214090714,1126.16164601486,1107.53932564445,1716.05091067306,24344.1805323378,2635.31891566105
100,0.215,0.825,0.233754681559727,803.563879727765,0.168562831860821,924.869251041088,222.883586821744,377.709824077126,1.1308,1.2493919157726,0.856202250944778,2.08544365994748,1.31949735352356,1.46819700340801,627.944719916451,2364.05436031279,726.871441597935,809.340698459711,650.467041824427,0.869332789554263,0.547772220460736,0.903531861935817,1.03075418493364,0.995876160031763,3.25233247112367,1.46553425725436,7.03351135289908,1.86479290144537,2.92593391078967,420.482174084628,818.005140493331,432.055728021165,491.678117378494,442.401419037656,1355.44423466508,20966.879636662,4808.22017949068,1781.6757343404,1332.61316942708
100,0.215,0.825,0.233754681559727,803.563879727765,0.168562831860821,924.869251041088,222.883586821744,377.709824077126,1.1308,1.37908886479947,1.29217429358933,0.932563571918884,1.30047374077173,0.914172537902914,684.289553498065,810.156332268097,1629.31619313365,980.964473180403,2121.93665861932,0.915829256636102,0.771747204283336,0.544300282067544,0.658705665772956,0.639599987268098,2.65878740832873,2.01000221633147,1.60898048495189,2.83492676475518,1.4504551789116,454.901353882624,504.61839535918,698.414981924759,541.03376027562,862.933383500964,1472.54430791095,2822.43248810458,15249.1979314654,10128.7054788019,12012.3538220597
100,0.215,0.825,0.222548475552248,790.258249769115,0.17107334979663,924.869251041088,225.896577087981,381.694351762218,1.2,1.53528519566993,0.908739528874502,1.24391729534492,1.34075846861503,2.10696848285287,897.971861423275,1084.8991293182,835.994626940128,854.129321090736,743.712975658319,0.951253549538466,0.603347966536962,0.726343177726788,0.897714989178974,1.36278434680412,5.57796888605885,1.63428363230644,2.09599526736955,2.83151781808119,7.32458161308477,474.094096815589,562.817748941506,513.89475301462,520.690145319061,463.480476388465,3383.38424583404,4425.19185385116,2895.37149852662,2667.96836457323,1834.00321533762
100,0.215,0.825,0.222548475552248,790.258249769115,0.17107334979663,924.869251041088,225.896577087981,381.694351762218,1.2,1.42680921073026,1.13912798158576,1.02278579649776,2.17052595038923,0.972117960260626,548.06648009431,1151.70541962507,783.157265870976,716.101447051725,2392.51445375318,0.635530681836348,0.621039849526163,0.673572643848667,1.02225945741057,0.47598358144136,2.83099568625958,1.88347094825369,1.79253434865971,7.03898192224479,3.77565401720966,409.511574530603,600.045143115611,459.782890291092,468.989837770672,548.837506213125,2080.04940563637,12735.3339953457,2521.70343812849,2663.52315530173,82596.7347727289
100,0.215,0.825,0.207844400994472,775.909826210951,0.174375694121379,924.869251041088,229.813843872325,387.060635736324,1.3,0.980924252649533,1.48175264147523,1.26141884222402,1.83816453703509,0.699152756628762,1714.64375049937,584.672714265812,1054.4105566787,457.959233991343,4394.18449647886,0.534265985916248,1.19383063452658,0.839506331129004,0.976149784479156,0.270868332084867,1.85288571941589,1.90248141867427,2.37945095208083,2.86321601581402,1.33677059294784,686.597072256322,415.872892011569,535.875100526828,379.83456587444,1113.00526267967,25587.5889630548,926.497770486509,3429.66748439892,896.189949590252,7416046.93177217
100,0.215,0.825,0.207844400994472,775.909826210951,0.174375694121379,924.869251041088,229.813843872325,387.060635736324,1.3,0.648350123890887,1.25947199159667,1.69237780000709,0.92399767276662,1.41063962988464,4260.01656253147,715.55611369777,711.043241992564,1479.52572729463,727.654996419215,0.366863988655465,0.579570472504843,1.17600196393274,0.533865994369866,0.782792645980342,1.92196807940269,2.03166528913434,3.69014715490653,1.3798502736488,2.57051538241241,826.259245911633,458.585546974042,465.540239750731,717.373620325938,466.858656443719,475343.519294623,2573.85587123281,1813.50549094226,13089.0579302869,2902.13702215536
100,0.215,0.825,0.278487170955192,883.95437971124,0.158592041373319,924.869251041088,210.627343926679,362.492299414816,0.9,3.73816035175476,0.78571790032018,0.849946837635739,0.956333128169472,2.69357776994399,548.061899666299,1692.01424023007,817.549985635322,1095.62447356518,488.804650544456,0.813697934082962,0.475615808581133,0.656812065463137,0.615004414717819,1.31835153409927,15.1699301925584,1.16689227274243,1.1052382726681,1.37950737890895,5.65720088445064,395.556220565457,743.637052350031,482.539336723011,568.648572962061,390.773817391918,1795.7461836906,15745.4060769976,1923.35228130372,5749.35513856773,898.089654956098
100,0.215,0.825,0.278487170955192,883.95437971124,0.158592041373319,924.869251041088,210.627343926679,362.492299414816,0.9,0.901918626453717,1.05823311105595,0.545928947292474,0.983264668728103,2.10782815025095,1127.13100695804,1008.87514086092,3370.72576585418,1389.71948352501,514.117406105794,0.55259232035324,0.867933945987556,0.37350155614733,0.527032751953366,1.16438014430848,1.37385859685534,1.51983477090555,0.8642752282805,1.75109039628189,3.79012868140892,592.004400595538,578.803443725409,1118.22490727006,634.188001952093,388.52101205245,5776.27105928379,2649.37908095404,46571.599840326,12899.4149541163,940.310874694909
100,0.215,0.825,0.25758356990199,840.1141,0.163241635870107,924.869251041088,216.399595490668,369.485692399371,1,2.32089537349975,0.787012021052386,0.912045548326507,0.960748145018452,1.10864179388442,915.213354085441,3679.03634472732,561.064318143275,1048.92224065919,743.146155784298,0.518944897492807,0.532908199564841,0.696855981245639,0.577717841617072,0.658763903677641,6.78259883567032,3.15329465132264,1.16083871039516,1.6336486323212,1.79688384044815,499.431928102823,877.135387971705,370.85273968135,526.6285522273,459.676004249977,3869.15319398829,49039.2225855714,1157.44556649297,6258.59022712885,2262.1056904972
100,0.215,0.825,0.25758356990199,840.1141,0.163241635870107,924.869251041088,216.399595490668,369.485692399371,1,1.02796372916733,0.92413371900191,0.857713254485462,1.40868006474412,1.34111557946435,1503.30226078356,940.162700560333,1675.61632773327,745.457146471852,634.883308636319,0.656651230482612,0.587983478827942,0.565723564252253,1.03487465748039,0.86976443150342,1.78311180052752,1.41079209101311,1.36968344835254,2.06838394972389,2.15923488576846,665.973615959718,515.269623794597,665.491544706419,487.95698237839,436.539682670885,9208.84598169593,4101.642505619,13738.6610540874,1993.56131569302,1514.42218873052
100,0.215,0.825,0.233754681559727,803.563879727765,0.168562831860821,924.869251041088,222.883586821744,377.709824077126,1.1308,1.07718883954968,1.20141373733229,0.861747994972064,1.15008318133434,0.832280238899221,1205.9628617539,871.567886276802,1217.46629221436,972.814863895271,1409.50145201778,0.674131856167174,0.666297789200477,0.474352457000909,0.618195489102724,0.506660762914879,1.94068879823083,2.8573733930731,1.48230315104071,4.04300590120643,1.28626092235347,596.793727482251,495.762900151184,559.554482423148,462.453122369322,661.674753116446,7882.65331527646,3803.95448016055,12448.0155234587,8250.02846298015,8231.32312070962
100,0.215,0.825,0.233754681559727,803.563879727765,0.168562831860821,924.869251041088,222.883586821744,377.709824077126,1.1308,1.28566486678347,0.831671449629523,1.92747281585101,0.996104373410512,1.19054709849205,643.847110228596,1050.20372831678,462.850696484785,1449.09273254163,1320.83476362242,0.797181044276721,0.54690812130281,1.06488430138117,0.659188668771594,0.798110541119618,3.53020941569122,1.35562893426974,3.38410935890745,1.49730974365167,5.90023119983726,415.041908253223,494.175371431789,356.851836692252,659.42910923968,454.071786220183,1988.49549109101,4404.78502549625,769.809240368505,6692.13340511541,7545.0251135883
100,0.215,0.825,0.222548475552248,790.258249769115,0.17107334979663,924.869251041088,225.896577087981,381.694351762218,1.2,1.40902786763746,1.06757745699824,2.72005218141093,1.12713616278853,0.821393330513648,752.987558604092,851.639518829041,498.450183645364,1022.26985230468,3464.54386567162,0.847262459451303,0.61820105191241,1.77186378092223,0.727526237740905,0.618969055120862,2.35314031828587,1.69328500236726,10.395169053567,1.87189010605409,3.63705039821774,475.412154929503,511.081534890497,403.757787738719,550.259284706101,893.896386180302,2049.5412351089,2902.88782358974,822.406280462285,3029.84724572892,18361.8225259693
100,0.215,0.825,0.222548475552248,790.258249769115,0.17107334979663,924.869251041088,225.896577087981,381.694351762218,1.2,1.69051237922525,1.25664251953619,1.20914663634444,0.806287023608867,0.815834250785623,803.490459751634,712.547497624088,730.841998666763,1933.1090133502,3336.39350477833,1.12240327562787,0.966019256400276,0.636213348240385,0.480619054931858,0.379061783497818,27.5200034710189,1.88214271245914,1.92220838526173,1.41812441171036,3.25916267672226,461.380890729106,483.17904539989,477.13742660593,718.475361628228,656.550195079041,2090.45968455064,1496.37833037621,3254.8315810848,21446.2322294441,620234.418265401
100,0.215,0.825,0.207844400994472,775.909826210951,0.174375694121379,924.869251041088,229.813843872325,387.060635736324,1.3,1.29503447586239,1.95800448833689,1.27675884712313,1.40245123714619,1.6717428495046,1039.87085007053,702.854210895459,642.010647087499,754.492104092878,651.314207029903,0.889576134146828,1.15152066106164,0.837648479872359,0.963109822103267,1.2403938433635,1.78929843952329,5.9227866995896,1.937342854156,2.28691726651454,2.34726610332708,580.819588966992,465.947965934247,444.216072974974,482.363902998074,460.521458898762,3671.72621266988,2068.37001314422,1505.74149072671,1949.72287656027,1284.64743007071
100,0.215,0.825,0.207844400994472,775.909826210951,0.174375694121379,924.869251041088,229.813843872325,387.060635736324,1.3,1.36778568243085,1.22688995725459,1.10570778581554,0.847654962919191,1.31879157658221,1250.59455419587,538.74725763461,1226.58119405877,1411.33773819927,842.79330357914,0.899383670304797,0.997413028161949,0.466008263594893,0.497386062915783,0.944633367414663,2.39760136708662,1.49848137878716,1.97404002522144,1.36834314462982,1.86269718139441,623.637037344522,386.124598098591,622.199120469113,640.839390442354,524.699260888417,5569.44263631141,876.398102037158,24659.2685003541,13571.8342862224,1851.45510999983
100,0.215,0.825,0.278487170955192,883.95437971124,0.158592041373319,924.869251041088,210.627343926679,362.492299414816,0.9,0.992356058433714,1.97270183747027,1.66490681703089,0.888883399639547,1.55293479410518,741.179746251191,928.874384204586,558.399314165495,1443.84276825104,584.993088240997,0.64561917116901,1.02591640125216,0.814664566818562,0.624584053674486,1.1244845450422,1.75414220713126,6.7216509254332,2.8687108469361,1.4013102935322,2.36437879618315,461.303440429186,474.279708658204,402.361859885864,695.93118165449,401.564006218589,2495.98701515914,2879.17815067008,1504.88709498353,5985.6653911952,1101.93602663732
100,0.215,0.825,0.278487170955192,883.95437971124,0.158592041373319,924.869251041088,210.627343926679,362.492299414816,0.9,0.941111397840794,0.560631219319328,0.730695908058154,0.995542733947843,1.56377007596516,1304.81259468996,24825.8533230049,1000.18365633819,927.090599234836,793.907811561542,0.612728913452303,0.277484662745728,0.492927678509991,0.744851917431009,0.562080457261892,1.65952679785039,2.34837781375229,0.949612690655583,1.42153365141629,9.49925331191854,612.533871591059,2040.3671067373,535.546758017114,522.458866213236,436.373040865252,5676.36130505478,29064394.5259617,3115.25722935811,2599.00756127942,8729.89505396275
100,0.215,0.825,0.25758356990199,840.1141,0.163241635870107,924.869251041088,216.399595490668,369.485692399371,1,1.11677598466813,1.27961292578031,1.32548481023105,1.03142788105524,0.994641660977325,968.600651892351,784.206998146418,687.99512448166,1284.16455912583,2111.58969616849,0.775276661187434,1.01891379421057,1.00113591732227,0.726393342514733,0.762657415445956,1.6520416138227,1.76304161673077,1.98418546784996,1.63079936817909,3.72361720494375,550.017775924746,485.890659951989,456.476834495402,629.734583816921,845.808162992521,2863.75775017834,1629.28993290129,1430.8669687169,6827.24350380335,8373.331202193
100,0.215,0.825,0.25758356990199,840.1141,0.163241635870107,924.869251041088,216.399595490668,369.485692399371,1,0.910350492252584,1.33230151483906,1.02627507642047,0.739823432274924,1.25071136139694,1524.15660705426,896.131122709889,794.037206409567,2282.11718732467,1677.74126817314,0.635175310602808,0.79856955347011,0.755154193032209,0.510774749633426,0.630514735989699,2.10732975630192,5.06194029347688,1.40264855656565,1.41817309176554,4.89601870582335,570.32322760747,502.002586298982,491.730744665419,829.158040748359,639.936641732788,10486.8542791088,4159.09240283982,2130.92274746185,22702.2949435042,14325.0216040495
100,0.215,0.825,0.233754681559727,803.563879727765,0.168562831860821,924.869251041088,222.883586821744,377.709824077126,1.1308,1.52543088767109,1.22019610612746,1.09436312618459,1.40713549416555,0.839808852874088,1346.26221504328,659.393658933283,748.281609661154,566.074363664059,1362.10289302117,0.653333548323479,0.734171726218041,0.675146052081402,0.908885353824021,0.514077491917853,4.5347513154673,1.9076684968335,1.53855375936605,2.06202927491673,1.2593634867898,543.921517479763,438.968134837087,440.759420548693,392.898677961699,609.314689550379,5327.87335192944,2207.8833412502,2402.89409271563,1188.94296535252,7556.64748383196
100,0.215,0.825,0.233754681559727,803.563879727765,0.168562831860821,924.869251041088,222.883586821744,377.709824077126,1.1308,7.20401902196498,1.77701752199484,1.18425311318677,1.24228919547212,1.64433544969193,476.934210914111,545.802474285889,735.514852075666,783.248866091474,630.176528297188,1.98366903964069,1.00319477168218,0.919571437462522,0.800680488276136,1.0873547014302,12.7301981540652,3.56110746302667,1.61476951170374,2.05838011258172,2.36089704342561,400.519328050658,411.527160257925,491.948056372476,492.951470599227,434.508783286077,1117.13919952997,1097.73538626641,1479.19307020461,2329.03964176417,1207.94575583594
100,0.215,0.825,0.222548475552248,790.258249769115,0.17107334979663,924.869251041088,225.896577087981,381.694351762218,1.2,1.20724306554479,1.52722538262519,1.56325231540171,0.956225222749072,1.10651838571629,648.121197557113,535.351510513853,1094.69824157213,1446.80029266758,1703.64122952712,0.904095028992455,1.0860659497367,1.00962973371139,0.683269933311218,0.773769213365575,1.74252512249043,2.55195073594971,5.97461948420535,1.65639079838744,1.70101261163545,450.711957901818,379.972652158474,502.244100046676,670.247747005559,740.616436260213,1375.92869514525,869.246952821811,4719.10182908115,5321.41183770885,7495.92082218592
100,0.215,0.825,0.222548475552248,790.258249769115,0.17107334979663,924.869251041088,225.896577087981,381.694351762218,1.2,1.90142115419655,1.13729825587028,0.877438928908803,1.26334900224079,0.803920603872024,730.759577557811,1297.16289787225,1472.39264758749,709.293533066819,3051.48779557658,1.36983629456977,0.832574591089233,0.588132950602819,0.913060790834479,0.477577747684293,3.01176155788849,1.62493470879507,1.44320096670769,1.63507806332432,2.59777395861451,491.322899564377,680.359327329698,685.443607865008,469.587960766415,711.689917721972,1456.01448517246,4210.02916529398,8464.53341570013,1394.1066649215,79730.5662558088
100,0.215,0.825,0.207844400994472,775.909826210951,0.174375694121379,924.869251041088,229.813843872325,387.060635736324,1.3,1.08247964288146,1.36766497041618,0.945450795015464,1.53941896378453,1.07588365921783,812.981297577936,668.850884489304,1467.63404174913,716.725802222266,1074.73019512324,0.812877034641971,0.971482513943189,0.627919017892526,0.80349217680674,0.70187780453012,1.45145833902496,1.9149017812977,1.39748915803725,2.37989701701389,1.80293611420269,486.212688544596,433.337009485364,674.451318234012,470.664928779541,577.164959740105,1847.4039113758,1622.15969375772,7408.23801916766,2447.92381599704,4224.37499503265
100,0.215,0.825,0.207844400994472,775.909826210951,0.174375694121379,924.869251041088,229.813843872325,387.060635736324,1.3,1.22946565553649,1.07587425207886,1.36779279511523,1.62443773093486,0.882536810988941,1575.06281879339,1049.20867629793,825.471267234766,661.248046586906,1549.19081230725,0.70692497793229,0.494581874643827,0.96050003767893,0.734873812169032,0.513175666035684,3.23955137369552,3.66808005301751,2.2107724828887,3.69178013387035,1.61211840722777,605.382487253298,469.909950632779,515.977519994785,444.178417423934,690.506432924151,14134.6035093417,14517.6105424809,1959.87546367088,1974.18345539368,16861.193132447
100,0.215,0.825,0.278487170955192,883.95437971124,0.158592041373319,924.869251041088,210.627343926679,362.492299414816,0.9,1.49865050326114,1.41104869612918,0.781997606091403,1.34933081492252,1.45886314221609,776.204675838829,1053.42891147428,1092.76511861442,658.028433123417,889.698646809695,0.571430263177508,0.71771236291253,0.36450813111455,0.997875420900115,0.952474491543847,2.38257700130364,5.25731749915504,1.15568013852022,1.79604664613554,2.18793867221437,482.509362289725,509.36361470806,534.804452153631,443.55823512444,518.69971468765,7231.597328172,8580.48980553527,15805.2514869872,1271.09498985217,3334.13710734889
100,0.215,0.825,0.278487170955192,883.95437971124,0.158592041373319,924.869251041088,210.627343926679,362.492299414816,0.9,1.32789451248846,1.7199072934474,1.28326741702895,0.895547914311826,1.8551322435155,1069.51889512001,757.688140422582,532.468588773211,1657.70926082726,849.82598605096,0.79861779507018,0.70019792321712,0.884890074096009,0.479973603171738,0.632786459629107,2.18981067571432,3.14105846193092,1.77152013732639,2.13878710089874,5.24643172131653,569.490396786066,485.213467033395,397.828450197553,584.754830779443,454.368021813138,5725.14045753452,3742.15747157958,922.976167460138,28771.4790131142,54403.4069531921
100,0.215,0.825,0.25758356990199,840.1141,0.163241635870107,924.869251041088,216.399595490668,369.485692399371,1,1.39422177260082,1.09420328741418,0.874569675216274,0.947505438800154,0.866411512324041,641.976244506663,1180.04901826158,609.762719170915,1694.43523618285,4666.74058780505,0.85372801976759,0.836653712389771,0.695504077248498,0.69928553783082,0.663255076848215,2.05334856429012,3.68882631810653,1.1214096594784,1.34278257166634,4.17845487441068,431.809814963379,579.29988285664,390.433531977803,773.043684790003,1120.45410659293,1471.09048488861,4503.02125642159,1335.98673532836,9229.59715942401,20845.7471006137
100,0.215,0.825,0.25758356990199,840.1141,0.163241635870107,924.869251041088,216.399595490668,369.485692399371,1,1.37502932722389,0.715838719760694,1.39420466329767,1.26942898830622,1.10588666859554,876.33091950981,2470.54516027476,502.366085110277,738.863358363585,912.945604702405,0.793246163173508,0.519857606681094,0.819239009636507,0.863432628247673,0.623990580122426,5.5199614920029,0.994464285453284,2.12903894445547,2.34547260269638,2.13776034394924,436.783294741757,902.260053266216,362.08754878249,443.66062589326,460.301749000079,4818.04036555539,22346.4028827887,1120.00459588462,2071.88999429192,4694.17089276403
100,0.215,0.825,0.233754681559727,803.563879727765,0.168562831860821,924.869251041088,222.883586821744,377.709824077126,1.1308,2.08874394659512,1.00559669047921,0.994705660219708,1.1444944362601,2.14242488855514,656.192785709012,1078.2122576603,1051.87097378062,1378.71748427477,483.351003351357,1.20083230859522,0.696337400242302,0.49106254521156,0.380166755485078,1.50158539276032,3.25520225769781,1.51499690012087,1.96298730094255,2.74766925120722,3.67429433985203,462.414527436026,588.637680524873,486.554059650405,558.832275950697,382.047910824344,1555.75739354526,3231.00108167848,18341.1167804005,84855.0720075453,707.83695101465
100,0.215,0.825,0.233754681559727,803.563879727765,0.168562831860821,924.869251041088,222.883586821744,377.709824077126,1.1308,1.52818086419525,1.18710747157933,1.35050897325724,1.17822442482747,0.933063679542322,1145.36000500557,1582.42229676977,678.742550629707,1499.85965004704,687.477410839756,0.880783131603316,0.712745039287924,0.899943939044795,0.867768612579085,0.643021694347888,4.20593733232868,2.21271533179534,1.86955990798708,3.04959569373792,1.30444032269673,557.989330800954,671.950342247609,474.214915821961,665.716453566824,434.379469828451,5269.96268735305,13330.9232507905,1400.79834220907,6331.04928615784,1526.21631115017
100,0.215,0.825,0.222548475552248,790.258249769115,0.17107334979663,924.869251041088,225.896577087981,381.694351762218,1.2,1.19728734841438,1.42203309880974,1.14771909303205,1.0843130555166,1.69491605096768,893.091295376024,587.478783373835,982.100156804801,1728.6317610558,910.605181901536,0.783035893561766,1.02642491835507,0.687656466200689,0.479289881897871,1.01079512249385,2.48014532125581,2.36997929166637,3.43010568173982,5.23061901120146,23.2969264924922,543.317964891874,426.533746558533,510.555756200014,508.526232145984,437.953114019018,3612.24657913746,1040.79491443514,7554.04137728135,95285.4973848571,3130.92686808249
100,0.215,0.825,0.222548475552248,790.258249769115,0.17107334979663,924.869251041088,225.896577087981,381.694351762218,1.2,1.17576283392303,1.89361115182872,1.14001347840814,0.93746512066993,1.12084282771928,1218.48075786967,600.595301574461,1157.6103845126,987.532661824709,780.107709912415,0.812739830503742,1.0843659146011,0.656287860719441,0.673254405452308,0.796571761916254,1.75120125842857,4.0494335774573,3.30800633117973,1.2847280408015,1.60939431048703,598.79372563864,425.450997278277,528.885038663059,564.44301707258,491.273385408343,4127.7020360666,1232.79059892539,11467.348294808,2796.10216585787,2017.74104493426
100,0.215,0.825,0.207844400994472,775.909826210951,0.174375694121379,924.869251041088,229.813843872325,387.060635736324,1.3,1.18344985792024,0.863698082037703,0.993142969673202,1.23763275434335,1.4104153342416,1067.96463638985,1806.03216006274,1739.94019091861,834.948054729797,670.33972628886,0.758386279809585,0.525058985502392,0.530482295529836,0.78073220769689,0.881811746840661,2.59675360000515,1.37371153207609,2.08158643838255,2.43391195051618,2.60253269806818,561.250023025673,750.024732850185,716.611560519029,488.61595658711,446.14676460224,6773.2963683466,13692.7688649757,27063.2519436928,2622.1020447876,1503.18723297286
100,0.215,0.825,0.207844400994472,775.909826210951,0.174375694121379,924.869251041088,229.813843872325,387.060635736324,1.3,1.22434291221063,1.22517357097872,1.44467484665428,1.21639279793276,0.963299547194392,921.469420077892,601.398170071894,601.949371955267,1598.50604133108,1042.63443291085,0.571603104906265,0.856969638138497,0.882972841320865,0.910225276815523,0.71074315627369,2.71476296549024,1.75628073912229,2.36064793658337,3.6041073808777,1.39202450096277,489.32740860292,404.430097250905,413.822894548638,584.208105068131,529.656581241836,8708.55212288726,1246.19027548793,1443.95172529788,6391.93864899514,2865.53691410642
100,0.215,0.825,0.278487170955192,883.95437971124,0.158592041373319,924.869251041088,210.627343926679,362.492299414816,0.9,1.09294322378527,1.0891614692551,1.07389220531295,1.20205196385591,1.48211702952327,1122.51014019726,1143.27163604978,630.484828660762,1514.05489093735,612.299230369315,0.649217808027963,0.435478964823895,0.800435709381931,0.521732670704127,1.00379168348152,1.56015948810049,1.7389562036267,1.49984487288591,2.39438060016963,2.00971719324099,597.406789995881,584.0660263414,407.916281837678,613.954162501268,419.584118685237,6086.13953577793,32066.4798289906,1207.34771328821,45021.1570947984,1239.39965616109
100,0.215,0.825,0.278487170955192,883.95437971124,0.158592041373319,924.869251041088,210.627343926679,362.492299414816,0.9,2.29754851452829,1.31297782496417,0.948743338340723,1.26471478335891,1.95485045152694,418.874411651107,734.38174885099,937.017426915706,709.85284796567,647.14825255017,1.45225328050727,0.829894029564038,0.605788789980753,0.936543716887762,1.13080542155499,3.47283637575519,4.68989954339141,1.40789076662223,1.89375986525614,26.9144716560911,340.886938581255,388.977602679787,481.520298561947,448.80821951194,379.408624270154,701.00023224528,3942.18720940194,3885.57062954902,1583.75680453541,2343.08142170932
100,0.215,0.825,0.25758356990199,840.1141,0.163241635870107,924.869251041088,216.399595490668,369.485692399371,1,1.92378009740518,5.14917751065629,1.14511464048689,0.991314377443216,0.860944778432262,521.00498231851,469.431176593157,682.944845298933,1094.26482125062,1240.56805908992,0.677196402972996,2.03750028537801,0.826289332335044,0.595095024443719,0.461589776613786,3.61916958481035,9.03284470989363,1.50276175503793,1.45895694644604,1.35933729527932,394.7201512587,388.538882994155,432.5768396107,598.039902085621,565.278196072905,3733.36980927285,1196.80596517384,1320.96596660335,4949.31200881541,12660.2584894455
100,0.215,0.825,0.25758356990199,840.1141,0.163241635870107,924.869251041088,216.399595490668,369.485692399371,1,1.04651979960518,1.05594472214963,1.33013479156247,1.38350058614981,1.75458083465913,1389.05143367615,878.505079697587,664.142124599403,772.50312956762,557.742788856597,0.807572831780864,0.676242649093076,0.908089051829922,1.05742270936962,1.22520823120306,1.43938237992765,1.48559690987268,1.96389422198096,2.21030604975238,3.13341100767959,686.700845088919,495.76353346874,432.786476492512,482.693107692567,422.84783700961,6213.15669852519,2923.69119341603,1367.12986580536,1674.37319241311,1053.84963433367
100,0.215,0.825,0.233754681559727,803.563879727765,0.168562831860821,924.869251041088,222.883586821744,377.709824077126,1.1308,1.75218674716483,0.84306427065398,1.21769295898315,1.40736655825743,1.27230008725407,574.842098692233,1600.53485525932,570.941206428639,712.709166397693,1150.23916426686,0.671492878860575,0.59279544552162,0.858712760246996,0.832057544813972,0.757255563940421,2.66996521484268,1.18070147454713,1.92441055704933,2.23186113738199,2.25019694403439,416.6514283901,680.03116108112,394.543489603448,466.61258726923,602.693482093641,2844.87074801802,7906.75292193212,1182.11329455356,2291.2807370882,5928.94633043621
100,0.215,0.825,0.233754681559727,803.563879727765,0.168562831860821,924.869251041088,222.883586821744,377.709824077126,1.1308,0.88893690710766,1.08627882377617,3.8732778745876,1.14015987252245,2.23905859245566,2614.44064601146,618.928996781696,431.174638412325,895.076538509764,561.88748239194,0.55396910941059,0.823889800411931,1.09710001426538,0.755178244366851,1.07008930791321,1.98540087675099,1.52159915018601,8.32359436212993,2.0975798843875,4.7918119380261,803.054635385527,412.457457850067,373.279563122849,502.312013192397,415.499517945806,40491.7716816575,1086.18057305069,890.754008010787,3316.5650915691,1481.27533725505
100,0.215,0.825,0.222548475552248,790.258249769115,0.17107334979663,924.869251041088,225.896577087981,381.694351762218,1.2,1.36589727871057,0.954941256952007,1.04441601406145,1.18146389777105,0.985148146538948,1302.56138409448,1164.96968876641,1248.23787188286,691.199032586378,882.496478434848,0.851604217196699,0.66133630942487,0.574479996184813,0.953555777598078,0.742967578342969,3.23314845408584,1.4621772757288,2.14395309932621,1.56124641367064,1.34772287061124,627.929997724996,602.704575886579,608.005874167913,438.327129764201,518.753583515268,7469.59952399357,5306.73895545238,10135.0580989082,1343.17468782924,2340.07146586317
100,0.215,0.825,0.222548475552248,790.258249769115,0.17107334979663,924.869251041088,225.896577087981,381.694351762218,1.2,1.11768348356776,1.73041698383138,0.981421676133292,1.22587719224755,0.837490610226295,755.609229001653,699.087875400462,1035.97687005385,782.948607846507,1501.73078830565,0.708937928751113,0.79598807951822,0.576391981078266,0.690903801177023,0.450525749887195,2.4655491445596,3.90252868503118,1.58235119831731,2.24506294048357,1.36097567747588,455.360204438702,441.256858140698,522.80089069421,461.40819284426,601.858146823635,2994.77035643689,3096.15123936109,6429.89741805069,3550.5153212258,17276.0427416014
100,0.215,0.825,0.207844400994472,775.909826210951,0.174375694121379,924.869251041088,229.813843872325,387.060635736324,1.3,1.44235042063409,1.28686741992247,1.26771315074452,0.831219424362117,1.29726490652693,857.549952920769,677.344488572025,979.717060050303,2047.03420646635,925.80433613695,0.765331925688839,0.936364936813319,0.982932777560128,0.626899046304728,0.638986380277198,2.73379385489933,1.87057018481882,1.66494861495273,1.19073088497328,2.39668939666197,513.543607229847,466.78621375619,549.949017880656,898.4491493965,525.425795263607,4077.38143433274,1363.20810429273,2388.60801344015,11488.5421613879,8206.27049474521
100,0.215,0.825,0.207844400994472,775.909826210951,0.174375694121379,924.869251041088,229.813843872325,387.060635736324,1.3,1.39582938143488,0.946168725411343,1.5583993096208,1.02407504217613,1.06558471555292,748.391660323666,1485.8016539017,749.950054173845,1846.64220105615,1630.75888185877,1.03392680407222,0.631104339337942,1.00740979806217,0.668389927546669,0.721880408990447,1.91612605757273,1.43937514042082,2.4366436657745,1.4602147832913,1.77252782790651,509.123402561428,728.858206087709,499.586448491547,902.538314212466,735.016008692424,1559.66420307171,9098.15356961399,1960.39641253888,11220.224498085,7812.99617362888
100,0.215,0.825,0.278487170955192,883.95437971124,0.158592041373319,924.869251041088,210.627343926679,362.492299414816,0.9,1.12695630792384,1.67882932785224,0.70988995348163,1.39834982839303,1.41146009226636,2357.9749471863,474.494346379563,1913.58548872736,794.502918419543,553.537631588536,0.572652930330315,1.06237336237707,0.388759763664071,0.881467422538685,0.998881244063139,4.67036659399493,3.54627098572582,1.24416662514547,2.35357066723707,2.33036303677036,480.984661942433,369.032372736735,686.82559891763,489.634267768456,396.902762972478,73573.3050804448,857.856171341326,39709.1197696295,2165.71325698151,1087.091944643
100,0.215,0.825,0.278487170955192,883.95437971124,0.158592041373319,924.869251041088,210.627343926679,362.492299414816,0.9,1.36644268125965,1.11264395595093,0.923696266997045,0.96599610796804,1.12295077839506,956.86878911714,779.032041289316,766.3957115999,1026.29889179453,1368.81150510638,0.867227472586361,0.828784809806616,0.66818656860766,0.571584061368306,0.600214677657105,6.86593364731622,1.4392819734971,1.43915586669402,1.90979604876364,4.70958545980777,449.083305856637,472.248147604364,447.030452153471,516.578326578148,582.678440329035,4288.25486544112,1855.60059911415,2059.34907499295,6761.32074743582,8620.48341143883
100,0.215,0.825,0.25758356990199,840.1141,0.163241635870107,924.869251041088,216.399595490668,369.485692399371,1,0.919771084246068,1.63397192864066,0.81228173563774,1.1707406447187,1.09312570587554,1007.58466567191,585.978537427575,1269.08057160951,919.713292257171,1594.83414792599,0.654481310254366,1.2184024118154,0.580127617487905,0.723768900012965,0.632580277691075,1.50507126311862,2.19171470429448,1.1611868019048,2.34346815653055,3.95730804545194,556.919732627443,413.885009158676,625.114873442517,499.053049674643,549.83132649773,3675.80013497474,1017.22278363625,5762.85490327892,3470.42930199846,14319.6654915853
100,0.215,0.825,0.25758356990199,840.1141,0.163241635870107,924.869251041088,216.399595490668,369.485692399371,1,1.6062808935086,0.764000051317651,0.819256713299362,1.16070997403732,1.46371756019524,973.637529985498,1730.22601983578,1525.45428462046,952.999886215302,812.595966749778,0.700644847026051,0.471243924837882,0.508418743491429,0.813708565755794,0.910474154026358,18.8975463280397,1.47878552843584,1.17064261342844,1.86617500557055,3.22862921316593,402.325485411178,659.318472205646,729.068296747221,535.517959231007,505.24280052549,16474.1665755421,10521.6986232425,9090.56212735935,2777.95096788926,2988.35120236118
100,0.215,0.825,0.233754681559727,803.563879727765,0.168562831860821,924.869251041088,222.883586821744,377.709824077126,1.1308,1.23604927582226,1.06049031259593,1.19018202803425,1.87734733423277,0.948821557955406,1041.76802883092,980.794465596118,691.859735667994,563.989824642857,1963.48217826295,0.713265926557864,0.534766812590094,0.732445233857343,1.27522528864304,0.388810123033978,2.65776462576868,2.73465218051161,1.76811015342557,4.50263929095257,1.63215557820454,511.324180468315,489.925594666723,455.245183349472,409.133559487565,779.898912889911,5061.84137609634,11245.1801671841,2087.27002375864,1059.17926358154,234830.096086142
100,0.215,0.825,0.233754681559727,803.563879727765,0.168562831860821,924.869251041088,222.883586821744,377.709824077126,1.1308,1.26778343205976,1.99503225701206,0.853688697120427,1.94415589905085,0.853225551028813,2214.90023336985,579.266143980603,697.803531158834,664.005889544392,1369.09269787283,0.56298608476101,1.26201589231485,0.637966549586683,0.986032500425666,0.596029429179957,5.39915585975266,4.95424834766955,1.06188560345145,4.07949372254784,1.20240282137233,465.57431222814,429.06113723149,420.129373141772,442.011015775772,675.977651810665,62892.2705371848,1365.95502845856,1581.050903469,2300.89786322202,5936.32552256045
100,0.215,0.825,0.222548475552248,790.258249769115,0.17107334979663,924.869251041088,225.896577087981,381.694351762218,1.2,1.17022491626492,1.17746127449827,1.20625553057146,1.61152522909444,1.17151099413865,2115.50697185544,734.031250557181,975.338291675956,730.237043825914,1285.38378353631,0.69304951007812,0.727892087211911,0.881423427359594,1.0079901869899,0.698477510680307,2.08860147465192,1.89375658044955,1.66254170762221,2.97548425570712,2.37940367265332,924.82208358938,495.100064945852,561.336469805816,500.837463336948,678.024391069595,9047.76945616662,2354.72991414465,2168.36774219124,1789.96754224717,8658.05783287645
100,0.215,0.825,0.222548475552248,790.258249769115,0.17107334979663,924.869251041088,225.896577087981,381.694351762218,1.2,1.24578579374882,1.0531553001865,1.01460125939474,1.24594082940855,1.45483253066928,853.347861721253,892.883057679153,952.29843780735,966.979436126421,665.110972634129,0.811028781793536,0.727791608575369,0.716962934062782,0.871778726854541,0.889975467494144,1.94957173348455,1.51002295362708,1.44142976098577,1.97937219985365,2.63153731674564,502.490315069974,509.936502148763,535.38525243286,559.908559612935,460.413371688553,2648.6452884245,2669.96547981596,4170.8448736853,2848.37888372234,1979.10797631803
100,0.215,0.825,0.207844400994472,775.909826210951,0.174375694121379,924.869251041088,229.813843872325,387.060635736324,1.3,1.14287366394672,0.786840772733915,1.27855654667372,0.887077490525869,1.41654307582955,1298.99834272958,1091.12069021324,760.726923684846,2626.72511459239,763.047955594413,0.881165091233924,0.580919380495206,0.747285197438583,0.560141881338059,0.98515913758292,1.62579578948723,1.09082880023813,2.44783579767485,8.33256298755114,2.65871484426619,660.639917066298,596.960891308371,492.7495787252,586.622679130628,483.117814987335,4259.04606901206,3708.25987121157,2185.21899671614,43206.3861899596,1829.85367963848
100,0.215,0.825,0.207844400994472,775.909826210951,0.174375694121379,924.869251041088,229.813843872325,387.060635736324,1.3,1.00541838986929,1.46010383111162,1.51698896886561,1.7697981227493,1.08517360538843,1396.77734635302,646.55192293492,775.794079971274,709.574533799943,1374.59798386755,0.720026728627487,1.15111536735363,1.09283199678147,1.2380242372335,0.649374964580521,1.60295137091918,1.92078834026142,2.06824658518816,2.58040625303854,2.21134941099462,709.950227639618,449.1176523476,513.511592300461,492.916112657536,627.873968041872,9156.321837262,1204.67907710076,1695.10559001886,1488.55258394788,8491.48446335539
100,0.215,0.825,0.278487170955192,883.95437971124,0.158592041373319,924.869251041088,210.627343926679,362.492299414816,0.9,1.60032071512738,0.99330922990346,1.15419828264782,0.785542735256119,0.813745654848283,900.422663197834,819.573728951105,695.436842050267,2979.91042835519,1050.75358022522,0.815851695901927,0.718951957444104,0.745374671171664,0.322566449996905,0.505451432537461,81.0200318011925,1.60875604812355,1.90397798776815,2.10228320881261,1.19332666689555,369.307578624492,474.854346780737,451.792373118675,599.565078138941,557.171056869351,7336.86441442995,2498.52767462078,2195.03649035719,2840857.09219984,5213.99157929602
100,0.215,0.825,0.278487170955192,883.95437971124,0.158592041373319,924.869251041088,210.627343926679,362.492299414816,0.9,1.57409778533975,0.871353428465242,1.07487449201018,0.995214063540327,1.08935498642444,618.431315442182,2041.52942436063,809.506539734081,917.155755099756,1092.58462023692,0.914112550539067,0.366724943200119,0.643621493768527,0.623027808651378,0.706602121127054,3.68476108993612,1.67677765284411,1.76913688590059,1.55561060291894,2.53461072716642,416.74758561787,655.057801202455,487.999593997736,513.962151744625,534.78614113807,1593.50774385944,253298.056548838,2954.55979818211,3493.55382508442,4353.91412286364
100,0.215,0.825,0.25758356990199,840.1141,0.163241635870107,924.869251041088,216.399595490668,369.485692399371,1,1.15053206920442,1.35820912490777,0.864357119987313,1.05087423869419,1.49686131058233,955.341868158435,946.356823354813,1011.2482804155,1218.09826853967,670.798406078307,0.727881384844698,0.951784185111515,0.544459175189671,0.707075063293615,1.02407548050714,1.80905174521432,4.06497742392186,1.45357948126749,1.64573929064851,2.87811381924213,565.79767919579,534.516112816835,500.946218628783,622.717584879739,462.870586686136,4379.6176386076,3986.66115683021,4267.0247587792,3950.44490039322,1748.30239744024
100,0.215,0.825,0.25758356990199,840.1141,0.163241635870107,924.869251041088,216.399595490668,369.485692399371,1,1.07379926687842,0.962607533353454,0.941702949772675,0.77017461813186,1.42079707527105,1113.82202952237,997.70900134308,573.586169724285,1631.8004278417,1286.52351589607,0.681260444033735,0.722732437502759,0.61243884017024,0.508790712057114,0.689841576530305,1.92659986151633,1.30266003800323,1.29051130730505,1.68158002505343,6.65423764034776,581.48246686895,543.968427519666,382.63915913595,623.563288604231,485.849878955382,8268.67888058247,3225.59102164284,1237.47545333631,12627.2932188878,12357.2689360031
100,0.215,0.825,0.233754681559727,803.563879727765,0.168562831860821,924.869251041088,222.883586821744,377.709824077126,1.1308,1.40082570188374,0.916810865584161,0.911034040845819,1.60445818374344,0.753429695618581,959.547322658417,1927.086267536,1218.84176998974,693.985210229023,3451.12327721003,0.747741881121997,0.339619050844692,0.664634986536144,0.795638935799123,0.420849937437729,2.02642096450201,3.16130705274507,1.2808713346827,2.76355643193465,1.39333232294731,596.842709858152,588.423132433967,635.5489162326,474.342695586894,931.037168361054,4286.80518255278,360035.298706752,3966.70845054422,1916.31926073311,111632.652052465
100,0.215,0.825,0.233754681559727,803.563879727765,0.168562831860821,924.869251041088,222.883586821744,377.709824077126,1.1308,1.1010459258489,1.57080018336918,1.46119914172471,1.57386582814896,1.47106809700709,1173.67087410896,570.430781056744,648.521437243528,750.761751540826,755.4966152682,0.705009108569484,1.1853683272849,1.00692006458776,1.03638751337885,0.847108324585855,1.86529375928501,2.30156030095167,1.98805371535283,2.30570313644654,2.18563246835277,585.906382671048,412.6551574802,460.050691773387,464.412170402968,484.56837857975,5295.97871871894,942.079562032005,1455.80654163622,2038.1332856451,2517.98911142702
100,0.215,0.825,0.222548475552248,790.258249769115,0.17107334979663,924.869251041088,225.896577087981,381.694351762218,1.2,1.49161746949118,1.33669804051771,1.19276290375933,1.06585127036408,1.71659103478841,1022.32115535669,802.164342669085,690.526491181567,1870.52357620975,586.152302364996,1.04289430645134,1.00435200459197,0.895074121058961,0.799929600186153,0.960951667741529,6.71662893764659,2.06269301849682,1.96065653259769,1.58843974170305,2.85512829880383,462.773840826916,508.936543658296,455.581534672349,824.144564676133,424.057136035647,3150.20195975397,1875.41460065882,1420.12001645699,6954.26712536085,1432.35666383083
100,0.215,0.825,0.222548475552248,790.258249769115,0.17107334979663,924.869251041088,225.896577087981,381.694351762218,1.2,0.948733921049229,1.31202237901296,1.20951702090718,1.12414769671051,0.613698544101811,1152.8567192055,799.440754495208,1191.46855508948,974.140744496171,14414.4297392717,0.743279997128738,0.79782415359312,0.793662162261862,0.721925150642685,0.338087295352432,1.2425047403054,3.09986171846967,2.05123124727081,1.96179296316124,1.64754034421775,647.353359136564,504.752827158589,625.767619701202,548.374771454564,1830.59173336043,3404.52755343879,2585.4536196928,4836.87660936686,2850.98188915987,3347242.01762717
100,0.215,0.825,0.207844400994472,775.909826210951,0.174375694121379,924.869251041088,229.813843872325,387.060635736324,1.3,1.61016425163833,1.23198091512968,1.38817716133965,1.37324798450727,1.56992276107737,782.398433731459,799.942543244804,717.082690424933,1051.71440869982,541.320950970757,1.00432494791424,0.750459395159639,0.986211896033804,0.716432093187271,1.13734747490302,2.92795570981755,1.69760325233699,1.98189215182852,5.45837186690532,2.56765982178726,491.52875532858,504.587188385865,464.963871020686,485.921433700531,393.989100347635,2188.05794542193,2548.57556222199,1598.22553078816,11048.7893503433,926.94385450986
100,0.215,0.825,0.207844400994472,775.909826210951,0.174375694121379,924.869251041088,229.813843872325,387.060635736324,1.3,1.68148218460473,1.39987695057819,1.23767509781898,0.649277602088727,1.34746467565778,708.317650721024,620.799888817125,976.672739611419,6171.1413927,946.792861923448,1.20749293090293,1.01108043906897,0.935390648246724,0.222529059258879,0.750488508076185,2.51288212574635,2.02912872553126,1.95492682831338,1.47949218636036,4.77281380192166,483.359312024729,441.268187181716,547.691537301028,835.665013110077,504.123444760029,1478.52715099301,1223.28605968125,2274.91664987233,134636138.969888,6834.36545667682
100,0.215,0.825,0.278487170955192,883.95437971124,0.158592041373319,924.869251041088,210.627343926679,362.492299414816,0.9,0.846077073060969,1.09218152607321,1.20817901238341,1.21305249052443,1.47050259479638,2930.87924721139,1181.80834022728,577.703896850558,1077.23603727645,567.420776356088,0.342518849869433,0.755123922945858,0.927305836158247,0.670510895333309,0.93065466570895,2.92159445370109,2.15903809111335,1.69271951325501,5.8485695657538,5.05597911402795,526.867566543911,538.979640539368,412.903390836356,491.199756258858,399.419045040322,2073199.49673917,4645.86587716815,1116.45568623439,42756.187154491,1566.41530738585
100,0.215,0.825,0.278487170955192,883.95437971124,0.158592041373319,924.869251041088,210.627343926679,362.492299414816,0.9,1.33743892450493,1.65069654135253,0.873148516945151,1.01137498621981,1.40164754646573,1305.85616284782,535.180633081297,686.58197487643,1241.55848049436,768.081489221109,0.723417070097836,1.21085894753276,0.64333748241902,0.587267593738734,0.996936934492896,28.4093072952431,2.63761620320816,1.25297137021592,3.52349607690273,2.5564489009534,383.781507912204,384.813772889408,410.913670220824,521.736931897443,477.105835935261,7006.11499044628,937.61027164835,1559.26788632478,8597.39510092683,2251.68477550496
100,0.215,0.825,0.25758356990199,840.1141,0.163241635870107,924.869251041088,216.399595490668,369.485692399371,1,2.50249979194608,1.07629829297134,1.18482795653722,0.902926490634004,1.16533908420954,736.164974221747,1381.33496976535,947.07146998659,1450.20386876422,705.36867816006,0.524569985056818,0.557204275372392,0.669858243294748,0.388532823431205,0.67206349240632,87.2214954089598,3.10947796144241,2.296919705208,1.96770516526157,2.09062536235433,379.706914352887,536.896879362771,541.921451499123,541.685318022434,451.946936321628,12829.8328500918,20775.9129238009,5648.30525899832,144914.80953257,2459.8693518181
100,0.215,0.825,0.25758356990199,840.1141,0.163241635870107,924.869251041088,216.399595490668,369.485692399371,1,2.36616718255655,1.52391328607621,1.08584147627919,1.71234116244735,1.13673998623303,704.750419189857,485.951321294685,631.760007489848,550.299422276101,966.020074767883,1.25862336234726,0.988190362986562,0.776514409157951,1.14124438389657,0.604232115435034,8.14885851560694,2.42732014437446,1.53575131974883,3.34440422045709,2.66101187278904,391.73433984765,349.256441438078,394.579727824118,384.813497348449,454.801958053709,2170.56250985069,850.293153241686,1461.19597745652,1136.52133258974,11592.5444984977
100,0.215,0.825,0.233754681559727,803.563879727765,0.168562831860821,924.869251041088,222.883586821744,377.709824077126,1.1308,1.2788013172864,1.03104723765711,1.00144403142914,1.4637857598618,1.36274740067331,1296.07700363152,2092.93429392262,643.687848153155,700.040715399737,1038.33961335162,0.879648625672299,0.640980260304939,0.760595460533994,1.06396912346632,0.790297069257166,4.74231003820321,1.56687676329832,1.32448243673104,2.1288524443666,8.6014765963844,648.535999092703,782.949438611918,420.620739601109,475.360958742853,434.49517823506,6014.91912793049,10488.3859207702,1271.95209521303,1497.65879655049,4605.90879546005
100,0.215,0.825,0.233754681559727,803.563879727765,0.168562831860821,924.869251041088,222.883586821744,377.709824077126,1.1308,1.49888594497417,1.31004741955894,0.976959417322402,0.943721507817513,0.86857034227281,871.226824796326,613.781600288409,680.075331072454,1762.59116740298,2590.06411328667,1.09896517745603,1.08466988575175,0.64637202113721,0.455417819217722,0.373055362376577,2.04746116347924,1.73009501845396,1.48627454769265,2.92975875359435,2.00114021648371,551.09593186333,421.773162095891,438.789254189532,577.01177407957,770.008296391864,2300.39467451636,1180.68473938091,1964.8044480897,36514.9469838006,300038.584670677
100,0.215,0.825,0.222548475552248,790.258249769115,0.17107334979663,924.869251041088,225.896577087981,381.694351762218,1.2,0.967141685191578,1.65956030119175,1.36338808630102,1.19824462311821,1.68345164164403,1328.5122763613,655.771296588727,1312.87803004291,748.545510721882,561.398962097394,0.727436977649778,1.06835704870335,0.746887159037424,0.812209577538261,1.20331363940293,1.43584167315461,2.54247576111094,5.09873766560662,2.04228781387306,2.62038535211866,633.231915246994,460.843019070939,561.200351045435,468.963460856743,411.849543104016,6202.44903431328,1528.60864307915,18842.7927955516,1968.13710806643,1027.43076725501
100,0.215,0.825,0.222548475552248,790.258249769115,0.17107334979663,924.869251041088,225.896577087981,381.694351762218,1.2,2.4437526925461,1.28026241841041,1.29687745135056,1.11970701579375,1.45119067735428,707.578090076842,770.480350382335,699.233537950211,1089.4037470672,662.376657387229,1.17876031726303,0.90504027552825,0.903499905638208,0.711459382881109,0.76017233190494,9.35209532704664,2.82868006746934,2.13088581117846,6.12298669165744,2.72615460390426,434.759399556215,468.507838618568,464.606635195853,475.924656538915,454.765281255329,2423.5942518452,1760.77172830169,1463.3324266765,6284.71027146261,2847.96453728927
100,0.215,0.825,0.207844400994472,775.909826210951,0.174375694121379,924.869251041088,229.813843872325,387.060635736324,1.3,1.8262022607694,1.27337854460152,0.898081628358985,1.44048274966972,1.44940632032483,664.857222068527,949.305725640397,1883.43572792849,846.734546097053,646.047713622795,0.999669159046679,0.773683577754446,0.612433984687864,0.929252847730172,0.893464778581689,3.99592333835748,1.8024989439058,1.35021920479828,2.46468690689998,2.51310171082249,459.535326521415,565.046543846726,819.325471791065,505.834414609579,453.069156214159,1946.48217873414,3228.38574090768,12192.6189111426,2424.54681114643,1483.68456928177
100,0.215,0.825,0.207844400994472,775.909826210951,0.174375694121379,924.869251041088,229.813843872325,387.060635736324,1.3,0.962639814176613,0.882785403610151,1.21975236225377,1.33844009396949,1.22897804002057,936.665418033387,1019.44005829631,963.852110626538,1347.38610540354,733.829250912762,0.704818958801215,0.435198996001754,0.873719876366951,0.766331805172638,0.901916960881879,1.39682707207932,1.33951351667064,2.0956857086666,5.66245207730585,1.98110566508717,510.049340782667,524.675905680175,515.33336737737,492.320843769958,463.01536945035,2473.40624779505,10995.5393198462,3169.90933884598,6022.88204298858,1937.55927195253
100,0.215,0.825,0.278487170955192,883.95437971124,0.158592041373319,924.869251041088,210.627343926679,362.492299414816,0.9,2.21255739411365,0.943356418231199,0.845561408502908,3.73008303003571,0.842545076979379,626.759108954897,1153.70505312234,588.388967092568,562.513888016249,1143.21758876746,1.17323263451756,0.716153960255943,0.630017522173586,1.38989519717452,0.650578713934286,3.98046810917804,1.30240334764373,1.22983438951099,8.69348431155921,1.1256391644968,446.962119536885,561.448517788335,378.169267709994,402.50123671424,586.83535579551,1599.66648542246,4009.51930468375,1278.73471434219,1553.9708009543,3668.96745017741
100,0.215,0.825,0.278487170955192,883.95437971124,0.158592041373319,924.869251041088,210.627343926679,362.492299414816,0.9,1.54840773201409,1.93318028904489,0.707091997287357,0.860935771057582,1.24809471514086,850.422864885041,601.57482703124,766.222282644282,2188.26459702752,580.435658169265,1.15841489345805,1.35614327172786,0.493500871177078,0.376575462619907,0.892218997825501,3.25022687136683,3.94664079949753,1.10611345459261,3.56547627735679,1.65721714383464,510.486770281585,412.1250404679,414.773225666227,488.091547910106,385.240008091014,2975.82247151215,1357.54464736192,2625.00067180459,306565.27397732,1223.81847970318
100,0.215,0.825,0.25758356990199,840.1141,0.163241635870107,924.869251041088,216.399595490668,369.485692399371,1,5.36262423720361,0.864384075537758,1.08889367116829,2.10481612173042,2.00880541276402,3148.6577192486,2271.32504951897,846.512570961418,525.562905829206,573.681859704876,5.12590113648806,0.560867178501845,0.690948058042217,1.22783722975246,0.992737136718441,5.37151951513968,1.51487773261004,1.60597586454011,4.74291368245133,4.09802395623217,3062.0218474561,870.632079310159,527.631748065601,412.498526365087,426.863170043972,3151.48598372872,27201.244867572,2664.3657975294,895.004157998132,1388.2601265453
100,0.215,0.825,0.25758356990199,840.1141,0.163241635870107,924.869251041088,216.399595490668,369.485692399371,1,1.46122124705063,1.03534914044403,0.984624895324605,0.980246271307833,2.83116826883296,785.939597328364,1019.80576345584,1376.12619565976,1077.4804141401,534.612783882254,1.06579586745605,0.795175383844033,0.458096937237201,0.724225100289156,1.22388124037881,2.90941463484378,1.43915963797244,1.94903332222008,1.36718684748216,8.5139044880709,476.696116016067,586.010895945432,611.42939160791,578.134661477173,406.211376777661,1813.66416350946,2879.28830462405,27634.5365503234,3652.63225761249,1557.25489900686
100,0.215,0.825,0.233754681559727,803.563879727765,0.168562831860821,924.869251041088,222.883586821744,377.709824077126,1.1308,1.61842389703317,1.39962384731192,1.3844682345824,1.03108759848528,1.45645477332867,500.130637862147,569.829987342721,486.423190307331,1304.07918960923,962.002052040466,1.10262276215886,0.877008555104479,1.01648100078251,0.451144033058874,0.611562071000162,2.63783183805055,2.29908563921487,1.89603793325778,2.26405768179977,2.3113643205323,357.367448178835,383.655537206174,355.4165614003,529.925734772065,509.471189839569,973.563318491805,1340.66213588486,849.893600768615,43110.7043585978,9592.3605379747
100,0.215,0.825,0.233754681559727,803.563879727765,0.168562831860821,924.869251041088,222.883586821744,377.709824077126,1.1308,1.54413670054479,1.19536785752246,1.07080539824797,0.909445123957415,1.11193945119411,1007.77209704552,715.860528901212,1032.74280356243,1375.50871118411,1034.85378513137,0.943323309896993,0.853531569526481,0.691594465402653,0.748589677241065,0.69526597744792,6.12245514111624,1.65331836727254,1.75937192682255,1.17705942755435,1.78788264874997,402.201998068847,453.348788531528,538.541002505517,697.361310593977,564.293691961819,3827.80655126725,1508.18222101802,4484.24159506115,4184.63959159289,4053.61449343977
100,0.215,0.825,0.222548475552248,790.258249769115,0.17107334979663,924.869251041088,225.896577087981,381.694351762218,1.2,1.61838153674168,0.729485887197918,1.11964535722185,1.49120683736583,1.11958912488795,736.605266035654,1994.04907321953,1026.73014036658,555.192226158466,1443.23293044885,0.957254875187867,0.418134194379312,0.733850614235661,1.08541101069052,0.475025842124627,3.63671772045021,1.23380773963184,3.42163298799716,2.48709006092986,9.01541981840573,464.337649868585,814.252152567313,473.275612736743,424.365502201197,432.148547074499,1591.95105103347,28961.3369962686,3812.31574712108,977.496721103943,47586.4720216203
100,0.215,0.825,0.222548475552248,790.258249769115,0.17107334979663,924.869251041088,225.896577087981,381.694351762218,1.2,1.12524135738895,1.18200195635564,1.30305134708461,0.929453775415912,1.14329003511531,1086.45875737276,814.85141703268,676.485076247597,1333.48372232365,875.411095236589,0.59858837872781,0.79574714328899,0.711865361184008,0.616016341647882,0.80903851456731,1.88731293891083,1.92694986373553,2.22183445063683,1.38264350673439,1.7783481501755,554.51679427701,507.04824202461,454.263278119327,623.273895538674,529.593632011438,6697.33508791513,2051.23716168159,2227.49557120606,6457.59799866585,2959.16169394736
100,0.215,0.825,0.207844400994472,775.909826210951,0.174375694121379,924.869251041088,229.813843872325,387.060635736324,1.3,1.91303472713249,1.14208213697131,0.999237091493308,0.835262807302085,2.0687899231831,695.851599620965,817.822835047911,1607.86429092622,1539.16583923035,642.685342823681,1.06706790379485,0.71364790660351,0.702743916598924,0.563399014481537,1.36159111363759,4.17064743812266,1.69476555239008,2.03124977746303,1.35304261986117,11.1678368163413,476.887837998438,498.771793756493,695.154716373147,602.191932809462,443.541853656599,2606.54543176531,2252.70876544224,7901.97962040976,7722.48446679144,1623.64599157694
100,0.215,0.825,0.207844400994472,775.909826210951,0.174375694121379,924.869251041088,229.813843872325,387.060635736324,1.3,1.31242171047646,1.25918310492412,1.70496045880797,1.02033578812502,0.907389292611145,883.393103443294,1006.91607748619,798.883398012345,1680.24640365475,931.406944279737,0.8576800121715,0.915241770589109,1.02832133126476,0.616175287370476,0.593136780422953,2.24459202918677,1.77086376961568,3.97115652409796,1.65597993162082,1.25875684014535,529.268014131096,571.698567937202,485.910955373101,723.783473680793,562.786388226472,2531.70119754264,2542.14443605142,2877.76876527453,13515.230210436,2710.73711099198
100,0.215,0.825,0.278487170955192,883.95437971124,0.158592041373319,924.869251041088,210.627343926679,362.492299414816,0.9,1.12310350002619,1.49655225931458,0.993781287484124,1.08690109989732,0.875011130293001,575.815931333215,895.594581287484,1158.25098103915,1706.40862046684,2291.79771770957,0.84770889157001,0.926119065667189,0.6429744013926,0.55099617814114,0.556809922239745,1.57638784536325,2.49995588318503,1.61559494274772,2.49938875378787,1.74307402394386,397.112422065737,512.92206243219,593.502428847971,631.277123812844,881.933980150509,983.8574862468,2987.0258820123,6792.28333707516,52509.5028643506,30824.2265559464
100,0.215,0.825,0.278487170955192,883.95437971124,0.158592041373319,924.869251041088,210.627343926679,362.492299414816,0.9,1.78040240962478,1.33801316649975,0.638913871521417,0.930945357202476,1.66970414433618,563.904006018212,1239.68050359733,1706.63492552809,1338.14488969428,614.282683154506,1.02991985855122,0.823565051686058,0.44406957995549,0.618584721028304,0.991816509274498,3.03902256763799,5.20459993937493,0.896661048094754,1.50152951090848,2.84929199955925,403.345442606752,531.059860317147,742.058473901006,650.182100985956,420.296051979551,1163.53171540179,6791.10283089578,9870.72469117813,8206.85138540998,1273.18878314831
100,0.215,0.825,0.25758356990199,840.1141,0.163241635870107,924.869251041088,216.399595490668,369.485692399371,1,2.55009732061502,1.32779999056901,0.83006000773285,0.991270898126555,1.45645337342022,446.348537035222,1188.97801240337,1200.16053352089,920.614411043443,663.221623484855,1.34488304275449,0.734292079942323,0.537781991813075,0.672908751480828,0.837810099891595,5.51204255290367,3.92210653972026,1.28925086201797,1.3476100138045,3.09638127916749,365.946863818059,504.869356514873,564.51288033704,513.993152559956,426.830471254439,746.647424403565,12639.7597844325,5751.04245471116,3212.53854055305,2690.34519049572
100,0.215,0.825,0.25758356990199,840.1141,0.163241635870107,924.869251041088,216.399595490668,369.485692399371,1,1.3372556339464,0.968269874740797,1.10211316535726,1.93970715117485,1.11901087158591,997.02887032387,1263.16445210147,523.740924475974,888.120535062564,803.158573206881,0.608282098006467,0.573164995082568,0.770613748951059,0.857831713618975,0.679519153026835,3.78156465705768,2.365620908288,1.68807317262639,9.30971018322434,2.00588660541453,505.608359394244,575.788924510388,363.482204796192,377.487292471709,468.453885349353,8590.07043500627,16422.6882933858,969.46112606712,3820.96724999366,3272.78314449863
100,0.215,0.825,0.233754681559727,803.563879727765,0.168562831860821,924.869251041088,222.883586821744,377.709824077126,1.1308,1.0337453093314,1.52027261752562,1.37828636277364,1.30546773137793,1.37698039345194,1767.42680717646,615.938015682548,848.367298419406,1004.26171990443,837.003938088299,0.409391045207263,1.07608655653246,0.646339840413382,1.00654293276863,0.863068625336804,3.55475185378253,2.76440528591563,2.73551443153031,2.72749359117168,2.31178609814178,522.970009302976,428.669850960458,472.670728048963,568.122737461907,505.284032692961,269021.75871581,1205.55358002893,7865.07788683209,2997.56261130781,3296.32611402049
100,0.215,0.825,0.233754681559727,803.563879727765,0.168562831860821,924.869251041088,222.883586821744,377.709824077126,1.1308,1.16018402486571,1.02295669476697,1.88396386321636,0.620245965679258,0.849681408136614,1088.69829439867,847.102848747736,521.574037920539,6412.08555960386,1302.04326776161,0.642464871207553,0.778956587657669,1.19911082351736,0.441119493590993,0.434046678381596,2.77372545703327,1.44717853251784,2.88742264515731,0.979382124872325,1.55797316436955,541.799304391244,509.693106650161,399.434239687304,1277.84682627683,589.02424569827,10100.5486148451,2033.13741612606,869.110462060106,74979.575249691,16284.9348448652
100,0.215,0.825,0.222548475552248,790.258249769115,0.17107334979663,924.869251041088,225.896577087981,381.694351762218,1.2,1.38249567341177,1.30237687898058,1.26835040609239,1.33273929322209,0.791927907444847,966.176882703106,1171.70932893258,547.723571490571,826.725516828845,2750.4661119049,0.852304828114856,0.819474327578,0.920613165039449,0.961167321437936,0.54455661831444,4.52133108797156,2.77172793283609,1.74959241655476,1.91849519811438,1.20466263273507,539.258147260515,560.344542034573,393.766501625768,493.543361995443,1006.10285004135,4446.47614108808,5200.69426546694,968.079983341456,2126.08253323476,33474.6566752678
100,0.215,0.825,0.222548475552248,790.258249769115,0.17107334979663,924.869251041088,225.896577087981,381.694351762218,1.2,0.848524300314209,1.0009762282738,1.52467259971621,1.01548589418877,1.91442259721027,2124.14820183029,883.404454625514,923.626446217289,979.716374295896,781.707070470949,0.568018363003407,0.694138960073033,0.802345169317216,0.655632253055591,0.921544451365233,1.55472771030663,1.3986135129149,2.41939706181113,1.52224712036577,4.05517324939493,787.585162171188,527.509274916206,537.996690680329,550.59988446491,513.463287397484,19738.5082435316,2554.37046194422,3644.55313398875,3345.20533052822,3237.53837204509
100,0.215,0.825,0.207844400994472,775.909826210951,0.174375694121379,924.869251041088,229.813843872325,387.060635736324,1.3,1.35903180999866,1.12163799310932,1.39531079739554,1.02058084563469,1.35234617148227,937.131971282578,1542.26619717449,973.251372283285,1091.43871013401,671.671156874892,0.882950876581755,0.685732680424066,0.926271077437694,0.72783622396473,0.997225335643297,1.9905666870261,1.68224448347738,2.39038795041558,1.48726087969166,1.85405633176257,554.495929925928,760.161376702059,531.508248379346,606.518519588721,472.003540352544,3094.4712978434,11588.5822256622,3435.03209329044,3275.35643417376,1387.90655055428
100,0.215,0.825,0.207844400994472,775.909826210951,0.174375694121379,924.869251041088,229.813843872325,387.060635736324,1.3,0.496419346311146,1.22881047466726,1.9769919441075,1.12303996403599,1.29998252395572,67189.0071603841,850.587920866839,633.988000277844,853.634630279591,812.469009130241,0.325777960955977,0.769320333160849,0.951295956774652,0.723007901813586,0.786716039677019,1.45131482632038,2.33069037763854,2.9401828226951,1.68875374158191,2.49958197961865,3443.99123828093,523.976547652614,473.838706830366,546.868099391922,488.453695130753,21560919.7749066,3175.42480014976,1337.61833322079,2518.13550408834,2587.78874574734
100,0.215,0.825,0.278487170955192,883.95437971124,0.158592041373319,924.869251041088,210.627343926679,362.492299414816,0.9,1.76457732197379,0.507599472431219,1.08294886560167,0.931375002269371,1.09834457755048,759.589843136763,13315.751863624,553.860195686699,1007.06386017048,791.265040855416,1.04626168198281,0.239786757131237,0.599447291213361,0.594435542086438,0.796219001905807,5.18719086585598,1.6373253400685,1.73505498042964,1.32692724573493,1.59370604011911,441.996850220422,800.241718706041,366.713381338503,548.319466619942,454.474074965859,2376.36063802078,85329391.1643451,1504.80796667851,5288.61133171819,2135.81777502958
100,0.215,0.825,0.278487170955192,883.95437971124,0.158592041373319,924.869251041088,210.627343926679,362.492299414816,0.9,1.80211982432986,1.18526330665075,0.79890521705419,0.961162179263399,2.39190251058295,954.373461632605,672.608886022896,609.929992591551,1397.70955094993,706.550175099923,0.604594949640884,0.740709004961621,0.571652958424144,0.615078844506038,0.598633635704087,11.1766934595683,2.5587963647648,0.989027389246291,1.62606555175536,5.52504415148169,396.244413613515,413.240283276861,384.09076051491,623.624968662385,436.721574137037,11202.7076940409,2309.09747840138,1201.44300898878,10731.2855462901,5197.61488858983
100,0.215,0.825,0.25758356990199,840.1141,0.163241635870107,924.869251041088,216.399595490668,369.485692399371,1,0.672112912553276,0.899338391028417,0.987124571642972,1.11097092852283,1.1472393512544,18877.1191155518,1080.96904393233,771.184288872343,1192.01502149992,971.264549507442,0.422725194368196,0.533159474272776,0.488802247174819,0.572842346004031,0.77181471010468,2.96409726296281,2.01770295681155,1.90871659323476,1.68228083810867,3.35575427118857,1748.68474069258,509.321076919415,460.320920832753,638.545748070621,537.487470977512,164443.288468082,6138.15981926535,4457.76480598136,8504.83301688669,4127.65245942441
100,0.215,0.825,0.25758356990199,840.1141,0.163241635870107,924.869251041088,216.399595490668,369.485692399371,1,1.11959823623994,1.02859050693256,1.62541320206058,0.849999950368455,1.38175124525083,1036.02615342012,1787.08054896301,627.597199525904,1850.77856299904,783.696175960196,0.666997648327144,0.572301697137955,1.17214196932138,0.619971948237345,1.07353746459287,2.19704064624469,1.64792194961935,2.24190329356591,1.334800014424,1.89534759748962,542.917189846117,771.61230947331,449.633004421637,794.107689859207,503.835307637594,6921.63480239607,32778.5788101355,1235.04140894551,8161.51999512033,1705.38443297031
100,0.215,0.825,0.233754681559727,803.563879727765,0.168562831860821,924.869251041088,222.883586821744,377.709824077126,1.1308,0.842807117601117,1.20087976555628,1.49038485511104,0.886969755500806,1.00986931183791,2068.40836149272,710.215977260542,880.771013950868,1124.91105155352,1401.78075112272,0.555561529713313,0.819464576928848,1.09896598343768,0.662126340472652,0.673088848071124,3.34444641992332,2.04281815319369,2.50285907498254,1.25468171060196,3.47736267764598,755.053888430078,477.433280112014,537.240278030111,590.706428203244,605.43749301977,32271.1156745332,1717.80028780399,1994.7654023606,4279.34627696513,11408.5695212161
100,0.215,0.825,0.233754681559727,803.563879727765,0.168562831860821,924.869251041088,222.883586821744,377.709824077126,1.1308,1.97220770703229,1.17883145997283,0.743604211388031,1.17928887333057,1.43136083515158,787.788819602006,914.613779032762,1964.55331857572,1212.77150027199,631.934211827212,0.93398581836414,0.66463955444568,0.325427050001013,0.704489522589396,0.779484619364558,8.5059062229476,2.5785774185138,1.43102643868373,2.26529313726319,5.00281781890527,462.366998791408,516.829757889973,637.511260606829,587.883416114566,430.104541913695,3337.38659736502,4438.21999863458,257878.488606485,8186.78140688317,1728.72675574731
100,0.215,0.825,0.222548475552248,790.258249769115,0.17107334979663,924.869251041088,225.896577087981,381.694351762218,1.2,1.04167915939664,1.24335593269608,0.902357810591144,0.918418539496913,0.831207765938993,1007.34860820543,675.604317685212,1170.45409058536,1703.67646109375,1376.59070977074,0.598031627440334,0.78269027098931,0.507259945320846,0.407109436069606,0.618963056240095,2.05128424267891,2.24227246622732,1.69905864072284,2.03099482296012,1.14483278671533,509.579704248543,450.106587191843,543.775755593184,667.332858613069,659.572038932101,6719.46631255571,1946.27673610114,9160.94451570438,78145.33644006,7123.08878380021
100,0.215,0.825,0.222548475552248,790.258249769115,0.17107334979663,924.869251041088,225.896577087981,381.694351762218,1.2,0.903135320139306,2.13198035286363,1.17431591233854,0.896646712348868,1.44914768748282,1551.82686699025,558.488527825194,733.910697893483,820.252932716704,824.521214123723,NA,NA,NA,NA,NA,NA,NA,NA,NA,NA,NA,NA,NA,NA,NA,NA,NA,NA,NA,NA
100,0.215,0.825,0.207844400994472,775.909826210951,0.174375694121379,924.869251041088,229.813843872325,387.060635736324,1.3,1.15790691526922,0.993062521799036,2.8911720143194,1.3874604255686,0.991717864152715,1329.73023721376,877.311804157802,559.821086055645,854.467167692425,1362.95762593677,0.700418263681539,0.647691049130242,1.40453592632275,0.818713593149707,0.509250669658013,2.23694051878347,1.40946302398246,5.82329019370997,2.49295315892624,2.07703524338876,615.53402380816,523.054175791149,437.468599695882,509.904160983811,600.881747931599,8948.21973005204,2587.99943200513,1334.76816093035,2553.7068144187,32362.3234752842
100,0.215,0.825,0.207844400994472,775.909826210951,0.174375694121379,924.869251041088,229.813843872325,387.060635736324,1.3,1.25377358379345,1.52889648482841,1.93173200794652,1.16713753757859,1.0606666846989,888.021318782408,595.549318038141,557.779735549739,834.69174661554,885.717377622026,0.692260770743017,0.800089239718004,0.538095574633388,0.793945003511897,0.533053945336384,1.81763100467243,2.70109631842294,4.82984001926451,1.89238356552425,1.90793512710963,508.019449992117,403.908498846163,404.418074482546,471.863279460709,489.185889646182,6284.86428174658,1754.87238917328,25213.3354519007,3528.52209876942,5082.27338647686
100,0.215,0.825,0.278487170955192,883.95437971124,0.158592041373319,924.869251041088,210.627343926679,362.492299414816,0.9,1.38455409655364,1.03704121534755,0.834999749700784,1.3361008009514,1.11498340636147,1420.64488852716,596.310043749036,906.746428612003,749.036819114213,862.919414306603,0.848735254425434,0.747079905431413,0.614781514838373,0.83635260683318,0.705324958257687,3.42079234868105,1.40502544259355,1.08947215043626,1.86870715271732,1.59688581333514,566.959616608074,373.991856782418,481.541368425542,455.958604974837,486.86695604017,8180.10287413043,1372.77009413234,3296.44377931463,2207.70459319283,3281.65187809672
100,0.215,0.825,0.278487170955192,883.95437971124,0.158592041373319,924.869251041088,210.627343926679,362.492299414816,0.9,0.926296082610524,1.17466970076883,1.09578967371702,0.824173243672781,0.854882222680257,1539.38727746246,938.122349337594,759.152059869754,2718.2823174899,1522.35648128569,0.589840196058984,0.873304364242129,0.748219752785604,0.575022189370461,0.589712784466708,1.64972970298454,1.89653541324719,2.3056752917769,1.26263010498123,1.41596101397563,672.209798893231,557.389593997832,473.895339317478,952.337554916651,691.107754844046,9456.10058821416,2371.31342257258,1921.29157224187,16684.2455658241,5946.03921649449
100,0.215,0.825,0.25758356990199,840.1141,0.163241635870107,924.869251041088,216.399595490668,369.485692399371,1,1.79396257660298,0.960312840220244,0.930066452844021,1.21956250318452,1.27345403996727,618.161194538268,973.21501668144,603.122268718254,1300.48610925356,966.052261057009,1.16229810766997,0.725455350985577,0.695116238308096,0.892062310285201,0.877230395579932,2.7962220794633,1.18701985636349,1.21462776927076,1.85758994106726,1.85341251249685,423.189220134196,528.688626391873,374.95808463108,656.093614360349,525.797639596551,1361.92265699464,2688.23926398422,1290.96130235835,5034.24646709698,3010.66092765456
100,0.215,0.825,0.25758356990199,840.1141,0.163241635870107,924.869251041088,216.399595490668,369.485692399371,1,1.1237343787549,0.825174760399528,1.09460201830016,1.42708757234906,1.09459894744073,730.625281510646,1170.09598758402,865.373681168811,984.523881614921,977.416133545845,0.789686200207825,0.533990704150727,0.677733232553233,0.960118462890388,0.733056407897358,1.85368226944408,1.37586403472716,2.09904800581985,8.07706291241482,2.13835862639673,445.172221706521,578.774410638928,504.329966398917,448.962278765449,486.500566199198,1866.87272586225,4238.98239593097,3663.49170635538,4434.77655220363,3849.01299654931
100,0.215,0.825,0.233754681559727,803.563879727765,0.168562831860821,924.869251041088,222.883586821744,377.709824077126,1.1308,1.12116168874192,0.905533225102996,1.60580517103435,1.26114912154868,0.987925759340556,1348.57133485931,1002.94683341391,583.515795337333,694.771355204281,814.18472270845,0.756372638377271,0.627941090732085,1.10506801503191,0.82586416412458,0.643687611981683,5.08448011995355,1.27315374282224,2.29977042998408,2.00997669053968,1.49421520943961,522.544066166684,539.459577363496,406.826674945712,444.325542486026,479.458915582476,7121.71602059818,4599.59866043441,1064.39366604693,3191.7820385536,2922.13697015815
100,0.215,0.825,0.233754681559727,803.563879727765,0.168562831860821,924.869251041088,222.883586821744,377.709824077126,1.1308,1.50694170676012,1.38742824780173,1.49489115184969,1.86319504928247,1.38524443769038,1050.14163540383,908.981884058857,452.161770105026,751.360891918327,1097.88841309775,0.862959706089273,0.720301048749599,1.10505145868149,1.00013115085925,0.993598940225262,25.10438604062,4.44844647140869,2.13771466375717,12.6723696688093,10.5269862367762,400.84833603849,448.559864382998,349.568060296106,407.770972770497,441.677569641115,8559.62056758737,5881.95609886831,646.865449451463,2875.00076067075,4001.33498681824
100,0.215,0.825,0.222548475552248,790.258249769115,0.17107334979663,924.869251041088,225.896577087981,381.694351762218,1.2,1.01375462483944,0.718859863801034,1.12076790407342,1.00986096334226,1.49554648484158,2241.9464108709,3009.17164598121,616.155974968212,631.170985489704,624.155760587123,0.50778573023077,0.469635151209021,0.695964778651993,0.758056802229069,0.964045100271337,1.73494365284916,1.19930637275009,1.53662502276684,1.2965102940828,2.09831691260552,837.764269313774,916.32004233804,394.127424886026,415.737624588159,425.036842017174,44174.2903552448,37825.8212349945,1343.66028180319,1389.96965908447,1365.5763374349
100,0.215,0.825,0.222548475552248,790.258249769115,0.17107334979663,924.869251041088,225.896577087981,381.694351762218,1.2,1.29198956252839,0.841434532685234,1.11422679876207,1.13382118458252,1.5744838402179,789.05051304184,1566.43149645129,965.572637131043,1028.41959361646,777.090399846859,0.820627208763474,0.484857480414263,0.757073237282181,0.673626242547944,0.825648254588613,2.05837021439764,1.43481013696857,3.35519087686603,2.78022067651717,12.3786107700513,496.159132428025,700.634702271493,538.676399376975,530.58098768328,429.55540414049,2293.98311521685,14259.0085855858,3868.68868160541,7859.20149486202,2834.5309365025
100,0.215,0.825,0.207844400994472,775.909826210951,0.174375694121379,924.869251041088,229.813843872325,387.060635736324,1.3,1.48292492008838,1.67527510518808,1.25596272812403,1.02539736809704,1.39004317573921,1010.46359128465,505.349838442739,985.694931531542,1582.98786735664,669.178111412991,1.05560056876402,1.01908263846587,0.826197704764694,0.601975592669521,1.04917422610425,1.99502398030994,2.22165068192664,2.46839171181566,1.75225367950683,1.87038660753798,593.838990565873,392.336191391606,542.486313407563,679.869418440982,456.719049972603,2792.48802317561,946.86514270961,3967.03166694336,12741.5125548277,1293.89045924042
100,0.215,0.825,0.207844400994472,775.909826210951,0.174375694121379,924.869251041088,229.813843872325,387.060635736324,1.3,1.55708359860434,1.48395664497599,1.27786141292059,0.859199488553514,1.25102195972357,581.178040033856,778.196993901885,522.014321255565,3330.34434194272,1125.13572195251,0.956953595060175,0.783361986206688,0.995251110107924,0.383968321347055,0.464750825458231,2.5919077985414,3.05753930579757,1.70583891648264,1.25580309002762,2.02002504090322,420.668548075496,474.427259226267,389.941559268281,1146.83672342486,608.824937561545,1212.50384763313,3584.35836236302,904.421787695043,557540.837268309,31103.3227956578
100,0.215,0.825,0.278487170955192,883.95437971124,0.158592041373319,924.869251041088,210.627343926679,362.492299414816,0.9,1.79324827675328,2.52293571115554,1.69119921176698,1.0379748307918,1.67754003931861,883.383816370171,537.722635479516,513.545244879633,836.5405307954,869.342066991185,0.833634015576401,1.68891987837063,1.25391621750412,0.715385007039425,0.76216560169941,5.13646278702603,4.43330578656526,2.49698229963282,1.59199110575755,3.6797806690449,469.212147562173,415.072161692359,404.883873708773,519.564762540178,495.085325086013,8815.37279171582,881.758997241265,777.366902377186,1914.40237048764,6287.80967041413
100,0.215,0.825,0.278487170955192,883.95437971124,0.158592041373319,924.869251041088,210.627343926679,362.492299414816,0.9,1.02438723577627,1.30092083676007,0.948222127082177,1.25665974972798,1.12281519341816,2131.94348700927,708.996834631241,1382.89081193931,688.901876227861,872.635986792739,0.468765198149234,0.934040820762517,0.511726919568225,0.884220226461335,0.70512478961468,2.05092312026053,2.07218017324871,1.88116221061508,2.11021361548638,2.96936338578767,684.184754337001,461.643580423234,593.409627124841,454.947599306285,454.189653287513,45197.7727988325,1476.17947869106,16176.7191594541,1455.07373813091,3076.06994824126
100,0.215,0.825,0.25758356990199,840.1141,0.163241635870107,924.869251041088,216.399595490668,369.485692399371,1,0.401082758896323,1.14422918267512,1.43203764510146,1.11949106712522,1.47223626884193,183335.401033337,669.214046012122,506.554937983722,746.66499193916,662.022742309142,0.218689998138722,0.812319128529405,1.03671368597635,0.67880584258792,0.924303344612918,0.918703465851851,1.6733196275394,2.05216729813579,1.64165650671579,2.44601365733334,4225.22754210112,430.13026549294,367.630621285459,441.112420572716,446.485947324237,831557785.951223,1708.82070357658,906.494740735227,2444.32590959106,1935.87725597769
100,0.215,0.825,0.25758356990199,840.1141,0.163241635870107,924.869251041088,216.399595490668,369.485692399371,1,2.08007672905988,2.0304965534026,1.10781626859416,1.2306214585798,1.04381815645843,552.072075631585,542.466046381146,786.796460036671,1190.35038867851,834.972060006814,1.52639922983452,1.30030032436604,0.64468008824675,0.686937672053116,0.626860904185754,3.15021867492977,3.67982023973505,1.71290751226235,5.72132939518485,1.64421448387881,411.714944738897,400.107888706632,461.626787095202,491.795686652477,502.246290585094,984.213649052394,1086.05765157497,3099.25637550454,8880.81277013737,3071.04702763114
100,0.215,0.825,0.233754681559727,803.563879727765,0.168562831860821,924.869251041088,222.883586821744,377.709824077126,1.1308,2.36634531496862,0.975884753599625,1.19918776395055,1.97904878041919,0.987266384615414,832.762969639998,1189.85836352501,771.188914833149,714.061818211166,840.442179786965,1.02577881005822,0.666123623456872,0.732306396289964,1.50855517367457,0.674285908034139,21.2377733852459,2.02055735766644,1.71347269003111,3.09277414044018,1.48282471841904,406.587437404982,589.9670140113,500.222764053554,484.725366909917,508.852027108847,4160.88543524467,4304.61363593855,2290.64858743526,1377.9428018263,2242.34990591885
100,0.215,0.825,0.233754681559727,803.563879727765,0.168562831860821,924.869251041088,222.883586821744,377.709824077126,1.1308,1.78822868116298,1.01101019107965,1.4903311408474,1.10191235381677,1.13232647021036,575.486507118588,904.157061251237,576.378663136303,1086.75958497464,963.32941573243,0.836359924310631,0.649130620827757,0.862487069726523,0.748901758196257,0.799172494571836,2.95632593594018,1.52542970217407,2.6890880975491,2.39790525587852,1.76065579794231,404.900383437493,528.485840248793,408.091307178928,540.74036164554,532.429015246683,1557.11466100879,4195.63625504885,1613.17911428919,4282.60190646031,3290.03169879351
100,0.215,0.825,0.222548475552248,790.258249769115,0.17107334979663,924.869251041088,225.896577087981,381.694351762218,1.2,1.54949803992907,1.33005200081628,1.24116513678105,1.1186606422465,1.1537299005658,485.51051131262,745.528603440382,1076.03202462491,728.311851836448,755.789649011657,0.894655043568679,0.756586624235941,0.650826215740603,0.582022034772937,0.691434677527789,2.26154753614627,2.68713149065297,2.63753089863305,1.69378542071199,2.83768530172523,357.481492369925,436.669430516711,510.417074823377,444.935690260231,420.604135076338,1027.6994424693,3166.51612965308,9725.78280706998,3272.33851046492,4119.34206267192
100,0.215,0.825,0.222548475552248,790.258249769115,0.17107334979663,924.869251041088,225.896577087981,381.694351762218,1.2,1.30618039981282,6.06405840715781,0.760201453546241,1.00329814516199,1.38076068125367,1061.29384631185,456.900682155457,1004.00851014244,925.319616284701,783.232671673129,0.550841567043008,2.09502604888816,0.521108049571955,0.531117957846343,0.901865659654012,3.69553679622328,17.1352116653197,1.14301994339995,1.744742043581,2.70977909548903,520.907833858865,400.605257061485,559.286067762233,520.291663095691,490.605136190245,12080.4359471827,1176.19796384877,3293.87410857191,3765.10285000657,2531.81758426191
100,0.215,0.825,0.207844400994472,775.909826210951,0.174375694121379,924.869251041088,229.813843872325,387.060635736324,1.3,0.62958799324174,1.08963457622,0.964562146311308,1.45543860790336,1.43950016207116,4891.39279415625,985.655799389094,1619.38110810489,575.9959931712,817.88034539942,0.381336594454204,0.839930241702386,0.675657530428208,1.02925289812091,0.811423816194491,1.66659593906589,1.61374575920709,2.06072288435533,1.95725746765798,2.304639422352,810.024794028469,575.159021099519,623.82744952058,406.41455643281,491.239816398999,237346.282547105,2421.18190132701,9026.63454824574,958.241332259938,3006.86847508723
100,0.215,0.825,0.207844400994472,775.909826210951,0.174375694121379,924.869251041088,229.813843872325,387.060635736324,1.3,1.07743918099377,1.33615486431922,0.975445859371922,1.06090058360028,1.09573576771254,1098.28477647276,796.762097270606,900.750334327528,2146.13372734316,1190.40374701535,0.683855499905587,0.840054271987076,0.637477331811773,0.660712542199935,0.864394991307806,5.49302134066112,2.08608060372856,1.80792182508746,4.91475757736399,1.62291639138664,478.326098894401,516.550803353165,521.748729607516,622.467542595085,671.778415544143,5316.44928420413,2350.59142871977,3205.1726886658,16012.2646078512,4002.07004508873
100,0.215,0.825,0.278487170955192,883.95437971124,0.158592041373319,924.869251041088,210.627343926679,362.492299414816,0.9,0.955410155478404,1.58669267361279,0.590336563722054,1.32652589297682,1.46448716117147,1289.90040361377,459.704744980475,2885.1894463377,636.838268688181,731.901694281191,0.615558005814547,0.933105071690714,0.384163178785966,0.905376992976082,0.792768642145549,2.13437652181096,2.76637948096564,1.13470653483479,2.73438117249544,4.81296552693387,548.300270475357,344.246987703221,630.947642359998,403.288522473226,412.970319014737,11999.0658410658,882.764579750059,57281.9665988603,1371.49233163236,5928.45519048931
100,0.215,0.825,0.278487170955192,883.95437971124,0.158592041373319,924.869251041088,210.627343926679,362.492299414816,0.9,1.26964752104429,3.00737352284211,0.885293769528723,1.39048180492213,0.765998385758674,936.595800178099,571.664526027707,1405.10948646029,771.626803181901,2299.6394774491,0.801128226300693,1.43504106163002,0.600095713774969,0.866769149034325,0.361475353817998,2.39831536319699,5.72587221793568,1.43996308200156,2.77998971731277,1.37240318600104,523.976253575555,429.212435767829,697.63644089111,478.302773572154,797.90009281769,3137.50366621002,1342.88815808535,9272.99346015097,2111.87489120845,202727.490412761
100,0.215,0.825,0.25758356990199,840.1141,0.163241635870107,924.869251041088,216.399595490668,369.485692399371,1,1.27731004909409,1.45417388211159,1.44715242956967,1.74102554616046,1.15703838927859,701.871927909183,725.678584755398,463.414780464551,531.222436684649,1083.17619484878,0.939191142576262,0.923271028010676,1.06074508680417,1.13131740243097,0.81801046866984,1.70739500221636,2.91841526422137,1.86594185169899,2.74737465518408,1.8604270131074,445.151378276342,434.416251802998,340.111070933156,374.317147390465,518.366021823015,1686.85697852365,1882.77223886412,788.361148890576,1075.21886432525,4198.18538788229
100,0.215,0.825,0.25758356990199,840.1141,0.163241635870107,924.869251041088,216.399595490668,369.485692399371,1,0.989259362660479,1.17590529411325,1.17322394487365,1.33697998362039,0.961400337874171,1161.3083971814,646.162362842555,519.962403548015,640.464811645532,2316.03986295586,0.423622128096733,0.56944540190088,0.621832103711717,0.836772078923854,0.639747140471812,1.61567169806327,1.81196897055462,1.73449978261727,3.33956456673273,3.76713268812018,551.939204585576,404.677934795881,352.911863491126,399.938640967588,713.880393072312,36844.478669018,3719.58030085126,1549.82892052086,2127.29958020873,10678.5995407135
100,0.215,0.825,0.233754681559727,803.563879727765,0.168562831860821,924.869251041088,222.883586821744,377.709824077126,1.1308,1.62268080556404,1.20386070592977,1.14280265514548,2.11214934998356,1.22358011812916,736.266990806545,612.325697849326,966.062158979519,554.75050056151,923.752418170461,1.11046042171115,0.939701834878205,0.733617349247922,1.06899776015204,0.748055824777206,2.75978722946039,1.5307733074461,1.69253924073288,3.99859642002198,1.98924187624503,480.764185626192,409.672007308913,548.05038909203,409.94479759867,536.552317482625,1622.78441746163,1098.65694753734,3983.76763502299,1201.10581946614,4089.78593887948
100,0.215,0.825,0.233754681559727,803.563879727765,0.168562831860821,924.869251041088,222.883586821744,377.709824077126,1.1308,1.94503997496875,1.54625865070374,1.14676234670336,1.00665286498525,1.69279321606201,684.786482053743,943.100398638848,719.752157659134,1389.81341321511,764.326056459082,0.507987752521385,0.924591227025873,0.808119777815228,0.524701361331477,0.968235366142335,4.35854406324126,4.02886854849407,1.77686559714415,2.27828642700083,3.42346212937131,450.117980161669,541.089563007599,461.347628072907,631.19507765253,488.207355032375,15466.6093144117,3806.21749177541,1536.02113620556,18191.0413144008,3094.20463271789
100,0.215,0.825,0.222548475552248,790.258249769115,0.17107334979663,924.869251041088,225.896577087981,381.694351762218,1.2,0.875740587754773,1.33096773655205,1.01893199641574,1.49467774684581,1.4375959693998,1187.32436886556,964.634971461672,819.931173794967,595.139489118973,922.884628967781,0.609969060017945,0.968549922143257,0.762678505524407,0.771362639501795,0.88053622831746,1.37314838385366,1.83217161233333,1.32484193551367,2.51158607978243,3.76517210298937,567.130677647097,566.181750897561,493.939816657679,417.427240800472,528.495741616789,3214.97949813112,3479.11300194776,1774.84793843044,1712.00800036872,4117.45553704954
100,0.215,0.825,0.222548475552248,790.258249769115,0.17107334979663,924.869251041088,225.896577087981,381.694351762218,1.2,1.08941401453299,1.28124270120544,0.93438565897101,1.4767015475497,0.803042553345968,1018.40891073904,831.309595877642,1491.46747288598,735.70028714454,1483.41888172401,0.704419112719104,0.869959579666177,0.580737020062637,0.701882714552196,0.568278474049371,1.88447109042702,1.97496351041319,1.42665541346267,2.87200081643487,1.37388609861246,542.188922318198,510.571914917051,660.520415840716,461.808495140904,637.647369008279,6805.31996731503,2052.23883960663,9178.13847861237,3670.14326117743,6169.69214834997
100,0.215,0.825,0.207844400994472,775.909826210951,0.174375694121379,924.869251041088,229.813843872325,387.060635736324,1.3,1.40962109722121,1.01046407510297,1.1226486827318,1.20889278653602,2.13954390010979,1179.16204509383,912.816917617735,822.695078648442,750.303795445215,620.53135042102,0.583107499630611,0.67477830777326,0.730944077922738,0.89762489723084,1.13273007888805,26.21180066061,1.6962391806582,1.66973245317153,1.60671130403447,3.76462448326883,419.577911438816,505.294247605079,491.234353669644,477.067170723961,454.468146268431,68379.8354529952,2991.95100063836,2833.95685490195,1835.58358927416,1592.12350036815
100,0.215,0.825,0.207844400994472,775.909826210951,0.174375694121379,924.869251041088,229.813843872325,387.060635736324,1.3,1.54973339357461,1.20743768927662,1.21692277792893,1.57013352130141,1.20789375014635,912.460102453667,977.921863321816,688.281774561885,757.6775740384,930.246314358989,1.15138504323369,0.859411042618795,0.985170932886569,0.964059477960658,0.865363948098221,2.60429631434707,2.46072693235278,1.59959065536983,2.48037153181143,2.15903609330192,518.815877363381,541.233588275217,465.672069308284,513.052381480886,522.501637615604,2607.85390275071,3433.58847206498,1387.3113083606,2282.83624833179,2980.22863306125
100,0.215,0.825,0.278487170955192,883.95437971124,0.158592041373319,924.869251041088,210.627343926679,362.492299414816,0.9,0.945271192142658,1.37837579155315,0.831453655127646,1.20236966946716,1.28654240822686,1646.2298416258,995.442237668467,769.065904574739,667.875459125169,942.464080979898,0.43907275282246,0.809563892816961,0.611751083208145,0.833233831072459,0.808434419560433,2.33982312514888,4.48484589594514,1.16241099910685,1.85941585944386,14.1714416967096,585.674031697569,488.715604956769,428.1477144678,434.181183430738,420.660360022815,138780.701668241,4486.59918335865,2031.76599009823,1565.97185759432,5346.77387898144
100,0.215,0.825,0.278487170955192,883.95437971124,0.158592041373319,924.869251041088,210.627343926679,362.492299414816,0.9,1.23835439028737,1.12059489456613,1.10180846890801,1.51266785158078,0.808690520201958,857.187817229625,1101.6826625945,625.990800972724,672.544724128125,3491.74518038809,0.929542539215095,0.736074849110957,0.848013655978045,1.04006112616209,0.402822394841884,1.73115575704046,1.74213957296364,1.4207106225062,2.11633973098537,1.64721539541209,498.069671541327,565.665678350377,430.638318716006,445.74639124313,916.021620953368,2161.68696207205,4932.83488078863,1293.29528543783,1351.69090370588,132285.068010776
100,0.215,0.825,0.25758356990199,840.1141,0.163241635870107,924.869251041088,216.399595490668,369.485692399371,1,1.17399778060695,1.18186117875766,1.40281042560882,1.12246983439509,2.21226918728176,641.123049549199,768.424448287505,564.961113799272,952.482426132614,1121.74558321045,0.714695736062941,0.85237145086126,0.787161261057498,0.816346211233035,0.996431613123403,1.74748119713019,1.92151123912998,2.22595319743633,1.71975229878636,6.71138419145505,412.265583635249,484.872819413812,394.493991350253,521.531024277156,399.399653215375,1866.56735781724,1822.03867289795,1211.72123049337,2984.68353088891,3069.63186137831
100,0.215,0.825,0.25758356990199,840.1141,0.163241635870107,924.869251041088,216.399595490668,369.485692399371,1,1.66694120055633,1.37877394601807,1.34930043857763,1.36666356093742,1.25168263369561,799.32092295387,762.927837326158,573.285671767695,650.046828512042,683.423788777331,0.929954138436731,0.950429863258817,0.82602513766016,0.957017966501508,0.697632615641515,2.89273879055526,1.80902938981037,1.89627076119875,2.28608046213405,1.78517633286256,456.814338193906,461.393518003112,392.62721889985,428.488478524549,427.929307689132,3011.07013778185,1687.05819959817,1580.28815493163,1581.14578381313,2356.58430943608
100,0.215,0.825,0.233754681559727,803.563879727765,0.168562831860821,924.869251041088,222.883586821744,377.709824077126,1.1308,0.892123801324694,1.48487709360682,1.01507146468572,1.6257012945224,1.42842628704185,2061.01803861205,975.249549920053,1006.69540612562,543.852468694693,908.259336232468,0.538176852601998,0.877708180412285,0.656141253981557,0.78225099848291,0.916422691199285,1.57297471861644,3.13335600994997,1.92121303967338,3.00395223115254,2.4262125030301,764.83495582175,552.524426951826,540.484269153463,407.613004309029,546.145336118337,30977.7393869081,3869.29550794045,3835.44951806302,1305.61077616862,3231.15435749395
100,0.215,0.825,0.233754681559727,803.563879727765,0.168562831860821,924.869251041088,222.883586821744,377.709824077126,1.1308,0.758805409337028,1.80298504344026,1.13976133377149,1.40239233823987,1.01804669192803,4523.34515121677,505.681378891092,448.126048620879,714.352128387433,1694.2142234372,0.280069194435957,1.26379044079506,0.730524956118773,1.13012597518817,0.702550590376365,1.54483707648604,2.80712714227725,1.54143150779579,1.87623274555815,3.32467140017785,907.84653583706,367.200799378591,327.061222187039,441.107711976966,680.658494770194,6913655.40173362,888.721606896586,801.859841028531,1665.45316082828,10484.0289103797
100,0.215,0.825,0.222548475552248,790.258249769115,0.17107334979663,924.869251041088,225.896577087981,381.694351762218,1.2,1.48668609626811,0.914889683849515,1.28616591621776,1.34771992800866,1.1637532368759,885.52838604571,974.169169432468,528.823341757112,848.028223199581,776.850982709911,1.0397585291271,0.630365274350574,0.76419273896532,0.815812237244644,0.709693890676762,6.05619541420892,1.97036849536721,2.20839491129309,2.50656994131474,2.92114258083733,474.248124484143,491.305445047769,378.007941719814,479.147964697279,445.052671943756,3582.47517876303,3795.81022656921,1420.86959432526,2692.86989785518,4900.68897891214
100,0.215,0.825,0.222548475552248,790.258249769115,0.17107334979663,924.869251041088,225.896577087981,381.694351762218,1.2,1.77962231168817,0.801283727033251,0.811167945868002,1.52887241217598,0.979239731137995,562.378773878622,3132.99343893051,1094.39545641916,497.725966978055,2178.89740769288,1.19752084983994,0.515240978352132,0.597605483836793,1.00982477063342,0.479804392819886,2.41570385104896,4.12999907448099,1.12979067645618,2.33752187655257,2.95655949679698,402.565963690019,700.313701691062,563.610737338503,376.934934532735,615.375620880248,969.871198603379,99843.5080424801,2979.40692341151,898.05853609558,61982.2250857591
100,0.215,0.825,0.207844400994472,775.909826210951,0.174375694121379,924.869251041088,229.813843872325,387.060635736324,1.3,1.41827413915839,0.940920428839914,1.65169024772303,0.993765880371102,1.45112325832061,881.573061899782,1223.23848010545,600.197636807381,928.623155858272,726.988591848801,1.064430264056,0.599545089884485,1.32007931145357,0.535432834466671,0.935779471310074,2.27968092079853,1.52386672278156,2.14111562293692,1.63215583033358,2.03158211052593,520.878329783387,585.106104328467,437.712434860122,509.183267047025,455.315007878299,2538.0187478724,6231.20851591341,1118.39129512737,6186.74076628164,1972.68490078721
100,0.215,0.825,0.207844400994472,775.909826210951,0.174375694121379,924.869251041088,229.813843872325,387.060635736324,1.3,0.884684503162389,0.893809337618177,1.402902784747,2.09732258031865,1.11133684118037,2410.04022066579,1157.70136939857,1128.6688815656,638.052450854924,1018.72052334869,0.611574985104712,0.682231177172951,0.811729854041607,1.17051374954534,0.796595079822702,2.20095004654915,1.19951520158567,3.23211804518329,4.34443263894578,1.79637812426127,936.318193946483,628.039230216744,554.474048109109,466.080684101568,578.797129083317,24143.6813220686,4307.97589882516,5450.3991790327,1407.78344623599,2786.6589887973
100,0.215,0.825,0.278487170955192,883.95437971124,0.158592041373319,924.869251041088,210.627343926679,362.492299414816,0.9,1.53567524800995,0.901218048690276,0.927327628004516,1.24553799081847,0.970788316672671,614.193468175374,1519.47016164113,543.180022277376,805.699742122027,3883.18166481865,1.01691486893933,0.540654311628851,0.728242927217751,0.637330950083743,0.555112127909599,4.34125551150909,1.29158386303163,1.21892400210126,2.81537582919315,4.23128043262028,412.58764516693,673.336857992651,351.276725469554,438.148444138447,785.60849788957,1675.50028339974,14102.3668978956,1045.60793132603,5226.94893043421,127660.908372487
100,0.215,0.825,0.278487170955192,883.95437971124,0.158592041373319,924.869251041088,210.627343926679,362.492299414816,0.9,1.74530182770949,1.1093007464724,0.917121434041347,1.49709595378247,0.847632279580991,544.127444637467,564.41350258079,937.137625052794,695.852883476881,2535.27718004988,1.04017268604197,0.75982954488623,0.613466487210917,0.860609648433982,0.576344047948002,3.75783554729854,1.50790550308285,1.50541093066713,3.28279635243384,2.89806481357583,390.657450104049,379.439420175329,483.62453877981,435.761634296363,680.323112677426,1527.19616774801,1180.90408046075,4024.5189246723,2037.91547479629,34412.2892844931
100,0.215,0.825,0.25758356990199,840.1141,0.163241635870107,924.869251041088,216.399595490668,369.485692399371,1,1.00968967321898,1.22138000679882,1.05075022868837,1.19806240388245,1.29816222775488,731.516459919146,1463.37675698827,685.777993467608,747.834307586587,933.947361937446,0.725855702182853,0.910576270702417,0.779396220007319,0.670666777631863,0.65147575681914,1.47245376884627,1.87327385711088,1.5021133120001,2.87144628683447,3.49715441131434,451.494696974259,665.408187940893,420.198015767454,440.789196056533,491.367026390972,1867.1545427645,5146.22573085667,1503.93223247535,4356.27420046185,5621.60214895542
100,0.215,0.825,0.25758356990199,840.1141,0.163241635870107,924.869251041088,216.399595490668,369.485692399371,1,3.08066773095815,0.866381878247408,0.801423296837892,1.74114915936918,1.3242153180514,515.166110207109,1352.49392940541,1178.90719049628,635.647802833014,866.009214335431,2.03759841647862,0.475910749975774,0.490299356221226,1.16935256911999,0.858093917386564,5.90197977570612,1.8714635473539,1.37830366466126,2.6435348054335,2.30242254962753,416.366960379574,568.476914242404,583.754402443296,440.290302104629,499.99966028696,894.736302317815,7611.96948895488,5282.68918472033,1208.72070655162,2773.1390042605
100,0.215,0.825,0.233754681559727,803.563879727765,0.168562831860821,924.869251041088,222.883586821744,377.709824077126,1.1308,1.24638008264933,1.27312925283898,1.40375617362246,1.00281245856871,2.3579897387324,818.022605920348,838.517621805261,535.424458282115,863.26729947662,817.645310759503,0.857552654698023,0.846757753854145,1.00118477051145,0.666442887000121,1.30320826302089,1.77106357864118,5.29284637345224,2.07608453194438,1.51099984428529,9.1698369743226,496.313632893937,452.198660514791,391.685490136418,489.808541712106,392.362915110357,2013.82307789142,3281.43791372473,1056.22287048597,2700.8768202506,2479.35780567094
100,0.215,0.825,0.233754681559727,803.563879727765,0.168562831860821,924.869251041088,222.883586821744,377.709824077126,1.1308,1.511763688034,0.824464932742592,1.48693565491284,0.992361226346089,1.12496527869789,536.292892213719,2035.84043004309,554.395570585888,2132.94106054556,631.980411511133,1.10748949076171,0.562369372850292,0.958176898221897,0.548898557245709,0.855999709895157,2.03217586009923,1.57444729607979,2.90429326688955,3.22534943339097,1.57260935716667,388.315245008741,700.812225294236,393.09122939836,624.361004091764,398.831640521975,996.788339225282,16110.0173238492,1289.48813465741,58599.8623441337,1316.49148558675
100,0.215,0.825,0.222548475552248,790.258249769115,0.17107334979663,924.869251041088,225.896577087981,381.694351762218,1.2,2.22205419967215,0.892804055034605,1.05118662193306,1.26617444779005,0.955122131295551,787.70843344438,853.531920910823,867.80433570084,961.623459095778,1355.1659711833,0.724075332216962,0.670236170677026,0.848141692171521,0.742033632513158,0.567964491801462,8.26326165416029,1.23817402636793,1.39240349169059,4.34219459902232,1.81252893105543,435.443281859516,499.570863206722,514.167739258949,502.739605524651,633.151924302131,13043.2309756511,2123.18536465157,1850.83501590467,5376.10983946827,13433.5553063514
100,0.215,0.825,0.222548475552248,790.258249769115,0.17107334979663,924.869251041088,225.896577087981,381.694351762218,1.2,0.869780768303148,0.785913966102053,1.69461660170308,1.41517463574742,1.19851946918249,1881.75915038861,1977.39662725359,695.450648321335,699.730074253831,790.376864784107,0.599236946296148,0.466323870154362,0.708952131258536,0.802466033183607,0.622670193877081,1.45875185121215,1.62925134795948,3.09838024678931,3.87352258912536,2.06376365996135,761.652541891979,679.69108465966,456.331531168452,447.751352773978,478.692807777932,12608.6670766844,45113.6641528403,3304.00720557834,2636.39144169983,2763.77173425565
100,0.215,0.825,0.207844400994472,775.909826210951,0.174375694121379,924.869251041088,229.813843872325,387.060635736324,1.3,1.85680567529555,1.07286004798701,1.12618993164187,0.616426011234682,1.12210398882617,893.693111438006,970.005208377295,1123.85624984487,6334.79814625567,2363.90741339848,0.701085488927048,0.491889405255165,0.64474545873729,0.377946629702443,0.397121189254953,5.54633844225491,1.68825176598898,1.90608959325999,2.45552056291866,15.6006715495441,532.983702624783,609.378053494806,632.196345156517,683.717726640368,438.156721146879,8582.00181211843,6055.87252328932,5444.8664440353,223867.405422086,1672958.03159611
100,0.215,0.825,0.207844400994472,775.909826210951,0.174375694121379,924.869251041088,229.813843872325,387.060635736324,1.3,1.28436806514013,1.78150088622793,1.23118665017524,2.39224522978828,1.09368454675347,1194.9313587389,534.550575071284,1214.93670651863,670.779502195084,788.706926315893,0.802963818757173,1.17884982440493,0.745904428240033,1.02393720288906,0.689564046891753,2.01460388580623,3.62192425373767,1.81240715296707,5.86702497761318,1.76340977273939,626.078753254496,407.509353609427,654.160779414919,468.622099277976,488.38240208928,4566.92887590303,906.396684532353,7044.93741212994,2046.87960947927,2419.21338171842
100,0.215,0.825,0.278487170955192,883.95437971124,0.158592041373319,924.869251041088,210.627343926679,362.492299414816,0.9,1.2660286787797,1.15785449480278,0.867832666685363,1.31232351882911,1.07348221142646,1266.93957459731,734.720919358473,767.562029506675,1050.60644312711,1708.35012050276,0.822581606459322,0.882578211826064,0.618466685525159,0.790420085772246,0.829622613175234,2.46744830731987,1.54962096424641,1.2349806752888,2.14843541654473,4.60109176921105,573.84758516214,474.365159430745,456.683982966625,559.794821139934,734.871270326467,5659.13687484106,1545.14675380277,1971.21407299457,6399.71264134783,6549.76476120688
100,0.215,0.825,0.278487170955192,883.95437971124,0.158592041373319,924.869251041088,210.627343926679,362.492299414816,0.9,1.42091390183466,1.82592807710283,1.14988387533448,0.891508372830444,1.72081608880008,1876.75792867424,688.594115046942,508.034044593608,858.233646239233,623.593040457625,0.994114789079849,1.16560423240676,0.807329190703905,0.621318614758646,0.977710561042265,5.37983318411603,3.2814426044537,1.54329277696018,1.18059529137008,2.46248225198784,645.372156180376,447.299030789739,358.855449004407,478.570077478155,429.240315723769,5441.05307002355,1513.31772789977,989.956361204217,2603.72180913876,1325.42690870135
100,0.215,0.825,0.25758356990199,840.1141,0.163241635870107,924.869251041088,216.399595490668,369.485692399371,1,1.07242655240675,2.00042321556122,1.0477336120905,1.01880921952777,1.52524748208985,1078.56385905668,532.486764062028,734.70016760993,1409.54594125907,640.991302805611,0.721819071589436,1.26695740131029,0.746677952277873,0.688754093557971,0.954891470414422,2.26719502415567,4.50897361213517,1.58346180455937,1.45527039504216,2.44373501397703,507.40888734332,402.68941060335,431.097484186257,674.95276678906,430.941865268604,4621.6873983815,1014.26304125389,1943.8422039882,8055.47240298639,1369.18290711842
100,0.215,0.825,0.25758356990199,840.1141,0.163241635870107,924.869251041088,216.399595490668,369.485692399371,1,2.89861258170395,1.20504860814163,1.07662308647197,1.38862617754018,1.51176055035677,647.593616771301,1069.09886925511,688.59795610549,554.922422755861,564.340858190379,1.40589193080131,0.841462953243933,0.796199339122411,0.870540074057316,1.07116183548841,7.74977534595481,1.69208035516932,1.47479890550804,1.96662820009689,2.10905335170332,434.009950672714,547.232084238231,408.032362930169,383.452466351595,400.202974973642,2394.65363296814,3908.03519633858,1411.617535638,1269.03828278378,993.062097067337
100,0.215,0.825,0.233754681559727,803.563879727765,0.168562831860821,924.869251041088,222.883586821744,377.709824077126,1.1308,1.839869280892,1.4311304004645,1.27235329769441,0.85372293144174,0.939167704187078,625.081938210279,806.39640624693,593.88614749901,1447.57543388888,2901.34946781688,0.793346633113131,0.691270339233323,0.844050883618159,0.528714022108744,0.443938776773269,3.84590183727003,3.94968112661378,2.26836776968385,1.68470576112243,2.58714605888875,424.084506815271,440.027343896277,408.952191073036,620.439442432522,735.544333720166,2791.24949877605,6555.93338215906,1156.56124992381,7629.0473522416,164576.779251395
100,0.215,0.825,0.233754681559727,803.563879727765,0.168562831860821,924.869251041088,222.883586821744,377.709824077126,1.1308,1.82719358585992,1.64857163434451,1.03314912220511,1.32290241451444,1.36961989740691,671.637886618496,901.526412102038,1005.70008949194,846.957888168313,820.529023908069,1.17467167611563,1.03336911090805,0.743923970102294,0.715218563999945,1.00474222306941,3.11835226869391,5.23983771848669,1.40351895592809,2.23083934751089,2.01121659384753,476.568233934704,493.981184071022,580.632206702496,517.702544942429,506.722948350178,1522.50728156069,3553.11580254376,3002.05365571777,4656.0381740583,1920.92689985411
100,0.215,0.825,0.222548475552248,790.258249769115,0.17107334979663,924.869251041088,225.896577087981,381.694351762218,1.2,0.819682885789709,1.70694037532658,1.07131563160894,2.57078582693339,1.00886292829489,1009.60783133148,556.634689141138,790.695773747889,664.173104040193,1415.9607129513,0.56506290155377,0.818403152805789,0.755060014458062,0.536181657820976,0.547223793136316,1.27113218349631,2.62599909269418,1.95620768391824,6.69841832856268,2.04522455818102,540.559721838229,410.013054487014,477.581821009334,445.175414953427,572.717424671504,3419.8169608395,1423.98355901607,2195.90866791827,4873.23885074967,17046.9039411037
100,0.215,0.825,0.222548475552248,790.258249769115,0.17107334979663,924.869251041088,225.896577087981,381.694351762218,1.2,1.01359276384226,1.95509148377193,1.41795003212616,1.87464503335636,0.938520605773848,1025.94750458039,517.140434104765,808.512652711433,745.30285295385,1561.20081519506,0.757327239699784,1.32991612929572,0.673526080730267,0.817212047938879,0.719560788554635,1.300707236169,3.39341378535303,2.78491742060406,7.87010616201873,1.2326769566132,561.748583793471,404.204133464632,496.097097332812,446.968187023796,752.043280668961,2348.75284996451,852.303721633315,12166.0448047636,4460.8760807862,6622.51469270727
100,0.215,0.825,0.207844400994472,775.909826210951,0.174375694121379,924.869251041088,229.813843872325,387.060635736324,1.3,1.13285706740897,0.818014427293555,2.02279253822589,1.15823209132079,1.4122140625967,998.003829725227,1642.6506133786,667.534131070449,1091.59513534592,493.379292785805,0.854186659800248,0.575107238904941,1.35492650691666,0.706558479073399,0.959932346200715,1.75607400933265,1.1930951405172,5.16888963494458,1.81511523252213,3.40276136509707,581.858138546394,707.447664520641,468.885860179918,574.799477375915,383.468173109076,2938.40333420472,8147.42190112968,1704.43802270531,4385.96979241563,935.248482237557
100,0.215,0.825,0.207844400994472,775.909826210951,0.174375694121379,924.869251041088,229.813843872325,387.060635736324,1.3,1.58240391491904,1.59342936642764,1.53987520130866,0.66945786519198,1.16728342194418,630.742620621331,789.535537432973,847.543437103002,1814.96139464003,1166.1350456879,0.79322019036171,1.07465630008216,0.674249795815306,0.469643528072364,0.713955674445302,2.72401647953958,3.0966590348791,2.77018632100287,0.953056523418885,4.1330289263351,444.166112579179,506.247179085814,527.319132538619,804.512036310807,520.990747721674,1903.94746557959,2025.12978984698,5723.16207466848,12131.8327046921,7242.67331261826
100,0.215,0.825,0.278487170955192,883.95437971124,0.158592041373319,924.869251041088,210.627343926679,362.492299414816,0.9,1.82953624438306,1.31294614490694,0.831931139660134,1.44934428612461,1.58529594407807,949.329403980944,803.62705516427,1375.74540837769,684.43525609926,548.191338004346,0.983334120043582,0.899093061958476,0.543811715827725,0.776490957698602,1.18512675818911,17.8304043799008,1.84132122105272,1.25036040067952,3.69318857633462,2.29925546600675,397.566532330671,493.092701051527,641.531598055272,436.386288935771,387.193986192465,4334.66825755574,2329.97575440657,7253.18304803987,2776.81952684165,922.775053525574
100,0.215,0.825,0.278487170955192,883.95437971124,0.158592041373319,924.869251041088,210.627343926679,362.492299414816,0.9,1.95364256909878,0.962628489231734,0.763012941143673,1.16800590320321,1.37156331745865,496.974253234945,1422.84923471011,1714.92618507023,700.61633001794,861.23146202364,1.3704844772365,0.759785422278974,0.394245431607976,0.834353113325789,0.559659983768391,3.15220167795351,1.24036760733607,1.70395197210903,1.7118440350734,2.79012260639417,389.325325198072,701.129456373833,598.520128327227,432.646130820182,501.337269785791,827.890787362518,5097.41216229652,59415.293915921,1611.83624540585,7922.78515630174
100,0.215,0.825,0.25758356990199,840.1141,0.163241635870107,924.869251041088,216.399595490668,369.485692399371,1,1.01959166138025,1.44012484325136,0.909234440806418,1.18370786859231,1.00645542368377,1531.35921664046,522.629439633443,924.63661510573,852.748177780492,1322.78327220457,0.48101334216509,0.773718940410132,0.65490967681881,0.760583244189329,0.504145135251844,1.76290819114711,2.06223452096983,1.3023009129043,2.09221368341004,1.70269632264484,629.218472081771,368.545374316146,486.858888432069,487.153375195295,586.953965436412,67708.516190048,1264.30419846406,2842.3603651193,3076.53824130459,24032.2405013068
100,0.215,0.825,0.25758356990199,840.1141,0.163241635870107,924.869251041088,216.399595490668,369.485692399371,1,1.1670045137335,1.06576182281464,1.09268295092428,1.52484606989079,1.63087591466294,725.31703465519,762.485310221293,999.320309248986,626.314608164991,624.705238686302,0.88805866727018,0.803208175964752,0.688899095882212,1.16591750746522,0.942933325704189,2.06314635168968,1.48084129915376,4.71208057460108,2.60662284316939,5.57604513166719,455.867485539218,447.537905580373,426.822728583236,424.066570755419,409.368140260393,1567.19577266428,1861.76209343379,4660.50094646472,1216.14866507227,2385.4487164704
100,0.215,0.825,0.233754681559727,803.563879727765,0.168562831860821,924.869251041088,222.883586821744,377.709824077126,1.1308,0.665370496129642,0.947416177073595,1.28991903375063,1.11605073865998,1.54438658746798,2826.41308910711,916.552160052947,706.497589047791,1384.75168385212,683.484629899833,0.424670752295608,0.754189535494577,0.78240493742657,0.652669957485816,1.06771881603054,0.962215134227899,1.21995090070135,2.84930405822426,3.54777317056364,2.99047984454853,1106.49706141089,519.060515792455,450.91009679792,561.778964960646,453.588315628012,43574.2310425429,2062.65200409548,3156.12840477316,14249.9469458031,1678.65551399398
100,0.215,0.825,0.233754681559727,803.563879727765,0.168562831860821,924.869251041088,222.883586821744,377.709824077126,1.1308,1.96811705912838,1.66782225216099,1.39973985871405,0.779111690233708,1.23251607076998,792.090860897475,486.733425449877,852.934338835206,3964.71552051905,781.447393850521,1.18726110144979,1.07133333645893,0.934779609552451,0.502448151891942,0.923180246435875,10.1299303962225,2.85594331307473,3.14278825448948,1.17016994128285,1.58826229507303,446.111694513234,377.228849632289,472.795284156405,1002.55046856926,498.747401882251,3089.19623283313,771.12117432655,2635.13357826682,42256.5173535788,1745.97304909875
100,0.215,0.825,0.222548475552248,790.258249769115,0.17107334979663,924.869251041088,225.896577087981,381.694351762218,1.2,2.28642338710207,1.4487238694985,1.41884910168847,1.07142104609274,1.13264609293131,687.582293186888,834.896056325566,705.699692317668,699.140074232982,979.00191940494,1.23005790092327,0.537960528421194,1.08031216658058,0.742843751137784,0.861347087466234,16.7209751520087,3.28071244271411,2.10310139387503,1.45587769099391,1.4457417504304,411.092494632319,462.307349921815,449.433007431658,444.964504772664,567.23185671226,2360.55113333283,8739.29512982885,1894.60784717317,1509.27802825544,2816.84551511497
100,0.215,0.825,0.222548475552248,790.258249769115,0.17107334979663,924.869251041088,225.896577087981,381.694351762218,1.2,2.12646433917818,0.728188471934062,0.956960952085815,2.36049578618883,1.20792586089375,601.553036352696,2437.0081064682,1085.76007245076,560.70506885808,892.458354397417,0.910076397806232,0.415541258281533,0.71318591903362,1.59077261350823,0.83436056651725,4.44783680278667,1.18783705090787,1.23209614551209,3.81195797155012,1.66843837061412,433.366602362714,894.281721250339,586.403398378548,432.317750406042,524.321695192099,2116.40153092902,81487.7899121025,3237.28680980224,1037.46781038285,2428.23476230883
100,0.215,0.825,0.207844400994472,775.909826210951,0.174375694121379,924.869251041088,229.813843872325,387.060635736324,1.3,1.34029954600239,1.07649466020312,1.19039224880241,0.738025166976775,0.751066850519683,681.880420848731,1002.78819875985,882.250205535832,2309.98994698335,5001.95932529993,1.03449475219072,0.7431666938905,0.739788052102466,0.286842691558809,0.358222892662561,1.86952733789148,1.92086590365749,1.93579489049487,1.43890909569131,1.70251903122479,452.192241733729,584.943372987741,545.897859130618,670.619720942283,1121.0700893172,1210.64150365989,4443.05654239963,3507.34445423228,220135.51710582,1159669.44297721
100,0.215,0.825,0.207844400994472,775.909826210951,0.174375694121379,924.869251041088,229.813843872325,387.060635736324,1.3,0.78070372490333,1.05062334804832,2.35364766361772,0.891103939233597,1.70273532154882,1462.52109492734,1171.05962351464,676.642561897993,983.829070764661,627.957102216754,0.53124368720337,0.767080694489076,1.32446518340885,0.60791969638025,1.06081778768159,1.10270189329852,1.4277859098839,7.43005855814456,1.27421514988737,2.69546280846867,723.184076349832,638.751819580199,450.540163022572,555.937079230768,440.524393450132,6192.10054067491,3417.45401237453,2232.23586003422,3450.40047093443,1582.96594601885
100,0.215,0.825,0.278487170955192,883.95437971124,0.158592041373319,924.869251041088,210.627343926679,362.492299414816,0.9,1.62457129729891,0.938194605280369,0.914362918352666,1.54301541611929,1.30827157310153,985.017452894975,1277.69488588263,934.614626057994,633.307934150014,964.254908577614,1.06535753961037,0.571960319858852,0.564693489272404,0.810870312186709,0.758630930622022,3.36519042596987,1.34936848858821,1.40566114406546,2.4760383410698,4.10843152883944,550.138731988137,648.310998346154,502.903903377823,444.630068690924,479.410240788326,3282.67057014776,8107.72199130715,3008.82494040685,1645.25196742388,6324.19695113476
100,0.215,0.825,0.278487170955192,883.95437971124,0.158592041373319,924.869251041088,210.627343926679,362.492299414816,0.9,0.996354144068864,1.33863757411186,0.925075465019076,1.92600208080111,1.15070781597239,2080.41496892641,722.867006265255,941.019466693967,638.380295622395,1248.11548726058,0.601801760741324,0.883445916712096,0.694053635040923,0.853452084406682,0.593840035390229,2.93823888585728,2.08693228238924,1.36220135770856,5.41215589632463,2.1946167484667,686.103046420821,470.028747759953,538.7073442922,408.11664931558,577.225823211652,23610.767970195,2282.21771622572,2401.76438957103,2417.4239361795,10066.5019684304
100,0.215,0.825,0.25758356990199,840.1141,0.163241635870107,924.869251041088,216.399595490668,369.485692399371,1,1.76781593772888,1.37478852914612,1.21912021212952,0.944142049452998,1.53020522125922,925.775882814818,713.559345848576,707.447705596563,879.17700298363,520.995432842254,1.25068171784458,0.901307394326436,0.742542138574555,0.530767458861468,1.11099077026336,6.51457195504155,1.799488876131,1.96295465075159,1.50749398192735,2.20902233437027,454.680491017178,470.627690749399,456.383323180609,509.693870435103,385.456311419435,3220.00310592905,1742.0503388458,1991.34994499456,6164.59112776429,912.971856423003
100,0.215,0.825,0.25758356990199,840.1141,0.163241635870107,924.869251041088,216.399595490668,369.485692399371,1,1.05717721833028,1.12586464826356,0.842659561559627,1.32643721441052,1.2436852270276,2858.83108443821,1196.95395167286,1363.65871329981,575.278964365187,568.271506305335,0.794672983116201,0.779237207004735,0.592685272281009,0.855308061715022,0.857847347509899,4.69220923143443,1.84252712265977,1.29241718073022,2.12671574782318,2.07040086940585,766.912050287752,617.719105175252,623.553375695442,393.706618121195,405.773381011109,9772.60373846275,5379.63143019052,6217.41277413691,1231.87457273033,1075.84091741622
100,0.215,0.825,0.233754681559727,803.563879727765,0.168562831860821,924.869251041088,222.883586821744,377.709824077126,1.1308,1.25683528540156,1.16597448416159,0.848346263581031,1.43643326569984,1.20722594119702,748.227581551413,780.490355703866,1116.02374078,1098.09580907435,629.062178957464,0.828719259848613,0.784358276627861,0.615026841040963,1.10986622944899,0.72924992987551,2.29718869978596,1.88472884824522,1.49872432671947,2.47641190531982,1.74501783480689,444.856410448839,483.182084139718,566.479276756601,594.111219634491,419.713925124923,1964.22531555177,2005.35319882647,4425.75893849856,3610.82287831988,2057.29594187576
100,0.215,0.825,0.233754681559727,803.563879727765,0.168562831860821,924.869251041088,222.883586821744,377.709824077126,1.1308,1.17322504532597,1.26415550099286,1.32590674844903,0.559657946632885,0.84338707767828,1212.56393438424,593.472301109909,453.833533396039,26597.1257313619,1307.61390655948,0.880370292503725,0.952840062790166,0.993938016965888,0.314834577269213,0.613005298059353,3.66572384456913,1.63726847517906,1.85054340632759,1.01228025299999,1.35309084092395,606.760753478401,394.176355147593,330.209405943919,2775.13904426599,632.359364779908,7041.41715459262,1147.97176811665,669.498527699246,11001251.8632962,7069.3310714794
100,0.215,0.825,0.222548475552248,790.258249769115,0.17107334979663,924.869251041088,225.896577087981,381.694351762218,1.2,1.52971408426014,1.01991634937318,1.08762346764135,1.31892313955107,0.857584572175719,1292.28130668859,919.74271705575,843.931134946204,1081.28339948497,1427.55834227585,0.711110031556813,0.693086366043793,0.744747176829049,1.0421705656597,0.577316621898038,3.76511946422138,1.43088106203134,1.50275446696099,1.93421214432761,1.28431731633876,650.211078109547,545.683214857654,495.18692359642,603.828142155577,728.274127673266,7514.36225268328,2507.40246312249,2111.63797668053,2718.12077485637,7635.04951640746
100,0.215,0.825,0.222548475552248,790.258249769115,0.17107334979663,924.869251041088,225.896577087981,381.694351762218,1.2,0.877546574467746,1.13636964456044,2.41145462116676,0.945030987218349,1.40961571172999,1262.58065721645,870.370534239357,545.033305091902,1476.39125083927,1120.01247557959,0.608244918450303,0.77053454613811,1.31615614305988,0.636459212363144,0.635908882408326,1.38527313483641,1.64403558974008,5.63936399913038,1.61923748556915,2.78603833988188,637.722023493391,523.66224247359,424.755574503322,675.521667653298,541.057449370476,4610.54016305686,2396.42255506039,1034.29020195524,7862.85677596524,21453.7310700893
100,0.215,0.825,0.207844400994472,775.909826210951,0.174375694121379,924.869251041088,229.813843872325,387.060635736324,1.3,1.1819177597876,1.33608902157087,1.42684473236458,1.27581188888574,0.868374097758635,835.508396772513,585.554768517881,726.574834760121,886.295019843584,4042.9741509816,0.707197777484366,0.920967205664232,0.919106032063616,0.787879624075854,0.365368951880259,1.99315638599809,1.79531135902977,2.97802824104435,1.83422376789923,1.37716296190318,513.150319462593,405.532261179751,449.251548129083,529.696531950928,1158.6853974612,3341.01413235125,1121.15909962037,2398.38355925537,3889.52160022821,3184672.4423357
100,0.215,0.825,0.207844400994472,775.909826210951,0.174375694121379,924.869251041088,229.813843872325,387.060635736324,1.3,1.51319041422732,1.91216719428345,1.06391760850062,1.08844419451325,0.758568315492548,672.175762946195,738.112203640509,1164.64801961791,679.907942137241,1298.28443165871,0.971854041605907,1.16161658414757,0.821374647227055,0.707047840963159,0.533691033364749,2.34798962459809,5.4930860874568,1.8050915202703,1.47325121446967,1.04887571211281,451.274845581961,460.854881339324,609.32202528085,441.64408607927,616.816994361579,1703.47683357503,2616.81967826424,4881.32365194456,1893.96701681752,4768.52790330457
100,0.215,0.825,0.278487170955192,883.95437971124,0.158592041373319,924.869251041088,210.627343926679,362.492299414816,0.9,1.285828267686,2.16356661315695,1.12411380102973,0.802035398445987,1.1514689841709,948.067874673471,782.959266070708,626.849476612707,2597.94826865729,754.781026034209,0.72768295525956,1.33695795789128,0.665459135569035,0.373535411695545,0.550540511262148,1.96621589895435,19.0798172806375,1.61239532005399,1.46588667215125,1.61225707312625,540.406678786769,401.087271024314,415.256930497076,847.850461558849,486.627329633536,4589.8808285024,2987.33842491796,1800.15778542132,129549.54977733,3396.40719597063
100,0.215,0.825,0.278487170955192,883.95437971124,0.158592041373319,924.869251041088,210.627343926679,362.492299414816,0.9,0.813673622741667,1.05502678866554,1.41971935278003,0.816364929701444,1.42234960314461,1462.51826477025,968.932356477954,704.165622113477,2090.96492395733,773.679783435625,0.466635299875475,0.714287766817709,1.03403695946688,0.51969972437029,0.937285638850544,1.339087873667,2.18614973664996,2.21579271495846,1.39982145985579,8.92139062323237,641.60719722806,501.420668377529,472.284999406268,805.313497972384,410.448826706474,16393.0172837539,3129.37886994273,1464.8138605635,38690.7141890081,2807.89559976754
100,0.215,0.825,0.25758356990199,840.1141,0.163241635870107,924.869251041088,216.399595490668,369.485692399371,1,1.14908747471571,1.22136069389319,0.783828249513096,1.24929088107409,1.46526639762469,642.322250226072,998.538000704871,1411.8213102753,634.027173617236,659.332988009549,0.872664108928208,0.568014039416351,0.536068036130696,0.777620074247506,0.915273775057789,1.56673175425488,3.67781883715912,1.11021011204251,1.8035690431852,2.42125031053469,406.929070877032,468.782186334652,677.666144176161,408.184849866353,444.079130738913,1499.32024220625,20477.7339669771,8729.61228782902,1628.66626235893,1879.01232567604
100,0.215,0.825,0.25758356990199,840.1141,0.163241635870107,924.869251041088,216.399595490668,369.485692399371,1,0.627527330155506,1.03212971219174,0.800303849395943,1.31611203006643,1.24702432012649,59135.193252638,926.32293028702,1537.38743441284,1145.34832774084,963.022714230519,0.46685461623751,0.644328496702145,0.601447646947593,0.648850619049448,0.692661024209687,2.27676671438332,1.84589660212616,1.05173055828376,2.42695311380732,2.12418969779879,969.403852400622,522.010522063979,740.349571891259,581.251343106791,551.058720362113,156713.93286704,3534.29985872815,7535.33034552288,10345.13070384,4828.91712457097
100,0.215,0.825,0.233754681559727,803.563879727765,0.168562831860821,924.869251041088,222.883586821744,377.709824077126,1.1308,2.24157563357622,1.58553553765041,1.97378488827732,1.06701546930991,0.981784388354684,848.201761642151,707.32585270226,626.915023317364,776.814134628391,1352.00213062681,1.08486378528872,1.14840383473724,1.34947198289059,0.729825829817455,0.699640237629504,3.62054552556002,2.38653444890013,3.20627306953567,1.47956571470516,1.48135293991676,535.680662416205,470.67876073104,456.271650441591,468.853590536137,654.18374774645,3052.41439953886,1602.68805928787,1179.10186928948,1693.92367821322,4379.39987442248
100,0.215,0.825,0.233754681559727,803.563879727765,0.168562831860821,924.869251041088,222.883586821744,377.709824077126,1.1308,1.03164699089809,0.875163905148224,1.44012801317354,1.01559512491348,1.44576499245461,1349.1117526172,3043.95068522134,433.334028519166,983.144971532519,663.434935852083,0.670039295257988,0.514262073968889,1.14437502665389,0.630088995417859,1.01864378479637,2.98362860373317,4.16057941341688,1.91183632814469,1.64988991056807,2.48027793067458,564.509395814437,798.156559386229,329.539503169993,515.793432243548,437.537944704168,9397.09988178833,79643.3136257713,736.070219197589,6184.02709706654,1438.86526980723
100,0.215,0.825,0.222548475552248,790.258249769115,0.17107334979663,924.869251041088,225.896577087981,381.694351762218,1.2,1.10218584784437,1.06894961021576,1.0592531259871,1.35280171634112,2.16821364835082,980.978578867389,1059.60121775153,1004.16131384209,907.183371256734,637.695427635341,0.748694488951606,0.652664705882573,0.667295558474966,0.553531032459816,1.40939284548035,2.40003889515928,1.60703263331742,1.64530207292749,2.1745883257172,3.47058493513547,544.634153094023,576.228363041396,567.087246418716,528.858452339289,446.314199146488,3513.92768705217,5120.98769464566,5146.00143063679,12004.3364245385,1191.89804692565
100,0.215,0.825,0.222548475552248,790.258249769115,0.17107334979663,924.869251041088,225.896577087981,381.694351762218,1.2,1.69862741978131,1.54624850027062,1.58586293155468,2.18431661524287,1.64292567113641,830.530535552148,608.365746009526,739.314066051308,680.451796970135,708.429913127625,1.26500107975271,0.991932708927684,0.862494428945255,1.36838816146531,1.21347351004214,2.48651081942737,2.25285313312626,3.3960236732258,8.11915604078562,2.81812607536651,520.647477646554,435.000000614507,467.435937829267,441.998893300869,467.886905538751,1650.22200103451,1252.49805976138,2536.52192202002,1571.27774982617,1548.33552380794
100,0.215,0.825,0.207844400994472,775.909826210951,0.174375694121379,924.869251041088,229.813843872325,387.060635736324,1.3,1.16213207092197,2.14476040766905,1.1611231074839,1.98746003613936,1.01824959232859,1126.22467538122,567.82541514252,1229.11607372142,798.290377069034,1585.66160495076,0.805809050617483,1.24095067870005,0.8392049590637,1.26618526422146,0.574585109035391,1.88424284309685,3.68382761654352,1.85599179562834,4.87780026543147,2.41095867893673,632.487647262438,436.9042303065,647.599589711783,511.137732199187,675.772480981485,3379.23403370451,932.024964558672,3456.89218766362,2151.80300444237,11307.3339370996
100,0.215,0.825,0.207844400994472,775.909826210951,0.174375694121379,924.869251041088,229.813843872325,387.060635736324,1.3,1.44048435062528,1.50726696322202,1.47407070985433,1.10910331325871,0.986859957615333,686.737158902237,610.164686689909,1145.53481922442,769.763842691713,1578.98019634715,1.06899535769156,1.05184576690696,0.911501439779682,0.864783213685337,0.591988289399546,2.58577168400718,2.40333763133454,3.74901649839275,1.46873715216001,1.53266304782794,460.455275195435,436.911974127641,574.598064273545,495.495805044834,715.313758104286,1447.49335932279,1198.28174967297,5843.52445007649,1543.28821018605,8761.33638801485
100,0.215,0.825,0.278487170955192,883.95437971124,0.158592041373319,924.869251041088,210.627343926679,362.492299414816,0.9,1.22819282605899,2.43857497950253,0.913336127046681,1.00382390062968,1.88969822873081,918.880288290935,618.423267910516,1022.71914550466,755.089605486091,591.991297168041,0.516553543659165,0.894023760050621,0.554807788343148,0.749056614983888,0.740556080595653,2.31191919478267,16.1001312455559,1.23929216498454,1.3496947862978,4.26111973561222,507.057183628071,388.31916667065,537.60536576009,460.108038818813,421.093618810421,18485.8771344486,5978.59076541282,4578.28684621092,2010.86068162643,2839.76081640746
100,0.215,0.825,0.278487170955192,883.95437971124,0.158592041373319,924.869251041088,210.627343926679,362.492299414816,0.9,2.15123816969365,1.0304084890317,1.04185221613688,1.29782491533891,0.759448962273588,384.334146161745,867.140412623654,493.254924222149,748.33916466481,1874.3377526658,1.48607263651855,0.626465888260461,0.663749683540797,0.815345433777342,0.475067024912793,3.07395735475815,1.80505773137721,1.59455936382407,2.44691186842859,1.35574452716702,301.935318694003,442.028200822353,339.868009158372,421.796671012865,602.359378433975,568.057737918288,4190.90489119264,1186.77596460159,2592.68726118097,26398.5529204379
100,0.215,0.825,0.25758356990199,840.1141,0.163241635870107,924.869251041088,216.399595490668,369.485692399371,1,1.19060661457713,0.884446793925588,0.964216502470663,0.885900182373675,2.61406932577385,1160.72863105833,832.065371017159,413.57646310287,2997.69356877304,484.702626162744,0.652755681281129,0.584624414147246,0.739764239141851,0.499513071723082,0.97127261215189,2.24405961906466,1.4537637090421,1.24748949703651,2.80323964508819,4.54213437310674,511.78192080413,428.239711321943,292.038904560899,833.295165744406,369.490365149362,9627.57951838639,4149.09345788099,764.422708663632,76431.6412453831,1314.68383032711
100,0.215,0.825,0.25758356990199,840.1141,0.163241635870107,924.869251041088,216.399595490668,369.485692399371,1,1.33106710981906,0.889181839179098,1.26106409028663,0.850454329360921,1.86114682917134,822.016736433707,1119.30804888049,748.164186501545,1401.74861753776,632.620113380266,0.924742024804512,0.632315233876206,0.699349076552743,0.642303282573059,1.08155900664013,3.39018407621184,1.26876048234821,2.30573676784402,1.21637647137671,3.00817867626469,465.690788884784,605.022154615498,481.333941137715,649.940763048806,447.818615425159,2688.41905872682,3541.64889354609,2853.00271931994,5642.83097031033,1545.26851541617
100,0.215,0.825,0.233754681559727,803.563879727765,0.168562831860821,924.869251041088,222.883586821744,377.709824077126,1.1308,0.942802403300519,0.891514410695793,1.18849367526035,1.17671565190099,1.39980289103549,1771.23860436133,1673.69311265665,494.458402527851,866.934487071925,805.442903082619,0.592655357629662,0.59798186702888,0.738371989123521,0.812765502825915,0.94145701770326,2.08154603834375,1.46048573108724,1.83814022556427,1.96829021342417,4.84391628815215,667.325155998983,668.388209366269,356.344618796373,485.49678262893,468.059648176506,9273.71243004877,9368.89300448543,1092.35560871249,2871.24695581186,2438.11076320415
100,0.215,0.825,0.233754681559727,803.563879727765,0.168562831860821,924.869251041088,222.883586821744,377.709824077126,1.1308,1.98993700001353,0.76481898343714,1.54351525292281,1.48331804452331,1.26584536295188,558.349952170039,1301.69303579873,627.753522382818,589.777482189871,916.730240025777,0.961703383675103,0.500305092290176,0.988062882409013,0.958715353205856,0.647044150912582,3.93437823831854,1.36349031834133,3.72929984901531,2.79924522987554,2.56660999020683,402.094628509593,538.550826016907,428.393279351606,391.613970702511,498.710212259857,1595.40577443161,6418.05191110014,1967.42916167727,1221.74369061992,7846.02156141973
100,0.215,0.825,0.222548475552248,790.258249769115,0.17107334979663,924.869251041088,225.896577087981,381.694351762218,1.2,0.86970732654856,1.00289958342329,1.88138096140118,1.0968756531976,1.2135637512671,2349.33372764777,1228.45551613171,581.734454019893,1310.361581328,1015.8292372646,0.562666466190677,0.463478745337887,1.28121387614755,0.666082954597939,0.916847333077866,2.55836439069551,1.96669407030063,2.69683229460325,2.08255905990425,1.82439626216578,729.458645780257,599.481672100329,445.385767062146,667.639202943134,598.687076637849,31677.1162360552,14689.3071795678,1010.26910810526,11323.7913415782,2508.94522031298
100,0.215,0.825,0.222548475552248,790.258249769115,0.17107334979663,924.869251041088,225.896577087981,381.694351762218,1.2,1.32374171627249,1.08974155474476,0.788202039789646,2.31059938340831,0.984967932108728,775.453943471317,1172.67514994801,1957.07389807465,673.12265091979,1156.81767295341,1.02063352015865,0.759887268712927,0.494390164568504,0.707194689870194,0.53001737036669,1.94458162538068,1.98221186443001,1.49496011282944,6.10574228076342,1.92319864908591,515.774179402864,623.821165118778,688.881095408244,447.92456245354,543.42912901185,1380.62800070159,3960.7735590879,16740.9692429121,3143.95930307608,9878.0124679981
100,0.215,0.825,0.207844400994472,775.909826210951,0.174375694121379,924.869251041088,229.813843872325,387.060635736324,1.3,0.975122749778651,0.809887646432199,1.43569265934606,1.46206190862336,1.62352960504982,1957.79888520969,1504.48921485205,624.542553185587,1138.00203592553,1100.6213857966,0.353717656397635,0.373243093999894,1.06015873437883,0.935868419240329,1.12517920185454,1.56860340857271,1.35615876933076,2.03496912474138,4.99635689816179,2.60201616480167,835.510227300445,755.566767447397,454.52561675661,607.676222967872,650.481803329101,108169.683404715,53461.8043173961,1063.1764483497,4871.04693931765,3922.53254345121
100,0.215,0.825,0.207844400994472,775.909826210951,0.174375694121379,924.869251041088,229.813843872325,387.060635736324,1.3,1.52574689250104,1.08700275590095,1.02894474387425,1.20071929824923,0.856734425251137,725.148786538319,982.645873581587,1500.03776364437,1065.20774361212,1880.69907304978,0.754126211858097,0.755605693956704,0.624378601775908,0.301984621243591,0.582535134205294,2.77300250808346,1.53882599777748,2.28303176982322,5.64947034751203,1.70303172453486,485.719682765462,598.776691566675,620.910551671648,439.926853194902,755.220144941193,2610.36113630186,3260.49662358729,11202.3580945887,1265391.69033581,19428.282476865
100,0.215,0.825,0.278487170955192,883.95437971124,0.158592041373319,924.869251041088,210.627343926679,362.492299414816,0.9,1.29438298931258,1.25849232298907,0.798324675358456,1.25796771289765,1.09652717003019,803.262154030323,1460.95480855791,929.742934534795,982.585933453141,604.248552227622,0.747971165114293,0.560886372928598,0.606511058451415,0.828884991831814,0.803647774891882,3.49084121167323,15.0266366209222,1.17638113797535,4.36405896280652,1.55509989929817,454.8601558183,399.824135290911,483.659466687546,485.315453030239,411.236629785908,3550.03115681818,51756.4565569359,2885.70563981048,4374.82861682629,1382.33792086303
100,0.215,0.825,0.278487170955192,883.95437971124,0.158592041373319,924.869251041088,210.627343926679,362.492299414816,0.9,1.97528674496259,1.12771747597759,1.03710000038494,1.43614687031533,0.937368405917556,470.776396278569,1842.03457318512,1083.18499690217,965.481343611974,971.868580335365,1.46773774131192,0.63937100876987,0.687294985378907,0.772305391126321,0.62131609587086,3.02533301378682,2.18041627028837,1.81766602482868,4.68247887438582,1.55205590024767,359.289824929747,748.292222511292,561.547840082542,501.33623191423,524.040263827599,666.034602049159,39643.2146032858,4141.28022961282,16985.0994260518,4054.30723747849
100,0.215,0.825,0.25758356990199,840.1141,0.163241635870107,924.869251041088,216.399595490668,369.485692399371,1,1.0321415982827,1.27544480649002,1.98236280532258,1.55981911458504,0.830865527181961,967.637155690398,1158.94547359748,732.90035996214,623.194856907169,1388.61399385593,0.676893468739813,0.653964951089583,0.934840901545865,1.00556578492528,0.487843674005936,1.62278755902939,2.94638860378386,4.3853841848966,2.52623619792902,1.35354741487847,530.429597206877,544.266177017163,488.966255971235,431.174757144682,662.665693940294,3131.94496882679,9186.6629476623,5006.73149274603,1182.57428130439,14443.090294326
100,0.215,0.825,0.25758356990199,840.1141,0.163241635870107,924.869251041088,216.399595490668,369.485692399371,1,0.987575149577155,1.2129944111228,0.963916309491983,1.46145980725075,1.66534198569572,1259.2320362132,1079.58620767565,787.708151494632,1043.08586485427,900.778685870477,0.697691354642985,0.756334927216322,0.711929997654676,0.695405357569474,0.936497666841645,1.62691158913474,3.19897441337857,1.47576084543668,2.44626199946524,3.01627444246829,630.836457359919,547.883034696293,486.921606300115,571.571804137138,542.257184258449,5080.79599603299,5715.54258085364,1948.40268542928,16364.8079465975,3242.64679520651
100,0.215,0.825,0.233754681559727,803.563879727765,0.168562831860821,924.869251041088,222.883586821744,377.709824077126,1.1308,0.799848517618543,0.898612934130959,1.68111703511265,1.21536577659435,1.40114651356094,1565.18545112668,1216.47221537039,503.242161941204,800.674391365191,1159.16168705074,0.604618962983681,0.658520256356384,1.13900116084179,0.92801925066911,0.870707260340844,1.14013753271935,1.33229868083708,2.81811388970504,1.72278103573935,33.0532081988971,709.380136570261,615.900287440749,379.099911178135,487.97486371134,389.440835974039,6994.28796786773,3919.95281079347,865.173899454653,2045.04428631777,5060.28088775465
100,0.215,0.825,0.233754681559727,803.563879727765,0.168562831860821,924.869251041088,222.883586821744,377.709824077126,1.1308,0.958841459619813,1.49808177236218,0.882782690272164,0.917401981502061,1.81008753814641,991.026632674313,763.425896809753,1479.68881048262,1321.3955945746,646.74428375837,0.652014977393688,0.866372609066155,0.45305045807861,0.463118696729069,0.589446461316933,1.6158112616838,4.50137010429262,1.37961120414901,2.15279135157194,3.42313622644518,540.209861169711,460.613472735169,706.290528976553,563.517258684662,433.753227187044,4257.75845692981,2784.80098355597,17263.4598018247,24637.1154826277,5237.41058621365
100,0.215,0.825,0.222548475552248,790.258249769115,0.17107334979663,924.869251041088,225.896577087981,381.694351762218,1.2,0.906482177214805,1.13128788959893,1.28575346922356,1.45771892672186,0.931049062237207,1489.96125835667,1057.92324700564,751.562073724802,1578.14815379225,1339.60417536139,0.565346656210297,0.596851284453557,0.741262963704494,0.790217276035321,0.546971419807483,1.91279113077556,2.75293189770731,2.80172977853532,5.04884709044453,1.60829085320409,676.678242118705,549.54085981125,472.166682142145,749.689481766051,654.574291340426,13327.8800802169,6864.31192946955,2653.75040874567,8390.05922222553,12711.6083729382
100,0.215,0.825,0.222548475552248,790.258249769115,0.17107334979663,924.869251041088,225.896577087981,381.694351762218,1.2,1.04197234011378,1.18045995414246,1.68258531085126,1.4088149167476,1.01255867432089,869.605627566326,1065.41173435569,531.125324406133,836.009040943468,903.776672621823,0.746955488259763,0.650057343685782,1.21242701471123,0.89479894207214,0.634453483088215,1.62763091837451,2.77628520828184,2.58214692990587,13.1674369615876,1.51360918014751,493.446549025556,523.700090595059,392.507900610973,428.460419166429,508.077044962967,2444.45959170083,7694.97316695908,997.306784034277,3384.59908187454,4120.68683361793
100,0.215,0.825,0.207844400994472,775.909826210951,0.174375694121379,924.869251041088,229.813843872325,387.060635736324,1.3,1.07731707158777,1.03472160000097,1.58156752633588,2.20721237661068,1.26411743744501,1661.30636879464,683.080279127363,1105.53091865305,801.626853958952,1163.35990054297,0.587398844668496,0.793805871997345,0.98732910823843,0.976896407532676,0.751984310888821,2.02465800311102,1.37708693527632,5.04264481599028,7.52279381182574,1.95228926214342,727.880943180964,460.355886263272,595.156812755093,468.320442605097,626.150941805846,13366.8088195129,1433.59899948337,5108.0814611069,3004.50697536875,9531.93579369134
100,0.215,0.825,0.207844400994472,775.909826210951,0.174375694121379,924.869251041088,229.813843872325,387.060635736324,1.3,1.39290173369893,1.35437432829966,1.23107792782569,1.04439757672666,1.7051662690078,898.357798158434,877.508439569505,898.831516596065,875.835743977876,606.57872310295,0.70182498348598,0.800612005661995,0.861676464162624,0.531017928066677,0.740277230840617,2.10914447281898,2.39217052318352,2.02889807199946,1.66455539151033,7.08365041912495,538.110784020656,516.446988531044,527.792849081023,525.984886895051,423.596398784878,5366.84284565824,4388.25339079326,2986.77520886811,9044.70483623644,3395.98519248985
100,0.215,0.825,0.278487170955192,883.95437971124,0.158592041373319,924.869251041088,210.627343926679,362.492299414816,0.9,1.95222654110441,1.53865895481427,0.709909466657909,1.04981064860205,0.726153729309394,545.569963391838,548.984778059585,2180.63609467193,2007.49913839538,1553.88673499041,1.41855112970681,1.16201306759002,0.397909553333766,0.472229965455197,0.527795251103607,2.6940174670573,2.01692726465849,1.25762567097979,2.9441774007614,1.08163856712137,408.001780736265,398.69894224359,744.34036925752,684.828941918112,651.930980993672,949.311448580545,1044.69921929736,101637.284159287,114739.095938399,6391.17617779529
100,0.215,0.825,0.278487170955192,883.95437971124,0.158592041373319,924.869251041088,210.627343926679,362.492299414816,0.9,2.97610660648538,0.825374128461007,0.779302515970317,1.20760390458292,4.33752520535225,573.145283648092,1847.10735977092,951.881891297422,554.839526089902,442.659746377094,1.6465154692532,0.341800110668434,0.395909487151876,0.903048609747379,1.63615824966032,5.92941729699057,1.59541799962028,1.30366478641212,1.59407269804402,16.7330662850628,427.448430318821,570.010694632772,455.635074068193,382.72587322494,374.49573070341,1737.33956624953,124103.538961984,7593.84152847688,1097.69770674013,955.517425342595
100,0.215,0.825,0.25758356990199,840.1141,0.163241635870107,924.869251041088,216.399595490668,369.485692399371,1,1.02460451885262,1.3432377958893,0.960305976939947,1.04212528708815,1.26359344717424,1102.41539456133,714.910739572537,699.66355433827,1019.10067094507,861.709396356104,0.711020906667514,1.07843242688837,0.730749949081492,0.650069738463367,1.00071362756197,1.61580183317299,1.88962289739395,1.25874723603653,1.5879790802097,1.8102415345886,565.688177377375,452.653670601238,411.391361788976,503.129096206165,499.444365349357,4337.29190465128,1665.25269070872,1664.17192543744,4594.79719253284,2211.47628137792
100,0.215,0.825,0.25758356990199,840.1141,0.163241635870107,924.869251041088,216.399595490668,369.485692399371,1,1.00590469005837,0.867691863388703,1.32281576622085,1.77363354596644,1.35199493087117,881.13836779351,1374.35224800524,689.349578824732,706.01872124518,686.369867968504,0.753616170494162,0.399023409683297,1.03106720101915,0.792608385096793,0.902216288043652,1.3744519141482,1.45157322515305,1.82901807517963,3.26315256991863,2.05577368828525,513.461194269981,580.945700097734,456.96566184908,464.504834084388,450.437430411436,2263.61285681882,32561.0711089643,1355.69663138025,4422.32816417316,1545.09619257917
100,0.215,0.825,0.233754681559727,803.563879727765,0.168562831860821,924.869251041088,222.883586821744,377.709824077126,1.1308,0.776254364895669,1.71318208513938,0.932602529379519,1.47234832486702,1.33587046776373,1969.00468212489,568.814089620238,703.354131291298,864.380489110038,1227.04464943116,0.434057148793425,1.16632197675692,0.457858758660288,0.438792611303918,0.559625968466017,1.31487932629996,6.47951990557746,1.46837971822592,3.00183409053066,2.35692933846933,749.562325262298,423.059843235347,447.13942096588,483.7857605722,611.495158290033,82047.9786639048,1137.83004803814,5057.69295927774,18961.5045617893,21360.0388375035
100,0.215,0.825,0.233754681559727,803.563879727765,0.168562831860821,924.869251041088,222.883586821744,377.709824077126,1.1308,1.69209499844071,1.56814576750735,1.13013543966918,0.975088172797474,1.21602529023808,573.196782625047,536.461458594457,871.809205799012,1794.78223502969,1207.9645796398,1.06264154818911,1.25722255469507,0.722729179142341,0.535018921821587,0.690400613431631,2.78776390588554,1.99151039630178,1.87150621305796,1.6274527470707,2.7801739587598,425.399739775476,387.274709483158,502.19445918295,753.576953165496,581.223935061971,1146.39205472061,872.292968237074,2706.312554016,21414.867634731,8090.23535141553
100,0.215,0.825,0.222548475552248,790.258249769115,0.17107334979663,924.869251041088,225.896577087981,381.694351762218,1.2,1.01930439792309,0.97845110723961,1.3217568976015,1.48275959074271,1.75311141934915,2364.00830743163,845.990574364252,472.514599740694,611.515060824848,679.050257080156,0.550631875256148,0.729976075551333,0.795467207519461,0.984556971181494,1.04030752099991,3.5898103748822,1.66855332899636,1.85280206767742,4.05610771898164,3.53238331261114,590.394926348557,483.929770545621,341.411019215242,417.691837146047,439.739671768424,39207.3272245706,2259.72559235356,896.529959612782,1624.89599938094,2422.28767988978
100,0.215,0.825,0.222548475552248,790.258249769115,0.17107334979663,924.869251041088,225.896577087981,381.694351762218,1.2,0.957968938370281,1.49993640219833,0.766735485418099,0.779045778922641,1.2848038994379,1533.87848165789,668.695316535738,2290.5701180627,1729.80039108101,942.169323682028,0.557599396061789,1.06836236509344,0.5735435942078,0.456451478966547,0.615845882882017,2.01731980111888,2.34751924518611,1.22773136746747,3.10760123995021,5.93174368759692,624.465933634271,472.032071956814,968.522659773446,526.74859121871,442.572497711264,15202.0229524508,1326.77650024943,14343.4353590632,26608.1066524936,5563.73697752979
100,0.215,0.825,0.207844400994472,775.909826210951,0.174375694121379,924.869251041088,229.813843872325,387.060635736324,1.3,1.54549110841091,1.20998792056798,1.62824737885421,1.00339392624571,1.21412287086621,715.659463224516,962.368914020819,828.812913589104,945.650338093217,1093.71597531638,0.731055206153155,0.636958504453064,1.17836383219553,0.656464799372786,0.770280786315595,2.88686416824979,2.49614264977504,2.61158501431146,1.48140440649423,1.60291116636383,467.707899781248,536.738929695472,526.755301571807,560.000236525645,625.702405260835,2544.4870061979,8018.13163508288,2143.26894012539,3182.40080203325,5184.59586429794
100,0.215,0.825,0.207844400994472,775.909826210951,0.174375694121379,924.869251041088,229.813843872325,387.060635736324,1.3,1.78336580632152,0.901993224854578,1.22534966287361,1.55046535272076,1.44004066705056,628.224479663118,1689.63992158919,783.665221902578,1017.26831318798,568.764016544369,0.677083709232247,0.680446923963312,0.783289358100132,1.06146409594889,0.795955909112906,4.42753220541589,1.33540329651831,4.55803596757728,5.31917947855198,3.06296627896815,411.134255923003,718.364175987638,425.519431442959,588.549421266464,400.905731762584,7473.6677623893,9080.89909483141,3011.57924160004,3969.66407407024,1493.11026466755
100,0.215,0.825,0.278487170955192,883.95437971124,0.158592041373319,924.869251041088,210.627343926679,362.492299414816,0.9,1.47888509892286,1.81895578664474,1.07357432665011,2.21153164074854,0.991506996308151,545.676139410699,554.084050282442,693.688588081085,673.672603990978,1262.63543196757,1.06669475418043,1.02409890759139,0.719565300673223,0.938127574693176,0.567491678159149,2.08419414142604,3.68072197296471,1.68340291182137,9.04934186869384,2.43402854130494,399.22047345632,386.248492405503,435.914549798968,401.754495242724,515.148692618127,1041.45923177007,1331.12243187112,2094.98140624252,4574.80576445586,9836.05012080379
100,0.215,0.825,0.278487170955192,883.95437971124,0.158592041373319,924.869251041088,210.627343926679,362.492299414816,0.9,1.25573465045581,0.937185420656836,0.73821605276315,1.73083941896449,1.72074024998071,789.999115395797,721.59553892439,1267.04990165935,752.675857651067,633.310581434388,0.767571851387856,0.678895728189182,0.377030542894441,1.11130644296829,0.443616295625811,1.99156092229539,1.25898746683574,1.28590224017236,9.63386124781599,3.17576612441898,484.819634175681,442.070567989085,522.037379509709,435.388851099171,418.319991180254,3158.57015093206,1703.07683960089,46356.5898881097,3137.94321701313,88264.7871806897
100,0.215,0.825,0.25758356990199,840.1141,0.163241635870107,924.869251041088,216.399595490668,369.485692399371,1,1.03657596369147,1.39596246960887,1.08722945302416,1.04743505829307,0.732230908477265,1111.98229932976,731.44948240449,843.593822783263,1092.10485821596,5454.84726738852,0.5962622634686,0.837940458207311,0.646416392250474,0.617039892956971,0.287294485782038,1.72819440307393,2.47893599968661,2.3329539721146,2.37631435430462,1.40268896144454,608.638727671026,459.286873625764,480.133256053575,536.052498477593,978.69510614602,5321.84630912014,2186.26584551777,3073.43612735398,6527.95940939083,958648.736410541
100,0.215,0.825,0.25758356990199,840.1141,0.163241635870107,924.869251041088,216.399595490668,369.485692399371,1,1.78639438389861,1.32066760293156,1.00604776969179,1.18207612792367,2.29117198436039,779.326451623199,795.027349098724,1071.99414792556,1072.1029290418,547.790670854471,0.835115520191866,0.84100437128917,0.615662567370107,0.658485937124171,1.42357985482206,3.27557519890807,1.81125940922956,1.6150880192076,2.24030392658499,4.23166912239435,510.421324758931,504.89236805259,583.61219512453,552.312054721922,421.244984923159,3099.69104573609,2283.06528784227,5483.99346969081,12433.9309667212,1024.54474544844
100,0.215,0.825,0.233754681559727,803.563879727765,0.168562831860821,924.869251041088,222.883586821744,377.709824077126,1.1308,1.98241926833488,0.798881830257939,1.14396893267327,1.25500754166659,1.36278932049018,592.461570910904,1018.61334355345,1250.37406515894,728.540895031099,854.7718238764,1.34702196011498,0.549017597202731,0.596498555160795,0.563070717922881,0.916200883951833,3.49769978765932,1.22262604601418,2.52224575410198,1.98429433889246,4.8334829903033,418.539496841683,518.89773417069,541.970959015801,464.078512016391,476.838502299604,1161.57462243795,3532.99032707797,13313.290482116,5116.46808112574,3291.36342984038
100,0.215,0.825,0.233754681559727,803.563879727765,0.168562831860821,924.869251041088,222.883586821744,377.709824077126,1.1308,1.82697917252087,1.30826663307024,0.719832010131724,0.726186879341597,1.3471731387641,841.933249140689,832.166456464736,1284.68869184255,1506.16902709394,1107.63093441991,1.23696518448358,0.703753634984514,0.436670881154638,0.418370246159724,0.5651694349681,7.93691662815483,2.11702704180658,1.54021435171304,1.40887549541712,2.38805593934221,480.645720101174,476.587078435889,541.891918406888,637.680639961015,556.476185871995,2902.52065211456,3679.51134295468,8728.48609540118,13337.7320364114,14890.4650457755
100,0.215,0.825,0.222548475552248,790.258249769115,0.17107334979663,924.869251041088,225.896577087981,381.694351762218,1.2,1.0038338539507,1.58409258915273,1.19987663587314,1.26331020308748,1.50256291929204,1406.91479116882,611.83073579455,957.554618188598,779.416664136563,793.493873150096,0.68228316278433,1.15051109449172,0.76347561217778,0.889851171441693,0.985104158461728,1.52862957210489,2.51664639265697,4.68526996876524,2.24244557147053,2.82472523420186,658.839531072609,435.532253192845,482.797679143395,499.587340768308,492.958223598798,6764.6504023893,1257.57220381384,4816.57896841636,1828.92617190891,1921.85143001346
100,0.215,0.825,0.222548475552248,790.258249769115,0.17107334979663,924.869251041088,225.896577087981,381.694351762218,1.2,1.06378924776047,1.18833843932016,1.50676025968596,1.25898257633919,0.81890294505525,1355.14918939149,743.077019749201,605.202540837571,834.88441898885,2484.15240909803,0.815691056149167,0.92567400856162,1.09577204412687,0.708688559581988,0.42248140328368,1.62133089615574,1.6603970490564,2.13632796046595,1.7622178845209,1.4606563659502,668.555443593735,482.648129651284,424.550489286681,494.89609757558,728.689915835284,6457.42834796765,1656.7250087448,1028.95701637765,3969.27421695023,244802.090656607
100,0.215,0.825,0.207844400994472,775.909826210951,0.174375694121379,924.869251041088,229.813843872325,387.060635736324,1.3,0.488452021496834,1.36558902028121,1.3289889128349,0.889622242887105,1.48756345887126,54070.4088224084,791.450651016801,843.952858156991,1255.03766843655,625.892108661817,0.193969675222808,0.482004241965986,0.9646533357053,0.533869604518944,0.729820357227761,3.29860251980663,3.56492276730642,1.86468842717645,1.41136937891589,2.52153040606661,534.523781826535,467.114884588883,529.161596942156,647.953657139834,455.736682746678,2521958276.15868,7783.81397518685,1732.42186313155,9840.45608699518,1761.63557578665
100,0.215,0.825,0.207844400994472,775.909826210951,0.174375694121379,924.869251041088,229.813843872325,387.060635736324,1.3,2.77384963620262,0.842781333070152,1.1029637814052,0.9566676809677,0.83290411072654,763.903392814544,1076.08026371328,731.291150552099,869.008986262723,1991.20083390481,1.05013355601878,0.640571415858783,0.55967552852766,0.51065869850205,0.500206399301837,8.84482495046669,1.18910661375606,1.66741089557105,1.45468435379796,1.24617196014112,445.577081379851,562.845479719667,450.557813271194,507.608610230337,796.885016082849,2316.17558366454,3228.19263414597,3987.33580606754,5154.85232149412,21744.6064995842
100,0.215,0.825,0.278487170955192,883.95437971124,0.158592041373319,924.869251041088,210.627343926679,362.492299414816,0.9,1.02002109158823,1.30694422029809,0.709561988929459,2.08352782164945,0.957629417911012,843.491450660081,901.623069150668,1420.74676236644,564.137454556635,1147.60971567889,0.582563897830762,0.625350730488915,0.491296811514248,0.825803614299892,0.659805651277453,2.1213366174768,2.98068583615732,1.09261076256542,7.26040349758503,3.6588024057766,461.633479307351,473.643481825825,622.71163369083,399.383003395682,479.312043528599,6515.15836370516,10222.8784382298,6703.93885138741,2000.39971228013,5956.63130051254
100,0.215,0.825,0.278487170955192,883.95437971124,0.158592041373319,924.869251041088,210.627343926679,362.492299414816,0.9,1.29697882052198,1.04301997415355,0.99842165594421,1.27313583492691,1.08307084409265,862.751225862646,812.569835104068,928.81688633898,940.192706973442,654.622023672536,0.612439976663244,0.727915645989908,0.68773898928929,0.560896697440722,0.678142827060777,2.01209019125246,1.61279769055902,1.58242969340773,2.22590584907271,1.72372704613325,478.24747778501,470.613171511448,514.31093989645,492.328962442348,410.399390883887,5683.3797531113,2712.5112233557,3409.69068770649,5396.58187352047,1866.20103013128
100,0.215,0.825,0.25758356990199,840.1141,0.163241635870107,924.869251041088,216.399595490668,369.485692399371,1,1.51088816452785,1.62966263974619,1.42987250498888,1.24828868530408,1.14940378243913,746.43139441001,680.463735614433,531.438060390566,1225.03237208426,875.896159193773,0.790903452566282,0.601339972090082,0.727175033042209,0.756861988956351,0.650986266369003,2.58034851644793,2.66675102667613,2.59142344471456,2.18275472782068,2.20946989008067,481.357809908481,438.514006422031,384.521925789988,641.765122101669,480.366124804332,2813.24571469818,4375.68453908183,1652.47544505977,5752.6646159036,4170.8640062693
100,0.215,0.825,0.25758356990199,840.1141,0.163241635870107,924.869251041088,216.399595490668,369.485692399371,1,1.28066754758684,1.1157450636662,1.62597523222639,0.706369471131571,2.17647313022255,983.423113057526,733.621843793993,536.783738260848,3148.73223472234,618.152376429866,0.532067306309077,0.647983555141894,1.31371182377984,0.378235125120188,0.588426667353276,2.92046959967656,1.91949447855243,2.07744395889318,1.32135223687721,4.16086542863827,485.083106449842,462.917020984411,392.844537035764,853.506439524358,428.293712645777,14963.9467463667,2414.73472907063,864.469029955145,236248.295665069,4009.73877187947
100,0.215,0.825,0.233754681559727,803.563879727765,0.168562831860821,924.869251041088,222.883586821744,377.709824077126,1.1308,0.973929023880422,1.02507403469039,0.842289234922321,0.937526666965884,2.22504124574062,3364.1127537399,1260.14919031216,1245.51843602673,1383.95966154525,562.343048083561,0.449674712324311,0.66129715774414,0.487822515491179,0.509994481865152,1.32969112072574,2.25254261703102,1.66729773987402,1.46335445019074,1.39510518942723,3.32744685225865,828.171475839549,667.373241988749,580.761476706934,700.359026871708,422.201957574445,300261.29674717,8936.8791065003,12346.2547333849,10699.3952370688,1001.7199142382
100,0.215,0.825,0.233754681559727,803.563879727765,0.168562831860821,924.869251041088,222.883586821744,377.709824077126,1.1308,1.63925916586359,1.10241160349907,1.43248480319799,1.10987502889037,0.817686541818949,929.007007012969,897.754090230548,631.901192532214,629.126133770848,2665.93098969168,1.17696415982394,0.817190154355447,0.92225068377103,0.83199805882745,0.440381092319632,3.07929235084919,1.56491224693977,3.06548973755121,1.632938895166,1.31842390502153,540.931712685485,525.981049183255,429.925752130978,426.863024252539,827.070359449769,2414.26861026482,2211.59108621594,1475.98863034406,1470.4936610811,95798.0902504636
100,0.215,0.825,0.222548475552248,790.258249769115,0.17107334979663,924.869251041088,225.896577087981,381.694351762218,1.2,1.49074110946733,1.06173313281554,1.73926242691197,1.28367606928653,1.26960482197552,803.14247947635,1274.50091447575,519.447756228747,848.284665432372,778.884290078979,0.649841361572269,0.552743567550464,0.913521881232545,0.599048625420887,0.888521126037277,2.75134220350753,3.48338166860072,2.93140782613696,2.79033504682893,2.32105568884911,470.566576276804,498.756073861227,380.739663459633,461.660225815157,472.512118973817,6553.37365108034,13997.396414349,1185.16775178909,7254.83630758657,2090.07021694992
100,0.215,0.825,0.222548475552248,790.258249769115,0.17107334979663,924.869251041088,225.896577087981,381.694351762218,1.2,0.934035164163993,1.56818966484326,1.07543164329281,1.61458771896975,5.39192638717891,1418.53410558898,766.398675152918,923.439954756544,575.316888955346,3583.25808327521,0.701198641414516,0.926995362998968,0.748878829722956,1.11714936950996,5.39003617486092,1.27311993277325,2.50844562986149,1.66714341975244,2.29305646753542,5.39003617486092,763.127534649734,496.674244343685,555.951870708718,433.21590548034,3582.80582888491,5362.73851345268,2024.2858334207,2364.05993177874,1020.86126686902,3582.80582888491
100,0.215,0.825,0.207844400994472,775.909826210951,0.174375694121379,924.869251041088,229.813843872325,387.060635736324,1.3,1.47346448350335,0.905923659882516,1.44347189004178,0.86414881884138,1.81493478624692,883.480111726555,1949.68379933369,591.786543273627,1492.33206641614,785.22589095319,0.85516981215021,0.532694597243508,1.008199344628,0.607959039056672,0.749565392709182,2.47934457687541,1.27810392499555,2.05537794001606,1.16418886889023,4.48262830658305,545.797925098803,878.809642735886,421.721661312309,754.279120119634,479.21427576058,3972.7855048937,25834.6318577658,1067.73087905329,6563.00527779695,3419.56418538336
100,0.215,0.825,0.207844400994472,775.909826210951,0.174375694121379,924.869251041088,229.813843872325,387.060635736324,1.3,1.93022941117485,1.42361304585851,0.754656534890749,1.31376183734521,1.86059945853953,742.673380628219,709.920089941828,2641.84588020624,807.450505948607,571.13691260831,1.40164061438839,0.988677371346564,0.45896459074328,0.935781886362139,1.05974928217746,3.39476432213544,2.9383797376239,1.12401432633106,1.92106625212548,3.2288728320207,503.395102904552,464.542613970568,1044.16809869627,513.702611001232,418.337866982984,1419.6066026309,1658.44485519575,63734.0989118136,1791.04374512893,1147.21778486867
100,0.215,0.825,0.278487170955192,883.95437971124,0.158592041373319,924.869251041088,210.627343926679,362.492299414816,0.9,1.25480061613053,1.10462937556917,0.635474474057707,1.38613610458062,1.3360666241185,1163.19335818624,776.723864620027,2437.35470234135,737.708917407584,890.149521269148,0.537653934045381,0.623176455825968,0.33347138094471,0.73277542481456,0.812110260713392,2.01014083318141,1.67180204937664,1.15666263990968,2.21308181957039,2.69335793934542,590.396623397734,468.9482835782,725.119336215933,465.885770893535,480.099504933899,11293.6929299533,2647.89758628041,45636.829310606,3155.60433331966,2866.09666108496
100,0.215,0.825,0.278487170955192,883.95437971124,0.158592041373319,924.869251041088,210.627343926679,362.492299414816,0.9,1.54456110047011,1.72475524083109,1.12153318783438,1.63466821279798,1.54632079754706,1269.90834446945,483.515174005464,543.823634810572,550.942605478495,1566.48699663208,1.0207697173967,1.03722626160683,0.785648466604303,1.17834879475805,0.908245549745836,5.437455682119,2.97063814014409,1.46985616652656,2.41004579594428,5.28691182649037,617.881850877615,371.011578128784,367.377818680044,389.670929965488,414.839606094454,4327.37095557841,820.234397804736,991.883436396169,978.242467397494,5085.55176084257
100,0.215,0.825,0.25758356990199,840.1141,0.163241635870107,924.869251041088,216.399595490668,369.485692399371,1,1.11624941507364,1.4252032763857,0.980851214889528,1.51211779640851,0.653958128369036,1110.70739643323,624.286676510225,722.585128487888,803.9753103024,11452.6832454608,0.66836014950139,0.768080174248281,0.765360063460392,0.638032587402187,0.23115058626968,2.32007677970049,2.06938642962762,1.31155511352557,4.97276277058654,2.28563143541847,561.429650898906,434.001069446686,447.893320966116,431.855066127328,894.379655020671,5681.27312218245,1534.73881446562,1546.97545408914,6528.21397838392,23240160.1007471
100,0.215,0.825,0.25758356990199,840.1141,0.163241635870107,924.869251041088,216.399595490668,369.485692399371,1,1.29665927382672,1.37378735178136,0.717812347632698,1.01645514739532,2.56505482319645,719.334944977654,761.563127616879,2016.40750129955,1090.17461304068,577.50083791278,0.910653905214342,0.978056146835048,0.544228539376362,0.634254508266215,1.09869866663623,2.50405390584034,2.8396212249494,1.08200121223111,1.6475214714297,6.71905792865289,466.797697406219,467.470787296613,822.572291695163,565.367595680465,425.018878739045,1788.90580656387,1842.83187104365,11193.2271653561,4989.68532693413,1550.28672781134
100,0.215,0.825,0.233754681559727,803.563879727765,0.168562831860821,924.869251041088,222.883586821744,377.709824077126,1.1308,1.07343676641005,1.04813535207547,1.54051040790008,1.39821563912179,1.06892200400088,1264.53861301969,764.104082642527,625.539130145467,886.336355730745,1016.53693952558,0.759582676910785,0.761121223995574,0.854410760350968,1.00534523711624,0.508723450924676,4.83581536906367,1.7294775597618,5.46711137576094,2.83721152848487,11.41089662548,566.563149030654,477.147376944383,411.290527481064,536.509989221167,406.87452096408,7038.93472811507,1832.2192256389,1682.88046111594,2174.04430882643,45870.9554146279
100,0.215,0.825,0.233754681559727,803.563879727765,0.168562831860821,924.869251041088,222.883586821744,377.709824077126,1.1308,1.1825288760185,1.28982857082948,1.03824656018266,1.2852531131789,1.05963563312808,1223.89046385846,727.587435602993,1328.1669978862,962.689232214128,1361.87648773958,0.795129165523419,0.965589509795895,0.712880333415742,1.02736474445516,0.723365984060616,1.71473619210061,1.9066528920801,1.62709060251811,1.8088616799133,1.56419929216622,586.248402963778,489.038973792565,693.040495215516,587.227486509221,726.720300209327,5424.29415497563,1481.71549788181,6889.80918064795,2113.1135724039,5818.7708490476
100,0.215,0.825,0.222548475552248,790.258249769115,0.17107334979663,924.869251041088,225.896577087981,381.694351762218,1.2,1.32433004823407,1.13024208756903,1.24230430741488,1.4056865533339,1.37357690248775,656.181604565353,849.002489105931,1197.75907295447,515.228016866766,1054.26544415475,1.00514371273904,0.834274669071513,0.702419582305815,1.03904824804762,0.773533257075176,1.80790631016872,1.58868758087311,1.84885765897012,2.04200812306006,2.38330806452459,436.060955137502,485.334186167908,604.236847160581,369.38857915772,544.03487313308,1441.66440846044,2058.27477037371,5649.04604575514,861.864916401634,5186.41716253242
100,0.215,0.825,0.222548475552248,790.258249769115,0.17107334979663,924.869251041088,225.896577087981,381.694351762218,1.2,2.0043570521209,1.20754115559565,1.54584810977553,0.932045205273176,1.42882178407953,522.144418217839,761.482562482389,723.591984946976,1567.97734315795,861.198058494185,1.3438172821244,0.903416659723477,1.15847076649126,0.5943351771822,0.938103285496398,3.17526998787216,2.38914838610581,2.76927189263051,1.57757325281339,4.21591919232751,399.031160417683,477.215429009184,471.547654596905,694.475121573335,469.277445011564,871.329343700867,1603.95738128193,1632.25049658134,10206.160630159,3232.48075603863
100,0.215,0.825,0.207844400994472,775.909826210951,0.174375694121379,924.869251041088,229.813843872325,387.060635736324,1.3,1.58408572502083,1.49688915765499,1.44264279012589,0.842797630825855,1.44271770311298,658.904986533629,678.337132630062,1286.0383210881,1182.60451655263,538.371141858703,1.23476582626248,0.925671618255241,0.863838217518176,0.516971950610211,1.20442848779665,2.18223076927147,2.38460217667481,5.83461703058787,1.36627525734966,1.86047342875584,451.172553321273,445.613554493331,555.669368929755,564.177508081419,391.413499159336,1426.50121873304,1602.30788414029,5626.90298699039,5956.09592432352,854.600013544936
100,0.215,0.825,0.207844400994472,775.909826210951,0.174375694121379,924.869251041088,229.813843872325,387.060635736324,1.3,1.173412213281,0.939670464265911,0.48877874936134,1.13672316184434,1.36676442764851,1069.09834077462,1482.96577579845,29247.0231529649,1341.34083810344,600.254758090086,0.527387665582343,0.691967297655108,0.309865418924599,0.72715362854169,0.85013198344858,2.52673785976608,1.40994670707333,1.35128216183588,2.0182676914985,2.16687529726246,561.043172345252,702.384226669533,1933.98370389435,699.597047811116,449.958755429993,9371.7952884786,5017.4358321739,8895776.1505255,8796.88099746131,1374.15063007861
100,0.215,0.825,0.278487170955192,883.95437971124,0.158592041373319,924.869251041088,210.627343926679,362.492299414816,0.9,1.09829248451524,1.99209434412808,0.667869577190778,1.09072254438628,1.0696158463876,2109.68301921353,795.653630106433,1195.03552558047,655.144475253192,964.399784256395,0.763912971011063,0.995374758197056,0.533526949078196,0.720167945657801,0.682346840088007,4.12619637940439,3.91956033465584,0.853942562119068,1.72803910784717,1.71806034660059,733.89468007283,485.550463755709,590.983570727239,426.813921453595,539.265961772874,13179.8303212284,2821.6006002484,3519.17956724689,1753.4866228285,3485.61201541649
100,0.215,0.825,0.278487170955192,883.95437971124,0.158592041373319,924.869251041088,210.627343926679,362.492299414816,0.9,1.19006540841993,1.52275320326235,1.99611910246146,1.24444719633982,1.08930037258617,1393.47393069755,629.194178230934,669.890624504606,737.467834812997,730.387728779401,0.926736429506472,0.971897442894263,0.811204515355682,0.711210348046372,0.633273163426178,1.98450315609909,2.73183058279879,22.9887515898433,2.72078801326646,1.67092074289196,664.320801080569,435.831045022609,395.829019935585,467.745122226133,441.531106362123,5750.20010128552,1363.62702008877,3136.59771286412,4695.07734854289,2748.798646968
100,0.215,0.825,0.25758356990199,840.1141,0.163241635870107,924.869251041088,216.399595490668,369.485692399371,1,1.04777079729089,0.922728429538156,1.01571635185719,1.74067966344259,1.00195539108123,1416.42091368339,1672.68580837057,766.3058883156,610.351573858215,1252.51931484846,0.708198109316468,0.672934666773876,0.685568457636194,1.03683328685652,0.747518373574601,1.63521354107633,1.4930617108148,1.69242811461683,2.88930496736576,1.60134266315074,715.771065844018,782.448537491345,464.360079493044,443.370552744862,605.057635788904,7187.29667721904,7502.11728297483,2240.898437431,1340.91960972367,3895.5822034
100,0.215,0.825,0.25758356990199,840.1141,0.163241635870107,924.869251041088,216.399595490668,369.485692399371,1,1.07891368449906,1.63954241756536,1.08170795937428,1.46935552313456,1.04332566178355,1043.99422311443,594.481767310053,755.008403978163,816.132731714768,2265.33911489487,0.765535746543103,1.11160951825509,0.814882617525797,0.914396207661085,0.548174493021936,1.82462169980344,2.23227800545232,1.49311641558257,3.00410126360564,2.71462773400161,585.967116426113,422.290688786737,486.708163924699,502.55919685038,795.926096180161,3421.98258370766,1094.17778241221,1666.89807497261,2310.14405013338,88431.9577997827
100,0.215,0.825,0.233754681559727,803.563879727765,0.168562831860821,924.869251041088,222.883586821744,377.709824077126,1.1308,1.57080985919432,0.960467665883705,0.943036720543243,2.22275608094318,0.730792886137842,1301.01332128451,691.987120393937,1460.97126095022,560.813237533366,2305.42743846557,0.776361808477638,0.670746469105661,0.580286695627646,1.1344176949366,0.347895088370784,6.38790838375922,1.33166079557902,1.86257931932471,5.16019981679507,1.16998852907924,455.410370846052,448.616290001575,654.921931665817,423.518113263086,854.89865298742,15725.0436374119,1404.85527339871,12407.669481762,1170.96209744962,145802.654270271
100,0.215,0.825,0.233754681559727,803.563879727765,0.168562831860821,924.869251041088,222.883586821744,377.709824077126,1.1308,1.59532906191074,1.33486634667065,0.936456332773002,1.17265688329514,1.1176988374485,571.112442424641,853.404487400061,967.212799029269,1015.07254603049,767.393306272598,1.1358005661486,0.878662298471357,0.495958876630742,0.558412223962411,0.790836349396517,2.94790797740147,2.22964471719837,1.47741422490205,2.67754160735872,2.07189581055394,395.273411558836,494.186069867116,518.838195004681,506.856962893001,456.173405566647,1099.86628577913,3210.65275744613,9274.0542784311,9323.92322942954,2105.5096423375
100,0.215,0.825,0.222548475552248,790.258249769115,0.17107334979663,924.869251041088,225.896577087981,381.694351762218,1.2,0.997192581350539,1.60674888829832,1.49359794524907,1.50214334680173,1.18629259021927,1277.81753470671,799.543268677613,579.261327636414,779.021905669745,1488.74007793982,0.77530636181214,0.976542240772204,1.02621064908845,1.02841421627433,0.583892013970906,1.36737539068047,2.47737497255578,2.14537307584114,2.37811408352631,1.92365873846293,657.99236789069,505.756400695657,427.213539926131,505.447137167072,701.788013672809,3775.68897671702,1932.71499790249,1115.95914469071,1813.8016956642,35921.206107056
100,0.215,0.825,0.222548475552248,790.258249769115,0.17107334979663,924.869251041088,225.896577087981,381.694351762218,1.2,1.72168477633663,0.976472872698817,1.60475642068358,1.50838223294123,0.966293774677277,696.233560069132,1018.86376895201,624.65459805813,615.158561111569,2147.80388152388,1.15967108006164,0.685489721191704,1.12672580436424,1.10253720211233,0.401273602207618,3.31263568998748,1.3235367708491,2.45633390050215,2.13049603850176,1.62536637096928,460.706550672156,562.929785853732,448.87561736687,430.732585593415,832.54336171212,1526.88898017945,2984.77544834396,1265.2112640994,1038.07140995933,81533.6844562624
100,0.215,0.825,0.207844400994472,775.909826210951,0.174375694121379,924.869251041088,229.813843872325,387.060635736324,1.3,1.16962479215906,1.04344200754542,1.06558768332965,1.56507179761705,1.9234166864214,1052.21204271653,843.675619721058,883.8185179909,523.810200381044,546.199473778424,0.596763119061042,0.722133469301844,0.752914549997125,0.99879004417124,1.43453831854675,2.28552377717957,1.48245582062037,1.53372479413855,2.09896366119941,3.15100862617693,514.578494778848,480.687126655553,484.190436607765,366.689589293211,401.496294303484,11383.1292884767,2910.57939221133,2497.50139539178,962.813543779737,975.114321747493
100,0.215,0.825,0.207844400994472,775.909826210951,0.174375694121379,924.869251041088,229.813843872325,387.060635736324,1.3,4.0348612009353,1.07207140196983,1.07429570463301,0.915814083332948,1.59906713255401,609.952809359003,1145.10886255467,1137.68087447961,1530.33453351373,586.892335053172,2.14477737010593,0.615988800665193,0.698300257802084,0.652576492622708,1.05979138092873,35.2998292790719,1.75844404922698,1.8298588177212,1.45413005023869,3.03195387219464,409.642737244641,639.877952759797,616.522573703547,760.036682756228,441.980855336038,1558.57058372578,6027.81974788192,4630.45359678295,5623.39063407835,1079.25857987175
100,0.215,0.825,0.278487170955192,883.95437971124,0.158592041373319,924.869251041088,210.627343926679,362.492299414816,0.9,0.754627927381532,1.15165464009976,0.766253396718216,1.088419904908,1.32950563060681,2983.00992710988,661.134570380677,3751.52634258839,986.610379524889,698.422503876969,0.352991365747197,0.828952162084859,0.480029980921616,0.582538123801643,0.95372919804159,1.73286654210962,1.7225441365946,1.83696589072802,1.67106746912509,1.81254374982897,760.569738090703,429.161528447236,969.044538025081,541.882000106035,458.921630197242,371218.569961576,1262.86555094682,149579.663420325,4267.36008795273,1504.83024674341
100,0.215,0.825,0.278487170955192,883.95437971124,0.158592041373319,924.869251041088,210.627343926679,362.492299414816,0.9,2.33254428077704,1.04000245802996,1.19876832091086,1.61404625892251,1.01982673816399,621.622454121416,1147.69053219855,652.657935355987,520.754295706468,1157.92728397621,0.840310074681712,0.683536274050399,0.876050350487496,1.01612681744102,0.70391825258117,9.49385649202669,1.62615558930521,1.68932601347743,2.31155654553988,1.47923506943739,396.67761983926,557.347130187987,415.070444684207,381.013363531006,585.429429134436,2761.00028167926,7288.48338668739,1413.84045420515,985.354877420592,3911.22933347728
100,0.215,0.825,0.25758356990199,840.1141,0.163241635870107,924.869251041088,216.399595490668,369.485692399371,1,1.18554546783556,1.9202377490041,0.812073017438291,1.36301426305873,1.33732676686331,888.55265695277,574.242143939642,804.569349486172,809.004998577902,781.831562270628,0.696483587148772,1.34170889985153,0.576686743446812,0.956503302551657,1.03852580905717,1.83855951876108,3.19642678623827,1.13001985962611,2.53637340576097,2.04992293060366,531.608510144168,412.155411361678,464.80039328538,474.28016930537,482.774209723885,3751.48524185478,1144.67707579835,2551.13147986499,2161.8504127367,1993.75421144523
100,0.215,0.825,0.25758356990199,840.1141,0.163241635870107,924.869251041088,216.399595490668,369.485692399371,1,0.905515691513994,1.12136739304523,1.28587815195991,1.41329414458032,2.17918707391888,1020.43913642002,941.973342949001,762.762949162858,798.582308804682,452.361304187675,0.589298619174612,0.814858795759862,0.655575129730195,1.08201941120579,1.50179836907607,1.30921133338078,1.73476642067144,3.49069339186604,1.84173033822158,3.82188000823763,546.725333885764,548.543039734231,426.454748948344,490.805927988969,361.075313753811,3653.11860899253,3085.13910682169,4118.86617911571,1978.30023310638,695.014886609448
100,0.215,0.825,0.233754681559727,803.563879727765,0.168562831860821,924.869251041088,222.883586821744,377.709824077126,1.1308,0.836377275352245,0.993370867977643,1.2635663874483,2.4438057483451,1.22941489372359,2133.25814955862,991.838126013461,641.595519370448,752.677802780681,784.513048710254,0.61253091314667,0.633228396245584,0.895421042082542,1.02665450319032,0.898567180340365,3.44868393067024,1.62274789653844,1.95268078358791,7.32374679622985,1.97487934195375,543.330568759154,540.44344750115,440.000661405814,462.079645454654,495.541295560059,13099.4365035792,3360.62258136598,1230.27690144054,2622.92496771888,2016.06568837618
100,0.215,0.825,0.233754681559727,803.563879727765,0.168562831860821,924.869251041088,222.883586821744,377.709824077126,1.1308,1.18206830795023,1.57840624941385,0.623939499373697,1.00582236795537,1.43212512446839,964.144683538117,495.290987240811,7397.84140338874,1646.99236873421,627.351389665479,0.813455995568037,1.13959521993109,0.360102204335124,0.678041883916528,1.01595910554922,1.93866433384535,2.06539693407002,1.25541837120983,1.48195575188312,1.96504829263801,546.160378516767,376.830974712506,1474.50687388138,711.431005196011,442.774755150035,3449.26914607561,774.446879569239,549545.349279802,11455.0101237595,1344.87446699075
100,0.215,0.825,0.222548475552248,790.258249769115,0.17107334979663,924.869251041088,225.896577087981,381.694351762218,1.2,1.39717323598696,1.09113586603165,1.68348220610636,1.68001709959024,1.30470023564388,869.024874661589,691.723599690386,657.015041740404,625.21705710676,632.174788972147,1.03687403715953,0.607907714916107,1.02799484779175,0.491928435448422,0.578424506103595,3.26621553097414,1.8335314825522,2.94251750382158,4.36455408284306,2.0725708075529,523.938008808975,432.016481192347,426.342871766099,405.268042996389,418.860090023032,2678.54440252121,3118.79516884992,1738.82465289244,7980.6092734277,3384.17509095237
100,0.215,0.825,0.222548475552248,790.258249769115,0.17107334979663,924.869251041088,225.896577087981,381.694351762218,1.2,1.75696916121705,1.51607966688108,1.06002867514905,1.30327132624842,1.60021322578848,603.961131467764,589.453966226143,1377.84636656528,1291.27340004134,941.309348600756,1.33765880948867,1.08353487144772,0.696729331856343,0.818784282828557,1.22428504130416,2.51851659907616,2.13486544068197,6.7895582847155,5.86528901372013,2.61143052492948,445.561058510664,421.615969003745,433.540945591769,568.646487008221,573.568242149565,1030.57701050874,992.826787297338,6740.28169644349,6170.40303590062,2520.92899370483
100,0.215,0.825,0.207844400994472,775.909826210951,0.174375694121379,924.869251041088,229.813843872325,387.060635736324,1.3,0.907657883879404,1.88965366302837,1.39479622219977,0.914478815638841,1.41810370385103,1311.50942089084,615.84564940849,738.791294338413,1698.60679512857,1247.83038668227,0.281513948456,1.42397229799889,1.07020859437845,0.617391349901027,0.417022907414076,1.8166988160978,3.67923332570796,2.05376308563516,1.3503571119033,5.45258338744756,579.587478610761,453.422903858863,482.720913341066,776.410067801596,579.403980155039,1120772.12145239,1065.81167253359,1475.9649316282,11065.5556900608,34998.618000321
100,0.215,0.825,0.207844400994472,775.909826210951,0.174375694121379,924.869251041088,229.813843872325,387.060635736324,1.3,1.42849923646923,1.37651674251258,1.37944493562524,0.956603135244989,1.2674662938529,613.457950132621,938.479336833597,693.933179091501,1083.70216176172,1012.70275796218,1.0177788733029,0.737039905408431,0.961068735819916,0.643759760045427,0.973003225688715,2.36919117549677,4.65614941604671,2.24476963471444,3.75071036335438,2.00509222656307,425.552837621633,481.559445507678,456.023702558592,504.450364446271,537.478770714017,1342.21680664819,4136.96337294309,1526.52161656842,6896.03420245751,2669.92531747123
100,0.215,0.825,0.278487170955192,883.95437971124,0.158592041373319,924.869251041088,210.627343926679,362.492299414816,0.9,1.04585520902603,1.2439024669874,0.787665882383855,3.22598460418827,1.0009138150033,1244.75257933341,883.786099221988,561.10585539492,485.226412375108,856.071789468917,0.603645793576308,0.415849688069587,0.565141319082058,0.56394719980313,0.669298875216834,4.24484019271795,2.33030074198291,1.02793440885505,12.2581047544364,1.33810154686457,489.407429993515,458.648068853683,344.807168884146,383.721738800486,487.799113609571,22009.0540794512,203438.283000858,1346.77412661759,6892.26736623721,3275.57333642782
100,0.215,0.825,0.278487170955192,883.95437971124,0.158592041373319,924.869251041088,210.627343926679,362.492299414816,0.9,0.840706832351042,1.72025984924663,1.10373493697199,0.967362280633013,1.74843920113082,1863.51046862343,606.254227049944,579.140025948575,1363.11815489491,593.330464602395,0.526494583939789,1.09021805954588,0.786908972917453,0.64356576735168,0.660711591418199,1.60743073746072,3.28320266886903,1.52919226114056,1.38333221154458,4.52742248141655,679.727686059906,431.476641825267,400.396456016173,590.818591106048,408.604733157404,24543.1968507201,1677.16977281017,1392.9941010661,8439.04878243083,4280.20734110515
100,0.215,0.825,0.25758356990199,840.1141,0.163241635870107,924.869251041088,216.399595490668,369.485692399371,1,1.78259389182459,2.29447074509237,0.962377502712352,0.670779092496556,2.93756816625677,836.205869182408,629.935903251181,960.923861095643,2116.44831438179,576.859892143827,0.809049132157022,1.20791041538618,0.634904702442922,0.316817458524803,1.79365240441794,4.17245349627185,24.2633665912454,1.36124468349142,1.27867486120357,30.0729010239174,513.522865173427,395.560685681762,562.194331131577,716.724846732035,412.863969385913,4446.29471509448,2471.3720680559,2512.84634236995,248358.725726394,1833.82202854659
100,0.215,0.825,0.25758356990199,840.1141,0.163241635870107,924.869251041088,216.399595490668,369.485692399371,1,1.13303147210907,1.07551634648162,0.94384328922643,1.05968122014177,1.62683618707382,1473.65102820381,579.965233434871,1301.35769468093,819.714758785374,757.182810880484,0.656799183242747,0.756320099708704,0.5793117984171,0.690561781609416,0.913384559625305,2.73101804798502,1.7000965482584,2.42036945461141,2.01651461978082,4.76115539118422,590.787705330475,392.100978935071,516.805397655148,453.656029887492,431.071616201301,16941.3061095853,1176.31337560823,8672.04068631605,2751.89670052222,2819.36080012045
100,0.215,0.825,0.233754681559727,803.563879727765,0.168562831860821,924.869251041088,222.883586821744,377.709824077126,1.1308,1.419591936186,0.985711945237333,0.877234790765313,1.28977757553529,1.3073778212901,751.676585175447,1090.48073838847,1251.25650678837,690.851401902505,1352.37060240427,0.890092178522184,0.633942172867877,0.649185919887184,0.816616280435409,0.989190332616797,4.87827487346644,1.52659659913884,1.16158083441565,1.90662846213454,5.59272235552206,467.257476097347,595.103582770876,673.953010926952,468.30319114385,633.853515091223,2282.04214928537,3767.15051632024,4086.56605359757,1740.69608309899,5357.0740029139
100,0.215,0.825,0.233754681559727,803.563879727765,0.168562831860821,924.869251041088,222.883586821744,377.709824077126,1.1308,1.1017710730659,2.29200944273681,1.14565027183746,1.03066718398684,1.34916371596358,878.671784380153,523.926544080041,990.850114682658,1217.29543875237,568.695165177287,0.74721059939146,1.32470939109382,0.648661005072304,0.646012999807544,0.93634539432683,1.53690607878422,3.43762031892732,2.56538800219244,2.30231668013591,2.05165422656245,511.839359394754,382.094275784591,526.765189922568,549.003409426117,388.249176178624,2877.90327574417,1370.41197241064,6144.23635984697,7737.37992098219,1229.93510577484
100,0.215,0.825,0.222548475552248,790.258249769115,0.17107334979663,924.869251041088,225.896577087981,381.694351762218,1.2,4.85827658054918,1.03977325782289,1.62162700391456,1.6688798169369,0.994724136462449,564.784879593732,1079.16664581847,616.260210340497,555.909203701314,986.365576524909,1.93930255252579,0.734237838149289,1.01385964680034,1.01397555842628,0.440384182558656,11.937305394653,1.60753478499696,2.33720409737757,2.37844283260543,1.50194310511769,405.599494932118,576.874843182036,425.73221020013,406.78779464504,545.645236894955,1434.91470133762,3804.01929904244,1289.65476636401,1033.18627228855,7722.51540664532
100,0.215,0.825,0.222548475552248,790.258249769115,0.17107334979663,924.869251041088,225.896577087981,381.694351762218,1.2,1.94628818126002,2.33960037057997,1.28367784902674,1.12354279075738,0.67641769775001,730.280713916983,494.282837335181,767.549627122087,1181.6035803853,1682.021357618,0.562128093755916,1.42489896944917,0.767883431616231,0.903725825232651,0.413541796148865,4.67406917444957,6.92676253906703,2.29142500474076,1.44943525530117,0.954446264952017,457.843808374962,403.464053697983,481.976421425158,618.693520297003,773.200460369782,18840.9986541174,895.262986054598,2560.50847803508,3759.79753717305,12399.664311048
100,0.215,0.825,0.207844400994472,775.909826210951,0.174375694121379,924.869251041088,229.813843872325,387.060635736324,1.3,1.65122369400538,1.39088510870383,1.02353429036456,1.27911493518927,1.01349173052532,878.318584152556,558.42234017551,1943.65759903945,1223.07390209408,887.821850204635,1.10158835635526,1.10122912095901,0.78237606565453,0.894297491941845,0.661715389953506,4.07680798977653,1.76255512161296,4.10410666712323,5.67198865805856,1.50833622793869,531.488339320491,398.592461035402,745.598846465801,554.205758130444,518.097648797029,2899.68520458588,878.417330605389,7675.50613539512,4926.86565455151,2749.90031055129
100,0.215,0.825,0.207844400994472,775.909826210951,0.174375694121379,924.869251041088,229.813843872325,387.060635736324,1.3,1.0438700256543,1.19803249403671,1.56083033214524,1.03538356172655,1.09982257350935,1802.87310466022,982.028582858496,775.370589899564,902.999168030384,719.53310983396,0.684727313670987,0.74271382579457,1.06621512768169,0.638201931135387,0.771811011368683,3.13662891496413,2.3475256580193,2.6715895541556,2.57136262241294,1.69738114692708,632.469383635323,542.037180825564,508.494423355853,480.184526056708,460.983561823492,11140.2212237999,3195.71714183138,2301.30876398533,5452.37387728825,1935.44763497461
100,0.215,0.825,0.278487170955192,883.95437971124,0.158592041373319,924.869251041088,210.627343926679,362.492299414816,0.9,1.05524421798702,0.909262160649548,1.00165493256921,1.00788621282156,1.70649903174842,1125.75838806852,1685.53957604729,723.863956319798,930.796372272502,585.273445014479,0.635389338637692,0.596327224950909,0.722676206330767,0.661779066122513,0.995679061428676,2.32620740123172,1.80751399087226,1.36192775725219,1.58367400207197,2.79440974404148,538.856339488072,641.628660273488,464.711745510567,525.273037788769,414.754324540271,5667.95545424055,11005.9862239264,1859.29561954055,2714.55652722163,1309.3246297022
100,0.215,0.825,0.278487170955192,883.95437971124,0.158592041373319,924.869251041088,210.627343926679,362.492299414816,0.9,1.21831935343437,1.11817969462758,1.08331326693059,1.26896804085663,1.16530756660407,844.451409989518,1265.44884115214,1579.34590329584,712.736802194759,917.674972186511,0.885435320603153,0.733316599338161,0.744290947103012,0.951516587702851,0.819288655905819,1.83193842846727,1.63864694756061,5.2199099486151,1.70093877776895,1.73298663800367,510.882121983177,651.192871596827,563.83686467665,468.997250304526,519.465395706674,2027.99794121382,5758.54522828518,15004.7000242583,1420.8913283524,3384.99876431726
100,0.215,0.825,0.25758356990199,840.1141,0.163241635870107,924.869251041088,216.399595490668,369.485692399371,1,0.948072801068369,0.932656430136517,0.97562044553644,1.40927427398543,1.47495002683729,1402.0697663801,1272.45569392942,1012.56125334497,876.044576193181,553.235541570926,0.506485444826107,0.3616659889224,0.471214550701573,0.663383334729569,0.997774939580846,2.00426015132828,1.85553801936404,1.70801122991979,2.78325519428481,2.21049279189615,600.501750137166,541.508554795702,554.717978473676,477.854785216266,389.497626492794,20795.3795283375,32812.4286949516,9462.10691324538,6312.42409442005,1062.2396825242
100,0.215,0.825,0.25758356990199,840.1141,0.163241635870107,924.869251041088,216.399595490668,369.485692399371,1,2.4275716370124,0.803429068852661,0.830433807693956,1.13009664883995,1.58860194623515,571.128686123267,3081.84831681893,734.150598230751,733.586141170704,555.321336490751,1.4615931957357,0.463125137087745,0.648918774615998,0.796620166900958,1.04687316477098,41.7653303048488,4.33032851328466,1.05111703704905,1.66039592289919,2.40225034103905,409.808444357673,555.853728707599,424.022562599926,473.463445398245,389.520001205156,2343.63723250402,119406.512164212,1771.58477883532,1786.44375599131,1144.30012698751
100,0.215,0.825,0.233754681559727,803.563879727765,0.168562831860821,924.869251041088,222.883586821744,377.709824077126,1.1308,1.26503486509407,1.0269732830152,0.856949807792481,1.31182411144627,1.64118598068865,966.189006374922,1804.80734763934,773.507886595804,599.223989905907,549.434515572652,0.754282327374391,0.703087596026585,0.617355049962905,0.963176395046758,1.21962947606962,2.75227339379115,1.76191299633901,1.18290832078284,1.89870019260868,2.29265963715554,497.8324684695,667.140800808416,448.392702470129,392.588452766358,392.632728033935,5271.97003677835,8383.53432713404,1928.59469224199,1409.66824707136,933.3574828697
100,0.215,0.825,0.233754681559727,803.563879727765,0.168562831860821,924.869251041088,222.883586821744,377.709824077126,1.1308,0.98595852629493,0.921915998931583,1.6650915798324,1.6629364867546,0.791076441327737,1685.08010933084,1269.87934507419,479.584709601943,790.952239096475,1330.4825113219,0.702742683706605,0.550958789286984,1.28243906233007,1.08570248064053,0.374491666580148,1.27555657558571,1.57141527499662,2.22448885106843,5.22789323907382,1.47001831728861,789.106066114057,584.792121120718,360.189949507295,484.87993468223,571.973186129786,7751.03221999965,11244.8220021726,733.716509706077,3551.65037359894,43897.1689467834
100,0.215,0.825,0.222548475552248,790.258249769115,0.17107334979663,924.869251041088,225.896577087981,381.694351762218,1.2,1.43528148866079,1.48082210858625,0.798776983904652,1.86236584433337,0.93962337259722,825.948517339673,768.361203826951,1040.6757287594,631.833780655271,2217.64437987149,0.856108325276823,0.871814379826314,0.548286174284238,0.782855830015743,0.477414403397359,2.35522503421981,2.45767831090224,1.26364237184671,3.92886232251986,1.54422198257854,538.3015314459,486.653868091924,566.46358287255,437.222716375431,835.846264052982,3799.61130335995,2293.78638706588,3120.30801201557,2002.68728664466,24736.6575353825
100,0.215,0.825,0.222548475552248,790.258249769115,0.17107334979663,924.869251041088,225.896577087981,381.694351762218,1.2,1.29345308795709,1.14697887417853,0.782212393569641,1.74181251810926,0.939560251180796,606.799198067195,738.837289374098,11922.0639578625,684.811683318681,1205.64233926221,1.00360456380161,0.800857498681814,0.477503733876369,1.05766031821054,0.56750294401449,1.72978322968041,1.63948025525915,3.41265127571627,3.40764716454271,1.36999323117652,421.391923101824,464.240735543759,1021.90780265494,450.681606556608,617.954505600557,1118.35185681812,1797.36370985907,93891.5459511879,1792.25935150635,5249.63056154907
100,0.215,0.825,0.207844400994472,775.909826210951,0.174375694121379,924.869251041088,229.813843872325,387.060635736324,1.3,1.54286532677822,1.14116480239492,1.17323916155141,1.18894155110076,0.963239460385458,588.356117603646,1379.25229681959,1082.38016186027,550.770610912093,996.412099030265,0.995921997337957,0.482035320480257,0.861295076093076,0.74265739135162,0.667069773614278,2.12315674796637,2.96460601961749,1.75686805290846,1.95982770688044,1.44119925412681,400.420705675533,493.025006157032,602.050320822839,375.272473515419,540.526891825966,1396.59007231319,116056.211887377,3940.07819192058,1265.7165220471,4036.0372527875
100,0.215,0.825,0.207844400994472,775.909826210951,0.174375694121379,924.869251041088,229.813843872325,387.060635736324,1.3,1.61578631295155,1.54496490709499,1.36899798277184,0.834543949562761,0.936677307029985,1239.69763172877,627.154441045516,673.840516041498,1622.64750247838,1265.36719836133,0.57694272636888,0.776410656176688,0.639892024859691,0.498373688998367,0.598784142406584,5.52951115443198,2.46639162392797,2.12511321027994,1.22401020551864,1.49741278109093,551.268629121524,435.23708489557,463.140133281472,733.605795999414,666.970953543807,13528.3977055552,1570.37134487487,3258.50729508492,10756.2560996337,5733.73264335842
100,0.215,0.825,0.278487170955192,883.95437971124,0.158592041373319,924.869251041088,210.627343926679,362.492299414816,0.9,1.09467980221224,1.05968759667861,1.38642271310997,0.992354292135846,1.92873256801374,1050.73062624532,916.098102485606,552.955391406826,1146.46210046355,991.289648574819,0.713093932494334,0.512209719121066,0.880924665752092,0.54577485496092,0.714579436734281,1.81578072176078,1.7014658110322,1.92452548968898,1.56265002729804,6.75451419276066,560.50930024161,527.530055726665,405.221407681639,606.77274201292,506.446279119649,4036.28862320625,7410.35851640368,963.980615293678,6562.57440170714,3545.62473137061
100,0.215,0.825,0.278487170955192,883.95437971124,0.158592041373319,924.869251041088,210.627343926679,362.492299414816,0.9,1.33220180308383,1.16713276764414,0.975127309138,1.21638223621192,1.03622399824034,687.492890199725,750.877802751468,1050.38391690061,1002.40743136845,1539.79286879577,1.03466354651558,0.868423984017401,0.721373704025145,0.81591004147444,0.274945288994981,2.02612496656572,1.63135375247135,1.49924879757948,2.1739474838062,2.05525884118209,451.69269151677,473.854240549337,543.633076842412,547.82238910907,628.267727658414,1926.59602669333,1795.84736741061,3482.23995315041,4208.44706431805,2393877.34078974
100,0.215,0.825,0.25758356990199,840.1141,0.163241635870107,924.869251041088,216.399595490668,369.485692399371,1,3.34335190375829,0.948664339017948,1.30879092847867,0.887757909398512,1.85910145279256,532.183435430519,1303.92475463511,519.694889635942,1659.46802850435,748.432073559968,1.70853837290478,0.397003539411206,0.961877669989312,0.607054218894327,0.909349335506155,8.50126201465506,1.57698649633103,1.80375880615466,1.3691894330271,9.05816336488979,407.728064041842,594.901726592065,387.861916559162,713.919791759966,412.658624055268,1125.70119953953,25851.5457524767,892.570241089233,7941.69757938665,6622.71370266728
100,0.215,0.825,0.25758356990199,840.1141,0.163241635870107,924.869251041088,216.399595490668,369.485692399371,1,1.34016600149193,0.695794070781167,0.825516852001632,1.07003250174943,1.98104930351187,736.001391599187,6333.96860193809,793.030396732459,1154.64723595007,553.69404926494,0.79856239863515,0.32531484247441,0.677674491816234,0.699458461964324,1.44853731184026,2.06896848993947,1.11856013541933,1.06815402223557,1.59042543914365,6.54848491008541,473.84242176613,1591.65278026436,455.284146879417,626.515276788886,407.929399294583,2258.06525069301,5518334.30033816,1759.45641574674,7163.73380237413,991.319035159763
100,0.215,0.825,0.233754681559727,803.563879727765,0.168562831860821,924.869251041088,222.883586821744,377.709824077126,1.1308,1.48813056528907,1.91435649983871,1.28053196849529,1.36909040055374,1.0231564864728,694.723286939871,728.249943298728,687.282577958343,1362.92677911218,718.055035421757,0.722072912908477,1.12711571979092,0.917362142754719,0.890097807120424,0.684668864021363,3.2099266299519,4.67885031748167,2.0138958043965,5.55338177568817,1.52051571443316,439.399759619643,462.567335211127,422.28458951796,606.609125712312,446.9884633316,2231.32712524932,2781.02562093887,1352.7493789339,5833.44728114179,1762.38678165812
100,0.215,0.825,0.233754681559727,803.563879727765,0.168562831860821,924.869251041088,222.883586821744,377.709824077126,1.1308,1.03227191186338,1.40615525023334,1.17956411791081,0.426188606955471,1.37046347555504,1220.193629102,909.905830474799,720.824700888245,35447.0724399735,720.006373602533,0.573455756156593,0.862389460548764,0.790560005283318,0.197797844760853,0.763402500475855,2.06190898462806,10.7757984937561,1.69389438224735,1.05525497992828,2.89940286181829,592.228207139865,430.135428699887,469.736794704593,1647.22864520772,472.545969093722,10843.5832145099,3919.79353405583,2113.17197857507,631340589.85027,2253.4874089622
100,0.215,0.825,0.222548475552248,790.258249769115,0.17107334979663,924.869251041088,225.896577087981,381.694351762218,1.2,0.739483144238408,0.984650773118554,0.782162233088289,1.66287472083177,0.947134160359684,2076.33050060941,804.357520203724,1981.67710282942,671.135258382105,1682.79398748801,0.44255695569265,0.72461996199203,0.479473216240422,1.03866234628117,0.494718278695543,1.40080527342004,1.46198004750437,1.53047498709645,2.64612394681547,2.0498009548324,775.482268800183,494.415774692817,737.150015444754,450.962900128959,640.317590987343,19799.3901178202,2133.95001203294,24330.0184336922,1706.34950316114,31399.5064358907
100,0.215,0.825,0.222548475552248,790.258249769115,0.17107334979663,924.869251041088,225.896577087981,381.694351762218,1.2,1.47308830034074,0.727650354987875,0.984680315205788,1.03511534419341,1.4586505009088,718.980892869358,1350.88944369949,1032.55515282411,1345.12497924848,826.368139635395,1.07097079534966,0.524701069834039,0.673142847947835,0.575663835304219,1.01942565964574,2.65260474498262,1.03172760055074,1.38887438707116,2.66465888771599,11.7475420008948,479.751803140244,627.798196194518,530.529094754219,563.126064748136,431.424636915191,1732.95554335395,6027.2870665615,3391.04113032475,27050.8304635016,3399.57702306894
100,0.215,0.825,0.207844400994472,775.909826210951,0.174375694121379,924.869251041088,229.813843872325,387.060635736324,1.3,1.78951857908177,0.868991402387163,2.09407583847192,1.15038563229911,0.901177297457401,558.254193508283,1771.97086670564,640.95894039754,997.846219175094,862.26439348992,1.25896481210409,0.488035808013571,1.4643958397708,0.685531611783801,0.525563697865349,3.76925872007903,1.53804793896852,3.45241252324197,2.01924905988982,1.48018449659678,420.877243656735,656.59625036466,459.61316092048,543.285565026221,481.507452481063,1030.14841305769,48802.6475174121,1166.74761669893,5901.82693086557,3979.02737380662
100,0.215,0.825,0.207844400994472,775.909826210951,0.174375694121379,924.869251041088,229.813843872325,387.060635736324,1.3,2.74588374999184,1.13377663767587,1.10968244388965,0.894784815268802,0.943675330154119,716.297988352911,890.358220719446,1084.38396333551,1350.07451242629,754.330445845584,1.13041688000477,0.77551962695089,0.597257557885845,0.612482512032409,0.721157153490472,188.470339835825,3.73567016732707,2.33337800295123,1.29300571532953,1.25101215231062,390.48038500566,466.91437259313,576.874917864173,699.851971691205,481.309474690756,3033.87375849208,3523.57621080195,24793.118359896,19404.1789950219,1643.99236852827
100,0.215,0.825,0.278487170955192,883.95437971124,0.158592041373319,924.869251041088,210.627343926679,362.492299414816,0.9,1.07703638873321,1.65272015066465,0.636208693951777,1.04375941046126,1.33508569687623,926.639611981048,578.795347719418,1128.64045186168,843.722811407943,710.969804393426,0.666417059996938,0.807598956368239,0.418659825151371,0.585209835328012,0.731428035622481,1.51440234331473,2.78545792787385,0.93592610040044,2.45255987172406,2.46393187653388,479.677579838691,399.304551416062,515.159488094903,442.322981092633,436.835126023127,3781.8148725445,1510.74174994965,5343.38904835678,4613.95027416249,2881.42336430157
100,0.215,0.825,0.278487170955192,883.95437971124,0.158592041373319,924.869251041088,210.627343926679,362.492299414816,0.9,2.06076183696143,1.29495132789316,0.957016990791928,1.26003663990619,0.897329823141255,555.803991529095,1001.89287031797,686.80009654045,793.360061035841,1413.07087369234,1.5029413512361,0.650353876154738,0.639607502599828,0.827265889302086,0.491775649181861,3.23299363114747,4.49114615489192,1.3972479810842,4.78397597041897,1.92489153639911,400.896388731094,451.003834628913,431.584423557223,421.37944984348,592.470148676936,1013.78435272403,8414.05305866447,1680.40109184636,2522.54046648184,23063.1990564719
100,0.215,0.825,0.25758356990199,840.1141,0.163241635870107,924.869251041088,216.399595490668,369.485692399371,1,1.27245631974441,1.15633522304682,0.792944870847839,1.16795400343215,1.58144562400388,869.577608474384,798.199792903123,1929.24973977453,764.109594440416,731.82362732013,0.91612472580358,0.773543791522917,0.341907827797153,0.672017070142285,0.939441050320863,1.80577857976931,1.84230567780031,1.49851575204635,1.68390278416478,3.28889648522536,486.799524879762,506.259636463576,677.895025610374,497.148008974578,461.006104269144,2212.7794081838,2113.42067063133,214386.84881793,2589.76095470331,2284.29996422302
100,0.215,0.825,0.25758356990199,840.1141,0.163241635870107,924.869251041088,216.399595490668,369.485692399371,1,0.852517917069922,0.875691468927167,0.796686434474436,1.5242835332938,1.49356096326412,4821.19040400247,1576.60039044148,1419.2170074892,482.259504603308,652.394064861654,0.483098226244879,0.686370163983204,0.414057300270617,1.07459264078535,1.06622521299333,3.33130735329005,1.28959620079436,1.19121823162908,2.89819490437355,2.58390865939021,1229.02190498971,726.126408931943,676.233278007545,373.247962281266,440.266543078959,57155.824027417,6365.39680382872,30481.1985398564,808.409040965286,1349.85197780276
100,0.215,0.825,0.233754681559727,803.563879727765,0.168562831860821,924.869251041088,222.883586821744,377.709824077126,1.1308,1.76667336947521,1.1196445510379,0.960127765061846,1.36647348349507,1.41684126305187,599.865497543946,948.502088207693,1487.51527401834,581.568354579589,1292.95639050351,1.25765484143869,0.644393199104229,0.385580373203732,1.00281287421692,0.941384501529222,2.80100578763701,1.82320086038441,1.73549839801649,1.8364595692847,3.72173757130995,429.456187383491,511.802380922352,601.281691382868,421.244972793738,579.195278524611,1222.5563871084,4171.18835793071,67916.6285005677,1034.91601077171,4878.06173228676
100,0.215,0.825,0.233754681559727,803.563879727765,0.168562831860821,924.869251041088,222.883586821744,377.709824077126,1.1308,1.04946740453025,1.02677085639542,1.34074843681589,1.51241864453343,0.931179469791628,1137.70301170763,1035.50890809657,912.034219315542,900.151431099445,1542.71666218553,0.690028119974857,0.450789658330716,0.790522733221625,0.711414167269913,0.410054259039863,1.65887280663922,1.64301047313271,2.27139341865266,3.39565731905413,1.46934193420047,615.09830140603,539.185986804637,526.53291325188,524.617948860717,705.686484717823,5744.32056548473,14882.3832670007,3770.4341414278,6230.20099596304,30115.690113657
100,0.215,0.825,0.222548475552248,790.258249769115,0.17107334979663,924.869251041088,225.896577087981,381.694351762218,1.2,1.16816848926018,2.44747710356146,0.9875284064365,1.03374071293066,1.2158765294751,1149.63830869016,435.364719769885,1513.73577769937,857.873952627541,732.374560338751,0.677362545643436,1.54486252230676,0.555126814177611,0.750684521247145,0.758756942674608,2.29595437978137,4.11256458281996,1.773886180543,1.48421993842694,1.83988973418109,559.6826907728,364.6760751427,635.538132980272,490.326189444465,455.343098730557,7637.42281658033,630.704168855479,16286.350082687,2127.78435302409,1939.36236547622
100,0.215,0.825,0.222548475552248,790.258249769115,0.17107334979663,924.869251041088,225.896577087981,381.694351762218,1.2,1.70974737062043,1.33345383076184,0.975167337188946,1.00395171654539,1.96875211918677,821.745920866401,920.980449496696,1044.42044867826,2278.73356196847,1199.90323608282,0.829658474230018,0.771931867566595,0.557841706377062,0.624509551013029,0.639246607670672,2.80490467916527,2.18413198661971,1.98214473884371,1.52201359586693,6.34058989117957,526.424120251291,555.131453517537,563.266623549637,981.779316959434,571.489757807065,2169.04936426283,3107.23915418992,6733.80036205782,17475.6893400629,5932.5284642483
100,0.215,0.825,0.207844400994472,775.909826210951,0.174375694121379,924.869251041088,229.813843872325,387.060635736324,1.3,1.2393651413161,1.25147015064158,1.68515839100861,1.05457669189731,0.973256275391045,1044.33865884186,773.849252201115,575.763260473696,1093.06096844784,1559.26702492522,0.803707500900062,0.941261568312359,1.27906355485409,0.667176116911417,0.499042949551294,2.17382040160308,1.71962097923969,2.54974734035475,1.78646498788826,1.45231765932478,583.198103360625,496.150126220423,431.882272454073,612.104982302943,727.035700848016,4127.63948792066,1529.33635378882,1007.24024656028,5517.34474793916,17544.2724161897
100,0.215,0.825,0.207844400994472,775.909826210951,0.174375694121379,924.869251041088,229.813843872325,387.060635736324,1.3,0.840604677148567,1.11180409246295,1.11887287189177,0.958584958892697,1.75633258561767,3065.94908763335,957.609701438828,1214.82807368065,798.154160970659,657.359542356894,0.40862300585245,0.638547648381774,0.693415247210907,0.640897484887894,0.925055760845164,2.00089447629021,1.82850211712862,2.27038259995818,1.38978347790239,5.38085878154658,743.06239404195,550.400125856496,579.561675765971,512.598757133554,439.337144144575,370822.393326552,3775.37590235016,5269.55417698697,2315.60971546622,2133.51226994253
100,0.215,0.825,0.278487170955192,883.95437971124,0.158592041373319,924.869251041088,210.627343926679,362.492299414816,0.9,0.851836571317526,0.736088958963087,0.765826519990775,1.1349929979558,2.31932036575601,1244.38759883087,1471.67491171895,1223.86369566046,1086.79477716893,621.162233313244,NA,NA,NA,NA,NA,NA,NA,NA,NA,NA,NA,NA,NA,NA,NA,NA,NA,NA,NA,NA
100,0.215,0.825,0.278487170955192,883.95437971124,0.158592041373319,924.869251041088,210.627343926679,362.492299414816,0.9,1.40724065354571,1.37873618544405,1.3729530659896,0.752831490937733,1.49900321095568,1294.22644713515,769.172785200622,666.861418249374,953.335948367876,676.973793676256,0.647045492125487,0.717557447555847,0.691275933990027,0.493407234960258,0.774398426550118,7.83566468426091,2.75322565961459,3.6136364830633,1.0828669429454,4.37581936271937,420.970293521439,475.656371524355,418.306000037685,517.495089280909,408.857096547209,26663.3133706902,3134.63298729669,2352.62801399253,3410.0245593479,3029.28270325507
100,0.215,0.825,0.25758356990199,840.1141,0.163241635870107,924.869251041088,216.399595490668,369.485692399371,1,2.29902186439793,1.04868721653578,0.670477523225271,0.932983352937621,1.26759407194455,445.467169091441,894.455334487162,1494.34680974108,1227.34489226415,617.078443667911,1.30865552697868,0.840894568624316,0.406138606360666,0.295284399061308,0.876869867626342,3.54894055633231,1.40376148452638,1.08643942470419,1.87801270918037,1.61177471072559,348.877717221114,481.80369206766,560.351071903321,495.475268716692,387.453280768255,724.516351139479,2543.19825021907,10764.8271444049,152823.541501936,1349.99266995374
100,0.215,0.825,0.25758356990199,840.1141,0.163241635870107,924.869251041088,216.399595490668,369.485692399371,1,1.2366711951959,1.68499273447663,1.13810351964502,1.59436203018853,1.07973617925637,1024.96474882103,784.740491019528,712.05996910868,524.32413916983,958.929223011992,0.937550732658412,1.11496778322743,0.630805728189016,1.02246421563144,0.491485617759652,1.69009575098728,62.9033597327638,1.67258496693602,2.88582641106377,2.29049692297171,582.338006058967,392.550185757696,407.285819056213,373.778968292806,479.047603721809,3068.59077731856,3058.77739737493,2819.07784450243,1097.61522645248,13441.8026905572
100,0.215,0.825,0.233754681559727,803.563879727765,0.168562831860821,924.869251041088,222.883586821744,377.709824077126,1.1308,3.55614424726857,0.965374086592786,1.33702855984058,0.718677188499958,1.22456494807084,635.020807188206,910.972015690872,562.483697353808,1989.90160998542,776.027213026882,1.43400836996688,0.675131343064401,1.01769709999966,0.423157133097792,0.669691153126569,65.9503257196021,1.30079461372054,1.79231732168235,1.09575950882666,1.91943299035843,387.714957254517,540.404423829429,391.857112589213,778.358951599535,488.049516989585,2111.80548657686,3367.01789365151,995.680632428359,23399.7030445284,4807.69713707213
100,0.215,0.825,0.233754681559727,803.563879727765,0.168562831860821,924.869251041088,222.883586821744,377.709824077126,1.1308,1.19981323594685,1.1145946889848,0.801005711180073,1.41072201274461,0.930075553218757,1028.71038838255,798.594891012276,1610.4317622055,751.55020308759,1282.8397066566,0.713855373337986,0.791150006325894,0.620137370670433,0.931740269203656,0.555756338777307,2.72279234092625,1.81228876739349,1.13962789871217,3.38451457021735,1.64273732154309,518.224088356448,482.122814054518,721.181301713009,470.955122477351,594.676582753178,5986.32779767608,2084.83423481218,10043.5608089488,2274.38328341998,9707.44523266286
100,0.215,0.825,0.222548475552248,790.258249769115,0.17107334979663,924.869251041088,225.896577087981,381.694351762218,1.2,2.24526818637646,1.54443892259778,1.09863117644485,1.06627496134287,1.3798962985269,604.163134344485,779.057515036994,1187.74487654914,1187.15355335695,666.292937790143,0.80273884468777,0.899846185581717,0.588387736706328,0.608049123840305,0.737505981533812,7.02543935421741,3.38695179652498,2.17740886362679,1.86433870712225,2.77020157703988,423.426271971937,460.717319563489,580.887097111434,559.794106661187,440.950719305321,3136.54546467811,2506.65560749094,23310.6739646244,8040.34426712681,2338.13605590904
100,0.215,0.825,0.222548475552248,790.258249769115,0.17107334979663,924.869251041088,225.896577087981,381.694351762218,1.2,1.86463304000982,1.09622628732855,2.66933464429666,0.882896870973359,1.10294415844908,481.190628434574,465.328000331321,505.997645198752,1347.89427312096,1152.31366714982,1.03180706832324,0.884400734733999,1.27378730288269,0.461482314333663,0.807824256541349,3.09207887739868,1.38460208636367,7.84645025979278,1.86343510024777,1.44334364223394,371.071792638596,310.5042263888,383.737461295143,531.762162304745,584.638259147726,862.793531207013,787.324686010689,1659.37398267935,22718.8860543869,2955.28121535452
100,0.215,0.825,0.207844400994472,775.909826210951,0.174375694121379,924.869251041088,229.813843872325,387.060635736324,1.3,1.50797881025207,1.01961119728875,1.44648514971209,1.17213482972258,1.1929751767061,748.281638602808,567.763669658499,679.756081999341,769.493104925269,721.827492651433,1.04636607473196,0.724219725090253,0.93885222083798,0.853673324402821,0.742906457100741,2.78272845165105,1.32710528257317,2.71506201495441,1.56811696718254,1.8677712703591,443.444419767904,364.548784602428,436.47899699076,445.001338215172,452.20420135147,2938.48957461923,1242.62806700101,1805.42682276043,2176.43106135941,2105.93740247852
100,0.215,0.825,0.207844400994472,775.909826210951,0.174375694121379,924.869251041088,229.813843872325,387.060635736324,1.3,1.40527531409804,1.58279697562481,1.76627704177996,1.0411461550821,0.843766540269764,989.523339611775,729.856339645444,705.248169766304,1163.42105292398,1188.47007624663,0.822980251201018,0.830049841642661,0.90491722265295,0.667945434406742,0.608498424563759,2.14907655915255,3.89936880383455,3.1532893817202,1.57565777251704,1.25863693873021,591.797300621609,461.906798662812,480.42454119672,620.617502244036,639.489297058873,3870.63190725647,2493.98371660594,2673.21274332594,4047.32730151588,4193.8919017138
100,0.215,0.825,0.278487170955192,883.95437971124,0.158592041373319,924.869251041088,210.627343926679,362.492299414816,0.9,1.33038653977639,1.29724872647109,0.665849654363759,1.08920587557872,0.984072330002436,858.948945890729,836.783752381734,1074.67826964029,1320.2873381729,748.758058985829,0.650698128759194,0.987884896344774,0.458509123460579,0.650592667124945,0.693822049419178,3.57539976505493,1.86749258557607,0.920564881734972,2.67139504959373,1.38235604470042,467.565827591303,508.961056572984,528.761100033537,555.251679047536,443.112595227867,4912.58499304309,2812.06773003245,4571.08705213943,10778.5288300212,2050.79994763073
100,0.215,0.825,0.278487170955192,883.95437971124,0.158592041373319,924.869251041088,210.627343926679,362.492299414816,0.9,1.10140662165586,1.03194660604987,1.01655378846045,2.7295465313686,1.00124277924716,852.163204655737,841.295127390688,662.447091845551,614.839339048039,1130.14934593547,0.73285716528727,0.723746977942775,0.618423207066187,1.13504189868998,0.686493461620925,2.12042170760595,2.02138721171733,1.45340760257981,14.4013904512026,3.43609385652593,489.428402310561,454.587617876019,429.279590149003,396.636090766329,489.911823091537,2857.02599984789,2343.91290130448,1682.12801109024,1915.89926443495,4654.30102010575
100,0.215,0.825,0.25758356990199,840.1141,0.163241635870107,924.869251041088,216.399595490668,369.485692399371,1,1.59511984562082,1.49284004814172,0.810394732961359,1.50918149035235,1.14061491585415,532.293513788738,668.897740040847,1167.35820184254,757.852237562017,1428.51464406536,1.02137269060593,1.05956882787132,0.591109374204592,1.03476267030307,0.570512485060362,2.28044126631228,2.35870144665114,1.08754363129035,2.40042019437893,2.03033305325067,386.249803669557,435.059826483305,551.435205077782,486.076814427373,606.41114710137,968.2221895671,1584.29739677826,3546.60077362859,2687.41812227084,25733.4185533435
100,0.215,0.825,0.25758356990199,840.1141,0.163241635870107,924.869251041088,216.399595490668,369.485692399371,1,1.04174397642287,1.49701389219618,1.04742423248276,0.696529573966996,0.887635325916851,802.653144728646,530.622352101622,938.880282409054,4739.43224964382,3152.02290526606,0.673914511947964,1.07471582568729,0.700620057705263,0.404680344059829,0.305286266959604,2.10327199097222,2.22627752037081,4.26530378200976,2.47324116873735,13.783804063425,475.925737025261,385.724824144668,455.031291327265,698.08344481572,400.100087179356,3191.81628837537,993.799396895855,3561.85263573921,131639.169318074,57512936.7686789
100,0.215,0.825,0.233754681559727,803.563879727765,0.168562831860821,924.869251041088,222.883586821744,377.709824077126,1.1308,1.38313108115902,1.19785453313473,1.43817599388282,1.37224324399,1.31625474167743,1169.87053845068,1020.04691808075,638.815366308234,766.963887403179,558.517685285239,0.663324477077182,0.913370583876285,1.04854351046245,0.960526017994634,0.988504806592073,6.52308297770163,1.7334873962318,2.42617874882326,2.22084963039709,1.88978484939795,452.349076461701,548.716844311959,436.235330598957,485.88964610534,395.372018683624,13150.8449287276,2496.15290295759,1321.77700878783,1783.01444863498,984.818500606345
100,0.215,0.825,0.233754681559727,803.563879727765,0.168562831860821,924.869251041088,222.883586821744,377.709824077126,1.1308,1.91628014303046,1.68590472169757,0.89871131121301,0.940256049838271,1.13068837251088,600.880483162751,530.27609440711,1422.18167746317,869.112929684749,905.230946438149,1.25220572393782,0.989066218977896,0.340531490833735,0.663621417978071,0.826434298501636,3.61053673774135,2.52907706689765,1.81173988584552,1.21677548177733,1.60243932570979,422.199186500168,395.646495497365,552.457965715067,482.400919912118,490.095674387501,1294.29072488436,903.08549168272,154241.938908382,2317.43823282004,2300.61875738557
100,0.215,0.825,0.222548475552248,790.258249769115,0.17107334979663,924.869251041088,225.896577087981,381.694351762218,1.2,1.52527486418001,1.43293279774926,0.961583959512857,1.47349321864088,1.93908825886594,838.437396490916,565.293351501704,1356.45147127253,765.981205541663,524.913429361909,0.747501593267723,1.03807924720889,0.565361615671608,0.862812417796546,1.05435980684385,3.75294056697418,1.9753294762155,1.53598577263427,2.45265125995414,3.0320086571179,468.925357293784,392.24685092042,641.792362575,478.762168495292,397.916660944069,8109.22378348767,1002.9413588909,12757.5911976807,2306.60020877823,1080.6150128682
100,0.215,0.825,0.222548475552248,790.258249769115,0.17107334979663,924.869251041088,225.896577087981,381.694351762218,1.2,1.3415160086358,0.889395334344941,1.49528038561512,1.01099712262084,1.10570003674718,969.320387929587,1564.92150697072,596.324557619667,1509.21141920847,989.454311009821,0.761574349397157,0.595678296130397,1.21968522337336,0.739002528174273,0.807370280413322,2.27059184536596,1.36990719159316,2.21408219925061,1.81037515949583,1.71296978933915,554.208860874522,741.391988374123,413.504998500727,656.078455017715,575.997163176091,4616.4270997203,9489.25059751445,1072.15237484656,8548.06283561981,2943.62737572975
100,0.215,0.825,0.207844400994472,775.909826210951,0.174375694121379,924.869251041088,229.813843872325,387.060635736324,1.3,1.37076433454021,1.09849998121307,1.23353140436723,1.11423458826554,1.59447249731036,547.694855955499,903.060115944654,1083.35753183872,1055.5377813039,881.744414435795,0.949794423439886,0.770119773511552,0.621556281759672,0.774832576799004,1.0550383167572,2.00801508414229,1.64314858186112,2.11809881705572,1.68710912780074,22.6576960041753,387.947450818684,545.023238937046,553.406432894148,553.060657040029,424.769634514237,986.202971182268,2478.73456815456,13417.8679046017,3818.47615840332,3344.29420053182
100,0.215,0.825,0.207844400994472,775.909826210951,0.174375694121379,924.869251041088,229.813843872325,387.060635736324,1.3,1.01182969501957,0.949481445074076,1.26056050012938,2.2906152503711,0.856313221931836,2682.4383823894,1712.55416161231,721.939594925005,458.248892447026,1984.55222566582,0.348827609833098,0.535868802891159,0.861586450504344,1.08010592033133,0.571439841957613,2.32498267322915,2.33684217751031,2.26732078314734,3.4279198115036,1.24727594586984,737.804111585013,599.921690745799,460.187198381121,374.378893187129,909.403592919258,1888262.27626355,14743.3522071507,1743.99523471278,763.806248575777,11795.7736872386
100,0.215,0.825,0.278487170955192,883.95437971124,0.158592041373319,924.869251041088,210.627343926679,362.492299414816,0.9,1.88360552651965,0.608535559933414,1.19609556783939,1.26794483808616,1.48425673039701,547.772280135197,1587.45562090488,658.937440125037,686.157188312537,499.361582177773,1.34046029916031,0.349851482903113,0.724002743028972,0.919877178431727,1.04484398866687,2.59420191525612,0.956201247068047,1.87190452570507,1.92352158390312,2.01008589495368,386.235947990922,616.399183579482,400.504601632453,409.076279579357,356.628275227518,1112.38679632889,24962.786856068,2348.74207051504,1655.60384968104,1027.55095453081
100,0.215,0.825,0.278487170955192,883.95437971124,0.158592041373319,924.869251041088,210.627343926679,362.492299414816,0.9,0.860234232605875,0.745621384641002,0.83151392372918,1.54508434681663,1.82710460098483,1760.05061633758,2679.46930333414,597.290598199422,829.738110374301,561.520865606332,0.58541053123629,0.517138330535005,0.615473759100851,1.08439930733165,1.02573287862111,1.32427662221373,1.13522302681546,1.08024141327547,2.77007479834131,4.02237748335534,696.466165245497,910.45289371372,389.024069330889,474.793099445643,407.986767660789,8435.01412549656,30495.3626808643,1324.74475022786,2236.9648616675,1296.52436541717
100,0.215,0.825,0.25758356990199,840.1141,0.163241635870107,924.869251041088,216.399595490668,369.485692399371,1,2.12053020314118,0.780818926327031,1.6536203317245,1.24726721147393,0.961408314681049,580.772015855906,1472.39906172929,543.171338959614,620.02457535908,922.024054509377,1.2071802609804,0.401668275959794,0.934787792851271,0.840312162960858,0.512443538990315,16.8644793897568,1.38822832080385,4.3900425922092,1.83348485545102,1.62230170806544,402.416600510305,592.137073810076,385.350800121849,402.011413862899,480.346260838478,3307.01930817259,29081.6207920474,1786.91692614109,1657.39516549184,8164.54750888958
100,0.215,0.825,0.25758356990199,840.1141,0.163241635870107,924.869251041088,216.399595490668,369.485692399371,1,1.03708477719742,1.23924112217388,0.854070868438938,1.03339405429644,1.34658420063812,892.109958807933,738.92537781971,1546.87098894241,2469.7760937909,755.093362888324,0.836554214904531,0.868365191244463,0.6687785554135,0.789883535687256,1.01221744803408,1.39629476265721,1.72624089325971,1.24099960662421,4.6605908378683,1.95338631383874,539.93660634052,476.046604038599,716.301763642889,696.655675965641,478.942649216128,2056.75259647376,1845.37853162779,6154.6775324334,8492.96750498079,1632.47190610638
100,0.215,0.825,0.233754681559727,803.563879727765,0.168562831860821,924.869251041088,222.883586821744,377.709824077126,1.1308,0.687365692250138,1.55828751541908,1.08280277011846,1.61406167648863,1.59422211190302,2862.89076994351,848.605886650214,938.044903656857,681.50757458798,681.702781704903,0.376556367248508,0.912017002600476,0.618326764954164,1.05928056882832,0.95957137485889,1.79018490096967,2.86473618928542,1.6757369679905,2.19687724333863,3.24727710289999,651.913085837236,521.646989341242,530.973399095267,442.325977867191,443.894141107521,75186.4826479445,3058.72765657821,4316.25598703768,1290.15571576264,1412.15344451742
100,0.215,0.825,0.233754681559727,803.563879727765,0.168562831860821,924.869251041088,222.883586821744,377.709824077126,1.1308,0.991107009604846,2.08381118130972,1.27916703675763,1.62224798451038,0.929201946445419,1678.93064083658,553.786766749836,887.301180083638,801.006331649018,1888.41185684413,0.558955417823735,1.11901029587479,1.00570361113353,1.13982599324254,0.434015430960856,1.30878333934009,6.76305275655408,1.85095745108594,2.68791274341893,4.91690892762036,785.198643215362,419.596397846456,563.579918852127,527.493927527045,515.629874531304,9583.0143794369,1087.82619595927,1845.2093946118,2004.63357562643,154101.87143913
100,0.215,0.825,0.222548475552248,790.258249769115,0.17107334979663,924.869251041088,225.896577087981,381.694351762218,1.2,1.0256937700994,1.65056817391616,0.947761243607394,0.707774059414358,1.62738172343684,1711.27386067516,1065.40764465966,2293.84113638714,2432.54793677876,585.61133640039,0.612738658171277,0.636275882159971,0.637369599615416,0.481979328513736,1.11390011796867,3.11393563361654,8.17599822802419,1.75728343244523,1.1879835887686,2.53978047106859,667.670337145728,452.565766149995,956.256386079025,895.245293466662,442.928772805193,12218.3185487475,30125.5686987288,44444.9823940098,14197.5629523673,1004.24270403024
100,0.215,0.825,0.222548475552248,790.258249769115,0.17107334979663,924.869251041088,225.896577087981,381.694351762218,1.2,1.33903600091867,0.906451411091901,0.755967740910199,1.83355359598628,1.12934728377719,1087.51263287602,824.876031356144,2071.89915898814,725.719682234006,802.865532875994,0.995025572670641,0.664434751208416,0.522897374831543,1.02881359873549,0.75374299066517,2.27346931340721,1.2425853315854,1.1894428175277,3.28470823844163,1.82201000698531,582.344206920453,486.605602846951,778.63325269005,477.090122023126,490.162954501528,3229.7232116906,2461.3573835819,19294.9783462061,2138.26667399722,2135.48361728883
100,0.215,0.825,0.207844400994472,775.909826210951,0.174375694121379,924.869251041088,229.813843872325,387.060635736324,1.3,1.30637749854883,1.34222690547592,1.16406307657099,0.788878791249031,1.58363627560417,1017.35911847135,622.841061232895,754.709663511829,2138.69015514911,1326.42312515316,0.824717708837066,1.02589905201817,0.83606521515955,0.499769365531118,0.785976224605669,2.79056761516493,1.91119305066176,1.55742300327404,1.21348940390505,6.87053273469139,545.602413726319,455.442853706371,484.870654928994,868.857019999523,497.423403400738,4291.21065063094,1112.02753297632,1687.66016231199,25718.1918488389,11609.6385701015
100,0.215,0.825,0.207844400994472,775.909826210951,0.174375694121379,924.869251041088,229.813843872325,387.060635736324,1.3,1.25752567688044,1.15492414220323,1.36269543927202,0.913943801895152,1.14448762081595,731.549847583448,1075.44168577996,545.977909640295,2607.84621233914,1404.21791048346,0.844105030817696,0.815361294690953,0.993425348531644,0.620835339162054,0.619563350010588,8.58043105861874,1.68076955738181,1.86468562595475,3.3546935183917,3.44152764069649,429.979259354226,582.067264951054,402.653533569179,858.066007362423,567.182805024245,2033.06862752166,4998.31387779589,893.013622002715,28701.4360993291,16212.4603347013
100,0.215,0.825,0.278487170955192,883.95437971124,0.158592041373319,924.869251041088,210.627343926679,362.492299414816,0.9,0.706458997684041,1.55817452846739,1.14439661586233,0.946571929162201,1.56906875080472,6890.4905735298,662.979891662558,693.898042265286,1411.80567675076,652.131152317097,0.465377595156177,1.00114132520865,0.776340015685209,0.572208547415412,0.81167097526432,1.479305171749,2.6566233449633,1.70705580704967,1.80687619063264,3.04794406829852,1338.74442707551,438.113677780459,447.479343729829,598.471943548694,447.732637263011,189051.827321028,1480.05483428787,1654.98069936229,16046.4837739125,2213.31523367556
100,0.215,0.825,0.278487170955192,883.95437971124,0.158592041373319,924.869251041088,210.627343926679,362.492299414816,0.9,1.4024850518475,1.27675666018449,1.08396076724889,0.842620543028148,1.32206381442876,965.800873324748,1145.02576844059,445.105045809277,1030.00405816073,843.747925902391,0.723017699110833,0.541485204283602,0.786197244351329,0.598124913894723,0.779642247801482,6.75913988184901,2.13916825046269,1.41107667937415,1.10563928816457,4.34313781610848,445.886512112105,523.507291912222,314.391801068347,530.702468777166,450.668157568047,6522.17168700484,11312.018238996,838.926241443863,3700.29677091712,4039.38124807145
100,0.215,0.825,0.25758356990199,840.1141,0.163241635870107,924.869251041088,216.399595490668,369.485692399371,1,1.94280321049641,1.33746910679163,0.87112507247334,1.00587404700867,1.05286830098731,661.850670071254,763.576939270279,1304.64774817199,3123.55490439813,803.933486663462,1.2394292062406,0.907837422788572,0.534042021956891,0.621148820012491,0.706306874647086,5.68914315606168,2.13288788576426,1.61079065388645,2.8160352941806,1.97126655358587,447.062367897296,487.222194446209,619.210068651856,958.895283576662,481.818539715191,1678.49953030704,1894.12730448187,7769.27822788624,37187.9075408784,2052.12122847569
100,0.215,0.825,0.25758356990199,840.1141,0.163241635870107,924.869251041088,216.399595490668,369.485692399371,1,1.49985324933352,1.08356425125453,0.89413320991821,1.56672889049839,0.91667488789241,602.567058383626,1132.93714574027,1538.62581560743,686.672481706153,1353.43810284769,0.972703682954441,0.730995721419024,0.468933329393918,0.934971676154651,0.689573647713486,2.84178842996253,3.07360447899897,1.72648794513853,4.4792426571168,1.38380742232104,432.596798808938,566.020843657379,644.794993654772,441.21207401763,643.96056836414,1266.36822843439,4409.13888121473,41840.270360595,2287.81667933332,5940.61006994882
100,0.215,0.825,0.233754681559727,803.563879727765,0.168562831860821,924.869251041088,222.883586821744,377.709824077126,1.1308,1.01162814228289,1.1437697882741,1.56508961923537,1.8542790325936,1.25658546930398,1368.51867637385,957.952619771551,606.197076427201,574.632321939746,1014.0365075384,0.803078019331765,0.708894186260097,1.08833605836712,1.0033775307224,0.930089278284475,1.32727668795598,3.32035673361398,3.99710668979748,4.27353822194655,2.42777336372032,685.750837602086,505.401072616235,427.066534189449,425.836144097488,517.818617855947,4575.15810377778,6439.52541658353,1386.05747483354,1392.7024423863,2995.33346865852
100,0.215,0.825,0.233754681559727,803.563879727765,0.168562831860821,924.869251041088,222.883586821744,377.709824077126,1.1308,2.18338275221471,1.54774100806425,2.05840820692533,0.909524513698521,1.75221999636406,583.825419403164,696.949498057343,466.063484675728,1552.06140437389,647.775194279368,1.63972439224439,1.05473110156285,1.24293896663295,0.479060103357241,1.18863965678409,3.18409417023818,2.58694605448405,3.1915614237676,1.49119840698561,2.47597331429421,427.373737700259,456.763019615633,372.106258119774,637.817353844502,439.313277617431,976.591965762384,1537.11881691053,771.87945808216,29025.033904702,1382.32821253607
100,0.215,0.825,0.222548475552248,790.258249769115,0.17107334979663,924.869251041088,225.896577087981,381.694351762218,1.2,0.846390022834851,1.14996418291723,2.03752811678275,0.973564279857535,1.36356475637805,1594.74365142587,858.039667838736,651.809168520937,1369.65430388442,943.806911783363,0.513449886374056,0.699823629908448,1.22052903956555,0.647556581229571,0.731230560968113,1.40407092201779,1.86415046103105,10.0251817375184,1.65973103932518,1.90287897523257,716.467394461264,497.808122107815,440.03830822278,633.398741397312,592.174936732188,12845.8418541407,2683.39131119316,1670.37270585776,6513.67602881227,3954.88744808705
100,0.215,0.825,0.222548475552248,790.258249769115,0.17107334979663,924.869251041088,225.896577087981,381.694351762218,1.2,0.751959975637404,1.42077300625498,0.902046628276008,1.06504636700731,1.77509117277033,2548.35664761574,948.508808189106,1528.34002532334,1165.89850088112,531.641507482347,0.414754636654348,0.843448185694475,0.567282882188986,0.633427579842074,1.24070230891669,1.92524032322314,3.36176970468407,2.14858536924731,3.68336673477436,2.42382861704806,748.317238649742,533.466987870678,587.496003850806,495.872393565955,390.402348231583,74333.4981566754,3847.62031875215,13429.4920791379,6852.91258288514,781.137035201843
100,0.215,0.825,0.207844400994472,775.909826210951,0.174375694121379,924.869251041088,229.813843872325,387.060635736324,1.3,1.09124574453233,1.01189701466514,1.24857911859603,1.28047498375041,0.793254554142466,809.825387944384,2767.70661228375,733.58689066763,693.749123501624,2507.69975243588,0.655519922338868,0.566820167247541,0.925555626432781,0.84581785254075,0.461198132243571,1.45498424794861,4.79480081420739,1.60025218794536,1.81519941333698,1.48343121947749,493.329803871066,731.449734138589,491.636988895658,438.091913166636,895.637257273281,2245.12561450295,58798.6951221578,1601.09321465423,1559.43033830239,71061.8487752329
100,0.215,0.825,0.207844400994472,775.909826210951,0.174375694121379,924.869251041088,229.813843872325,387.060635736324,1.3,0.963327623865392,1.03939940063934,1.54620367430089,0.968817005270951,0.821252204865068,1240.47769026268,805.508000575234,934.466476437747,1881.07310742332,2051.25499505369,0.709675740372776,0.549430417452438,0.642535626239828,0.425346403548087,0.283003551288824,1.36642580104235,1.71390240648832,3.60884128131616,2.81017185917304,2.25980456813908,677.961513176184,483.495011518602,509.237079029149,642.544105737977,602.806977961525,4766.20118316744,4020.98101029146,4778.44151356042,158097.099927521,7848287.44465594
100,0.215,0.825,0.278487170955192,883.95437971124,0.158592041373319,924.869251041088,210.627343926679,362.492299414816,0.9,1.37399909045211,1.28482174568904,1.18719896621438,0.907516719248235,0.96034358057223,1075.66635538049,699.769759866121,721.674962362324,1019.36323945181,3828.70784711741,0.972577338208501,0.804845830007952,0.809111916504629,0.60233625225247,0.487552165847474,2.26146188762376,2.64337706484169,1.83034860261521,2.01641563769959,3.96210144001229,586.968950025808,445.711485245211,454.505930224584,531.379063979557,636.74786228349,3900.166053985,2041.47823817041,1760.25762576225,4453.02414817394,78379.4705168735
100,0.215,0.825,0.278487170955192,883.95437971124,0.158592041373319,924.869251041088,210.627343926679,362.492299414816,0.9,1.43910400948669,1.48319948468102,0.990487065873362,0.723611324802504,2.47778202118049,1114.86569692888,687.434679440126,709.252241895778,2098.06678808295,481.075484632161,NA,NA,NA,NA,NA,NA,NA,NA,NA,NA,NA,NA,NA,NA,NA,NA,NA,NA,NA,NA
100,0.215,0.825,0.25758356990199,840.1141,0.163241635870107,924.869251041088,216.399595490668,369.485692399371,1,1.6743071159169,1.14221013834054,0.969030859967234,1.15286824894663,1.13878028661167,611.351593193397,1213.29186750364,803.18276015894,863.858445606567,1294.89336509917,1.11137493990387,0.898032075316428,0.697251677084281,0.862629239907461,0.593786991083666,2.58159647392238,1.49324671583161,1.35433544418675,1.5598243229109,1.7748481123098,434.41623869236,613.329444794909,490.659295063472,524.668571679276,678.690925349907,1274.01523711437,4314.19269798442,2342.60987202066,2316.37974941109,9069.3423664601
100,0.215,0.825,0.25758356990199,840.1141,0.163241635870107,924.869251041088,216.399595490668,369.485692399371,1,1.54853665797553,1.71619737254144,0.61950216053246,0.976340553346321,1.46851235928745,668.210449293795,532.685957962769,2435.11756645788,701.421226790959,650.135570033947,0.600236495605259,1.05570709045915,0.263559133839335,0.674782309093203,0.900929314547432,2.33900058753492,2.45404591342817,1.14399330816165,1.40623832567021,4.0002307694179,425.855635163831,365.918578675607,663.81800894245,415.526995206566,410.215829303997,2372.57030954388,1195.07764958147,451267.289368234,1998.79125233365,1636.30163008163
100,0.215,0.825,0.233754681559727,803.563879727765,0.168562831860821,924.869251041088,222.883586821744,377.709824077126,1.1308,1.08710013168619,1.27074096196427,0.922259151646002,1.45390011199788,1.21583236020908,1399.81693806596,754.737218204977,969.387146215086,1170.78556444973,813.511327719982,0.830381667819486,0.712462123971785,0.456979863469629,0.560760836824562,0.894201727135129,1.66135375003539,2.13540245474786,2.13677165672119,9.39719245529367,2.04669357885753,696.614995077256,486.586372918408,457.439948440887,430.548356522898,491.826111125647,4489.75013260654,2763.93788080095,9619.08586741307,20751.5604099619,2018.48983148582
100,0.215,0.825,0.233754681559727,803.563879727765,0.168562831860821,924.869251041088,222.883586821744,377.709824077126,1.1308,1.24877565883211,1.36405444399224,1.25057749049038,1.99086877047563,1.36920652957045,1229.40949150556,774.744346109333,814.181208857255,529.994523401521,1038.06477335413,0.906205771536159,1.0728534558556,0.842383507709535,1.37665797825287,0.808566166346705,2.14419397529346,1.68703136729068,1.89244165623054,3.03799796365196,3.28923815564364,656.276238243328,504.245014338697,501.776114712775,414.013847740361,534.246566913057,5096.14386481983,1537.34614830965,1917.37556794325,929.87324016613,4686.38996946705
100,0.215,0.825,0.222548475552248,790.258249769115,0.17107334979663,924.869251041088,225.896577087981,381.694351762218,1.2,1.23564060403114,2.41727321833173,0.952198073191429,1.35015256535036,1.19160789076869,1020.58999266449,832.832945293915,1324.81809691351,639.308511213035,589.195159134277,0.855806409426681,0.756631525497529,0.57348613399352,0.922321236946588,0.839860546417109,2.6369653798402,7.22568735983658,1.58354101270976,2.19801742684325,1.77666917913438,570.487223806722,494.373561657915,620.523784111292,438.478543944456,416.268296703897,3720.18328026692,3299.27239067152,12497.1128169866,1412.4393052343,1092.23441446809
100,0.215,0.825,0.222548475552248,790.258249769115,0.17107334979663,924.869251041088,225.896577087981,381.694351762218,1.2,1.10563726253994,1.01096499540037,1.12170914046616,1.97118955135727,1.23748886783283,1878.55009714447,1315.02351458669,987.34908125414,598.033078587143,593.318102122725,0.600900357443509,0.567544401681894,0.660591511836811,0.949291860179691,0.895908944811848,1.95141011427051,1.90152910973179,1.86928969262487,4.33235950949631,2.00451280340994,832.588038053291,617.559256475127,543.639422706639,434.190233278502,432.706475231454,21440.192739887,10806.9607830183,3456.33164994687,1480.08961692456,1229.11558805803
100,0.215,0.825,0.207844400994472,775.909826210951,0.174375694121379,924.869251041088,229.813843872325,387.060635736324,1.3,1.27964084672973,1.7575791804054,1.22022563901103,2.68051503187737,0.723336607685519,760.155509129689,647.782627437016,766.814251937212,608.837347992422,2022.79632230537,0.743406133136538,0.923876662719123,0.937664517831491,0.934350475011914,0.503332371287442,2.52823117270289,3.32619488701947,1.76499184413397,19.7033321254687,1.07170713680016,467.836938358951,440.263778067355,496.860276593077,399.81468064722,830.512319712866,3342.60219271004,1911.21779924903,1531.18256281125,2078.97766947112,12719.431520333
100,0.215,0.825,0.207844400994472,775.909826210951,0.174375694121379,924.869251041088,229.813843872325,387.060635736324,1.3,1.57010737280048,1.49950833510087,1.32959430491676,1.51803517936536,1.23297193091047,573.414515708881,1038.4173324773,886.114637383583,1166.24495195189,628.223803246339,1.12484363898893,0.611011951108472,0.947670500500421,1.01400884580758,0.743236339312724,2.56426006853868,9.50834711071276,3.94587477353401,3.18081812243838,2.029850874208,432.494954078375,431.823343503556,484.282203237589,609.753162534653,434.560688026782,971.271599354463,17354.6773321236,2077.80779592425,3891.1403173012,1761.13533725552
100,0.215,0.825,0.278487170955192,883.95437971124,0.158592041373319,924.869251041088,210.627343926679,362.492299414816,0.9,0.676562105244538,1.11826549654105,1.17905568280093,1.06987332956912,1.40381475507501,7175.08692461754,927.9886763287,657.35855205144,906.670616787434,647.076977340421,0.305149535259537,0.812441865830249,0.867162555467916,0.564999729265231,1.03490057410288,6.94783416459825,1.65880670082225,1.88224096765625,1.52669155083823,2.30443697540175,476.978402169481,525.10909366082,439.02326012907,490.759909816302,455.669216162653,14416820.4803084,2774.0943883035,1439.17351870554,3970.9277533666,1258.66206034482
100,0.215,0.825,0.278487170955192,883.95437971124,0.158592041373319,924.869251041088,210.627343926679,362.492299414816,0.9,1.47268506025168,1.01487901521212,1.25128557955345,0.941238576697263,1.15863430229093,750.048741632703,961.798723184525,903.233118184705,696.643848769715,1172.54843130809,0.946310610632696,0.639534102614326,0.673532639279684,0.557912838547195,0.685796983463921,3.35724280019878,1.37038212188375,1.97337881164509,1.59625978018144,12.2734058328321,458.120093824448,498.06079395929,507.221045838973,409.32360311369,398.717034976291,2477.19663656229,3696.33336590014,4217.41156252882,2824.92180698191,14724.6174906382
100,0.215,0.825,0.25758356990199,840.1141,0.163241635870107,924.869251041088,216.399595490668,369.485692399371,1,1.78447025361907,1.05013251796077,1.20723651817539,1.39097429356845,1.38037499943215,624.388625288132,1411.74807261218,666.291238059605,640.359431956171,753.385779374271,0.959845429213071,0.583425971568787,0.813794387019648,0.862472157572274,0.860483451465886,15.1324007624657,3.32087939526709,1.7346636601443,2.30734791883327,2.46408920630865,400.697635917679,513.791956666489,434.647244621366,434.681661688947,457.634590087567,2219.59848742448,20482.9532981957,1610.7096084382,1545.85550661442,2396.85045413221
100,0.215,0.825,0.25758356990199,840.1141,0.163241635870107,924.869251041088,216.399595490668,369.485692399371,1,0.900936686137358,1.05211166549303,1.10738706548765,1.25866709940784,1.48235776675387,1131.57786456364,1296.58829463821,1170.97605361191,1032.08654105407,880.186647043745,0.496601973379903,0.576561263697346,0.412865096727066,0.852788945964951,0.597145621968984,1.66233407463961,3.62391019362698,2.29742671730401,1.97978525317003,2.7287139158666,550.730962287213,552.561382595068,535.78261596604,556.663240917759,510.645986803176,11786.7320594761,16038.6745880021,74040.4002537936,4116.35439028433,5975.5225807355
100,0.215,0.825,0.233754681559727,803.563879727765,0.168562831860821,924.869251041088,222.883586821744,377.709824077126,1.1308,1.32576340205987,1.18135287008694,1.18416454764953,2.0122336546709,0.910654831179803,1008.09973262829,1066.6578650238,795.273181675146,681.757198661192,1184.21402418848,0.565425255607343,0.635533790845392,0.778485993216674,0.656267662486212,0.533479880619709,3.0006693778779,2.76415530199528,2.22196150356722,8.23503798624591,1.32549964169728,539.569999456567,526.382089666893,483.588159308948,420.435185289891,629.777743150566,13650.5148934942,10754.7352282788,2107.30390513632,10535.2908717256,6515.54100498194
100,0.215,0.825,0.233754681559727,803.563879727765,0.168562831860821,924.869251041088,222.883586821744,377.709824077126,1.1308,0.805060257089701,1.24443794323708,1.13549708901423,1.24502787036233,0.82455434248589,1641.75932765502,705.3167686667,720.939004565669,1091.83296136602,2519.77981164884,0.53542445600186,0.621175384541898,0.813396862600165,0.836272940249516,0.270522715260058,1.56294874145157,1.96488285961166,1.62268197848829,3.57400994793066,2.14037302349033,698.319767590846,443.145945903243,473.643966473662,585.659971448473,668.440309259536,10581.6638067837,2500.88180912997,1750.94921042019,4051.07248278613,404672.071386528
100,0.215,0.825,0.222548475552248,790.258249769115,0.17107334979663,924.869251041088,225.896577087981,381.694351762218,1.2,1.46107179905836,2.04706745919651,0.715001406640483,1.25190490652779,1.00574447136899,1062.30226132481,500.364523350817,1260.42073365321,962.543850930359,948.534886866981,1.00328803286099,1.09682904636915,0.44879676231769,0.640545945475729,0.711522118254608,5.5019906015139,7.36255370053428,1.47161691315216,4.74760139463138,1.49109747702702,545.436350994616,399.014924472898,570.724551502778,479.405396468364,525.687970978485,5403.01537327548,909.302278697673,12645.992054826,7850.59596867603,3148.72689227239
100,0.215,0.825,0.222548475552248,790.258249769115,0.17107334979663,924.869251041088,225.896577087981,381.694351762218,1.2,1.08890290153929,0.793950528458002,1.16730014401572,1.36192743405348,1.35611285650636,1400.87009373389,2225.98647870101,1192.38595544508,809.712406637748,830.357589359702,0.596918997501692,0.553435786764236,0.679672360290497,0.941749832904793,0.714325522728083,3.04972717904796,1.40259925674927,2.00272456942389,2.96077146650422,4.42352152349596,541.176795426596,816.457301944848,605.391328232527,507.774988290826,467.861622303044,11444.0590119161,12687.6729477059,6897.84036604085,1848.84158681993,3886.25878694392
100,0.215,0.825,0.207844400994472,775.909826210951,0.174375694121379,924.869251041088,229.813843872325,387.060635736324,1.3,1.21842751605363,1.12691823972033,0.887549738376912,1.45550707666069,1.35073256372039,836.098783220345,807.015372269645,1536.9309508759,683.103068665204,618.347494752607,0.880694164322925,0.791913343463305,0.617069060535457,0.946974102814588,0.954105936439608,1.83250385795035,1.91909319425765,1.50407035368464,3.30290768455281,2.17408588382688,474.320898532774,477.630445129292,658.66061966821,448.889009090512,421.067649039205,2090.44097949522,2405.90282096855,9913.65164980112,2317.13171419872,1426.77991946453
100,0.215,0.825,0.207844400994472,775.909826210951,0.174375694121379,924.869251041088,229.813843872325,387.060635736324,1.3,1.06543357490431,1.06340053462416,1.54911219215295,0.934519001544875,1.28559356308776,836.045560938984,1403.64174421994,699.791825408628,1232.73934620759,1215.79153017479,0.755857025754742,0.52181177833931,0.750426219495955,0.552399712447614,0.71074340752967,1.58554259925269,1.808607545569,4.09380229718933,1.64255381488517,2.95943919333759,486.812801446444,657.283111115111,462.709654257712,624.300554066558,565.536004743573,1945.04236488056,20050.0962188582,2554.82544647822,7034.9100901796,12712.4547005929
100,0.215,0.825,0.278487170955192,883.95437971124,0.158592041373319,924.869251041088,210.627343926679,362.492299414816,0.9,0.706260328763639,1.8075482757251,1.0050561466906,0.848332447676601,0.94034322917051,5086.69606190911,712.149742182949,802.621529010688,1809.75231832575,1568.10846633201,0.358976079346107,0.577101522590131,0.610619324795157,0.34429480004756,0.578430726313724,1.70914020067243,5.88144031952149,1.64250856402541,2.03119280444065,2.39745823094515,1094.41523400782,434.608061896031,505.22825027937,581.377855211011,623.112078239691,660649.172067988,5055.28712208805,2400.76179873125,153830.954304753,9901.06163435598
100,0.215,0.825,0.278487170955192,883.95437971124,0.158592041373319,924.869251041088,210.627343926679,362.492299414816,0.9,0.998184060792098,1.10458356404758,1.24392341460611,1.47150584624956,0.860295984853558,853.606159234716,1104.21054315415,599.583945961366,1060.27946273486,1097.49332741403,0.734945455036267,0.654534689238809,0.846264299019164,0.865714531141329,0.659114930668891,1.35597898301503,3.90661938469642,1.98659432027921,2.42462659930933,1.23706565434906,510.915780331429,511.18016904629,412.168380633508,570.413329294253,544.221643185794,2355.66375878426,9117.48781663376,1393.66951447491,4187.48944503193,3441.66634511678
100,0.215,0.825,0.25758356990199,840.1141,0.163241635870107,924.869251041088,216.399595490668,369.485692399371,1,1.89976213497382,0.920136657961687,1.08640669134734,0.925731279534451,0.954511865898468,751.754414270864,1158.62359681974,897.383895829529,758.606586230482,1299.82642779085,1.43655158189723,0.640564729908539,0.638459180008287,0.661103767443497,0.743796826312587,6.70729015320306,1.73751502685704,1.9813593955498,1.34177381431775,1.31827723954122,449.294992994101,535.776899981189,514.772466323916,440.297055208879,636.351048072929,1701.82647575922,3250.85463696147,3884.60541785893,2029.26110736579,4400.84729318274
100,0.215,0.825,0.25758356990199,840.1141,0.163241635870107,924.869251041088,216.399595490668,369.485692399371,1,1.96580760778063,0.885152874099198,0.871512301646929,0.988470457079098,1.06029881312512,468.011108134601,1477.02192909548,811.262260781749,812.746056523895,593.838550634912,0.92071450046953,0.642821172396108,0.61881459230019,0.712296150782678,0.736679492727543,3.49938940528696,1.2618924638874,1.28303035006594,1.55509726003775,1.51217744112482,337.731532544129,642.457267672766,425.166937819066,426.490719455733,377.359412453454,1025.28988227242,8022.43632229268,3499.26551874719,3294.6971539415,1725.59276130446
100,0.215,0.825,0.233754681559727,803.563879727765,0.168562831860821,924.869251041088,222.883586821744,377.709824077126,1.1308,1.3834900864221,0.867894826595949,1.26620144133101,1.22539801219061,1.34464655302434,1172.59781834877,1294.81694410235,568.885255236945,1267.99842886456,773.309743995931,0.821644321685874,0.442478284823785,0.759249828582758,0.566125062439172,0.679769914799463,2.51266771607087,1.89189096476452,2.15378832484953,3.28161154890756,2.27124329011577,570.805622991383,579.351963983567,409.823511206682,534.611222037988,480.075748469589,6065.75966579788,20761.6243335653,1214.5419069077,15364.3113530773,2862.16433573206
100,0.215,0.825,0.233754681559727,803.563879727765,0.168562831860821,924.869251041088,222.883586821744,377.709824077126,1.1308,1.72938221822612,0.929509694045161,1.2861670937606,1.57126766582721,2.28760562463776,832.474877755139,1200.2031766678,798.682788298498,483.54289679822,652.158788273398,0.894165334502318,0.658837684039249,0.571525437645129,1.08767708010229,0.443463275997883,3.33905663897923,1.52926328509507,2.36381123527608,2.60902316361817,10.1694029175438,506.172316554823,626.60929490015,494.817659289842,376.932222521662,404.078611688344,3578.53228854725,4760.32890123437,8264.50063016729,859.146019347382,32263.5050391343
100,0.215,0.825,0.222548475552248,790.258249769115,0.17107334979663,924.869251041088,225.896577087981,381.694351762218,1.2,1.6825486771934,1.20365976420161,1.18739182502954,1.60827617283509,0.993447992323253,711.651487366452,1023.91096987046,669.424526729009,625.084074753467,606.127549002128,0.906268891659504,0.439671170897089,0.805984478558639,1.18291128892493,0.676987334452207,9.98920223301671,1.79002163330782,1.67295477463232,2.20635130226215,1.2849715226853,430.863256350142,542.773751647469,424.954354939095,421.148831853463,391.484731832249,3508.59658358395,38169.7850434196,2134.66153176092,1396.57218215741,1542.01304050249
100,0.215,0.825,0.222548475552248,790.258249769115,0.17107334979663,924.869251041088,225.896577087981,381.694351762218,1.2,2.82588960356157,1.20379612570562,0.944418932718706,1.16987223232857,0.896208935888169,572.040805741454,805.883888171451,1105.02744830416,1467.20447095202,1408.44485075753,1.91022224357383,0.925518379812498,0.568935026421451,0.493788081904295,0.559039488951425,3.89746159375292,1.86474792515319,1.57827845800098,2.22114600906973,3.02101182926644,433.91070243359,516.199118379855,595.052850399523,662.790492125583,549.798047331768,921.267099778211,2104.70954484324,10112.1715152533,94637.3494615952,10815.9914968562
100,0.215,0.825,0.207844400994472,775.909826210951,0.174375694121379,924.869251041088,229.813843872325,387.060635736324,1.3,1.46996234638939,0.903903845097707,1.39918874760986,0.754909400318739,1.18797940361805,552.733480396871,985.691220228427,670.66928039123,5006.20740408637,1302.64362935498,1.1621093784526,0.594623172064259,1.05037007565893,0.529903028341893,0.685010571175293,1.87294717793457,1.3198453919915,2.11661178624844,3.78366148081696,13.7303040734682,395.966795351104,534.607831304803,463.788895504031,1005.38470259545,448.42752294254,933.328176837206,3644.46458200271,1264.83428763284,29677.4630263746,10877.4620606464
100,0.215,0.825,0.207844400994472,775.909826210951,0.174375694121379,924.869251041088,229.813843872325,387.060635736324,1.3,1.52048469672092,1.34493378409161,1.21960168375299,1.03440501808606,1.45323138281597,832.903468167584,576.286475939436,1313.77455093035,862.589378034854,700.456802421752,0.97640997796896,1.04825312469928,0.570458064415883,0.72738666515352,1.12864569285072,2.48210224846681,1.89328912695147,3.2848948775831,1.47960525627623,2.25621661478116,502.416512271022,412.342013989098,565.367635387268,514.555645465229,441.657436765662,2773.57521111381,1071.09318529692,37174.3080001485,2573.2013122165,1494.08039593181
100,0.215,0.825,0.278487170955192,883.95437971124,0.158592041373319,924.869251041088,210.627343926679,362.492299414816,0.9,2.49928157574924,1.74693461932915,1.59117852590434,0.818381327099601,0.896147276779292,683.893211448079,715.263624034726,476.387850506081,1559.3738983921,1807.19110146521,1.10712258983997,1.19934600331693,0.796530227243018,0.474060379761261,0.499981088866863,7.94083691307808,2.79620699335352,2.73106215175773,1.16603698152999,1.56876495271038,418.583203046466,456.770516173948,373.368916392932,710.662220270437,753.015303288462,2447.077967979,1609.99981495392,961.83696144525,16602.4504155259,38214.867578656
100,0.215,0.825,0.278487170955192,883.95437971124,0.158592041373319,924.869251041088,210.627343926679,362.492299414816,0.9,1.18348149851941,1.12311009588539,0.772986643254217,0.819258607764275,1.09030859986962,666.20165080366,920.491597994462,1044.10255226621,3177.64560423604,1366.65864012759,0.89361267409647,0.778716790555947,0.544584631862322,0.516488487052624,0.761229622554551,2.00489291899325,2.35184234005887,1.05132166226212,2.81972211870463,4.59333231357253,442.726993754815,510.188117985458,564.062036665845,885.062233277876,524.932842518195,1423.76577400771,3020.85141519904,4857.1534695821,88457.4593215468,6032.00321343475
100,0.215,0.825,0.25758356990199,840.1141,0.163241635870107,924.869251041088,216.399595490668,369.485692399371,1,1.67298670185776,0.848485759100517,0.871520284722084,0.91277064384561,1.56681899738356,653.395807642969,1397.65416448094,989.671040216555,1197.14330276725,727.268702039942,0.879080151606055,0.478622778725985,0.559563967308942,0.530038955217367,0.736968906010055,3.38127573089542,2.01415303163796,1.59685184044037,2.12273946216303,3.53694875933074,424.607251018958,574.901403299057,530.46099586475,556.40544551476,441.970465032648,2389.03841497704,20845.1671707486,4576.41782450143,14124.827701721,3742.54094052898
100,0.215,0.825,0.25758356990199,840.1141,0.163241635870107,924.869251041088,216.399595490668,369.485692399371,1,1.68457058687954,0.983722150973267,0.743117195801545,1.4372333180872,1.85958395538107,768.808447500571,1100.73344522383,2304.62724314594,694.066026068905,585.02390491103,0.966537372797418,0.655533426509914,0.334712442265053,1.08461384684806,0.955245118648876,6.80846764286693,1.4436056068883,1.0684212413652,2.30785871189076,4.03676890140783,436.142175449818,588.494368393272,852.435275472982,472.684000368367,422.542192999861,3125.00230132137,3702.15027119247,69141.89703294,1295.28313121399,1519.63654397838
100,0.215,0.825,0.233754681559727,803.563879727765,0.168562831860821,924.869251041088,222.883586821744,377.709824077126,1.1308,1.25711333282573,1.01342859110396,1.12814800758231,1.47159189233768,1.04245777317091,908.681637880216,1008.32049390546,944.400696604998,962.671050976947,1583.46526582681,0.461704192861144,0.706549308393487,0.731815004268038,0.856619982003623,0.524541859918237,2.22620028847592,1.5634218702924,1.79239982518844,8.32434541744082,1.9721188875655,537.587957153416,555.695520475133,566.413428533374,455.001780593164,684.24209515172,11883.8998309009,2994.24173566778,3039.87364952424,4161.40215283045,21870.3580488958
100,0.215,0.825,0.233754681559727,803.563879727765,0.168562831860821,924.869251041088,222.883586821744,377.709824077126,1.1308,1.41143354931944,1.47749966566695,1.3844655039933,1.10120419455676,1.10659846978296,859.756875350243,643.017705547882,586.645055826668,864.256534839883,1541.02709510446,0.714838568137278,0.980043487374511,1.02455517679041,0.637234817088369,0.362209612649623,2.52618146697034,2.28637035108919,2.01864598287433,2.00027855609786,2.23303720460256,484.871985377973,450.634691180456,418.685698024428,489.75236264235,573.686749594995,3972.28549919273,1516.75641652241,1156.34753772985,4542.52750956623,1461297.53198077
100,0.215,0.825,0.222548475552248,790.258249769115,0.17107334979663,924.869251041088,225.896577087981,381.694351762218,1.2,1.35358189067369,1.09052185815591,1.36168997919378,1.30018200918269,1.28261671364186,671.19181271946,1106.25177934864,804.239121481148,997.628527554787,812.996065105761,0.886080645384737,0.567085944615383,0.87480683874602,0.571159898154848,0.709469236844112,1.99286042349758,1.55438397697013,2.35742406803704,5.03938729337621,2.21000300433767,445.602504624474,626.414638376283,474.784441235997,492.942321146402,493.944726826525,1439.6825051438,8201.73929532507,2955.39356027914,11741.8821639506,3166.40946637531
100,0.215,0.825,0.222548475552248,790.258249769115,0.17107334979663,924.869251041088,225.896577087981,381.694351762218,1.2,1.43590658095127,1.39194731865132,1.05459837145301,1.1046627504565,1.02269173414538,818.719546830586,578.693756141309,798.956351707523,1262.56239220852,1484.42216164782,0.984817190456786,1.04542723502714,0.7285121583174,0.697007840694173,0.485964415902678,2.02647548759418,1.96723233827319,1.54293953935424,2.03077016257099,2.59395059009137,515.718539307612,395.825576699078,478.183712638118,579.638710011732,587.413096457459,2388.25584026613,967.838571816614,2130.24406710924,7384.01335277166,49419.9644847172
100,0.215,0.825,0.207844400994472,775.909826210951,0.174375694121379,924.869251041088,229.813843872325,387.060635736324,1.3,1.15844819054814,1.00121611574358,1.79074740928224,0.859768982631988,1.02830105172251,775.638602725621,1195.54298428332,586.850334927255,2200.25248948802,1384.00254710411,0.722706760201705,0.682804661957346,1.18836636122475,0.639329490693775,0.590894890958379,1.73969442694038,1.3685710635815,2.49009195279562,1.29055300441156,2.20201301886637,484.233809434103,643.813396922467,434.03006783619,927.538931310098,607.624735030808,2476.50535369961,3592.96837529861,1049.03672357712,13027.1972120393,11379.6359611036
100,0.215,0.825,0.207844400994472,775.909826210951,0.174375694121379,924.869251041088,229.813843872325,387.060635736324,1.3,1.5330171483944,1.38173478985144,1.23798801427368,0.997854046482403,1.01590604979293,740.788826424651,597.699478347128,1195.32586789189,1271.88584496258,1677.55820279712,0.919515260791879,1.05878453616756,0.622010625823805,0.607160436222519,0.618756183841764,3.8748095891487,2.04730366051554,2.19872073481699,3.39251704476126,1.88299209229689,455.589441506255,433.067177864577,592.86311076879,530.522160528844,717.227276631196,2251.54434318856,1041.84369346286,18345.7868302304,8741.86000947197,13978.9833439097
100,0.215,0.825,0.278487170955192,883.95437971124,0.158592041373319,924.869251041088,210.627343926679,362.492299414816,0.9,1.4650651340997,1.23421839997402,0.896156971934561,2.14476579815171,1.41140382332004,911.346004110735,1287.96795693881,922.971907610905,621.820849434398,643.372923375835,0.92487410372683,0.769580749682197,0.623878260526318,1.24552678009155,0.932050023063957,3.04560567652277,3.55762261879258,1.3081608777255,3.52929580803902,2.23114052128864,532.853216053314,590.484621897678,506.774946838397,450.207576655262,436.246068140738,3460.22076532522,8574.01328516053,2876.61650461531,1640.82041575156,1317.08535278233
100,0.215,0.825,0.278487170955192,883.95437971124,0.158592041373319,924.869251041088,210.627343926679,362.492299414816,0.9,1.66816186160089,1.44245792243379,0.851373941754493,0.874289031525003,1.24446472945213,824.781800812253,987.352254724294,681.726011554293,1243.86977907104,987.075383609447,1.00696439838591,0.670446920307945,0.632243849905576,0.653658628989114,0.783907213225647,8.13675915064996,6.22120761190046,1.15207098829387,1.26528936750515,2.78228864355025,459.611720413643,476.771249903318,410.489607394337,635.577895243092,518.153215591974,3017.30011291147,23328.1772059485,1671.78539673072,5428.29612865898,4226.43064765793
100,0.215,0.825,0.25758356990199,840.1141,0.163241635870107,924.869251041088,216.399595490668,369.485692399371,1,0.92691159228587,1.10333044154168,1.11237166565481,2.17474465141256,1.18944743779756,1117.78962244573,1068.48509563756,813.808374079869,627.716771906695,832.141597627596,0.709360273754558,0.76638031186901,0.729079605051963,1.08529469929036,0.699948194149493,1.29443460831912,1.86871258659107,1.81027981772312,5.57339404982083,2.32504600072696,603.503117896044,522.221452065744,488.643928780287,431.168003660795,489.203689427742,3449.9191568778,3645.27465359797,2502.72491420207,1756.24353160182,3680.55787773001
100,0.215,0.825,0.25758356990199,840.1141,0.163241635870107,924.869251041088,216.399595490668,369.485692399371,1,1.24964953927313,1.66872077988152,1.1911791695296,1.0189661155758,1.3955772543377,861.819105741523,634.818617993845,626.989367173184,1542.60760354543,1050.71622311723,0.834817689277521,1.06034552792686,0.823126800518313,0.703398881878094,0.927385807059033,8.64944484269609,4.19651214375781,2.03818751130638,6.93984713443843,6.85064589945266,429.640201852557,440.265783398403,431.621462929065,489.027130559961,474.557922290305,3822.18503408779,1455.31838344036,1258.40084646943,9032.82082489133,4660.60615023738
100,0.215,0.825,0.233754681559727,803.563879727765,0.168562831860821,924.869251041088,222.883586821744,377.709824077126,1.1308,1.19846934057711,1.95610022797561,1.35440121485919,1.0339603995399,1.5209474114961,1408.49943176464,601.459849089817,797.172658844426,865.798200148608,952.582520163979,0.807782305891984,1.04702324891876,0.966984592393766,0.781420670709608,0.605536825107147,2.35609383851936,3.81751109650529,2.76360263709986,1.53594521705174,5.729924621844,687.682422187712,436.193927919321,470.043636115989,544.592079437921,454.307900421835,5703.76457382193,2178.47609615787,1848.88300497749,2205.87438652856,28499.4813386166
100,0.215,0.825,0.233754681559727,803.563879727765,0.168562831860821,924.869251041088,222.883586821744,377.709824077126,1.1308,0.898842588390173,1.27463881248163,1.25802131014499,1.57716399961431,1.10507396410123,1869.57318879049,678.850974477436,606.235282921471,999.309575157264,885.408674026391,0.650930199732115,0.86745342097872,0.917472318839099,0.964448372557332,0.729194200923627,1.38073559038424,1.94186421651483,1.76248426375911,2.95059778744,1.93083390342489,780.315963925251,449.614465729601,429.137554473276,559.796544783113,513.306456940699,10951.5284028702,1558.74136881753,1172.23922581689,3548.13965775655,2397.16653851715
100,0.215,0.825,0.222548475552248,790.258249769115,0.17107334979663,924.869251041088,225.896577087981,381.694351762218,1.2,0.880259852945084,1.01184165665004,2.05840730528872,0.973759558925227,2.05668745331516,1764.4073817204,1131.50982277454,927.924258611985,950.714106429209,603.720223479454,0.505780404529024,0.661829645900428,0.991198422345099,0.526129554226903,1.0725363521772,1.41816304519624,1.67928846153868,10.1113212741908,1.68211745755456,3.23415691620253,747.130349677858,581.533561170652,436.485450679606,547.02576218108,438.428194890313,19164.9208227162,4235.53491227348,3362.91391613802,4095.96391115103,1199.37070124798
100,0.215,0.825,0.222548475552248,790.258249769115,0.17107334979663,924.869251041088,225.896577087981,381.694351762218,1.2,1.64935354194979,1.0456050838705,1.54761860567251,0.936729661511901,0.734193961872563,832.964661455464,1027.05925865984,605.285698704465,1275.08143796438,4164.04495333804,1.11360263068469,0.765504036713745,1.02863577640136,0.713588846033792,0.387935091825138,3.04743862596885,1.62840479526237,2.55076444698083,1.32898982813252,1.06759748729589,520.437539014153,601.071280398298,449.210449569695,676.090972961717,1336.72715261753,2225.4003321991,3063.72451435544,1249.10740053926,4005.02840910664,186251.872330582
100,0.215,0.825,0.207844400994472,775.909826210951,0.174375694121379,924.869251041088,229.813843872325,387.060635736324,1.3,1.64767081600915,1.01249253542005,1.7898788654089,1.4078147689104,0.826116386710723,705.225300404076,931.39691615617,948.431818656683,896.959981532312,1441.27518240342,0.876330206682956,0.684395442470184,0.993799361411556,0.830682897013794,0.484205048439639,3.75070118711317,1.42940714668654,6.68353199327717,2.09415349214431,1.5291735508269,479.225368670242,526.978830087691,486.116719649702,549.423245484605,621.294257158046,1930.13474340034,2829.37520930847,5667.72782566371,3112.98149885949,14897.5155005719
100,0.215,0.825,0.207844400994472,775.909826210951,0.174375694121379,924.869251041088,229.813843872325,387.060635736324,1.3,0.818966451217065,1.32809129136752,1.415790907196,1.71597358618213,1.36589082666189,2914.65272970611,666.028166157682,657.751994707716,595.868500719649,1481.41831445945,0.482496873736276,0.827251180036009,0.768040678228311,1.35909832690765,0.745262656767962,1.56967270468382,2.51843829945522,2.2563446838874,2.37196262026998,2.27850013294509,940.615394316172,457.558404782499,453.879804053057,426.887878275063,690.388192113798,55066.5512971092,1875.48628973406,1910.68401490793,913.341340429764,8235.7756432255
100,0.215,0.825,0.278487170955192,883.95437971124,0.158592041373319,924.869251041088,210.627343926679,362.492299414816,0.9,0.841324245732728,0.972859288206576,1.32449537380791,1.5265787365227,1.01461495859811,1169.71570527843,996.232406822619,769.885522511031,783.26776064339,1118.85473900992,0.442158033584568,0.390637061419882,0.599146108241351,0.399477064913044,0.604439072354452,1.59868077346189,1.56198297605645,2.22254586697945,3.66704957416302,1.93492644532715,510.471032994819,542.468166921314,450.119658090572,450.825798164487,528.549077879178,16758.7932266494,32408.6320657603,5200.75422231633,27075.0032600836,10872.3561657995
100,0.215,0.825,0.278487170955192,883.95437971124,0.158592041373319,924.869251041088,210.627343926679,362.492299414816,0.9,1.31459598276039,2.52508080882892,1.06941005616294,1.35921793368383,1.18335199704862,708.745309602025,378.425750729372,460.562491172794,408.956712879107,637.536152779681,0.883661575312658,1.15199840496718,0.744726165957124,0.906243129571515,0.827603020122224,2.27797507068511,5.09034662556474,1.52745253283391,2.06490729313515,1.80990943555676,368.871302563545,300.536854527521,304.538045997898,312.239523481485,371.751689475443,2756.71900016405,657.11528765838,1010.38870597813,813.226454182168,1723.22095250487
100,0.215,0.825,0.25758356990199,840.1141,0.163241635870107,924.869251041088,216.399595490668,369.485692399371,1,1.82353576261584,1.13326288004633,0.853344386385842,0.915928985561005,2.26130934318978,655.637802156575,631.566955429677,1105.12080415914,1606.38535800285,620.561325527223,1.07584016621028,0.799998207993263,0.537726483017754,0.489801270756954,1.06489470436184,8.69131093086314,1.60326481820547,1.3087659889444,2.17775687036061,6.66590868603674,423.304197979806,419.770393271538,538.098898867314,600.490503211491,420.605439667714,2382.5230098182,1318.30198540086,5173.64560588098,27854.2318525033,2338.23231395017
100,0.215,0.825,0.25758356990199,840.1141,0.163241635870107,924.869251041088,216.399595490668,369.485692399371,1,0.932569039975722,1.40315315898427,0.787320692749798,1.58565284250836,1.41601483067213,1390.70554848509,613.052273253617,1518.37060303426,695.648730192311,606.548974881986,0.618180712978374,1.02301389982328,0.426384837600073,1.15222216381657,0.896555522244619,1.29550408235724,2.04819754482979,1.08590537420784,4.15921682839998,2.05145124136851,683.043308449679,409.058302794155,728.670124048704,426.462838578612,404.212412451597,14251.3364500841,1242.25371733341,14157.861100714,1814.52412834409,1291.43636933971
100,0.215,0.825,0.233754681559727,803.563879727765,0.168562831860821,924.869251041088,222.883586821744,377.709824077126,1.1308,1.28764386729823,1.27580335196955,2.6257983101099,1.4397116353913,1.83949108982041,1435.40890946222,569.855037841085,531.433862086748,523.496620518914,531.069149284008,0.806062875290713,0.674633772275495,1.66628506851063,0.947700690796266,1.02451783396905,2.24965266740851,2.10199901574154,8.14155005509828,2.37148699089737,2.82450044453598,599.891667586373,398.872643493483,399.363520177513,370.051158455841,393.70906788813,8415.43766418117,1920.99663632035,1208.47965119907,1077.73461694761,1239.05673173465
100,0.215,0.825,0.233754681559727,803.563879727765,0.168562831860821,924.869251041088,222.883586821744,377.709824077126,1.1308,1.51874141187136,0.950583573117359,1.49355818285649,1.52025605066707,0.958134998962537,1485.1080189995,907.201197429564,689.273518804017,1315.56149505687,1219.38381941761,0.50443673783863,0.54666834101904,0.737637796538878,0.654795052408344,0.624730595485323,5.57046546811332,2.84574757036136,2.18653295451946,14.826653462298,1.65396639868345,614.667838418168,463.778927327225,463.293601451904,427.35359802814,634.674759370714,33089.941223066,5094.39826668839,1931.74068290007,28541.3205154724,5169.18224863125
100,0.215,0.825,0.222548475552248,790.258249769115,0.17107334979663,924.869251041088,225.896577087981,381.694351762218,1.2,1.1044023919654,1.62479273199217,1.20101029172635,2.70935152832202,0.987684120489555,1552.8936950791,812.154581881576,829.752453316435,598.988274901883,962.204060393144,0.698356804842254,1.05273985484417,0.802716750122875,0.951049336931313,0.695818076168164,1.78683167059984,6.94181582484411,2.3295843626873,7.90168748342655,1.32990273951324,727.860304171654,431.389817207047,494.384842396967,425.72870358439,564.391486884743,13861.1003839459,3483.18284777493,2731.39599270457,2042.36028584854,2711.53950219806
100,0.215,0.825,0.222548475552248,790.258249769115,0.17107334979663,924.869251041088,225.896577087981,381.694351762218,1.2,1.44807374394669,2.12434547920454,1.06883597161176,1.03551887878352,1.05364783065362,839.705797191657,636.660120800209,1123.01232060836,916.220542228842,929.699579637953,0.814285343089851,1.54587400351558,0.419626987231587,0.697118718721047,0.578634060013563,3.72148828517688,7.25792590986428,6.37216941993972,2.08952876333987,1.76875148880892,477.166625043955,446.111150281113,416.137975077701,493.823641494124,516.273899320554,2969.1380065289,1223.59443211287,32112.347587134,2746.89269939847,4060.4863727541
100,0.215,0.825,0.207844400994472,775.909826210951,0.174375694121379,924.869251041088,229.813843872325,387.060635736324,1.3,2.47411761876447,0.769515214761321,1.4590924007278,1.31239917184834,1.08675536596123,704.920402015371,2931.96658363,663.202312574346,557.028216425775,897.765055000575,1.41143026630133,0.591588667843311,1.02269680759182,1.02047662233881,0.78694578246327,6.72084074377546,1.17796564822716,2.40863898883231,1.72393010840942,1.4486641275088,465.397179311988,898.950265369634,446.969837318777,389.668570393959,514.211842714928,2576.71825904257,18027.2562376894,1326.11155910909,903.520152712686,2825.06908538945
100,0.215,0.825,0.207844400994472,775.909826210951,0.174375694121379,924.869251041088,229.813843872325,387.060635736324,1.3,0.897086965311562,1.15172275067861,1.31568939775059,1.09376488972514,1.84524817311464,2146.18340186363,1040.68307508785,962.051977729092,1417.58526627363,578.846434776203,0.417292953815595,0.496522021906873,0.973655075358533,0.577149592705774,0.740869135648754,2.85058273411791,2.51596534335167,1.88872683233954,2.07467959189049,2.85694343091292,626.85571137092,524.596589746562,565.270696146755,633.631788611232,437.891312225621,182335.051922618,21745.012425451,2951.31659128848,17553.0391203693,1554.13143672162
100,0.215,0.825,0.278487170955192,883.95437971124,0.158592041373319,924.869251041088,210.627343926679,362.492299414816,0.9,1.14914532116194,1.55479803103046,1.03187353173667,1.16219893901841,1.22546385470555,1130.92459513075,724.337281167848,636.518173481183,1112.98114303671,1201.90308628855,0.876979161487459,0.856268200058653,0.704289998743017,0.6216431746479,0.737626510923754,1.75007949354315,4.40036539484083,1.53256662174174,2.22831999790882,2.78989155113383,601.68231357295,445.053893032939,412.474450150859,534.952342292351,561.840918042737,3392.54006253478,2036.79085039785,1302.87818127227,8756.52693014584,7149.18820169424
100,0.215,0.825,0.278487170955192,883.95437971124,0.158592041373319,924.869251041088,210.627343926679,362.492299414816,0.9,1.84431975712399,1.13104779206515,1.17276702378351,1.15770043201761,1.6029690349332,669.339699333011,1174.69072448977,699.868787403982,844.776952773212,542.718005005157,0.899214286837181,0.542052704913116,0.838199822449557,0.845826434382898,1.02015565513613,3.61393344400304,3.55483017524878,1.73835149544467,1.76103384295045,2.41538347248141,436.783954317987,459.62819834541,454.167539868208,509.613973454927,398.474927022518,2627.04108202704,15973.5703032466,1589.88411710165,2296.23809232075,1117.14162904673
100,0.215,0.825,0.25758356990199,840.1141,0.163241635870107,924.869251041088,216.399595490668,369.485692399371,1,1.84561483151931,1.24009117565898,0.941119567882845,1.54527228606126,0.913424885013406,852.128414509743,726.43967424681,584.440591489697,739.46298950085,1610.49824636073,1.38216018196611,0.805582522994016,0.688984742216767,0.98102102237139,0.570295692963298,2.7710973154447,3.16752061814931,1.30576547932646,2.36170716597632,1.52017267369102,512.943736239253,447.735095021087,387.471109874579,444.177376202344,661.104521629446,2359.7335672909,2186.41808039044,1223.2049059556,1992.97727189615,12789.8074389869
100,0.215,0.825,0.25758356990199,840.1141,0.163241635870107,924.869251041088,216.399595490668,369.485692399371,1,0.852615142396748,0.819602515525361,1.25950481621892,1.62561226149411,1.44073156402759,2205.77808745111,1718.43690390741,855.802281649852,729.289923760777,930.28223295789,0.599256353113853,0.535065319938479,0.84511824796998,1.21131506967298,0.952241881452813,1.64322936659187,1.68375405963818,2.08556137571689,2.67552742385303,3.39279527336119,804.871468885582,670.553838237448,498.739544023567,504.667255210506,532.021119946458,12597.0794979336,18288.5857991729,2273.55800095542,1327.96190894632,2889.40718360674
100,0.215,0.825,0.233754681559727,803.563879727765,0.168562831860821,924.869251041088,222.883586821744,377.709824077126,1.1308,1.0071533274492,1.0656488471346,1.2125159585777,1.2539841607007,0.844579984244261,826.977116466509,577.993638890959,877.790026165468,1033.82491796767,3144.14912259054,0.728405120106122,0.787312526487599,0.800727527673539,0.733288116316674,0.484029193851115,1.43860407515399,1.49432003662898,2.38606771285175,2.73418446297392,1.72357035879123,508.436896145352,392.14452744759,496.318704206334,551.298061436727,820.392690071727,1875.17122489645,1095.43650251226,2934.48166264765,5371.67365642084,128322.527690968
100,0.215,0.825,0.233754681559727,803.563879727765,0.168562831860821,924.869251041088,222.883586821744,377.709824077126,1.1308,1.16677361486599,2.06361184767896,1.46996288808866,1.04709423254594,0.952632583861741,1035.27439312681,651.224118291092,665.020040148524,1201.82648767087,855.437300542469,0.391219588079543,0.63011149525083,0.860633952305707,0.773920792428083,0.673935855990103,2.03255433965852,4.12399462945752,2.48564684220476,1.50990501575848,1.41532282336211,566.388519515537,444.236886340024,457.78926275259,643.604077870314,483.126048743881,1025380.7137249,5748.97898013434,1658.54703879003,3799.99607475729,2017.09641449273
100,0.215,0.825,0.222548475552248,790.258249769115,0.17107334979663,924.869251041088,225.896577087981,381.694351762218,1.2,1.2741897301506,0.974927142363422,1.39623171387289,1.48086411791633,1.34677809296275,921.889965497161,1220.33623036213,837.718624206391,995.863884748198,736.42495939306,0.828967569107121,0.685965047527339,1.07176051851915,0.691754536609518,0.948735331670112,2.0206767571661,1.63620311940543,2.3365861735468,4.46848907619117,3.513386094739,577.73519614572,591.273669963711,542.799878663338,517.89527902851,486.994333225026,3031.05424365275,4576.54583095159,1880.25004371237,8128.09808198362,1722.72047799677
100,0.215,0.825,0.222548475552248,790.258249769115,0.17107334979663,924.869251041088,225.896577087981,381.694351762218,1.2,1.73984526348205,0.904069946424265,1.32085924494881,1.09441041968962,1.08462189216677,647.316396517777,1040.94093624908,989.039553277561,1364.41829502892,844.512302107913,0.935098366589155,0.541080324057932,0.435276741700997,0.463637523438572,0.820242526134776,4.89442806849221,2.00186943419536,3.33750011356272,2.52588146884902,1.74803951727761,406.999569541802,518.912963060706,493.991685649643,572.963496383069,533.854385248401,1622.39343552963,7062.74521044049,32809.6477758357,33553.7583290406,2054.01773368894
100,0.215,0.825,0.207844400994472,775.909826210951,0.174375694121379,924.869251041088,229.813843872325,387.060635736324,1.3,1.73232189880423,1.09375346203904,1.28800275555346,1.48369225149687,1.2494840233765,747.192737423229,842.206627781187,1337.0221743196,644.566742946767,734.460751968684,0.927701182700134,0.734874347020696,0.80626545821988,0.896751845751847,0.875937301006745,6.08945242572298,1.61772092231574,4.67514727515749,5.40987009612029,1.93836957720161,442.510580463351,511.759706519513,587.2946465044,431.717392576084,464.418550147951,3432.59776049961,3211.48101448119,6610.19052534678,2053.92590168875,1798.36609199009
100,0.215,0.825,0.207844400994472,775.909826210951,0.174375694121379,924.869251041088,229.813843872325,387.060635736324,1.3,1.61609347765249,0.806902094472247,1.06692436101812,1.26792742329165,1.13322684628374,1129.47042548277,1441.59555504133,908.749437076507,1005.10804542787,1042.18714190548,0.560699953080182,0.397634754658252,0.748382765565335,0.678440405073769,0.700626427224748,9.94716674667938,1.24957137757196,1.41927969170821,2.67452171096786,1.52413255749949,451.796850212983,645.490746896871,547.866344287863,519.506233999971,618.39486971675,70728.0434472218,21452.7555494354,2446.98430349456,8743.29486256699,5583.85970047793
100,0.215,0.825,0.278487170955192,883.95437971124,0.158592041373319,924.869251041088,210.627343926679,362.492299414816,0.9,1.59043324078822,1.3874850449129,0.731117685810017,1.90376897746732,2.10590449766427,444.014744936583,674.762140415333,1195.99760583664,778.565286849467,1103.7435009971,1.16759510306105,0.940478952467889,0.53535562694758,0.968876704123881,0.952483372849035,2.10450239442489,2.02459124945572,1.00730366931685,7.58162066494376,10.9974292952958,344.647372425905,449.285615234565,596.418812368491,413.571956938565,405.464418423373,652.685636147558,1466.54720726727,3669.00994449876,3344.11200151632,5019.30919140107
100,0.215,0.825,0.278487170955192,883.95437971124,0.158592041373319,924.869251041088,210.627343926679,362.492299414816,0.9,0.920494522516481,1.33171784857967,0.593454399756564,1.3356558830674,1.35170567638641,2287.49723124476,726.593156169078,2638.40264037648,956.264156909823,667.681436827091,0.399845479390185,0.949394036999427,0.358047264786872,0.59813896238163,0.733368678612187,2.45010991638322,1.90712999846128,1.00957586039398,2.03403161743316,3.60257365494727,636.314963596951,477.485294864334,833.546864820021,560.348515968241,417.399931691287,208456.906738164,1561.9155729984,32817.9204704116,7137.81399199016,2799.38521877598
100,0.215,0.825,0.25758356990199,840.1141,0.163241635870107,924.869251041088,216.399595490668,369.485692399371,1,1.76687198962773,1.35658294996334,0.880574169597283,1.32424809065337,1.16860468333609,538.546128486803,722.491825526538,1106.80789798267,934.86036752007,1491.25972802728,1.28539429824963,0.852685037373116,0.594581166845382,0.854672618710409,0.745108754900563,2.98890446426755,2.16170301493964,1.31464533571508,2.55894565884032,2.62746775866475,402.699026957232,473.089676392156,577.263963380158,509.479376743706,644.270922744866,878.674156299973,1766.98202023287,4941.93765553483,3439.10459281006,9366.26121173952
100,0.215,0.825,0.25758356990199,840.1141,0.163241635870107,924.869251041088,216.399595490668,369.485692399371,1,1.26464374281012,1.08492667846777,0.906082564295907,1.30689789012724,1.17932299760605,1663.72176376747,692.381266887483,1127.53434738512,1196.73973585785,1153.20869352621,0.544801576697192,0.839365314560743,0.660087352693748,0.926311809663964,0.68078692811328,22.7760776361333,1.40573815598289,1.30582806127656,2.73774043855933,2.05843958862682,406.29080382587,440.006102948358,623.208616733146,603.187042011844,606.480947702914,44169.1454633053,1340.61709722818,3324.53271036151,6508.32861289405,7565.13409820326
100,0.215,0.825,0.233754681559727,803.563879727765,0.168562831860821,924.869251041088,222.883586821744,377.709824077126,1.1308,1.81123445976996,1.73788483940434,1.24321742084385,1.79182125414022,1.17753716593827,931.406792686289,500.257825122764,598.89064458578,569.609091751844,695.258518414253,0.64689883597898,1.16217833699085,0.928952175197315,0.832719967296329,0.353276926043517,6.34040427559908,2.30956736594314,1.85562526811832,2.84767767800567,3.03924756671604,456.024162270599,364.872248996997,394.656066938333,393.246643105059,380.523690324453,9302.02075135358,816.393448843428,1236.27362763802,2330.09771623098,122118.461028548
100,0.215,0.825,0.233754681559727,803.563879727765,0.168562831860821,924.869251041088,222.883586821744,377.709824077126,1.1308,1.41862469077874,1.15053574315807,1.25722413377816,1.73185255079252,0.847223030118288,714.047595402918,995.581201512806,694.529106695574,648.886845162313,1081.39106839381,1.00310982218929,0.808314845541705,0.831028197097342,0.950372724823636,0.62474917823159,2.04195201112424,1.72068368653654,2.23621519885043,2.96788471204057,1.2225821019245,468.194461617888,573.549201895431,455.17091434165,447.830745855463,571.142302551861,1556.78969302749,3252.0209171442,1681.2243808893,1631.39794198106,3197.08632558571
100,0.215,0.825,0.222548475552248,790.258249769115,0.17107334979663,924.869251041088,225.896577087981,381.694351762218,1.2,2.42748626412747,1.512520286674,0.982275085196885,1.13496065302589,1.0419466674528,558.816063661652,695.522011057301,1135.11116711818,1222.56538458686,1450.90504638927,0.967128383578352,0.887555458871871,0.700740208025695,0.610004721893771,0.681946205522711,3.99313957005775,2.55442859062583,1.3506217170494,1.99290997101165,1.73803838643857,429.268139809668,477.167722521703,643.108978843564,667.889560150894,677.125185826155,1614.57310509245,1797.8915596506,3451.60773631952,10950.3461618345,5876.16719208759
100,0.215,0.825,0.222548475552248,790.258249769115,0.17107334979663,924.869251041088,225.896577087981,381.694351762218,1.2,2.09525067741028,1.13397662063879,1.01396471627988,1.48438426196853,1.56530549178299,750.869507265796,1078.55064325027,1023.51463114074,1111.04978424549,772.186870565091,0.630635674745902,0.796065302828645,0.615725105332325,0.671596850996716,0.888238783875926,5.77255729470492,1.82688956211856,1.6591264750521,4.53495287781404,3.27969926969269,463.432049072249,610.030239782421,598.022484965347,522.107883353843,488.140113087277,8059.10776324129,3190.92004455752,4204.75813005916,13569.325711027,2209.1751444765
100,0.215,0.825,0.207844400994472,775.909826210951,0.174375694121379,924.869251041088,229.813843872325,387.060635736324,1.3,1.93917139753164,0.757932094305362,1.45332341574906,1.09632153191424,1.29059420635233,714.450212629121,2627.73955908285,838.186863384586,800.742808635975,803.823273676016,0.741038669156631,0.477059196264421,0.631952736585572,0.789637118702131,0.820637992173167,3.46643269492754,1.2894378678943,2.03008460521145,1.643897897154,2.06103676654995,481.026120872981,899.010047254979,527.898252073917,504.610933181974,512.929702996258,4528.99988554118,45352.3411474072,3943.97961849054,2040.92570849659,2298.65967013837
100,0.215,0.825,0.207844400994472,775.909826210951,0.174375694121379,924.869251041088,229.813843872325,387.060635736324,1.3,0.942596884802718,1.55696351984683,1.15413562456629,1.13125457133535,1.84304301771482,2013.20861004462,597.858138916684,1368.24951835109,868.186825752235,600.999260646541,0.535299271034995,0.934459102795233,0.476759072684659,0.584130753180843,1.07912669592721,3.82318825289941,3.08286460213145,3.36281499684484,1.8742033523953,3.25723103589995,567.641462717724,429.187956299339,551.14837078877,513.13871483382,431.176907003406,19419.5824106624,1372.84046040932,80066.4279310309,4521.80274370674,1182.57126270016
100,0.215,0.825,0.278487170955192,883.95437971124,0.158592041373319,924.869251041088,210.627343926679,362.492299414816,0.9,1.68060234936632,1.91480675813725,0.75688840462459,1.3805989544468,1.16678964303563,645.248376772247,475.708094080449,1201.53773981253,807.740994426148,1181.89664095343,0.940109242572324,1.31779784725951,0.467449655457085,0.831355533323483,0.456921444071833,3.62270173069061,2.65492594453521,1.44564305809909,2.11658752459242,10.6668023326189,419.414628550255,369.461694390659,518.936753938024,503.732658579187,395.680612885402,1896.64237122075,753.18804324699,9610.58097673707,2626.19967036026,43039.0021626642
100,0.215,0.825,0.278487170955192,883.95437971124,0.158592041373319,924.869251041088,210.627343926679,362.492299414816,0.9,1.58463214774693,1.26378397319125,0.925503677675039,0.81256840053755,1.83334022910331,528.020763275433,851.621028604624,925.424607590103,1233.00175753653,673.680664806258,0.971754608236647,0.819603385886886,0.639105882216602,0.590081733384842,1.02998097156931,2.56313704206569,2.64370624008658,1.21397749314791,1.10170387235006,3.33398242457478,389.720536997408,472.217610104415,482.710434200849,621.908708651162,451.212141180229,1024.15686518026,3284.75919868325,2615.47558691524,4932.8912261482,2344.95090056951
100,0.215,0.825,0.25758356990199,840.1141,0.163241635870107,924.869251041088,216.399595490668,369.485692399371,1,1.49276673748665,1.1212357928566,0.885282578760481,1.53932477162932,1.00320090601249,916.202439406249,777.998883103012,1547.74334065221,675.259612679802,853.624010268508,0.726428867801258,0.698948899491835,0.58344776338119,0.96881835381768,0.751823760722195,4.13672208635075,1.88194412301311,7.9999390135702,5.228959730822,1.40538863646221,481.678990700077,474.055899428654,440.081858033606,436.912100426068,505.262819583235,5418.72437948437,3098.73163574339,11825.4739150916,2547.10308147093,2279.75236738108
100,0.215,0.825,0.25758356990199,840.1141,0.163241635870107,924.869251041088,216.399595490668,369.485692399371,1,2.20792615950623,0.934595297218101,1.08277091855799,1.2727505007947,1.13791384237451,683.574886511643,1388.19712567887,639.5239321704,743.048246145884,1025.52430969537,1.22892719603498,0.68936798895102,0.855529675924389,0.911074279960113,0.850761576593843,7.59653190394775,1.39863950254458,1.37836200027256,1.79457803174126,1.54462218208623,412.44428186808,635.297314451847,429.983105614955,464.149012772594,545.567359534406,2427.44540858529,4956.38976708011,1230.00093085353,1677.54982462563,3363.80431165026
100,0.215,0.825,0.233754681559727,803.563879727765,0.168562831860821,924.869251041088,222.883586821744,377.709824077126,1.1308,1.34099063665762,1.61090044331548,0.842241682037586,1.49011073370977,0.942870030558659,663.784505573733,909.731080050434,1024.30501396375,555.761015850581,2174.81959321233,0.974864481974264,1.18058286235632,0.601369511591045,1.04799287655272,0.463635728305571,2.00738020169369,6.00103666547907,1.1817434825836,2.05161136638152,1.98332185674688,444.500064001814,516.2419060974,503.884764840779,404.371070990184,728.915739110873,1605.83374207872,3577.26696489772,3133.07217315867,995.938607766394,89597.5133710699
100,0.215,0.825,0.233754681559727,803.563879727765,0.168562831860821,924.869251041088,222.883586821744,377.709824077126,1.1308,1.21132331445588,1.25184213786379,1.20245335263249,1.14248295834563,1.59428458562608,1408.51427827119,808.708943572746,924.56486172805,740.945306376796,835.637869295477,0.859289041112548,0.755947110032414,0.678714669621372,0.764642305974962,0.770151097896511,6.44308584764959,2.04660577884738,3.13499120587747,2.43898973296245,4.15003388336299,479.286651378279,505.179923130485,492.357472009238,465.672666001044,482.718087435235,6246.09479419018,2411.99684638689,4832.38870106692,2111.41684754436,5339.33631731229
100,0.215,0.825,0.222548475552248,790.258249769115,0.17107334979663,924.869251041088,225.896577087981,381.694351762218,1.2,2.24479794958429,1.20465619767568,0.909686174804669,0.60964187131514,1.31706417520838,733.654965852515,925.088691090529,1222.60518598498,4772.87695781643,771.553440349262,0.656117780770006,0.583602895728961,0.389741987283574,0.255728694228171,0.62664583592784,24.8872113817651,3.60212998491827,1.98513715511398,3.19915578595462,2.15765931116901,414.448886101066,485.270379830547,566.719030439474,470.531313045814,468.342835665822,5397.78324988139,7754.66410110993,31619.1891584223,2149342.04218176,4307.9543007539
100,0.215,0.825,0.222548475552248,790.258249769115,0.17107334979663,924.869251041088,225.896577087981,381.694351762218,1.2,1.34384012824632,1.62102019913451,0.866130813872261,1.47591145854315,1.59490534375827,879.137695870767,787.702578885043,1565.01532410754,833.285878032128,689.399068403548,0.974136120505058,1.09629310877541,0.534108249354969,0.987392836304752,1.04237135119226,2.42311882589351,3.10170259820056,1.44438553917223,2.3670669195924,3.88635652493728,551.153199388928,515.925190652692,753.144835935552,548.011205963106,478.124552658008,2275.86785337312,2237.64091163868,18134.1333270434,2511.75124742621,1585.79373690556
100,0.215,0.825,0.207844400994472,775.909826210951,0.174375694121379,924.869251041088,229.813843872325,387.060635736324,1.3,1.14091414314108,1.1707515185196,1.46294566931214,1.18243470425426,1.06421966213055,727.155549359136,1291.04554153832,786.206786632951,669.375362510665,1555.36262128656,0.921213935379197,0.907806256198369,1.06365021970978,0.92226486436332,0.772185767536591,1.39252567705862,1.87081471045408,2.5697172143822,1.61795797951093,1.94335045163656,458.446296839912,676.640947654789,507.261408086764,432.437717576872,709.997951694855,1354.14315245309,4605.64431633753,1830.97291691157,1289.43469862924,6673.60253533763
100,0.215,0.825,0.207844400994472,775.909826210951,0.174375694121379,924.869251041088,229.813843872325,387.060635736324,1.3,1.36009981795769,1.44738940513471,0.870377595122968,1.67527417428719,1.81199913535477,838.786894704153,553.747353649966,3494.11329732801,643.989256672838,821.809062113212,1.01586419277758,1.02731656716619,0.618354719860575,1.04551200810074,0.950097122048315,3.81761066654116,2.58432110800714,3.72048603799175,3.11700703081969,3.85551807158273,525.555360466197,413.475900154731,1135.87260294598,444.976714783741,513.554672719362,2003.86681823114,990.073472365092,24141.8081416512,1378.84320205005,3412.54677674144
100,0.215,0.825,0.278487170955192,883.95437971124,0.158592041373319,924.869251041088,210.627343926679,362.492299414816,0.9,1.60836236088826,1.24562303152371,0.801109846856675,1.52859802662254,1.03667949675477,598.095580006402,832.758092179968,783.46400826403,635.40989579146,1104.95950855931,0.996885179885931,0.781121733556614,0.497144402817986,1.00998533604071,0.401252003503383,3.09916345092863,3.30840781502838,1.27914478399013,3.91632478677576,2.20273032578679,393.982322053002,450.10630935725,451.5082149523,406.74010635096,478.435624322741,1558.6753960981,4215.29960333237,3098.21690188638,1879.2012513264,53190.9298890555
100,0.215,0.825,0.278487170955192,883.95437971124,0.158592041373319,924.869251041088,210.627343926679,362.492299414816,0.9,1.49494923525283,0.990550466595328,1.29554282331146,1.30201900761796,0.956765835505634,686.908013392843,825.899366350861,927.539969533261,880.799883768213,1895.67501580069,1.07298522159172,0.724866629113612,0.821797764802504,0.943352174642231,0.618309067615583,2.41217977581892,1.45180432254511,3.64659331392389,1.91709085191128,1.5559917271016,456.447001005928,473.364936152246,514.460232979422,529.922517296924,800.694904197352,1847.7389091213,2055.83879060515,5923.98658413272,3486.80388666409,17702.9451504477
100,0.215,0.825,0.25758356990199,840.1141,0.163241635870107,924.869251041088,216.399595490668,369.485692399371,1,1.63034815974847,0.993321876607939,1.22581820004229,1.61689578010424,1.72330089712551,652.419704686711,739.3581819151,669.463167835112,863.046603442044,687.982996658941,1.09333681712819,0.703091199987526,0.890969252721781,0.904659773590798,1.11880130103829,2.80249934851563,1.41528094117467,1.79946162428586,4.27753377551022,4.93494128360612,437.033453861968,452.624480984993,429.373144030906,478.110150174923,453.967801637244,1434.72131157115,2044.27233431359,1500.1415686199,3793.61806644427,2440.26602674346
100,0.215,0.825,0.25758356990199,840.1141,0.163241635870107,924.869251041088,216.399595490668,369.485692399371,1,1.05722729730883,0.857337519915607,0.848274310658411,1.63895810584685,1.21742592956741,1675.59163666665,1723.19860003951,1233.41453107927,690.806626031533,915.11820870578,0.606507339060049,0.551040490094307,0.490397525106797,1.03037598642984,0.858705463921934,2.57280530756392,1.61104686926398,1.19115887520342,2.7478542147637,1.64321051348464,601.89296797394,733.853494902641,622.001809343156,460.377130247081,541.448412978444,19396.602014185,14604.6969217554,8507.29344409341,1565.71794639928,2213.85816735951
100,0.215,0.825,0.233754681559727,803.563879727765,0.168562831860821,924.869251041088,222.883586821744,377.709824077126,1.1308,0.971919258946129,1.43821751446213,0.758875709009522,1.35262610147118,1.12431966032891,864.316261073572,646.844266481355,7200.29897470591,1158.55333947454,725.863701059784,NA,NA,NA,NA,NA,NA,NA,NA,NA,NA,NA,NA,NA,NA,NA,NA,NA,NA,NA,NA
100,0.215,0.825,0.233754681559727,803.563879727765,0.168562831860821,924.869251041088,222.883586821744,377.709824077126,1.1308,1.97044444242363,0.970089861435911,1.81555742344648,1.66478569768088,1.0685047200525,709.267597463835,1184.40760917702,460.980694273414,555.966525654333,978.656153983785,1.09201753313362,0.574631401212067,1.2135290836227,1.0997352286768,0.434930182604103,8.74039209757242,5.11139947392908,2.89416706534792,2.48556431201607,2.74397246428382,412.568079498651,438.206554850652,359.115485458775,405.502959489502,446.544426158139,2638.05308095062,10275.6166871466,717.865653228186,1079.65971597147,25588.6661547482
100,0.215,0.825,0.222548475552248,790.258249769115,0.17107334979663,924.869251041088,225.896577087981,381.694351762218,1.2,0.74879640003431,1.29783237667625,1.32021380052032,1.2387488742988,0.986601110925694,3145.30733749142,1017.72272581027,737.955579060404,1016.52326824997,918.741586151715,0.362276487598358,0.587582685520767,0.824933525515456,0.775790712811963,0.719832059104243,1.7289096030382,3.96844516738547,2.45214100722712,1.97766075534648,1.38573094731422,847.622684975581,519.169890157483,461.93817026536,592.446277583695,541.330027110515,263445.587469573,7182.3489466118,1804.94800951965,3457.37948927815,2800.54855318455
100,0.215,0.825,0.222548475552248,790.258249769115,0.17107334979663,924.869251041088,225.896577087981,381.694351762218,1.2,0.954680171123463,0.914778365114351,1.31346708809869,0.988476313405166,0.992548179881474,1435.22453378833,1202.8180079671,1080.62480901132,1120.69698117344,2285.63261867651,0.577884544773729,0.682363849800104,0.855777528471696,0.703396440732165,0.547668654318411,1.76976307855051,1.22544660782439,3.47093220974837,1.60166963556068,2.86232703864945,700.788497261496,634.285376874724,569.125518803961,615.931100540249,732.053697015729,11030.0092326899,3484.82999853957,4616.16253996,3069.70334990301,25863.6287808847
100,0.215,0.825,0.207844400994472,775.909826210951,0.174375694121379,924.869251041088,229.813843872325,387.060635736324,1.3,1.266825068327,0.800349138414043,1.9636268122821,0.863049987578811,2.06742450962968,953.487968835705,2072.68954098049,686.866580401859,1863.79099345708,513.139274668086,0.797282428684268,0.392315106993611,1.05317041167522,0.426073085655018,1.37766847261768,2.78561777298438,2.29058680203423,7.22828798886234,1.46916255499334,6.10634988758152,530.20480537631,628.746836322999,463.24700263944,717.91698022995,406.410340618228,2835.47261514655,286596.643313556,2186.57216483832,38357.808257043,843.539408705361
100,0.215,0.825,0.207844400994472,775.909826210951,0.174375694121379,924.869251041088,229.813843872325,387.060635736324,1.3,1.75261524996917,0.871587174879328,1.08746709003307,1.4052312140812,1.34982076307772,586.481147910899,1362.08232401815,1005.92222128477,656.159879735374,1552.5115264802,1.21503682603519,0.579298949826043,0.619253230199628,0.920267644134788,0.855064309253523,2.80524720553924,1.32809659698942,1.66077703619513,2.12379371065417,5.41193262874373,419.633064252265,603.983656987598,549.218934872568,431.358973346737,538.135222595691,950.420991095699,8526.29914145039,9261.76573084618,1650.88556591534,7273.18354186509
100,0.215,0.825,0.278487170955192,883.95437971124,0.158592041373319,924.869251041088,210.627343926679,362.492299414816,0.9,1.38107460358944,0.867343484405913,1.04136633542645,0.732906888984553,1.49377638178471,1030.39164171199,1606.17931998188,796.408648852029,2291.02217795721,807.232883786612,0.583179549249471,0.538059269122262,0.700612135310659,0.333869104183855,0.687309273626063,3.06705982320783,1.38812625935717,1.41354957328584,2.0005576905659,18.3116617118808,563.559618667773,682.440961322787,477.072158976538,630.98676961412,413.843958309257,7803.62259924957,19287.885310917,2083.12091173669,386580.615085073,9675.15516674728
100,0.215,0.825,0.278487170955192,883.95437971124,0.158592041373319,924.869251041088,210.627343926679,362.492299414816,0.9,1.66604647530848,1.48498474736297,0.862393757266823,1.09027027675669,1.56982524415546,746.23830981473,618.565079405542,859.404856439309,1126.21425798125,1243.08300533421,1.18278070405836,1.11170728608048,0.592805917201983,0.7164577174028,0.811549944821296,2.13028451896272,1.98026563932038,1.12395645792884,1.66184260356381,5.74978998720306,493.147036238234,435.882882190393,524.821857644669,586.387387216585,540.819723448478,1561.47662215914,1142.71232748228,2306.30994594089,4406.7805118032,4900.57343083627
100,0.215,0.825,0.25758356990199,840.1141,0.163241635870107,924.869251041088,216.399595490668,369.485692399371,1,1.24079531834087,1.21245470065817,0.980420127193439,2.21463343733567,0.739126795666153,986.575982392409,1274.04793515604,905.374352388327,664.501521117925,1170.03197578522,0.622819340313472,0.582049362942633,0.634243244012828,1.26810258567333,0.466826196562346,3.29251762661425,3.00974753604263,1.69800009341493,5.64492143112745,1.20468676961525,527.554199537646,528.124198909475,540.528506558647,434.53260241693,562.629917065244,5629.46177276037,32214.0828255389,2925.3095754522,1901.63769222976,7827.74151904062
100,0.215,0.825,0.25758356990199,840.1141,0.163241635870107,924.869251041088,216.399595490668,369.485692399371,1,1.99688592461441,1.0368005938562,0.756499517067033,1.15551673632998,1.80369454391233,596.524283484618,992.754566629928,1360.50303145054,795.078001858006,655.484858230527,1.15136231515559,0.790742828751347,0.487437695924943,0.733781155991027,0.618926174795144,7.16463337210889,1.45970915319071,1.21249280577308,1.88870210005698,4.48919692023864,414.770728426237,551.394257226419,604.778924886917,490.43010272194,426.266410729421,1444.04768777963,2541.40468503704,8099.32379090975,2560.58953455336,7274.95613215607
100,0.215,0.825,0.233754681559727,803.563879727765,0.168562831860821,924.869251041088,222.883586821744,377.709824077126,1.1308,1.26688045383833,1.21608499808938,1.54795869440564,1.22571336172711,5.3542053910843,972.719711934383,720.180332898073,608.295374077958,621.268081185339,3618.19835764593,0.891679869118971,0.887316554906267,1.03746991194368,0.863939936155093,5.32619196117694,2.08505930645233,1.69347131069291,2.05877163211982,1.81196359099401,5.35933642870398,564.402928797685,480.602798273257,430.910834609844,422.556815066305,3609.65587335113,2800.60126670318,1465.1697719917,1155.103630337,1117.88091716023,3619.74187915011
100,0.215,0.825,0.233754681559727,803.563879727765,0.168562831860821,924.869251041088,222.883586821744,377.709824077126,1.1308,1.15349557834215,1.14717945731637,1.54195831713652,2.43741107166899,0.749549947892487,746.214259651571,667.950856599098,724.877497288974,475.360191800025,2383.19994535476,0.757501260716216,0.744388043824618,0.873196205604751,1.68489751668714,0.444922544753291,1.8489779744364,1.7312661970074,3.06928610396397,5.12151716679346,1.18343933391182,484.271098262491,426.979589887605,458.249886504046,384.390582313318,873.151089443525,2460.63974361169,1639.64041494341,2234.11419139612,783.309387865832,23195.0234001193
100,0.215,0.825,0.222548475552248,790.258249769115,0.17107334979663,924.869251041088,225.896577087981,381.694351762218,1.2,1.21166430859521,1.98285552556732,0.922186924970132,1.14839985145159,1.02689916802624,665.400848709456,608.233023208042,1128.97741552094,776.095000239909,1069.42767755083,0.801675699110822,1.35722604226006,0.691003112098687,0.724256412552585,0.56230382943561,1.85728220435463,4.84883549927404,1.23345001419753,1.63369003154223,1.69992664477386,425.189513622285,426.116353557411,573.479002693695,472.278606754917,559.887337266626,1493.82576900097,1277.82915880958,3797.78968059739,2515.29824928608,17622.1135407768
100,0.215,0.825,0.222548475552248,790.258249769115,0.17107334979663,924.869251041088,225.896577087981,381.694351762218,1.2,2.03227433948779,0.838400210687449,1.40831387485741,1.26793522234475,0.892234306850967,587.087507807915,2038.6898873928,965.288162399328,888.642567599898,1632.14619429582,1.0744582078335,0.532306145401807,0.818911006461227,0.79981184534091,0.634355065532494,4.95708237898628,1.29681807869074,3.62120179613745,2.8912018425028,1.29911710715997,425.726737605823,833.955041961107,539.976704334518,514.667102232451,794.010253562206,1063.75041494876,20153.5798454545,3682.45942285988,2676.97137028668,7705.84764629347
100,0.215,0.825,0.207844400994472,775.909826210951,0.174375694121379,924.869251041088,229.813843872325,387.060635736324,1.3,1.10567293174131,0.996343049810812,1.04682295157872,1.47369667571249,1.03185536347314,1582.96257260087,2231.65192207158,673.129547318627,852.143541246676,1260.82033479965,0.685850255217854,0.649384564870881,0.643940391052857,0.943006840069125,0.614797165132413,2.75923832531636,1.86649711402133,1.51746353306463,2.90880862548816,1.95291312961316,640.895940559476,916.442484026594,436.862853733055,516.626288016669,583.832521666521,10428.5935765478,10526.227094465,1602.15496084975,3265.95509299049,7664.82597337751
100,0.215,0.825,0.207844400994472,775.909826210951,0.174375694121379,924.869251041088,229.813843872325,387.060635736324,1.3,1.65380656115696,0.984850912423633,1.92333667541383,0.80621928635028,1.29767633045199,823.350663148085,1463.33933573486,647.849076310635,1682.15791050945,773.029858226824,1.11489197218689,0.520677694547652,1.08050839339575,0.44997963256554,0.857124652733306,3.38309603867772,2.1367528002795,4.3594756761653,1.30872771038236,2.6628691184876,501.372863330525,611.858525886587,438.333822782221,751.201153012124,479.183776239391,1919.47836457108,20122.4319785375,1518.8957753805,22140.2111289904,2253.29256618893
100,0.215,0.825,0.278487170955192,883.95437971124,0.158592041373319,924.869251041088,210.627343926679,362.492299414816,0.9,0.964499007031589,1.12610943333114,0.962713927365252,0.768776019633573,1.94880815299698,1641.75768717652,1130.51351060133,763.510016678827,3135.55222404656,871.252735097504,0.654502854399677,0.764325143607065,0.613947152837428,0.480388274243943,1.091860977987,1.402439449933,1.99294169017187,1.46436673853161,1.12989583836311,4.69916725547963,819.129277894748,606.346612284486,462.907809213412,1173.56980536609,523.431749735541,7811.01196520107,4165.3189486312,1997.3970178575,41746.680663659,2898.08382360626
100,0.215,0.825,0.278487170955192,883.95437971124,0.158592041373319,924.869251041088,210.627343926679,362.492299414816,0.9,1.64893788242349,1.06603521150783,1.03843610281749,0.899970829629007,1.01966276498857,584.021393303005,937.593291248102,830.057298817706,1465.99463501061,3962.17856253484,1.21735517586276,0.681985897735812,0.813051546274808,0.593615960925253,0.549682184610191,2.57155478664645,1.62009731278523,1.40318554435561,1.65342380895849,4.55141194861958,419.812023843344,560.035593384909,499.241873503649,649.836289297324,544.421106354315,1108.87295640772,4678.00928217745,1886.96948047442,8002.92740493094,97803.51273211
100,0.215,0.825,0.25758356990199,840.1141,0.163241635870107,924.869251041088,216.399595490668,369.485692399371,1,1.35529721220799,1.05470216867937,0.914707307655904,1.19394448511331,1.11230662053758,814.256427742262,1193.49542485486,1089.93465424479,778.946635214625,1338.02891829422,0.921304365870443,0.4335063427103,0.688236377901359,0.895772391183096,0.855870314631599,3.45103783884013,2.28495004427415,1.26684265591203,1.75258134513426,1.43152865433717,493.516243468021,553.936875491253,571.686290601015,480.111838850869,661.219275093278,3727.93921986172,176350.689270488,3764.65960909319,1960.59532097003,5010.8470861237
100,0.215,0.825,0.25758356990199,840.1141,0.163241635870107,924.869251041088,216.399595490668,369.485692399371,1,1.64421670964675,1.18217598532254,0.935377821750729,0.983054769074715,0.873786435149654,829.431696345782,831.511876659617,928.095906956651,1034.18614107336,2176.3814438997,1.01046875903031,0.901377860514579,0.665520966970782,0.695600279484054,0.6266326373602,6.24598448369435,1.65388254846401,1.46042899319882,1.74791427501345,1.32076314134332,476.776573072297,505.724159276399,526.729566735802,556.901435262431,836.904635187347,3255.35997354779,1757.14065147619,2611.08471346583,2912.71830023832,12294.2363588084
100,0.215,0.825,0.233754681559727,803.563879727765,0.168562831860821,924.869251041088,222.883586821744,377.709824077126,1.1308,1.11601937263253,1.16064137416275,1.04328066040851,0.803668276453851,0.964345712003668,1487.64051199538,710.266230039052,1360.91899678765,1132.21491763306,1256.3280717818,0.599348470350434,0.820112987486497,0.611235406764442,0.510166586470646,0.68625393359654,5.25413695576469,1.65499935705009,1.43963394635836,1.15370420089279,1.48898782609171,572.027697300582,460.506756297706,684.466854042545,615.053030158909,614.222439147233,16894.1115148174,1504.63813280523,8602.66948412146,4248.78750512497,4860.53526720445
100,0.215,0.825,0.233754681559727,803.563879727765,0.168562831860821,924.869251041088,222.883586821744,377.709824077126,1.1308,1.50001317516088,1.24376803575529,1.01516034692833,0.878058793772908,0.815786050613899,895.411140587417,1015.05871805297,722.025527044972,1385.82950967409,1650.88462922647,0.958346303800413,0.799342176277324,0.731023799694333,0.666577386204584,0.585660599359128,3.8281136312018,3.22549976618696,1.37876925530842,1.24306664767736,1.15782977848729,500.396783886859,546.62243897012,464.787657639262,677.00092624446,720.66575810349,2914.8723542234,4471.96006389883,1777.06853560313,5238.74890109627,12094.5520272447
100,0.215,0.825,0.222548475552248,790.258249769115,0.17107334979663,924.869251041088,225.896577087981,381.694351762218,1.2,1.23913509442875,0.826069208520303,1.09845030167656,2.01550747988126,1.9952562878123,1259.6537397066,1189.85747600933,728.571852193855,552.123155345953,469.002232921454,0.807091002591661,0.593704382058101,0.796551735660426,1.11186854666607,1.40914231420236,2.2735750369028,1.15443641571301,1.46262820178729,4.05115218247468,3.62647794178476,604.553358193232,558.257257640245,473.233435779041,405.008631408789,375.634471900084,8979.44452608596,4264.53188808473,1640.90586993501,1114.78180251959,711.527016025175
100,0.215,0.825,0.222548475552248,790.258249769115,0.17107334979663,924.869251041088,225.896577087981,381.694351762218,1.2,1.47993026845506,0.775721417931465,1.68946405931755,1.33255148649574,0.805585290465828,908.754966537787,1467.1500167568,555.16840290855,1294.83657768514,1527.34926094888,0.977769802108993,0.450503538670071,0.770904994143656,0.602963552192643,0.539316352009662,2.61100281785168,1.36523061322115,3.29899760292641,5.63778557323379,1.1689664475188,543.87378783201,622.080291838858,410.235858420088,491.223466799598,699.637762063685,2206.85353192303,15979.0246953324,1474.75495523029,22866.6100393861,7799.60527470955
100,0.215,0.825,0.207844400994472,775.909826210951,0.174375694121379,924.869251041088,229.813843872325,387.060635736324,1.3,1.43263557585841,1.92999031640103,1.14439015780114,1.10888060867143,0.906414505595824,796.745431119531,663.857003543889,1335.41557983135,1230.84887212075,967.475879815927,1.081199987653,0.975216644819008,0.479779647005515,0.714060819522586,0.693762186652695,1.92500705739431,3.46640867648988,1.68559521451307,1.76253425472807,1.22000332119631,498.663842180687,472.107359528272,690.387804369382,622.527354684638,563.503622789017,1756.42819884501,1952.89841042613,82430.4496377573,5110.67701147359,3210.00489088138
100,0.215,0.825,0.207844400994472,775.909826210951,0.174375694121379,924.869251041088,229.813843872325,387.060635736324,1.3,1.5493849418117,0.828420786871943,1.74295896008753,1.01290893134477,0.963449329831031,1434.20207980776,1590.16721166119,578.40941170242,1205.50587394247,2115.022208416,0.433565689135549,0.430251058349025,1.2881519846726,0.664799527335371,0.373446284122556,5.53317953616619,1.54888988176976,2.51983383367135,1.93483592460743,2.21523636250948,606.605437389611,730.569636928879,437.540326029927,615.066394012329,682.161823481238,40368.0233687237,64352.8581188971,961.433591876364,5780.77823649147,219886.519138177
100,0.215,0.825,0.278487170955192,883.95437971124,0.158592041373319,924.869251041088,210.627343926679,362.492299414816,0.9,1.27013829702526,1.16642664292375,1.13907096903032,1.33274695570146,1.53944175832494,1126.38978468547,1286.9649667823,621.595046871161,891.472740588477,711.246746772835,0.881581270132835,0.892104400243537,0.849853867876882,0.565671657397728,1.07293340884837,4.7196091963649,4.26425583312939,1.71535065597713,3.50723325456648,4.47010330615181,559.626499750672,630.219942052932,424.956337833232,438.762258445083,437.589314446569,6205.80170764782,6055.40316769645,1217.681050945,14153.8423337998,1581.72798291059
100,0.215,0.825,0.278487170955192,883.95437971124,0.158592041373319,924.869251041088,210.627343926679,362.492299414816,0.9,1.60708525439629,0.901016573893124,1.10008406254231,1.14780582871819,1.95039606106349,711.87520638673,1326.82563072702,454.919021762282,950.556620058175,600.115409592666,0.896577126585556,0.58406796727042,0.792298283004688,0.666177506431801,1.08723191474904,3.53279667545576,1.40629790457864,1.59976121498068,2.00383168686594,3.81591544651485,420.164512599777,617.497746869361,321.61795844827,502.14947615591,411.61646142427,2770.02563285584,7734.40885704765,837.223175310475,4856.88953236082,2089.03668299085
100,0.215,0.825,0.25758356990199,840.1141,0.163241635870107,924.869251041088,216.399595490668,369.485692399371,1,1.35636691657328,1.02383940416934,1.21907147436878,1.06270108992,1.11184214979164,956.872303417055,938.137846971429,1051.44233496855,1142.54371983623,790.249969534191,0.88213094149494,0.730417994904811,0.859280206298918,0.594451234734812,0.69583628183645,7.67285032079065,1.92830662358158,1.92492764230999,2.10705600268372,1.98262684520221,454.03332199244,503.070423492004,571.938761650204,584.863077716549,475.911589292574,4422.94786756678,3096.30042046113,3796.63710007018,7849.462611062,2246.11891394751
100,0.215,0.825,0.25758356990199,840.1141,0.163241635870107,924.869251041088,216.399595490668,369.485692399371,1,1.01267785664363,1.4557722608788,1.01111267385361,2.29085609096912,1.77305320443694,1041.33157846514,587.542598368826,667.817820525367,521.57543936551,559.930077861146,0.600086121230652,0.920267916194933,0.771237013611464,1.22287227750468,0.921430351736866,1.77967576702031,2.02496329002695,1.28340953391002,6.33757720998734,3.05211987407313,550.947792254692,410.832082780892,400.787025280143,396.725268017837,391.475852806053,12485.6919114895,1386.32971460187,1397.37696253292,1147.11306936769,1504.89432496501
100,0.215,0.825,0.233754681559727,803.563879727765,0.168562831860821,924.869251041088,222.883586821744,377.709824077126,1.1308,1.17258645737214,1.05921098854581,2.36390631121153,0.630647116738819,1.17194177536229,1703.63896081186,902.194476673714,511.62284871615,8889.72591153471,659.831026655247,0.663487140178562,0.703487808269747,1.2387142239574,0.469182138933392,0.811155127542362,5.51873495305054,2.58869660724887,4.06239887267202,1.01276798955572,3.30309261614124,508.095011707759,509.146039839274,405.316321546608,1931.56085250433,440.649245751878,23671.6613653472,3441.53897941424,920.913708226865,119425.427752658,1575.13193599926
100,0.215,0.825,0.233754681559727,803.563879727765,0.168562831860821,924.869251041088,222.883586821744,377.709824077126,1.1308,1.29179413590463,1.27976525847254,0.838084520671453,1.80758676446001,0.964076609128034,699.194847452713,714.214315679569,3281.94592710637,535.30901366387,1104.6686047619,0.928485714961782,0.968630773960766,0.46064208731266,1.04099428912907,0.676006958224852,2.09970873266963,1.68616863815169,2.54208126640601,4.08858092801236,2.58335234770538,468.849204384052,461.993800788256,961.080107100941,404.669233310103,558.166952719666,1443.27605312994,1541.60130844226,121222.736623428,1115.53161948563,4371.02239231552
100,0.215,0.825,0.222548475552248,790.258249769115,0.17107334979663,924.869251041088,225.896577087981,381.694351762218,1.2,2.00877488012494,1.70510883791475,1.14234816588481,0.898247199746081,1.29139136918348,614.517720954986,575.667515340111,852.026602448479,3525.91767122394,687.806183318551,0.841629170116342,1.22488285149196,0.672265063192798,0.366229992884793,0.948499550343794,7.9566449586545,3.04550465258671,1.68500046242872,2.95127247802055,1.77360502526612,422.717163443809,429.434313389009,502.274239287888,626.95720692962,450.74581066041,3144.14449178015,1127.17865074332,2434.60351407528,345804.703281769,1309.75466427249
100,0.215,0.825,0.222548475552248,790.258249769115,0.17107334979663,924.869251041088,225.896577087981,381.694351762218,1.2,1.23434389141945,0.766212121947095,1.0985552504124,0.996190143912908,2.15232679746988,1009.31756552009,1193.64567602356,944.433344019707,1087.16178403182,778.911516631993,0.634177227594171,0.441488572586046,0.741482340011591,0.705843561039738,1.14004398069711,1.83043221705088,1.12140728957335,1.54831117524067,1.47865123180069,6.46540364920669,579.985471396676,603.299725336102,545.620494648599,588.790999955776,484.160618764783,6037.38402302667,6604.04360348498,3169.48329622448,4560.92801430724,2796.69628094573
100,0.215,0.825,0.207844400994472,775.909826210951,0.174375694121379,924.869251041088,229.813843872325,387.060635736324,1.3,1.77526290350343,1.13104490457283,1.61097236893342,0.991338281479923,0.959292600004451,656.180222726055,964.275096160896,730.695223584691,879.373232030044,2022.43250388676,1.20439753952476,0.856656272836671,1.0543996003843,0.680519188983382,0.321159708996286,5.63872216424846,1.69882702484407,4.07538459380811,1.4906903016052,1.76275076629059,457.692093993718,559.86487247155,481.554033230267,523.656366779207,755.106760601975,1286.53469822355,2827.84188895723,1799.50288305857,2283.22305668524,201937.670541579
100,0.215,0.825,0.207844400994472,775.909826210951,0.174375694121379,924.869251041088,229.813843872325,387.060635736324,1.3,1.16508624251564,1.08564649599664,1.06795986620425,4.2151560414089,0.894409440611085,4470.8658703464,708.266196425285,740.564355789245,445.973709064998,1108.21999696464,0.722213937442967,0.783131356320748,0.766851350708547,1.63666110090152,0.588210739845011,4.02179181562465,1.42024999400228,1.46359662567959,8.99212149058589,1.27146861050243,841.073876647254,476.784141536102,466.507577734504,394.292752708318,579.082287872868,10294.313030526,1535.98916907998,1628.1116689505,676.405087626889,4311.75280956113
100,0.215,0.825,0.278487170955192,883.95437971124,0.158592041373319,924.869251041088,210.627343926679,362.492299414816,0.9,1.36594339863329,1.06367671279831,1.06297021534336,1.51628106890097,0.981010537416175,1048.99497204128,1098.85506479643,688.142155237277,595.41523968148,786.167971591732,0.842880330730036,0.497326299767819,0.790985187140297,0.850726849855868,0.606711846322495,3.06190145630935,1.96602175202968,1.63294918038073,2.4894390247809,1.66235381635879,513.875094441693,570.017919543717,441.562748230639,393.50958394079,452.053352974321,5608.95342480254,14692.093932903,1473.40063288604,1614.82837790306,2682.01730411315
100,0.215,0.825,0.278487170955192,883.95437971124,0.158592041373319,924.869251041088,210.627343926679,362.492299414816,0.9,0.998676185376164,1.72823907316085,0.859941597780714,2.0072390709006,2.11890207455061,980.864608867327,533.280471218632,568.574032037009,652.287261794975,566.481852199887,0.736599008954302,1.23873022749372,0.666282874493095,1.32944188113912,1.27453820670448,1.46184620659152,3.35876352897828,1.13663291224086,6.35363198166314,3.49294564961434,513.807770630549,380.569969646895,342.068181282883,429.576729529341,396.166719695644,3349.9356016503,1149.52704577206,1045.27127652204,2386.60524537625,1322.70018147938
100,0.215,0.825,0.25758356990199,840.1141,0.163241635870107,924.869251041088,216.399595490668,369.485692399371,1,1.16018017463136,0.775765754433714,0.791705319072431,2.12675914267376,1.38873569181494,1046.50477286021,1103.43455309938,1848.26652908886,770.070224175332,702.88519576024,0.72955545164752,0.518463871990544,0.490984453504811,1.02917090752155,0.992150145446415,2.8638956100872,1.12771808215932,1.19639258617246,6.61793182588382,2.25804873009766,542.974098539114,561.357196424607,773.879437450084,465.278188774555,443.681899022379,4663.13918514785,5255.15691464568,11653.2525873885,2930.08906606253,1627.94241046217
100,0.215,0.825,0.25758356990199,840.1141,0.163241635870107,924.869251041088,216.399595490668,369.485692399371,1,1.00674164326019,1.34906820932371,0.691496545509755,1.38144368440695,2.05536811460776,985.336351925785,1026.02854341409,1444.81542081104,727.356939890939,985.598396510879,0.722895895854089,0.735960070543732,0.447816515807582,0.825037540246934,1.27615514043142,1.73304098890549,3.09228863782459,1.03198804189582,2.28974338795883,6.11076012068326,553.062346781717,526.52687480528,677.077773436042,482.157799695382,571.742272168692,3101.50330020934,4148.55781791152,11570.8001856801,2261.66174876868,2859.55331216395
100,0.215,0.825,0.233754681559727,803.563879727765,0.168562831860821,924.869251041088,222.883586821744,377.709824077126,1.1308,1.17867385672114,1.1739209902411,1.05152367512415,1.60853000437791,1.14053378240282,935.386794900689,725.231901088981,1006.3382234728,871.993856379256,1056.80721437305,0.797212122878279,0.687130014603377,0.786623045132344,0.902125261491865,0.587823037474353,3.00786901331155,2.08789099572146,1.44722409989976,7.52812659022575,2.68611311780128,535.203287321772,469.885493453213,562.131512133339,469.606521031058,526.480034067249,3615.70689374484,2467.72950619105,3415.63122388087,4595.0755974927,8307.02746230316
100,0.215,0.825,0.233754681559727,803.563879727765,0.168562831860821,924.869251041088,222.883586821744,377.709824077126,1.1308,1.40365087862778,0.96442276576949,1.00404302420979,1.63907595491926,1.45382737532916,933.669651605089,916.853052448634,1371.57644221941,519.276218575389,750.567434615722,0.813552981136163,0.657109180964698,0.570686761949064,1.14348932411489,0.979618751549586,2.35534175566756,1.44484851861969,1.71048728112779,2.32202919673556,2.14051939534688,522.30615589354,514.523119816471,640.83680485729,388.628470463498,472.352504396049,4678.71426981345,3123.40190640133,12857.3594767831,887.036216828989,2412.95430035443
100,0.215,0.825,0.222548475552248,790.258249769115,0.17107334979663,924.869251041088,225.896577087981,381.694351762218,1.2,0.964880236680031,1.17456353896284,1.27764314942756,1.43771928035185,1.02111263361545,1392.89664441981,940.596382177545,583.406577502424,579.609945109916,885.636388944931,0.559936756218691,0.885237750068886,0.890461076691426,1.00380720789669,0.642192792077378,1.62914983946568,1.77757410058217,1.6503810346483,2.08415363758063,1.53722356338981,559.153522288468,496.965354490036,374.141535901377,385.154514365805,496.931524477897,18608.7104304573,2922.16692749323,1172.06334970775,1144.77098559654,4322.55131310137
100,0.215,0.825,0.222548475552248,790.258249769115,0.17107334979663,924.869251041088,225.896577087981,381.694351762218,1.2,1.48827001183315,1.25406945269084,0.982575691373679,1.20290144985592,1.26201079663143,1031.36215903032,788.447341483024,944.484719958171,1193.96694885751,1191.81545180511,0.84999535251339,0.567607059529873,0.648153953277044,0.765693844764062,0.781372732385817,5.87760653598336,2.28602306614902,1.39602566195859,1.80682409888222,2.46839042173584,518.83933989859,497.467459113121,556.303740518421,605.186793842324,626.332053714455,4713.31761869049,8011.2013443269,2702.64365157244,4899.61219724734,6333.66682021983
100,0.215,0.825,0.207844400994472,775.909826210951,0.174375694121379,924.869251041088,229.813843872325,387.060635736324,1.3,0.998211715169764,1.15659372918097,1.15060626176787,0.69864203930077,2.12797070551535,1625.0140548624,1186.20402511063,748.663938665769,6055.58642452931,509.156418374437,0.720868208690307,0.778812655205043,0.686817706021138,0.413459140773599,1.12711952133842,1.97209068934179,1.87826256014885,1.74850113819732,1.66272826689845,3.37275465105099,685.693093260729,622.336962712703,493.243092811025,1199.10683022282,405.755696014996,6430.35038865544,4167.3812401332,2320.83020538221,737928.909558636,927.147103723449
100,0.215,0.825,0.207844400994472,775.909826210951,0.174375694121379,924.869251041088,229.813843872325,387.060635736324,1.3,0.682188511493296,0.932221089197954,1.56995110373866,1.80474636426255,1.34087378462769,7941.17305325503,799.764831263792,708.286227611098,692.526836818545,890.267366075695,0.330377726403863,0.704295755514358,1.07090779336255,0.831338650081661,0.745458417433518,2.92389834904729,1.25237938395193,3.33524144133109,6.49972978800611,2.20295077224511,685.472923036631,487.474247342246,476.435221371557,457.746856155627,551.269504093953,2917116.23427472,1885.26519039634,1981.38199532352,3443.04437962497,4881.1659603862
100,0.215,0.825,0.278487170955192,883.95437971124,0.158592041373319,924.869251041088,210.627343926679,362.492299414816,0.9,1.0149976303062,1.39223425276195,0.898996446260486,1.56375313312451,1.36768152852512,1325.30048734874,757.576001361823,1169.41270205964,661.291680182686,974.877667753047,0.59649632159239,0.919411819554763,0.631936172104624,0.880373322633492,0.797597019910852,1.53732110068431,2.20784812123362,1.35563363281421,4.41398186067095,2.82956013215312,669.682917822538,498.402393985494,622.270117698569,430.372888905527,548.522551168649,9690.11846060991,1699.83394639228,5460.47756022113,1771.10515915524,3743.16860180421
100,0.215,0.825,0.278487170955192,883.95437971124,0.158592041373319,924.869251041088,210.627343926679,362.492299414816,0.9,0.933214956368801,1.2388447289933,0.834531139260204,0.888182553269393,0.903741912630234,1487.49499532258,530.707561143158,690.857607960809,1477.90506086031,1092.36517966597,0.578301332867645,0.769877726292117,0.616575877719776,0.595632613695248,0.402201195989245,2.92305504916034,2.23149990966439,1.19814237311924,1.58793736081083,1.4045007847657,583.904553844093,365.847067502616,391.956400243648,580.150869947146,513.091025002332,15394.179664195,1219.01765106712,1816.81608669684,9331.17534621201,56014.9409551132
100,0.215,0.825,0.25758356990199,840.1141,0.163241635870107,924.869251041088,216.399595490668,369.485692399371,1,1.73107039360132,1.29653945219202,1.08543543330103,1.25296306670196,1.16403258515619,780.183159204842,632.800006812602,1114.5333013328,1155.60605178134,939.850080698197,0.983780215356345,0.825916505789654,0.604484108348762,0.829755983732205,0.697273769340398,8.30268927506948,2.3092265579354,4.35510517105618,5.72144876666472,2.41882378166086,423.818728188713,436.307265196104,471.493059922567,508.932970169652,529.214045691317,2226.89179328627,1378.208372976,8929.62722449174,5074.05167509124,4458.71859547055
100,0.215,0.825,0.25758356990199,840.1141,0.163241635870107,924.869251041088,216.399595490668,369.485692399371,1,1.4268701480827,1.27452599718768,0.964007350998392,0.999792544836808,1.19057075544407,721.345434337709,853.417183139036,691.892500840411,968.968629494539,847.957534756591,0.686251987793139,0.763526013897264,0.586018743121239,0.645323406892587,0.602789254059761,2.25438655948391,3.35329416952248,1.57024752614901,1.47739406964697,2.05415870669702,440.587286377265,475.639470592173,409.297195243972,529.653468666542,482.385755728414,3077.39734192966,4369.62864800051,3072.29995506678,3630.49078648719,5043.60985594815
100,0.215,0.825,0.233754681559727,803.563879727765,0.168562831860821,924.869251041088,222.883586821744,377.709824077126,1.1308,0.984964274498836,0.887877175487773,1.18549865901317,0.930513382876032,1.29440816156565,1360.30636674401,2091.70614347867,605.454202901454,5148.16176438877,762.852720382588,0.746812603003187,0.668307359751286,0.921211260806676,0.508512751521638,0.926143218922241,1.52217265067481,1.18493125285042,1.64412828463049,3.82904906601867,1.94442253581197,701.476626139392,828.889722098455,423.168598508295,899.533844473873,489.671850971801,4594.16356455426,9544.70732025378,1126.03508112384,186655.724462324,1731.79786717002
100,0.215,0.825,0.233754681559727,803.563879727765,0.168562831860821,924.869251041088,222.883586821744,377.709824077126,1.1308,1.01512826275846,1.09412527297914,1.40304194390506,1.3114758396488,0.84401914703418,1422.33499937239,1153.1030951759,600.057845988278,735.796366283681,1502.2542224614,0.713765600929158,0.839201441360795,1.0240662579946,0.838350823218503,0.463163301895833,1.6515548089112,1.4342415796718,3.45542631789089,1.96733788415628,1.24780164165571,689.136874316636,602.058247098617,433.52498677247,472.729699907618,682.143521958172,7998.91778346772,3063.18513641897,1234.74447501343,1894.32320741171,16204.8197429271
100,0.215,0.825,0.222548475552248,790.258249769115,0.17107334979663,924.869251041088,225.896577087981,381.694351762218,1.2,1.23226248160444,1.16546123744137,1.21787680293099,1.86471034659927,0.831461667346377,817.477677065833,1496.07968548972,679.246087642417,534.991899303196,1151.03839979482,0.572440725971762,0.850732139326969,0.7748761446994,1.32207364887319,0.5757178142307,2.0543704178851,5.0302508786908,1.59351529674919,2.47891179688137,1.1952590908778,479.550263681767,588.665265248421,425.558985369919,394.055280148746,561.060688499154,7484.94445932465,6325.88447038333,1445.56627671308,852.753602543044,4476.62003567563
100,0.215,0.825,0.222548475552248,790.258249769115,0.17107334979663,924.869251041088,225.896577087981,381.694351762218,1.2,1.66416802034346,1.22456755710007,1.1027488235075,1.06984235026667,1.38141748571284,825.039231055034,908.143962093972,718.465412421181,1391.68905320381,725.189981521601,0.883608854112528,0.718517042133203,0.757047625875604,0.548083160967255,1.02707691542027,6.27382532352714,1.97988687077278,1.93583162908376,2.22406740621759,2.27000044337984,468.925666416977,532.78375100995,462.644023866366,605.218687681197,476.444533776864,3646.85658855338,3517.87027761848,1607.91328473811,17629.4256778513,1528.98595578225
100,0.215,0.825,0.207844400994472,775.909826210951,0.174375694121379,924.869251041088,229.813843872325,387.060635736324,1.3,1.19429584772691,0.984413087672574,2.04589708674296,1.2495779128671,0.893988319273007,1070.7470458648,1377.31768509058,558.039161628024,950.611316438309,1391.63726165024,0.744504795320298,0.621523704994496,1.26014428885094,0.904988455238428,0.651511895081358,1.93824898317412,1.59791476952299,3.29532962711078,1.92454996888483,1.36659292211136,603.321518705626,652.445280995275,421.990312224373,585.775791588713,657.147834691333,4114.5925675304,10622.721049693,974.258109000989,2700.87145876126,6582.78315995406
100,0.215,0.825,0.207844400994472,775.909826210951,0.174375694121379,924.869251041088,229.813843872325,387.060635736324,1.3,1.76601910044528,2.33211505778773,1.15343417176444,0.965639059111269,2.54181935405724,653.368815828156,485.054992907992,944.741656519995,1037.72244238043,560.589311690595,0.580338110266329,1.34342025733359,0.71498775495624,0.360654740370845,1.26965962976644,2.83522042116022,4.49424460651264,2.196306288681,1.89276100980394,8.99761776664605,462.476070168907,377.338760743259,509.832649231456,501.302571779079,421.460157647724,4866.03160239674,833.431205883312,4446.39007809942,43397.7334799685,1725.7334735929
100,0.215,0.825,0.278487170955192,883.95437971124,0.158592041373319,924.869251041088,210.627343926679,362.492299414816,0.9,1.00858514378333,1.10390076093796,0.868809457645976,1.62312568239614,1.29993699838509,1430.56238813888,965.02742659642,1568.86874801612,512.828091424404,1058.38937733013,0.584120948892792,0.585451838857733,0.652120613817688,1.24383076029017,0.97861664730553,2.03929975473706,1.66869252771824,1.25100950223247,2.14765339157736,1.85196911442557,647.121050294942,537.507424139317,756.309836728942,389.804587392933,579.892468887818,14349.6317522091,7398.23939526777,9638.14377871425,795.362117526963,2790.43400365168
100,0.215,0.825,0.278487170955192,883.95437971124,0.158592041373319,924.869251041088,210.627343926679,362.492299414816,0.9,1.94194744005264,0.874138141532581,0.973105178878912,1.07182592496354,0.902325588719167,729.825742317525,1457.42905153046,614.898302715868,967.610457778244,1077.54817950937,1.2903873111281,0.549883619647847,0.679377815940576,0.661077526039767,0.565653447578777,7.32434199891962,1.7742036740239,1.67022696279538,1.99784424325442,1.61337481443911,426.874839202968,538.535207323571,390.460839741529,523.326157168081,531.583117024293,3392.65146496236,18193.1616750683,1667.98045588958,5296.48430518891,5936.69074965993
100,0.215,0.825,0.25758356990199,840.1141,0.163241635870107,924.869251041088,216.399595490668,369.485692399371,1,1.1946407997868,0.823564998508458,1.0690412620996,1.51426125371747,1.32832105269555,979.798233493315,3278.18792816871,678.537428078425,796.719386162453,695.337556120401,0.491287952095265,0.568302716277762,0.707551220213681,0.760784040694584,0.65063261288876,2.15907022606702,1.41346851796156,1.52540319866906,3.06836896184768,2.3528826592377,536.348616227328,966.725965779561,431.58727896102,473.549769081915,436.409512287634,16128.4351305325,31930.5854191154,1670.73223143741,4447.95729439636,2704.91312678754
100,0.215,0.825,0.25758356990199,840.1141,0.163241635870107,924.869251041088,216.399595490668,369.485692399371,1,1.16491502897473,1.07134153442262,0.903806912051145,0.927225526042498,1.80381191093725,1442.14612911039,795.559746694177,1024.76906263256,2047.89658353557,569.670737790326,0.760004748536886,0.816153775789018,0.700797970141295,0.556555797687192,1.33718098151524,1.9484072302682,1.39983844569925,1.21776941818806,2.08844026954862,3.2096379722007,631.580329727422,497.531595031366,552.708866504742,691.476920873468,424.87008457129,8264.13490835237,1684.84993852043,2906.70624861488,39420.4684084277,1054.32875571428
100,0.215,0.825,0.233754681559727,803.563879727765,0.168562831860821,924.869251041088,222.883586821744,377.709824077126,1.1308,1.42731282579236,1.84098437033107,1.10938022632144,1.14045860255943,1.45768964834513,1138.37177085099,509.548890707968,579.484894381749,963.173857171071,935.986434113664,0.72529534275968,1.2592965727514,0.787306038039357,0.775932846801106,1.02526375361613,6.22388216017152,2.59305344335309,1.52583848733124,1.69334873166508,3.199938266256,431.142650016585,388.323045164242,373.185511785765,527.258856017398,554.993055359843,15382.8688923507,856.614227891011,1182.31375793461,2542.79249326397,3824.93850046899
100,0.215,0.825,0.233754681559727,803.563879727765,0.168562831860821,924.869251041088,222.883586821744,377.709824077126,1.1308,1.73499735605674,1.16464109918702,0.897362990438374,1.39058607480888,1.91559121790768,815.009483196454,944.504991451462,803.382338558442,693.755889696453,1271.81510989057,1.21124421853391,0.737278240074435,0.707805172758638,0.944489169423022,0.917328894829121,4.43047363217569,2.4096310804287,1.13964821099181,2.08491621962953,6.2670600768467,495.449520373277,540.211700957073,492.621426982857,469.664599690163,642.961488382617,2108.21953236057,3293.78840405464,1628.18588701337,1580.56097852645,3698.47179096357
100,0.215,0.825,0.222548475552248,790.258249769115,0.17107334979663,924.869251041088,225.896577087981,381.694351762218,1.2,1.56723457926861,1.21034186305742,0.979894737691358,1.49684811012745,1.14583339982385,845.244123131034,810.826405737586,1258.18031919384,804.476398365076,1181.14693838333,0.781731900249463,0.821211240243652,0.676037138043708,0.774538712943247,0.735798318018997,5.17309471940492,1.57070482923425,1.66051386055269,2.61436399168288,1.87510741226761,473.939272959884,520.062533714807,641.567149120363,502.894293364922,602.23015562249,4091.95477948158,1933.12601501149,6854.14780411333,3546.28478057248,5532.62328128526
100,0.215,0.825,0.222548475552248,790.258249769115,0.17107334979663,924.869251041088,225.896577087981,381.694351762218,1.2,1.19478378101269,1.48363963433224,1.07116872695007,1.06221788446668,1.73905304039618,1022.57491291372,947.538831505744,910.490389304316,875.107705789026,808.212962381311,0.58296103403092,0.984423656129137,0.710461516088042,0.728241129165306,0.885187423644053,3.30417976470902,2.41267954866908,1.9915267921494,1.78419465643246,6.37470321401052,492.589207419034,562.397651935447,502.860529739455,540.208973720691,464.267680808177,8426.90236935684,3003.37336662004,3285.49176252213,2540.93500778153,3375.5903642815
100,0.215,0.825,0.207844400994472,775.909826210951,0.174375694121379,924.869251041088,229.813843872325,387.060635736324,1.3,1.46192569736749,0.816221950147377,1.10436766050628,1.35378761300049,1.23970834271261,1030.09071580003,2609.38604272958,624.649894531698,926.410277818754,729.134177233229,0.603557404089994,0.348797418690799,0.767935541789616,0.850510164080561,0.784996671338991,5.12730294702623,1.28912765171168,1.57326235465738,4.24125972360406,2.06423843959858,513.963446975274,965.996973459853,404.279082399966,484.405162192266,471.507277647234,8206.12708698134,537684.832993141,1377.08351175916,3534.40353419553,1855.53985876228
100,0.215,0.825,0.207844400994472,775.909826210951,0.174375694121379,924.869251041088,229.813843872325,387.060635736324,1.3,1.76522821449105,1.83076263192843,0.798330524743139,0.843330519446048,1.72756755828008,987.088010724367,452.910627527864,2058.47114130748,1530.72172947355,584.707601278019,1.03973230272467,1.16591889818718,0.547553199751032,0.550388169170683,0.794860259206018,6.57912700321828,2.41629411347703,1.18302403244817,1.949152199175,3.09888361457781,489.500230248723,361.151853743776,903.147826660023,581.505431607515,416.99172977419,3998.88778347991,641.120041243373,11756.3436767189,7430.23288629404,1615.59007027926
100,0.215,0.825,0.278487170955192,883.95437971124,0.158592041373319,924.869251041088,210.627343926679,362.492299414816,0.9,1.51924133022869,1.31577548085229,0.765992263464089,0.983027733840354,1.06093390904873,822.666700855261,680.153131727915,2210.13172959153,2870.73204780329,952.026897610074,0.981659325197922,0.87886025598282,0.460109455975377,0.685795223230048,0.773582793614229,2.42523760316818,2.07470798564455,1.74069607504474,3.72687526222989,1.6034092052495,524.199380167248,449.49887772151,634.831968323607,779.951732033905,555.75079730647,2129.09887346361,1501.47903317034,22774.1325660277,18857.9854800036,2672.71388940287
100,0.215,0.825,0.278487170955192,883.95437971124,0.158592041373319,924.869251041088,210.627343926679,362.492299414816,0.9,0.922851113730554,1.28905436895131,1.30435584855775,2.49375950220609,1.51709794624751,2533.86633219571,854.765329327051,525.377204734163,535.823209158449,648.78805185003,0.510528139038529,0.728675782686753,0.688499777042003,0.916153247357213,0.974948643303811,1.56306279681738,2.00364385695613,1.80100402328111,56.0550385678934,2.58714198190454,795.114696209779,504.917766699213,388.295829473786,370.817029207721,437.527147046014,77270.9349125659,3769.69900405158,1211.90341674932,1785.55378268773,1508.53444980643
100,0.215,0.825,0.25758356990199,840.1141,0.163241635870107,924.869251041088,216.399595490668,369.485692399371,1,2.050009835606,1.46348710780713,1.20679436727865,0.90748647688181,1.23736825430689,595.431811773276,678.391822616519,636.822817457255,2013.67213516989,717.289700505855,1.23184389593796,0.973732773003154,0.849913974807119,0.462389345156785,0.586522491837171,3.12299840599637,2.37654432073567,2.07686508598045,1.49468285005629,1.90832200454998,418.724140958777,447.363211834636,404.385758919913,757.875587960043,446.722543554491,1222.67080465594,1604.10723809473,1494.1430184123,34370.1139040339,3749.33771504506
100,0.215,0.825,0.25758356990199,840.1141,0.163241635870107,924.869251041088,216.399595490668,369.485692399371,1,1.00397890562085,1.08216515943963,1.01218275087725,0.99243882845696,0.848163433445173,1062.55217146441,695.874474988019,1018.00295338073,1835.02042362676,2653.12141471754,0.735080676809468,0.819898127947752,0.615288511472654,0.616727135141945,0.447415664937279,1.36480834759391,1.50250133725193,2.01669108838302,4.10724721810285,2.8891998675946,575.711257130613,446.420040514505,527.939101058299,731.847190093771,786.008605615476,3322.2539474936,1495.73307196128,6096.77892644866,11942.6195503383,77978.6343801284
100,0.215,0.825,0.233754681559727,803.563879727765,0.168562831860821,924.869251041088,222.883586821744,377.709824077126,1.1308,1.08424095927193,1.07357390740385,0.939108143427428,1.00864569326614,1.5554901395135,981.458928178957,1088.66246616391,1259.09708005161,735.198751766431,914.1599532432,0.566293423082319,0.615279068432055,0.353327275559564,0.732910626381081,1.15356799216174,1.77121295988584,2.05504435923179,1.51424352175908,1.25519016228554,14.5172919211558,513.276434493871,545.962684161639,568.924860692023,459.636417361779,419.377139200115,5573.2790609303,8362.11242861646,47849.1652722932,1520.58390894956,3270.04314060234
100,0.215,0.825,0.233754681559727,803.563879727765,0.168562831860821,924.869251041088,222.883586821744,377.709824077126,1.1308,1.01674715630784,1.70789513335343,1.20253032421697,1.01368241458905,1.02635690243855,1082.00003545671,557.482469847151,650.982576790623,1516.81180580666,1163.96383741029,0.742825395296945,1.07627337994279,0.926437013856514,0.675708991142027,0.713365775635417,2.27912638506335,4.23153214612645,1.70107413300519,1.73191324247682,2.78820398551907,522.291704745348,406.779771758115,422.335918304947,655.504993234714,504.203112903545,3500.40552628144,1190.76231517504,1219.30243478983,7648.90632981431,4610.88867910723
100,0.215,0.825,0.222548475552248,790.258249769115,0.17107334979663,924.869251041088,225.896577087981,381.694351762218,1.2,1.18808241275122,0.860261199208295,0.789215715173527,1.29039719104794,1.72716679055978,1255.62300607274,916.466201711057,3258.79811126424,645.440201841646,677.784185908004,0.767094168090855,0.650693758491179,0.307416340810292,0.784841950648916,1.17171921428592,5.07381534525283,1.1519822481729,2.21979438005379,2.12365803483276,8.12945589766467,565.781946565489,535.423010152816,647.333308309399,448.991704180308,458.191266342924,10647.0522560408,2266.15708875355,3991064.01919164,1793.44650831427,1816.13159885769
100,0.215,0.825,0.222548475552248,790.258249769115,0.17107334979663,924.869251041088,225.896577087981,381.694351762218,1.2,1.23468586214201,1.11428311445015,1.67180248793146,1.58954105073622,1.37965580916165,909.598797686214,1061.05505877587,636.110803328011,562.9198262108,880.506223448887,0.903136014144982,0.691971784237039,1.32743562477119,1.05811234763888,0.789635586635898,1.89486056949179,2.13348716053244,2.3065732340716,2.43885344187167,2.41068215591844,527.211152801701,539.560110679165,446.362432596016,410.633371971231,522.84730073154,2360.40671788818,4988.70225964714,1116.10376804607,966.118958181026,3400.93137657115
100,0.215,0.825,0.207844400994472,775.909826210951,0.174375694121379,924.869251041088,229.813843872325,387.060635736324,1.3,3.10360704495421,2.11424015819104,1.12876655219311,1.17411021739135,1.49430106517201,505.38304636338,521.90534421227,1022.41923955117,859.006677486444,659.633248359844,2.23376793638653,0.9226087055164,0.550560950683536,0.77394039092069,0.902965142354291,4.14498750674909,3.46231745942635,1.56267757073717,2.11742647213527,2.01633372883825,394.876562194238,394.297438429703,595.636828195531,487.891839356442,452.274063840756,733.9484007266,1495.71635752219,5629.10331590628,2673.98151329281,1433.19025907506
100,0.215,0.825,0.207844400994472,775.909826210951,0.174375694121379,924.869251041088,229.813843872325,387.060635736324,1.3,1.25570312179389,1.58844394208129,1.22501438782036,0.98175882461509,1.1515457051375,862.578454940379,724.777305695916,1157.77175311265,945.517526105782,818.727942895854,0.923921292160479,1.01604120900139,0.912611017122643,0.595956501725788,0.765217909799688,1.80775313677307,2.8646867733272,1.91814956353281,1.65942042966703,2.08655599677845,502.970087357567,478.545817243821,627.079833059964,531.372917610922,491.030306324614,2429.28896696081,2500.06172812393,3657.02186239333,4771.17328421,2252.48314090428
100,0.215,0.825,0.278487170955192,883.95437971124,0.158592041373319,924.869251041088,210.627343926679,362.492299414816,0.9,1.23400795962194,2.45372390053289,0.861782919604477,1.28987082327706,1.16959486449408,658.537554499702,636.001893322429,997.727271715868,818.300713866544,652.76852158371,0.776783863599475,1.13526750588905,0.602565589097739,0.874546257258951,0.79704807919579,2.53327182461846,7.79346572010336,1.34112858363481,2.4659544134589,2.10068443907558,411.976471335517,420.164257222516,495.932079561692,466.071777161284,409.768076653151,1941.98927896473,2388.45631862381,3521.02138897259,2406.81216248729,1661.51371394654
100,0.215,0.825,0.278487170955192,883.95437971124,0.158592041373319,924.869251041088,210.627343926679,362.492299414816,0.9,3.35385295555847,0.838225486529674,0.945285746717836,1.40959200230443,0.74625440509746,939.360898124438,906.626112816579,509.487589632431,1107.47839916543,2377.22439177959,0.861029197761508,0.679333215569476,0.66155300766162,0.850025977866238,0.346527127618718,8.08795464390234,1.04777957424019,1.32062512680719,5.59489675479569,1.60282258874611,589.926132834504,508.082752884293,347.364212546095,552.455007711502,699.272717881782,3387.3847162506,2360.70822598619,972.500310058152,8949.70334845044,112083.597291099
100,0.215,0.825,0.25758356990199,840.1141,0.163241635870107,924.869251041088,216.399595490668,369.485692399371,1,1.35728159983873,0.617466211544191,1.0742394474212,1.35122707597738,1.26539689156064,595.690503560539,6913.03334835888,807.253497678047,674.887205512477,1016.29470824282,0.913577152985354,0.417286391859854,0.630435307649583,0.971825204814164,0.86773481933573,2.12444357880693,1.41815885519341,1.92621339561578,2.10007179961139,2.14182447867513,413.616705716536,859.424072516307,485.270697932409,444.927708488727,562.70994547649,1385.79934785007,162340.900520626,3723.76997637695,1467.16552460398,3962.68496030972
100,0.215,0.825,0.25758356990199,840.1141,0.163241635870107,924.869251041088,216.399595490668,369.485692399371,1,1.35155148871121,1.5562946436023,0.713041477331972,1.55846770583026,1.19452565011274,573.302472978037,620.742422973302,1454.46012638947,612.955451440124,1123.0490469391,0.807904213486895,1.17669019186339,0.526358048697422,1.12845269475497,0.753251566314584,1.90019797644236,2.39224107250764,1.0408863172736,2.15672839128025,2.64897996613576,385.834619287437,420.755152230143,582.64265175207,403.222275372325,513.59733659542,1346.89006955947,1353.03973492783,5269.24503041713,1295.4373556797,6069.13341949948
100,0.215,0.825,0.233754681559727,803.563879727765,0.168562831860821,924.869251041088,222.883586821744,377.709824077126,1.1308,1.27121697807686,1.0710064691767,1.11555853760344,1.15151419094742,0.645134060927955,732.867187423159,1444.55442184637,749.806191688666,533.642744541746,6758.20098829545,0.914523084812602,0.596315602418405,0.715039626944733,0.755850629303968,0.257256045631001,2.15816915886018,2.61547948102146,1.7853179126059,1.67474284256779,1.46171787697821,460.198726896616,592.718818974539,453.873193812016,371.21806383785,1058.16237567528,1742.49660439267,17984.2472756779,2305.39916937365,1066.67507886601,28592662.1900249
100,0.215,0.825,0.233754681559727,803.563879727765,0.168562831860821,924.869251041088,222.883586821744,377.709824077126,1.1308,1.35750119796048,0.867245212386065,1.11863849085596,0.984740187750422,1.511693963601,946.662320422533,798.942177924216,786.587551368743,1554.8565539024,842.383394773878,0.920873206301321,0.679683715651466,0.688798898605081,0.678934500528875,0.883486841686411,2.37172327280429,1.16739102890751,1.70761563632608,3.27047756775915,6.57493929161264,537.509729029923,460.965079407016,473.21321843749,684.753184685532,457.387153490503,3102.79867481292,1654.64973583687,2494.61875217814,11090.5245867511,3479.26004882592
100,0.215,0.825,0.222548475552248,790.258249769115,0.17107334979663,924.869251041088,225.896577087981,381.694351762218,1.2,1.33878179030675,1.56824999708159,0.885514652566311,1.15369922555125,1.83113509782134,582.86460849799,518.773840910653,1368.55701996105,2164.56701017656,535.770110178158,0.926738335490405,0.882592400821946,0.646817845332279,0.719948690375,1.2818165670381,2.01779355573185,3.06962202823658,1.30537109081178,3.78656407408944,3.08489696945722,408.147637336844,389.117696542381,651.484770268136,629.353045088093,385.833787403368,1190.00923762051,1059.28339321719,5889.13823831977,13636.9577376728,928.668368481378
100,0.215,0.825,0.222548475552248,790.258249769115,0.17107334979663,924.869251041088,225.896577087981,381.694351762218,1.2,1.12093984763659,0.994672184032055,2.70043009901061,1.15489671691926,2.14520466345599,1092.69504005645,842.309734302933,519.176781762868,821.641478352839,627.003959897197,0.663323082569651,0.719325711561039,0.756562576692401,0.799938691864636,0.93939484455339,2.06892017318611,1.55740641979835,4.62952413058686,2.68577658526923,3.84444798465219,541.180992930094,501.870369846918,381.349964162338,465.645350060576,447.767163202774,6412.94416918159,2190.75711396921,2855.33293110261,2482.56716631466,2589.49433029177
100,0.215,0.825,0.207844400994472,775.909826210951,0.174375694121379,924.869251041088,229.813843872325,387.060635736324,1.3,1.03727010493355,0.919443116035608,1.34112784729973,1.0255366235343,2.08631665640474,934.344362170112,1350.16672579163,758.215904821622,945.205170661534,526.106840011922,0.583090084573406,0.614814459155504,0.683957405336597,0.695520921306506,0.731099732705763,1.68918030655571,1.34246439710842,2.71885033470041,1.73688389131249,5.51037622540988,530.161248410905,626.797680714756,476.227195155716,497.864928771409,404.149909679105,4663.06105609312,12672.7988217001,4612.51059786389,3504.01683235204,2158.05477541343
100,0.215,0.825,0.207844400994472,775.909826210951,0.174375694121379,924.869251041088,229.813843872325,387.060635736324,1.3,1.33675598492494,1.28171537979311,1.02808123276544,1.0625821112132,1.45214009598127,898.484969670843,1181.70014793499,2128.91136905268,649.162925455039,921.198142168254,0.907039151972457,0.818253192207073,0.619704632297441,0.771102007250336,0.751547806132779,2.15296790085632,3.56110531692111,2.62265994620938,1.59748786990691,5.23100831467054,553.149413377959,600.623664595768,697.461783474873,446.52748930611,520.292905094887,2954.30706824592,6400.26814205544,20306.6301893246,1306.09615291966,4727.27231315977
100,0.215,0.825,0.278487170955192,883.95437971124,0.158592041373319,924.869251041088,210.627343926679,362.492299414816,0.9,1.1016351059974,1.60940471531113,0.951274685720532,1.18250180577955,2.09246707543938,1055.66646872195,590.995859930607,836.815794963688,1372.86528389488,500.213817104942,0.666487946937055,0.933279351418551,0.666654197156453,0.694889875053996,1.30087048952661,2.32748908555532,2.46946482905186,1.44264360504347,4.57225818125131,2.90909869026093,495.559783754179,411.448152874672,458.366580968374,543.342969396019,367.242227972705,5762.30868108515,1461.31811504074,2300.69841352846,6920.43561908081,798.753532578937
100,0.215,0.825,0.278487170955192,883.95437971124,0.158592041373319,924.869251041088,210.627343926679,362.492299414816,0.9,1.32307447765801,1.16092671296052,0.816979464857109,1.05542005145993,1.12266606948553,794.031586789305,1140.68182848678,905.121937807179,2255.02154490464,1532.43290621029,0.65692109734711,0.602178121956785,0.490705400776211,0.435292044997492,0.829973879377463,1.95700466527017,2.83473637570493,1.36329164362812,4.54092980317784,3.35042035095,508.93345559528,563.247751042952,530.258302447037,776.323190397505,635.31581993711,2805.26950236824,8038.89998605385,4443.90628463116,33815.0412540309,7439.15052912528
100,0.215,0.825,0.25758356990199,840.1141,0.163241635870107,924.869251041088,216.399595490668,369.485692399371,1,1.45178500380938,1.02870662778359,1.12695908993158,0.992802641587026,0.794700263042036,790.79329176185,913.484707428853,821.009396012909,2390.32314281621,6208.67297802046,0.669224286817815,0.672708179002831,0.772882238391537,0.44476642048024,0.435193346455431,2.94479026142423,1.48161765950602,1.69808830983479,2.22146911608556,16.8680723979569,500.514837454673,546.630877042564,530.115611648274,759.006186733552,415.087707064262,4445.30496357829,3301.65971343845,1935.99385626309,159618.876477565,538813.179213763
100,0.215,0.825,0.25758356990199,840.1141,0.163241635870107,924.869251041088,216.399595490668,369.485692399371,1,1.04955246400545,1.30791221699568,1.07916361704136,0.875913049573444,9.39655028432946,1521.25210707661,899.618167896546,708.678355433256,1025.39825011457,488.327506120092,0.644603563907858,0.909778557859955,0.733769298627149,0.617330570187718,0.733334999512905,1.52003478214508,2.70626620769044,1.60053891147134,1.21258029995296,14.2177078591745,720.605101999963,534.267823023769,450.70654861638,538.806159851883,405.044399069352,9092.15255791673,2904.39359572944,1598.14203705268,3322.9547564843,1122.39574673547
100,0.215,0.825,0.233754681559727,803.563879727765,0.168562831860821,924.869251041088,222.883586821744,377.709824077126,1.1308,1.69463597295668,1.2005808994351,1.38219100054244,1.15076060070712,1.83223817875538,740.745091273295,774.518219130848,997.341364569635,1202.24348303809,760.889764162953,1.16084189032989,0.744929174018893,1.05088748445665,0.783324134612767,1.08125849299,3.4435463808128,1.76827838053671,2.07690034548813,1.90116122493556,3.91939720833714,487.880586736718,491.253125031184,580.830697082642,627.406940921862,486.948637058876,1602.70565136746,2342.86746113291,2603.33582074841,5440.0359221098,1872.34591369403
100,0.215,0.825,0.233754681559727,803.563879727765,0.168562831860821,924.869251041088,222.883586821744,377.709824077126,1.1308,1.16841642057468,1.16178565911832,1.26721137724286,2.17341392131061,0.752063194477604,1051.63562813152,656.288330423146,528.872235736243,607.81661577255,1554.08577189498,0.746286222787603,0.836770355597588,0.968230877682073,1.27924685108399,0.565847698816282,2.36715260447049,1.72314035571675,1.6604076137561,12.1758310805625,0.965658539436546,520.317446404045,420.502704682466,361.259826093248,407.785672270081,694.921780870609,6407.18636692063,1742.67603763543,973.923632068296,1923.94467021645,6832.42633882433
100,0.215,0.825,0.222548475552248,790.258249769115,0.17107334979663,924.869251041088,225.896577087981,381.694351762218,1.2,1.03559139620464,1.20425666976704,1.14467817021146,0.940884604405408,1.42003304093541,1390.80881343822,674.828537069452,1331.03286658632,2151.2943916068,537.719583525326,0.794854288502903,0.753328778980113,0.760713838062447,0.460868508747953,0.903726938904433,1.67821877759294,1.78541188093492,2.88696058192643,2.48819844654769,2.35973866696007,715.469902733795,433.849085869924,576.173977002624,686.74907456962,389.467589844479,4915.92750282711,1663.52513610205,7930.27071396471,33901.8089146896,1025.45442446156
100,0.215,0.825,0.222548475552248,790.258249769115,0.17107334979663,924.869251041088,225.896577087981,381.694351762218,1.2,2.13818848871465,1.13455548701009,0.863843479599895,1.17282366309325,1.54731582220402,646.571959536783,881.769411710232,1494.5962812041,712.315350316674,704.680739700848,0.862638179187327,0.681224730435338,0.512157403576225,0.7455811863841,0.886678465452092,6.15142284100406,2.15894531860102,2.25482718204603,1.75834379495581,2.35126932995059,421.893820015475,490.782559987224,532.50077648229,464.675495543033,461.70409070201,2305.9431680113,4658.57028565919,14332.3335443061,1661.8958441996,2229.29980421786
100,0.215,0.825,0.207844400994472,775.909826210951,0.174375694121379,924.869251041088,229.813843872325,387.060635736324,1.3,1.57674821380225,1.03173498721827,1.7067462083367,1.17417384447945,1.15850895059325,835.467277814706,911.509945628669,757.360523813941,1293.32277195077,1145.90262711316,1.00826041133754,0.692452352075987,0.912410784379185,0.760073729844825,0.709222177494753,16.7799704232844,1.52663761949782,3.6576315869641,2.00295940185149,3.655723607677,446.1224662905,562.805076066443,483.919496247416,653.011263380748,532.51825753807,2856.00019507031,2744.86439493593,2693.64978895529,6888.55926304018,7605.77025754201
100,0.215,0.825,0.207844400994472,775.909826210951,0.174375694121379,924.869251041088,229.813843872325,387.060635736324,1.3,1.26123479352085,1.559536649595,1.54943168877501,1.09460216304773,1.50347897120915,887.764460389531,657.763868788163,653.696725008122,2939.94917812246,570.63069333867,0.789640953341368,0.792242565685202,1.0801113240415,0.505085566991516,1.13907869381087,2.60826376186832,3.5255077035249,2.26792977084162,4.25687951486875,2.07417819595842,485.178723094467,439.345132326145,451.946022328951,629.152356194279,419.632999730551,2689.15894287624,2475.0887047858,1290.26262564267,24635.2548330208,936.752730729557
100,0.215,0.825,0.278487170955192,883.95437971124,0.158592041373319,924.869251041088,210.627343926679,362.492299414816,0.9,1.23518162275162,0.985441346852169,0.764060202404713,0.840901496052176,1.09594102743324,964.665281338068,1113.05682355805,708.123013239997,1331.6110535619,939.868208317239,0.810713936485375,0.560313319175821,0.55063370013,0.530466322904054,0.687952500147689,2.49439673911964,2.16692557480571,1.05213829902953,1.4052567492752,10.4116641136975,488.307943619601,514.007281507962,419.834940713829,580.692237750461,416.526842888387,3505.71151615163,9634.75056974998,2283.35750898752,8014.43891789717,7600.27914720427
100,0.215,0.825,0.278487170955192,883.95437971124,0.158592041373319,924.869251041088,210.627343926679,362.492299414816,0.9,2.12737008321509,0.876555933684802,1.04792745235013,1.3178964014402,0.865595541835449,590.521462025071,1696.26043678921,492.672994284752,1348.5001258408,2988.32771489983,1.41171361403872,0.509464096399248,0.75006365891363,0.810350621056306,0.458692600190737,2.96496480340265,1.53577258829561,1.46110319130199,4.56042724139322,2.59685738716525,428.19045687976,671.563388993319,362.281740734638,604.891351266959,689.981797478661,1110.21878453205,34245.5767423775,863.324371341629,5731.78380228192,292856.768621273
100,0.215,0.825,0.25758356990199,840.1141,0.163241635870107,924.869251041088,216.399595490668,369.485692399371,1,1.5668652316866,0.872436309725603,1.09711158739138,0.979298249883442,1.15101366812241,782.922195676295,1121.07657000385,1002.1754753817,1541.02916921121,1265.21140893133,0.918081850178529,0.648305105199682,0.682033841836569,0.657971727498709,0.924689183857041,5.26250053315391,1.20675569433765,1.79856415125657,1.5180754568425,4.77960386652987,455.742986913148,570.030340887147,578.987719487682,764.843297932571,554.313840395385,2750.74027047488,3640.5271661308,3983.01745284005,9806.78010582523,4235.10845733942
100,0.215,0.825,0.25758356990199,840.1141,0.163241635870107,924.869251041088,216.399595490668,369.485692399371,1,1.2519727502209,1.1096419653219,0.588542875394196,1.70975558448842,1.65863511583542,846.47366522277,580.135649664459,3732.39911275398,620.793460194644,550.620170967444,0.940719591859138,0.649937362918429,0.343322122789542,0.716990875765206,1.1389451537939,2.18860909353797,1.92819750019724,1.1425521168553,4.92047544878397,4.13578355605434,471.9770909418,382.858103471457,754.317768855282,408.652644002531,396.167270364742,2427.70166677938,1912.49552340477,511258.772527778,3102.73528597856,1186.31146972496
100,0.215,0.825,0.233754681559727,803.563879727765,0.168562831860821,924.869251041088,222.883586821744,377.709824077126,1.1308,1.49242934910956,1.52152420601509,0.990513706252012,1.17069059134113,1.20526918467555,979.560561914761,558.105714247154,1367.43540793208,2609.99617946973,674.444223352015,0.819021643240332,1.08649836260226,0.568644629365577,0.586828465586263,0.872408195505055,8.28971687039672,2.1369782413255,1.54318811026616,5.12999867234178,1.73691471944968,456.156169205228,409.726658297295,697.855394775105,426.580202643745,443.971101261492,5560.09711019925,950.661136314474,15872.3007142708,39239.9012530455,1342.95536273675
100,0.215,0.825,0.233754681559727,803.563879727765,0.168562831860821,924.869251041088,222.883586821744,377.709824077126,1.1308,1.48811826499193,0.895871003378723,1.25833822569815,1.27674315756675,1.2999910976959,1620.80826727853,2275.02693372213,926.552802110477,893.36656105568,1052.83930297538,0.622631818623128,0.561378128561089,0.812848234890131,0.883659502532559,0.800363974345587,4.99563698272473,2.53192905740396,3.25691793915677,2.56473256594467,3.51278543206372,630.102011779221,712.787857877555,501.896184755478,557.550393189859,540.631790711163,10933.2510080824,14360.173736545,2919.7376422855,2049.00759934736,4182.3658298485
100,0.215,0.825,0.222548475552248,790.258249769115,0.17107334979663,924.869251041088,225.896577087981,381.694351762218,1.2,2.69369006086609,1.05160499025284,1.09183052160768,1.48034322974192,1.12875703957241,652.976120028454,1006.04652150981,962.106710096373,700.991333644393,1591.53300921463,1.36091860509497,0.778366537739448,0.566114026446595,0.925144494783205,0.777514176358372,5.44884071070105,1.48758119307994,1.7183461568548,2.58095951901707,1.83213265110699,474.548979492005,571.607778357942,527.436847238611,482.084333164604,785.44746834039,1579.28345836177,3263.73369842144,7432.35774201646,1667.18741990327,8693.56342213878
100,0.215,0.825,0.222548475552248,790.258249769115,0.17107334979663,924.869251041088,225.896577087981,381.694351762218,1.2,0.814688942767113,1.10234755287116,1.11308173364225,1.84296403735302,1.46072323327073,4822.44570739408,763.45742655913,797.316773445028,626.248247195736,912.826637804458,0.427581026354407,0.736240780486333,0.852025496455698,1.28366310991873,0.567352478672275,3.82897730226506,1.66331561479842,1.52585416724122,5.00857827912031,5.54852798951755,701.311466927954,490.256430274458,501.368807843628,442.849175528249,477.91723793082,448657.100210145,1827.38054677794,1922.31539495194,1368.29086524872,23113.9013947903
100,0.215,0.825,0.207844400994472,775.909826210951,0.174375694121379,924.869251041088,229.813843872325,387.060635736324,1.3,1.22828018078631,0.807514657793651,1.09661534387991,1.05354592924396,1.58423391874493,1621.93890717895,2381.91649716779,948.643221303413,949.553395069558,748.592423025954,0.627777486146446,0.490200305385798,0.738215001362439,0.715076247909589,0.989740628193888,3.66830260962011,1.53144100457844,1.55283713682129,1.74199435380878,2.52513147295503,649.783121815685,855.580578323256,587.694455674632,556.784457862578,510.125613617684,28102.4381278003,42869.9708282479,3683.32540206136,2754.57917430752,1835.40873191156
100,0.215,0.825,0.207844400994472,775.909826210951,0.174375694121379,924.869251041088,229.813843872325,387.060635736324,1.3,0.901639890758905,2.2545145508147,1.31055830808545,1.11123124953213,1.06759099590587,1615.10411691434,487.687983008024,942.215773636381,1387.40851649885,1622.57399956227,0.5754053496274,1.61587104255874,0.947843332501943,0.51676765517475,0.71265528180691,1.335710334189,3.19177334527871,2.05004918914056,2.83938603288724,1.84442095161628,748.200780783713,390.761726432548,545.418800847038,562.47851245457,725.316158352197,7343.11712376852,680.877680874014,2206.85890395273,25561.4883307931,7660.26346410914
100,0.215,0.825,0.278487170955192,883.95437971124,0.158592041373319,924.869251041088,210.627343926679,362.492299414816,0.9,0.985206716639154,1.25042957043615,1.20566317103568,1.08792041133993,1.91874296519741,1209.10060688059,684.734410972865,603.35826897707,1746.72934618028,725.23430666011,0.605505897817323,0.784160982151091,0.890009233975298,0.745094239512392,1.10619110039147,1.85675754678117,1.91887506839064,1.71893503078171,4.85492969757509,7.51927758566523,545.27037418353,441.038812975655,414.733637934525,511.78693099802,421.147323365659,9022.07877536311,1773.58291094963,1272.29928178741,13372.8705429259,2307.58666507106
100,0.215,0.825,0.278487170955192,883.95437971124,0.158592041373319,924.869251041088,210.627343926679,362.492299414816,0.9,1.82833315587398,1.49383429219584,0.705190062606677,1.43361315434945,1.53758076295944,570.352062783968,1140.76721519727,1776.76102527078,749.973441006101,530.311760599593,1.09546449955671,1.06365397127555,0.530432073666338,0.988305283904438,1.1991255717514,3.49225004449416,5.79641041706205,1.0653863275081,2.24543471241139,2.05083809396314,405.837199220401,509.403278225688,726.853530299104,444.50486453295,388.158818725576,1651.70214531702,4352.60012812692,6949.23751610456,1979.3078219697,833.823426286463
100,0.215,0.825,0.25758356990199,840.1141,0.163241635870107,924.869251041088,216.399595490668,369.485692399371,1,1.19578939510842,1.16494738264866,1.12740534361001,0.77726724095505,1.58931828216306,1049.89176060794,1100.20987269951,630.385815505076,3155.97917511933,1387.50451750146,0.70051491513892,0.698690566970877,0.682893666493198,0.296197789555062,0.689470468050483,1.99547497779974,1.84809156481408,1.59460441597884,1.9228384617403,5.54232765623885,569.761822763448,608.58417782851,438.598558780946,682.330826586332,624.340523239399,5845.02662996941,5808.64686810615,1642.95160324461,1023329.90501246,26978.8467459408
100,0.215,0.825,0.25758356990199,840.1141,0.163241635870107,924.869251041088,216.399595490668,369.485692399371,1,1.54464850247624,1.01712229551988,1.05482220889308,1.35856621722178,1.13270888537857,609.647110715383,1516.38323258543,1293.24007524552,650.570895666798,1100.68348721663,1.13675886933271,0.667221019165442,0.680029146062565,0.840514394751646,0.881079954579166,2.34290021121319,1.88590259744476,1.57369036854164,2.04096492490234,1.57964928264803,414.293477391376,675.75872627171,627.949036205043,446.928594044896,592.300526995838,1141.50121170556,10544.1075881122,6298.01069115693,1632.7112817392,3196.96505208391
100,0.215,0.825,0.233754681559727,803.563879727765,0.168562831860821,924.869251041088,222.883586821744,377.709824077126,1.1308,0.926153328651582,1.36413009600085,1.75227028942391,1.42231447450423,1.49138614973282,2515.74361617945,664.846239615769,699.182617789243,760.870271656008,915.616056372193,0.460439721645885,1.00622913119124,0.918503131412114,0.951187735344412,0.913417707713404,2.30962072023158,2.01997988643977,2.78286704142236,2.60147060979574,2.51585958157794,727.932926391339,471.070875462992,465.057339312257,464.599859328629,549.098412786956,131956.331722758,1263.01360428928,1847.88184430957,1670.92906031391,2663.83691922169
100,0.215,0.825,0.233754681559727,803.563879727765,0.168562831860821,924.869251041088,222.883586821744,377.709824077126,1.1308,1.94484148703076,1.34736674139438,1.02338526227478,0.809174101523914,0.907454618795987,639.097309945329,869.596897543317,797.876686095084,1135.03820007743,1957.94039212274,1.38529313800971,0.875653477812998,0.718372709664968,0.452959445460906,0.577250055701457,4.43624162887954,2.56019376270603,1.55117881747503,1.16031844116659,4.32769088191308,437.441464138068,518.030464320204,493.692834039602,602.764633147702,697.203834433279,1294.35923763841,3439.85106617738,2207.88322516675,9394.02881273521,29189.4966603407
100,0.215,0.825,0.222548475552248,790.258249769115,0.17107334979663,924.869251041088,225.896577087981,381.694351762218,1.2,1.09876575762783,0.829147451222453,0.994230944177434,1.00769583767856,2.0288546717318,889.785816029284,3156.82120216137,834.294920494289,841.82253651273,779.317083654737,0.702043929172079,0.454908363087402,0.707798194897579,0.775669756017675,1.15610974594833,1.74707236948689,1.63259948770183,1.59637560809235,1.36236581493833,15.8059704672133,494.681936457942,930.169622150624,475.863614913417,490.239138447412,443.691432396221,3241.65351449635,35811.6155651428,2040.53200361768,1809.72165601381,3085.06876521432
100,0.215,0.825,0.222548475552248,790.258249769115,0.17107334979663,924.869251041088,225.896577087981,381.694351762218,1.2,1.13261821437203,1.22707079954194,1.69696963553746,1.15946986576453,2.02446461911332,1601.88939139287,828.78125126666,701.615364051996,680.433940810827,555.053185014074,0.581148686602046,0.864444137984872,1.13116267184715,0.87785929142863,1.5570282583612,3.15164756564675,2.28690061601822,2.86879353364522,1.51935400856742,2.77691500854283,559.943875370094,482.029817668391,467.249782422882,445.295440405208,411.838393950001,34243.5177259286,2718.67027405723,1562.2877297667,1447.45743360456,875.669804076506
100,0.215,0.825,0.207844400994472,775.909826210951,0.174375694121379,924.869251041088,229.813843872325,387.060635736324,1.3,1.22336197417217,1.34615022326743,1.3278910775394,1.50630949044346,1.11689248721038,1319.94960612891,726.090839116233,775.876374535445,614.54738907935,831.316054054597,0.583050545915566,1.01798249721413,0.900417065853991,1.07470329081398,0.745252009669997,2.29173364709463,2.04625284578474,1.77983355278456,2.26650946692527,2.0979553469379,586.993772062595,488.718610866876,484.493133196416,438.83045779443,467.980015154675,29136.1131287856,1531.66256026864,1799.34608873477,1169.34546392952,2411.84446985545
100,0.215,0.825,0.207844400994472,775.909826210951,0.174375694121379,924.869251041088,229.813843872325,387.060635736324,1.3,1.83034420541437,0.753749918989182,0.926640634953679,1.70428349421283,1.81122253336896,571.545463736366,1480.55671372919,909.671494018022,751.443087018914,1092.41142570892,1.28261808798435,0.433354489111557,0.743316053465153,1.17587544974708,0.869156764042149,3.03319313152621,1.26513615085237,1.22643818403147,3.09502983148987,5.80344783835423,434.760533678163,649.528788207035,524.533027917363,516.720640088387,596.571669072152,1125.04787968026,14542.1267464147,2254.06307083282,2594.83945856315,6221.34840821316
100,0.215,0.825,0.278487170955192,883.95437971124,0.158592041373319,924.869251041088,210.627343926679,362.492299414816,0.9,1.39485178475896,1.03880544752362,1.02073810374607,1.20312199918019,5.88659137855335,774.181395623723,777.47375198221,686.059417133896,550.298800450118,4060.32983227816,0.6574078307552,0.701388295715897,0.712394917160881,0.889810398649076,5.66409497949431,2.57310034067177,1.55467502855793,1.61063691740276,1.62151847298422,5.88794072223976,469.643101172713,467.706198622491,440.273753015589,381.700651292123,4042.14609929287,4368.2193265794,2344.57202813207,1881.77822320008,1080.34880501007,4060.76686694047
100,0.215,0.825,0.278487170955192,883.95437971124,0.158592041373319,924.869251041088,210.627343926679,362.492299414816,0.9,2.25629215377932,1.47475433164552,0.963623841932626,0.851248201538344,1.31884375010308,743.101837363306,562.61588443012,1008.60634759847,925.398413366414,890.524464550499,1.24807273614942,0.618301291276955,0.678945333062305,0.550951269920646,0.909777979957733,6.61753999567141,2.98342805230023,1.5134839593343,1.25161607483357,1.96837102938107,446.571350812393,383.256988191397,553.590611785119,524.716832093489,543.822455613247,2226.42826472432,4396.1024075789,3292.09157936069,4142.9518745438,2587.81415230074
100,0.215,0.825,0.25758356990199,840.1141,0.163241635870107,924.869251041088,216.399595490668,369.485692399371,1,1.18897454902552,1.78765606981049,0.818353627299243,1.39162545029525,1.008732886572,744.03590544811,612.3186778498,770.262792411418,822.341347538787,1009.82517668345,0.864100730850195,1.17764814640256,0.63597742600091,0.64885925815081,0.726652811724578,2.2349233713689,2.94834237326681,1.08836689781702,3.8349985155357,1.57724821508026,448.68566747599,403.139826274917,448.762845866025,443.294847466089,566.305413338472,2310.82210499604,1304.06470543416,1790.96797772931,15190.5487079112,3967.86481505447
100,0.215,0.825,0.25758356990199,840.1141,0.163241635870107,924.869251041088,216.399595490668,369.485692399371,1,1.4890288650695,1.02077570719355,1.22003689015129,0.947276097364878,1.70404006399341,1348.31771194882,1306.76787105947,728.600142794015,1202.64827808499,586.691821283777,0.897455547016579,0.721013755257147,0.892400460839307,0.665663607847579,0.986729984205351,5.60444250301642,1.30779223729986,2.0255528130119,1.44879307640341,2.76975872005505,618.79055083031,656.205755835352,472.520159967142,649.628583977656,425.586470372847,5123.92501681864,4734.25297981632,1634.86451225913,4286.46215029569,1394.84937864147
100,0.215,0.825,0.233754681559727,803.563879727765,0.168562831860821,924.869251041088,222.883586821744,377.709824077126,1.1308,0.864528148694049,0.954409440028818,1.3065685454157,1.85780286619645,1.14124534626,2845.33247470311,1057.13193327585,574.144990122132,607.238749819829,681.632125168328,0.421250333730094,0.52123725901906,0.903329606818785,0.970810719812673,0.748089485725103,2.52370809703783,1.57766962141226,2.02492030031129,4.90260781597509,1.86687978299899,646.480523158773,506.816786101448,413.275236736283,421.633668193049,411.133509778781,420682.503836717,9336.77027706212,1243.57666510594,2236.83744868528,2223.0330392183
100,0.215,0.825,0.233754681559727,803.563879727765,0.168562831860821,924.869251041088,222.883586821744,377.709824077126,1.1308,2.30693220376465,1.39640278527455,0.97308456861124,0.845810778345625,1.23828724985882,648.632121787152,782.146352846907,743.186756808292,1084.02035374494,628.007326702137,1.07726576668435,0.996415052144949,0.582716104460681,0.485729304713162,0.868481457903168,7.40965021118011,2.40071227377306,1.63087488240233,1.23000118922881,2.36282120377378,444.239050634983,459.192379810651,438.517042878892,554.784524190009,411.070668392125,2834.25438448456,2547.64181073622,2595.89033358719,5861.03318484675,1467.70286684403
100,0.215,0.825,0.222548475552248,790.258249769115,0.17107334979663,924.869251041088,225.896577087981,381.694351762218,1.2,0.959020511653572,1.2535593935626,0.792101687593925,1.10419409766107,1.12851497832304,1996.88922740281,818.044661204706,1357.60506284947,1567.1113398644,1114.36666694452,0.509599783360125,0.942869142231952,0.612143914008424,0.434746644354077,0.832677464787578,4.75430498098015,1.81172025258393,1.07681434217797,5.16709480547745,1.583179256855,581.526590628108,527.735724839696,689.665509465489,474.442241126117,615.526466733099,70843.8993822787,1989.42529988614,5212.44499583822,232340.175516643,4517.14963651656
100,0.215,0.825,0.222548475552248,790.258249769115,0.17107334979663,924.869251041088,225.896577087981,381.694351762218,1.2,1.01076149489839,1.2522444970093,0.894491480227096,0.957235485380315,1.40540759231408,1646.64754882559,822.733436764128,1127.26969783458,1178.02522130261,736.816650551036,0.651190202641551,0.872761455647989,0.610187610500262,0.557962667725557,0.89613741243159,2.64273852385776,3.12175110515504,1.54853659241339,2.29517673522441,2.61106405043486,641.454521075291,485.804896099432,590.862090411514,527.65750988917,480.383823307088,14448.6981503732,2487.62507424915,4161.05018410147,7802.19857074771,1870.29900996686
100,0.215,0.825,0.207844400994472,775.909826210951,0.174375694121379,924.869251041088,229.813843872325,387.060635736324,1.3,1.0003712406406,0.941597794243826,2.20479825727337,1.4456165716323,2.01892069672648,1450.63485231602,1052.63984617373,491.15394067143,567.782167924781,505.344215261192,0.585651675606935,0.703134231406611,1.29902814511365,1.02762088514621,1.16611514680426,4.01765682024426,1.54410679788709,3.51019680148738,2.06594279913006,3.22233765731978,512.867884510786,539.754250993996,391.912990013169,400.927566106801,372.669234584693,18892.2384817593,3068.30636186826,852.37548381819,1192.21329619017,934.452638864383
100,0.215,0.825,0.207844400994472,775.909826210951,0.174375694121379,924.869251041088,229.813843872325,387.060635736324,1.3,1.14645106914809,1.26690137555181,1.51309290189984,2.40407137767809,1.10008896882844,1001.90933636653,1101.05755801673,640.813576514195,598.633118665998,843.97011745611,0.666268027869657,0.70441464730676,0.93215759026851,0.835226788004202,0.629481352434393,1.81879410501215,5.56575470974056,2.79294935659242,8.38916475231286,2.01850932824043,556.454435843015,449.503587447609,440.241684061581,429.920983201046,506.03445249913,4191.69511579013,8919.91158528268,1524.65525593858,2088.35379100506,3504.09305580638
100,0.215,0.825,0.278487170955192,883.95437971124,0.158592041373319,924.869251041088,210.627343926679,362.492299414816,0.9,2.97404633424296,0.977289059075346,0.818156979542261,1.07516931387038,1.59575624173796,430.701493929162,1172.77571307745,820.121751149366,1774.35149080001,723.86557597482,1.96786869372818,0.620331161029877,0.679714506919252,0.851505267513349,0.748684653802247,4.54901310099067,1.5516399560605,1.00153325983811,1.36593839238389,2.99887228588375,363.44680672458,606.237593095763,471.70737055964,811.500044380558,457.608765670189,602.409581399422,6874.24041045201,1902.25650301246,5827.13549330677,3350.67629271818
100,0.215,0.825,0.278487170955192,883.95437971124,0.158592041373319,924.869251041088,210.627343926679,362.492299414816,0.9,0.846290038386655,0.759673057378732,0.939386729326794,1.83464324380232,1.00805882222538,2657.99473110943,1533.08643206793,714.599820459645,590.038263758654,2108.39228119567,0.426767036389465,0.396757322110628,0.629676684931827,0.931577476569166,0.373766199140084,1.71970127187679,1.65852603028612,1.298287925885,6.83950521203387,3.85141803095896,727.403799264978,534.80858071754,439.459301412362,404.817460060637,485.481759351399,101781.719442925,22522.7075823322,1532.1122171714,1788.27338039601,1008747.01364966
100,0.215,0.825,0.25758356990199,840.1141,0.163241635870107,924.869251041088,216.399595490668,369.485692399371,1,0.954835400041949,1.3268282472351,0.881050209777494,1.42645157408522,0.945193288026572,1245.93349426807,633.502458295446,1669.42854960353,753.420892449625,686.211768553372,0.63999331437226,0.861479281895565,0.440012887914276,0.905661575704004,0.588808090442415,2.10430122283253,2.5811636860756,1.58794191952642,2.18179398066135,1.54371599663919,518.85325162445,401.90554543249,676.885256143168,462.948369781497,408.539763336161,6322.78663061519,1460.0339633287,69561.027389076,1922.43194244151,1831.69294737368
100,0.215,0.825,0.25758356990199,840.1141,0.163241635870107,924.869251041088,216.399595490668,369.485692399371,1,1.20487270635044,1.40988821283419,1.01129116590505,1.14801886617519,1.10938443606275,887.952908324313,726.593100614844,822.468585971751,1215.2607035245,1216.86603821273,0.734143185027214,0.877801119504421,0.740018691712679,0.800650115574396,0.926634834746362,2.37269922218682,2.59608550191849,1.37320026580783,1.78295165002718,1.47457137338245,497.536688395401,470.621531810378,505.098943023116,631.821741416281,618.301305586539,4007.08774555318,1853.92896666448,2020.78986851869,3660.1320199738,3869.85627981007
100,0.215,0.825,0.233754681559727,803.563879727765,0.168562831860821,924.869251041088,222.883586821744,377.709824077126,1.1308,1.974412131967,1.17421076196471,0.955039063570607,1.00053681434219,0.826999684411433,580.178176702436,1018.12491490951,847.690694435277,1226.3791484176,3054.1949949691,1.20489238065292,0.847135726265113,0.678265028373357,0.740005742175342,0.345197489665069,5.73292138616119,1.81769448091734,1.30176785382405,1.41026566329677,1.63894758038656,422.688631789761,571.335427173236,489.309445876325,615.162935475618,964.803453047617,1108.41022316844,2706.96395110278,1994.06742955813,4182.36473918468,2217269.76785546
100,0.215,0.825,0.233754681559727,803.563879727765,0.168562831860821,924.869251041088,222.883586821744,377.709824077126,1.1308,0.888518164551246,1.42232493002477,1.05804640995459,1.37879299434066,1.18092700808184,2779.85726287106,590.405954997859,915.560032600512,632.068793125204,1169.73942974804,0.394226930830241,0.968170694324614,0.810425276983953,1.02321445916655,0.897350153587315,3.48023564167772,2.15310703635672,1.54309056839069,2.22724142751051,2.34350040562761,579.038430280073,404.887280406047,541.247828346913,434.483556075841,587.261179171983,465489.053720567,1230.28782190858,2364.2965747627,1251.3745643862,4516.25778624769
100,0.215,0.825,0.222548475552248,790.258249769115,0.17107334979663,924.869251041088,225.896577087981,381.694351762218,1.2,1.18084399310411,0.963666994516663,1.9745222121345,1.02172958448717,1.85166200011261,769.70624667601,1619.443284334,920.412640705027,1030.33865393051,663.114413715595,0.826779006483513,0.612223906018549,1.08208142945423,0.72296822290043,1.2797828097107,1.68547471633982,1.74409728567692,6.28682004496213,1.47222646137717,2.95081713296369,498.191376849853,688.466317386317,523.85697655269,580.053580747676,467.729717666938,1743.85999736088,17117.0737544163,3070.60447450352,2911.00275618897,1321.86557414705
100,0.215,0.825,0.222548475552248,790.258249769115,0.17107334979663,924.869251041088,225.896577087981,381.694351762218,1.2,1.10822871755436,1.77494563133066,0.929835658339392,1.04907037240489,1.4681680413513,1088.89594710391,748.413832946968,1048.99749738516,810.727698645742,554.862839500136,0.61182400220807,0.778864082382935,0.616101952401981,0.77658895241519,1.04900754675252,3.66075494966166,8.47560418195472,1.63899206288812,1.51322348364198,2.25045607592457,512.486007479149,420.079830935524,549.332042060031,496.817092646148,389.379144257004,8997.47472856697,6380.08576150623,5353.03413140463,1846.93763569836,1108.5470279505
100,0.215,0.825,0.207844400994472,775.909826210951,0.174375694121379,924.869251041088,229.813843872325,387.060635736324,1.3,1.35963888768821,1.5600007764899,3.356685703221,1.17216098410416,1.11953014040559,675.140747139871,628.484862682403,586.143098116609,1040.94049377159,1109.30301798821,0.936670106776145,1.14258025119028,1.77345899808999,0.771053525283186,0.734627328693549,2.02143039203089,2.43898174947962,48.9655022091108,2.10782603082871,2.10333362368602,457.255196211659,447.181281724255,408.337339209143,553.710978702256,581.089809823755,1456.26074002137,1200.07216673449,1997.09396587169,3460.93881262679,5415.06028424725
100,0.215,0.825,0.207844400994472,775.909826210951,0.174375694121379,924.869251041088,229.813843872325,387.060635736324,1.3,1.86744582137452,1.30396094951108,1.2029601976369,1.835626698822,0.807964087980126,873.239650245873,765.405033047413,577.449483788608,734.233749526567,2660.9917870888,0.324483462866652,0.589212790122271,0.470928085354504,0.717247689803505,0.415972124581771,11.2658442791788,1.83382948413927,2.16279233301942,4.10562057197287,1.78170123729888,411.712888942137,500.148493683549,406.95802493301,462.784383161531,743.040475651037,596237.654571512,3748.02957790397,3169.06407204115,4191.48186267188,624446.725277069
100,0.215,0.825,0.278487170955192,883.95437971124,0.158592041373319,924.869251041088,210.627343926679,362.492299414816,0.9,0.880657384630866,1.56415594924154,0.723670875531806,0.924995169844448,1.2424878802148,3219.16300297257,720.118198585173,1479.54902661285,1080.41490262252,708.190502484406,0.547807021675024,1.03028977348286,0.452800567135456,0.549836122688708,0.897047752468282,2.19969565753009,4.09154333281362,1.34154841496342,1.4683021515832,2.4143058918376,667.012347015279,452.796112762044,612.14162427482,562.439565062823,452.082269834687,44553.2512415322,1969.88462855967,8694.35893168911,4941.51175008641,1610.19806009215
100,0.215,0.825,0.278487170955192,883.95437971124,0.158592041373319,924.869251041088,210.627343926679,362.492299414816,0.9,1.46841384516544,2.4802093647124,0.769810967959632,1.18953560876103,0.793956361578797,716.010827468639,587.839348823013,1080.86875121337,858.241310591934,1922.10294152867,0.992305030630273,0.83152433471773,0.500370347135049,0.839125941569689,0.524415361518476,2.62286169696213,7.34533063067835,1.18473699467808,1.99014770294655,1.28916739848981,448.326810762288,416.492589578899,529.610816967742,497.911052751949,746.408273797963,2049.55830946768,2150.25522326982,4815.34729649364,2609.37443031649,16028.5369813359
100,0.215,0.825,0.25758356990199,840.1141,0.163241635870107,924.869251041088,216.399595490668,369.485692399371,1,0.906086118918559,1.15018666719844,0.936025927057907,1.20349889260224,1.1251401431893,1270.76155392771,829.998365746862,1307.8399620042,1041.48352049189,1913.9423857308,0.641242262237507,0.910007769593549,0.694568414009857,0.680065753498198,0.635456598119288,1.40279300714332,1.54466976383102,1.29052034219106,2.71663401287496,3.82964234229323,674.137836229933,523.191928701714,633.492256821711,530.148476601147,658.545852600231,5122.73466203226,1899.43169783165,5657.01437639055,5520.23081683468,29337.8424122495
100,0.215,0.825,0.25758356990199,840.1141,0.163241635870107,924.869251041088,216.399595490668,369.485692399371,1,2.17149155971211,1.38517875224936,1.03142341970153,1.37765237267216,1.37903591320135,599.267938662893,639.784899499668,981.825552667489,764.975646205177,623.582162557485,1.26458524957109,0.962777142546512,0.627173252338663,0.848406915189472,0.995520390319307,9.57989957213833,1.94715052836749,1.79074469042081,15.1572044474789,1.87122958440982,419.806825058849,450.69394350847,518.845173826695,391.148125659022,421.298243666633,1691.46513437753,1922.16922000465,4654.09328041877,2659.59011926722,1214.95009658867
100,0.215,0.825,0.233754681559727,803.563879727765,0.168562831860821,924.869251041088,222.883586821744,377.709824077126,1.1308,2.12694600427913,1.47389087895625,1.29615364958571,0.664131390415889,1.19564980640421,584.332132261678,465.086056629994,569.712316778301,2599.73711959987,1103.72160420924,0.703260661789872,0.964993406525301,0.669819325050593,0.459836449519203,0.719369055701401,4.42104920273289,2.30663058147443,2.6390248836999,0.985883503586709,3.63454822301004,412.770448791527,353.544970919455,386.734879094871,894.492579505109,480.599294876891,9081.99741696065,802.439676817212,2711.40601926221,30823.9177493873,7142.89146482053
100,0.215,0.825,0.233754681559727,803.563879727765,0.168562831860821,924.869251041088,222.883586821744,377.709824077126,1.1308,1.24604843676423,0.972629260372008,0.964226815966407,0.794419575683023,1.21686404950059,1214.19731286338,1102.36199657232,604.030755002038,6315.43767965709,1309.82765499302,0.619988971282581,0.676471958396331,0.757201054411837,0.462881201999274,0.683609991858372,2.37031596246667,2.22323410979729,1.41855541820911,3.60854209642981,2.6633076277061,583.298411563262,568.874739110835,399.046788119533,597.742102745214,548.101954195258,11591.8545169936,3984.63670997946,1126.04674145347,65062.5703148804,11154.0910079448
100,0.215,0.825,0.222548475552248,790.258249769115,0.17107334979663,924.869251041088,225.896577087981,381.694351762218,1.2,1.31936072894845,1.48109750571485,0.997703223006871,1.32121791181469,1.30105528534715,4113.37098980275,585.436846160324,1350.53125232846,673.023336796387,1065.97679564677,0.929413813101261,1.14921649252621,0.607827102290454,0.880944149749029,0.79038683130226,4.63241678239496,2.17488583826441,2.00111891555695,2.1692525032968,4.50230215096813,916.627723538333,425.205224470973,601.439729086541,464.577904182282,502.932241840726,9043.99771502002,945.188041813796,7366.94409872855,1447.46584738568,6219.21154234983
100,0.215,0.825,0.222548475552248,790.258249769115,0.17107334979663,924.869251041088,225.896577087981,381.694351762218,1.2,1.5636697112622,1.24686492886526,1.25586894510046,0.881461529901643,1.18464717326735,605.246892956832,882.183800164319,1415.74705808481,2239.28792104625,789.309158593651,1.17173922073125,0.904511802791083,0.833150167873535,0.512778714034645,0.877960046701323,2.61219603398473,2.12987511820918,4.91534279890251,2.11943700590957,1.57593661357,444.313671003802,535.884868008019,613.491228273267,682.907133214357,488.604228666021,1112.71086265218,2714.72579839904,5927.64051179238,38583.3406947325,1707.96326739612
100,0.215,0.825,0.207844400994472,775.909826210951,0.174375694121379,924.869251041088,229.813843872325,387.060635736324,1.3,2.21512294114065,1.41448047067595,0.872667425318615,1.30263906494938,0.753789252226672,680.667568466027,554.339999722362,1519.30481809018,655.563356643731,2673.96322964252,1.2450785104867,0.94280943452311,0.683086563536277,0.987674620759025,0.251950772851662,6.14951876246818,3.2592854709438,1.17948194329493,1.72065946762866,1.31956373385243,458.857510571276,412.705279950329,764.96776182535,456.710246246664,838.453889091019,1952.99315230061,1094.67994966996,5662.68821106762,1185.06917629676,3636744.05336515
100,0.215,0.825,0.207844400994472,775.909826210951,0.174375694121379,924.869251041088,229.813843872325,387.060635736324,1.3,1.25480947533204,0.935691686274426,1.10788951549293,2.0327221488048,2.59870547908687,821.103341301283,1583.81385164883,750.525230796554,613.206764579124,788.189694978998,0.7969811563743,0.431398663046498,0.689859575872438,0.899168003222083,0.569780434489075,1.89301343120009,1.94886301983537,1.93170328345628,3.76273170187906,202.017448265516,511.832973131587,615.976280130346,482.402879015477,446.918528952191,390.269272128961,3054.26523027775,76272.6713823564,2467.63630798046,2475.49711284326,13167.1790201936
100,0.215,0.825,0.278487170955192,883.95437971124,0.158592041373319,924.869251041088,210.627343926679,362.492299414816,0.9,0.980842319367422,0.9586885670136,0.942431949762288,1.27999491610098,1.2303884518704,2466.64738316613,1122.35411421945,752.565679016809,3100.89612571308,1248.19488890185,0.551540435146327,0.626515937282964,0.702161308480177,0.817015695647456,0.768891528067344,2.48565174395124,1.57133880722884,1.25500891633444,4.67152673175324,14.7466489475715,900.883161649098,587.649948964331,486.70507412642,646.851312708408,419.050644041419,78675.0218662735,4192.70818900195,1517.15062430346,8354.35348281639,6463.76702059688
100,0.215,0.825,0.278487170955192,883.95437971124,0.158592041373319,924.869251041088,210.627343926679,362.492299414816,0.9,0.934674535457709,1.20337385851876,1.36091209851096,3.24000820082579,1.54435200406502,935.95473490532,796.445981882695,464.709295214171,496.836138492829,836.545125786954,0.574794561052231,0.895440808317467,0.733213690096828,0.705839626827027,0.875158276179854,1.61286343667609,1.56582634235146,2.484612754572,6.26995287726104,4.76873794747209,472.549618798902,475.41139174987,345.828335439494,384.743462247889,450.245922084993,5128.14753840951,1893.0138839964,1202.50304016799,2174.46958819321,3501.16324884776
100,0.215,0.825,0.25758356990199,840.1141,0.163241635870107,924.869251041088,216.399595490668,369.485692399371,1,0.959551105648758,0.851814905957501,0.70122909545365,1.38733815229968,1.18215847235564,1989.18048740556,1509.90986492043,1076.41128648985,929.538361451412,1123.89752897898,0.627293974419118,0.622345931070678,0.511248500341748,0.692373389337883,0.598171945235743,2.61084980260064,1.64419852199399,0.969866695357534,2.53888379003508,7.00341910540049,665.655126643963,677.922800183558,555.946553313689,531.246901198246,467.092968234576,23570.8144383922,6124.62789823795,2986.10666233664,6014.47124653629,11927.0389257784
100,0.215,0.825,0.25758356990199,840.1141,0.163241635870107,924.869251041088,216.399595490668,369.485692399371,1,1.43724968848651,0.946858173001245,1.19204041700622,1.3374119817429,0.720394708861692,635.253469841502,807.148831286055,810.330369472711,1546.30722230521,2719.0080714956,0.89548979980499,0.603957877069785,0.654555125332193,0.455779752476374,0.295993995280253,11.4031609658288,1.41170801192913,2.22679810914686,5.53501010441001,1.55187330028625,409.030032380683,491.45111780684,489.828971044203,612.383795700408,738.466652668173,1617.83035705961,2523.74669165599,3249.50994690563,15955.8534421525,2449791.9045923
100,0.215,0.825,0.233754681559727,803.563879727765,0.168562831860821,924.869251041088,222.883586821744,377.709824077126,1.1308,1.41776042338798,1.62462034653881,0.983675019233972,0.834436560622175,1.02134433832258,657.573277167868,1007.54981831518,1466.94663631691,2320.52457219792,1414.50329181371,0.926555471401253,0.836575003225746,0.730062909993548,0.468086747197621,0.682246286461771,2.90773961969762,4.61408911269047,1.91610895301084,1.98910657088742,1.87886071904737,451.523340595754,529.41409462537,702.268115926415,714.026927233259,669.394960558641,1455.69398515312,4528.21610317457,6724.18078842835,43614.276365079,8187.23485078137
100,0.215,0.825,0.233754681559727,803.563879727765,0.168562831860821,924.869251041088,222.883586821744,377.709824077126,1.1308,1.37430994609053,1.02607257270146,0.845209400627133,1.35929901350803,1.26059593640295,1244.06478366696,836.346062887459,1249.11416384448,1094.96791854333,675.081944756295,0.858628576547349,0.588039403485568,0.590574905913651,0.856199636346167,0.867299596956178,4.45111834716777,1.46137375122743,1.25939112774029,2.71121276346112,1.68909695354991,552.885384496008,486.867133049327,617.870898777541,579.08715887036,451.289964206441,4764.62947323898,4387.85128557952,5057.02660217654,4716.33817415391,1445.92614336218
100,0.215,0.825,0.222548475552248,790.258249769115,0.17107334979663,924.869251041088,225.896577087981,381.694351762218,1.2,0.828361846330752,1.32616783679195,1.1392550556396,1.39217446694876,0.69728795918685,2698.39745242422,532.814824548227,1429.47073995486,879.114910472345,5542.00592669991,0.504117114659308,0.879961771411572,0.643878646763964,0.788932940065808,0.348135111616578,1.98046296538463,2.17433856751972,14.5112331219691,2.18552689109047,4.60463295442674,696.214619940869,393.495033378218,429.167977300226,535.213705022422,635.051940274573,30501.648513326,928.905988438336,28477.1277387582,3697.20282601293,458940.36705885
100,0.215,0.825,0.222548475552248,790.258249769115,0.17107334979663,924.869251041088,225.896577087981,381.694351762218,1.2,1.43615294455015,1.42757389331063,1.20766027764749,0.828955827502423,1.1549271854797,1352.25628337331,667.993843869975,664.756243300696,1636.47571040705,778.424522174788,0.512531581183606,1.03568834925011,0.771297354790778,0.565134422148196,0.769819865246073,5.73738640095619,1.99808428540774,2.21050445327388,1.25668859936594,1.76520311574146,500.004676816282,437.861281407376,437.064529757045,768.884040910449,497.317434392688,103158.670874427,1294.17145700187,1913.64482998998,8716.84716602693,2133.53584707956
100,0.215,0.825,0.207844400994472,775.909826210951,0.174375694121379,924.869251041088,229.813843872325,387.060635736324,1.3,1.26776876208206,1.2552705606919,1.21784406789231,1.27398686714522,1.62574177816889,994.424459819883,840.212859793799,925.410076957364,1119.72776607274,573.739372833668,0.856618691502484,0.971429949576236,0.845292998285221,0.613265022504293,1.17153771034539,1.68393095634008,1.738623074031,1.64357540931314,1.89102598457958,2.15813004974514,569.551635112628,536.345151691101,551.919229680162,617.953115607313,404.820047932518,3466.7204269956,2051.61509379025,2572.68170160811,12203.1231141384,956.282443493008
100,0.215,0.825,0.207844400994472,775.909826210951,0.174375694121379,924.869251041088,229.813843872325,387.060635736324,1.3,0.944948031239955,0.788349934097968,1.03892797775183,1.15733461431852,1.16596859325154,1283.39034503567,3117.45504616763,760.540404901244,806.106404206934,929.191535829456,0.587732591041242,0.489509235040462,0.771796475160727,0.785376555270841,0.582596083477994,2.60414180933545,3.07717223233287,1.56941614798338,2.29461302575071,6.09347684979475,558.174701988357,735.441397528303,474.95464837606,461.824680996085,441.8781025835,10042.6311532981,67421.1798639141,1951.48951497959,2765.60674052785,15551.2226405579
100,0.215,0.825,0.278487170955192,883.95437971124,0.158592041373319,924.869251041088,210.627343926679,362.492299414816,0.9,1.36433960297057,0.95365010446111,1.29917508678005,1.14386470601433,1.66345448870001,3247.70660062025,810.796655807329,581.372638833404,1306.06799679016,567.910339925238,1.03515628150352,0.719547557624223,0.911789640632098,0.723495784830208,1.02221285947148,4.94033532041533,1.38905132638663,2.03991019941989,3.08024194370357,3.0572512275006,704.339708401708,471.469407098679,410.919676901258,572.419663785297,409.162230991989,7542.81889837344,1907.36010022859,1145.53357104253,20864.0958755018,1159.28210389015
100,0.215,0.825,0.278487170955192,883.95437971124,0.158592041373319,924.869251041088,210.627343926679,362.492299414816,0.9,1.20241570637879,1.27437984484918,0.715954658136293,1.13636760488915,1.23334812096055,925.84553073588,788.383642577324,1566.34197979311,1030.3461018362,800.223399757808,0.815107949713374,0.852861663289532,0.492206539600225,0.874607747917005,0.884978563555177,2.1714399944122,2.18378959429527,1.17454603487099,1.8343310921931,2.3481419974558,531.187748017161,491.439159420093,617.416096900349,592.118296670103,467.61877893108,2618.74479903113,2019.01788776022,6751.50243302283,2977.78357402812,2157.8924243276
100,0.215,0.825,0.25758356990199,840.1141,0.163241635870107,924.869251041088,216.399595490668,369.485692399371,1,1.35378623228285,2.3409576963402,0.702709668958347,1.09764554370549,1.02822512149026,1740.80632068402,709.243671304651,1951.69940094194,730.459697232456,1337.54715604579,0.533904132013977,0.559989588862282,0.386429031973828,0.691957761110698,0.493157068873608,13.0177594101435,7.64686626865532,1.38323851959758,1.59998370809196,1.72254849523402,404.524530825415,444.54633308235,674.905836259444,479.069814194372,660.789274049102,26321.3003371284,16955.437029864,46814.4580737166,1777.03417818803,16393.3431014801
100,0.215,0.825,0.25758356990199,840.1141,0.163241635870107,924.869251041088,216.399595490668,369.485692399371,1,1.08850670206647,1.91431665572922,1.24264551755344,0.906483707051206,0.924030898262169,837.384399021735,563.855619727864,763.811403141833,1860.46532467364,5236.57028121293,0.721824532325429,1.1787637051246,0.930717160840769,0.580611380583678,0.653936197743162,1.60751756554225,3.22611750255662,1.78590762055567,2.10978899051549,3.79933011951489,523.869965987697,426.333366471046,506.729292702873,704.555123037553,932.727344483886,2289.45993682864,1100.91793029391,1485.09234706126,19932.9884389901,20094.0845344073
100,0.215,0.825,0.233754681559727,803.563879727765,0.168562831860821,924.869251041088,222.883586821744,377.709824077126,1.1308,1.02576630773378,1.3010196425967,0.915319105031332,1.42313697655587,1.55069126446468,1167.55138977531,641.738084929345,1123.25112543521,677.147617953366,753.274101879523,0.528081009544666,0.92810841207345,0.677719688040387,0.918079197563021,0.525612594933232,2.17177895449745,1.90218126888262,1.18717298934717,2.6408955215728,3.38218658968824,494.546754206906,413.864869100097,600.946839645712,426.623209492745,450.776919141224,13459.5033763579,1289.63113473296,3000.00399327207,1695.36301576375,9463.64433239339
100,0.215,0.825,0.233754681559727,803.563879727765,0.168562831860821,924.869251041088,222.883586821744,377.709824077126,1.1308,1.29586674946541,2.97984537892497,1.05871058506547,0.907543596337691,1.4937924489276,601.039998752884,500.815269913923,916.901904781646,1351.19730821577,710.029306124891,0.843561658783681,1.57101638016527,0.708110014128096,0.578117235711852,0.908252336251922,1.83546843642364,13.0066941069043,1.40859985849767,1.56162744220307,2.12814050163529,406.473073510206,400.615027862742,539.171401880132,561.084763050946,444.323098717145,1523.31827361994,1020.00067555678,3430.89119509575,11090.643775655,1639.56570941305
100,0.215,0.825,0.222548475552248,790.258249769115,0.17107334979663,924.869251041088,225.896577087981,381.694351762218,1.2,1.0829173747047,0.963766771584104,1.05145931489935,1.58134705281747,1.05786774506977,1028.76867118073,1193.31212744264,1031.15588753442,682.985648195615,1268.38515644115,0.447122132400084,0.747500295302022,0.661771852030654,1.1494557172965,0.63674327717493,1.89479345355198,1.34586301541839,1.93840501323595,11.1437401062704,1.74377009477369,538.10240806154,629.091577161167,512.404474172082,433.5143837363,615.758358777113,9735.09470497441,3689.53516363536,6299.26827530196,1862.57669384498,11256.6739608645
100,0.215,0.825,0.222548475552248,790.258249769115,0.17107334979663,924.869251041088,225.896577087981,381.694351762218,1.2,1.92579544369639,0.994469282375287,1.00217379072472,1.29203603422152,1.32828331491864,711.499791663156,1056.34928782465,1301.8406761897,555.605002261582,637.392583848964,0.710062650311495,0.541608108741954,0.624368208152742,0.914479485233428,1.01371741582475,4.56969650832934,1.89675167427817,1.72748718007701,2.02087984912583,1.7060461066802,438.473562456435,551.466679213993,632.173174814367,387.162619723284,437.750176910631,3008.55079197975,5431.99381710899,11448.5763380611,1051.57805819946,1305.78017189657
100,0.215,0.825,0.207844400994472,775.909826210951,0.174375694121379,924.869251041088,229.813843872325,387.060635736324,1.3,1.26184101153229,1.38138946860259,1.78298789272704,1.10308492673233,1.59792009309631,839.053926707023,885.678240924295,538.515184406761,801.142989372544,584.567730496554,0.916092373144458,0.871071913383792,1.11531049461548,0.813984811981695,1.19011435136607,1.82639791911207,2.91596882896856,2.9944790456651,1.57687376038016,2.23071544576202,515.00791980894,499.098811766353,407.301804671915,478.800664705596,413.295442693274,2277.71417315219,5182.13146380297,1047.92739080683,2168.17175427579,1057.41848659789
100,0.215,0.825,0.207844400994472,775.909826210951,0.174375694121379,924.869251041088,229.813843872325,387.060635736324,1.3,1.44946413472094,1.18241545160244,1.20630746863921,0.892084455860742,1.35614073693194,1305.84437466053,861.816827197328,1246.17782682608,1707.70675482952,706.590717715835,0.946388746413931,0.882338421549512,0.894885674561921,0.390599697867125,1.05222828305641,7.95135730214635,1.73217435690452,3.05917719762962,1.31109962674912,1.99541817020437,522.820707597505,539.199284180439,620.021580837477,725.720261008496,491.814095261238,7599.51427446772,2071.54427703302,5028.72981040348,25079.7425621559,1330.60392528516
100,0.215,0.825,0.278487170955192,883.95437971124,0.158592041373319,924.869251041088,210.627343926679,362.492299414816,0.9,1.50119744039864,1.44544989211305,0.893064104383734,1.69695288283683,1.00915786632538,2046.42058866042,589.647048680666,1199.05023572883,530.127411600649,619.428211619199,0.520475664464191,0.982793773129039,0.589760509272285,0.752850348831052,0.642675306545067,5.19118130512796,2.32461906912604,1.48565145148696,3.58504678442399,1.34397570426786,622.844220058998,412.570168835933,566.256160025673,383.716994315489,392.180306795627,5545.43579169011,1175.03440660055,6135.70922476848,1815.58364896507,1446.32644490593
100,0.215,0.825,0.278487170955192,883.95437971124,0.158592041373319,924.869251041088,210.627343926679,362.492299414816,0.9,1.01570249433395,1.23183977166111,0.74655959589345,1.19840299393771,1.59346063868448,2340.54057755729,713.956030704331,940.311980460997,671.502675751514,661.458098436979,0.644152220036666,0.789273154085874,0.505355241919569,0.854140054757847,0.904676860712526,1.4306689955586,1.76843220364211,1.01714325681374,1.68447854774231,2.67421184626463,865.818918596407,429.760775088871,517.385520291869,422.167870094369,421.218012406,25354.6241647212,1837.09902938273,3660.75220739585,1595.79267591086,1697.62502394712
100,0.215,0.825,0.25758356990199,840.1141,0.163241635870107,924.869251041088,216.399595490668,369.485692399371,1,1.35562450817659,1.57033723441631,1.22613899946293,1.26755655352214,1.06382271835386,842.231949454157,527.217564990341,1104.29933830045,1952.64587134304,1379.35461523685,0.883349764192469,1.21290828162302,0.858611100735463,0.930273442284294,0.790527377519627,2.1877305992724,2.12591012797841,2.05372593151859,5.35972305390344,1.81089610869743,521.07324757561,398.44754541836,635.182741815774,496.339033831045,648.548187435901,2378.00013886061,781.358282268427,4056.59274274435,6070.54261040008,4585.42490347848
100,0.215,0.825,0.25758356990199,840.1141,0.163241635870107,924.869251041088,216.399595490668,369.485692399371,1,2.13020425254191,1.025256038044,1.12172148138535,1.75733697272467,1.332948662428,656.338213776729,725.492709334334,816.785064298312,684.652813048861,861.170788193191,1.5039678794816,0.731472435180043,0.762044106108679,0.954640708258837,0.797139447301218,5.27027435680511,1.4002072885782,1.65807233555844,2.7565853481192,2.56663524156234,459.67426921183,459.74149012406,484.794419848846,452.308676391351,465.593038604596,1777.25758065856,1848.18677734483,2500.09184629112,2195.83900835119,3648.44422349947
100,0.215,0.825,0.233754681559727,803.563879727765,0.168562831860821,924.869251041088,222.883586821744,377.709824077126,1.1308,1.2402171871108,1.4054848685811,1.5629174258701,1.31236483345653,2.73433654352284,696.620912440225,810.699528501774,617.46504010314,1083.8407974792,467.042820308587,0.774627826344361,0.781683207324738,0.748068983268719,0.707810247977682,0.896278609550718,2.4421271046651,3.14519848906374,2.91592453019684,2.8396309373237,4.6008230372761,429.578879350632,450.195567970434,424.985255333978,510.960055307472,370.840301923288,1814.25015805511,3841.77189040905,2746.6207285148,10101.9385281647,1239.03241000273
100,0.215,0.825,0.233754681559727,803.563879727765,0.168562831860821,924.869251041088,222.883586821744,377.709824077126,1.1308,1.63801165400352,1.13349153934675,1.67894373132506,1.97492922855874,1.17980872182373,781.186262318119,1049.49654334494,464.619109804993,656.699415545916,713.123858539976,0.759304113674377,0.790280577035494,1.06922264254665,1.11147218091883,0.72586042517737,4.06599956613727,2.16936709768092,2.78069196948381,4.4001590039189,1.91736665273293,449.95311273127,551.854359921339,354.99164056709,415.334024280916,450.296591763487,3815.79978362407,4976.7480021877,782.254508439268,2010.72106479892,2689.14239179868
100,0.215,0.825,0.222548475552248,790.258249769115,0.17107334979663,924.869251041088,225.896577087981,381.694351762218,1.2,2.05491121037345,0.995556700427617,1.09780752362508,0.847812063546814,2.2931360516616,668.854598198677,1325.31340098902,1039.46076231891,1202.2075606472,490.120630343644,0.486098161717626,0.5383591670914,0.503673845579068,0.445413169361032,1.37301835677666,7.72554813602234,2.17671561070513,2.43540885574972,1.38945844603617,4.4457736065545,436.963074421805,538.03095138954,525.783120923305,560.715851331384,386.511449685218,30847.272545498,27765.2412446882,14998.8084846304,9268.09436530738,829.075145429619
100,0.215,0.825,0.222548475552248,790.258249769115,0.17107334979663,924.869251041088,225.896577087981,381.694351762218,1.2,1.35183651378247,0.98429513199005,0.90117651718388,1.17752263841501,1.02628045061942,1573.52477679219,1418.03645070465,1832.27973245874,896.791689582289,806.87556116977,0.51768176726965,0.607258973717787,0.544705520766962,0.600009759997096,0.65441839795158,4.65493759354847,2.60163873318699,2.14217097730072,2.6031543976315,1.49837612831628,522.247550241238,575.637739438021,625.302824911957,507.42773942562,493.29914783815,26003.4044979358,7959.78678981259,21638.1845339588,5698.76777381443,2051.35465912983
100,0.215,0.825,0.207844400994472,775.909826210951,0.174375694121379,924.869251041088,229.813843872325,387.060635736324,1.3,1.11085423029373,1.88565992880292,1.69945630902858,1.44274049985362,1.21040934123077,2191.21500398929,813.220476962323,521.683868444999,561.539174512166,724.548073841241,0.838286375023114,1.01318114426914,0.898749237646872,0.899297738320195,0.658509878021403,3.94099086358629,3.7893086451754,2.979451545275,2.11332062246789,2.31729632038938,675.294320338775,481.914633941743,386.161184615031,397.778838092766,446.281983378841,11782.8415020509,2913.76104075025,1193.89294212434,1072.55974620177,3356.13961942089
100,0.215,0.825,0.207844400994472,775.909826210951,0.174375694121379,924.869251041088,229.813843872325,387.060635736324,1.3,1.4042780543857,1.02641962569764,1.31380724253429,0.992074978836102,1.41355332627637,905.545266543713,1167.37331422314,798.605098966509,1188.05177951239,786.902513649095,0.937235372079273,0.731855181104233,0.906699104994231,0.729059024335437,0.995686002442964,3.95969307577185,1.44259867349636,2.70433161871852,1.74754580829129,3.63763092103561,539.017046128497,608.747999834741,470.959070512776,607.20612369766,467.91159712121,4135.00063338009,3491.39952883011,2758.79506721244,4000.8241673298,2218.68171831499
100,0.215,0.825,0.278487170955192,883.95437971124,0.158592041373319,924.869251041088,210.627343926679,362.492299414816,0.9,0.841817902682743,1.27834259787583,0.939168510891352,1.60595947667606,1.6271125449702,1717.14133035625,1084.47519931901,793.205197266018,561.850128665949,729.963422486013,0.436391797914417,0.69811789390297,0.571627448495175,0.916692242127703,0.867514920225265,1.46783401992359,2.20601857796864,1.4546182917959,2.74125887062212,2.41495952546415,639.461645997241,556.007572584105,461.909984175676,387.40936084129,450.337783056725,41891.6101589561,5706.48494161213,2947.24349210909,1339.53229323592,2347.53243468772
100,0.215,0.825,0.278487170955192,883.95437971124,0.158592041373319,924.869251041088,210.627343926679,362.492299414816,0.9,1.61449357650797,1.29933592743601,0.991040309318934,0.771312321152958,1.01604314023743,656.867752182246,557.430133945489,1067.50470566706,3435.57670241433,975.089623055519,1.25984108164433,0.974109031084735,0.748132297493628,0.341221160987223,0.690631579582273,2.12802304309433,1.9270362274167,1.40676127631634,1.30982155833944,1.37864390878261,427.836301693726,396.910200318979,557.118110307248,1096.01294418188,505.542964987477,1319.26544076071,1064.36093636639,3559.95925295916,144340.731765285,3690.27074112303
100,0.215,0.825,0.25758356990199,840.1141,0.163241635870107,924.869251041088,216.399595490668,369.485692399371,1,0.987914025650402,1.09351784067991,0.878303751974167,1.45386381455188,1.57823456294152,1468.12819990191,848.135956249856,1063.2942594196,979.154600186206,594.241617128543,0.537024805073644,0.727675182255436,0.547636428911114,0.862511739878011,1.0978123474624,3.70873073980706,1.79537301656307,1.247027376326,99.6161701470712,2.3678830124694,533.048798298717,494.189564007131,576.040361426156,376.667763103285,420.8702489693,25218.379622385,3248.4112682345,6751.4951420789,6119.04964327501,1225.08520144147
100,0.215,0.825,0.25758356990199,840.1141,0.163241635870107,924.869251041088,216.399595490668,369.485692399371,1,0.947701177185259,1.42676350032623,1.06173883950282,1.20036827048406,1.32991771066139,1913.55434955963,564.089674990802,860.03086885917,914.276276688593,799.926121112227,0.52873441851241,1.01501487994309,0.817464162690491,0.779573001524448,0.87989847688041,4.01027963320312,2.0756226686755,1.47335617054787,3.54725051790057,2.73718197862301,524.594533009103,399.421322110796,476.177583830373,484.857852023569,468.757450766889,24765.1097986944,1005.478133396,1968.35807864587,3367.29505827201,2741.79812525178
100,0.215,0.825,0.233754681559727,803.563879727765,0.168562831860821,924.869251041088,222.883586821744,377.709824077126,1.1308,0.746153420650149,0.942725454263653,0.91934705600597,1.91372374707814,1.99533833586694,6177.47139074957,1248.12622865768,2305.61119652829,432.62300377227,573.00423634189,0.441949446904724,0.551054621565963,0.572504804855333,1.45761796507816,0.800445335414017,2.97570679815342,1.69385942490521,1.39608424314724,2.55098086907676,3.25086471691196,1310.25078908711,592.209049944883,860.937764295068,351.887779332462,429.155093451327,142978.990495428,8529.61747669561,39787.6456668528,626.82796293022,1842.69714664352
100,0.215,0.825,0.233754681559727,803.563879727765,0.168562831860821,924.869251041088,222.883586821744,377.709824077126,1.1308,1.21001094101441,1.53059351538834,0.98105344081982,1.08227798505342,1.05538910824622,928.458649956618,715.480820645144,856.583294859688,927.243461145388,1290.04322779361,0.756348424493926,1.11719683653521,0.678866414167875,0.720536115582158,0.744000725478398,1.79518795654945,2.62143413370842,1.469466022004,1.60784702972676,1.47648578708523,532.971256300489,479.244059108195,520.200096491965,516.061621215032,662.652570597853,2644.1855976724,1505.974662365,2747.03563674646,3848.49626915823,5717.11436568526
100,0.215,0.825,0.222548475552248,790.258249769115,0.17107334979663,924.869251041088,225.896577087981,381.694351762218,1.2,1.335069288727,0.684668383412049,1.02850945056284,1.18002912385,2.94258005446414,745.585980837385,3420.26538790805,1001.73697773025,864.731111579232,502.739424501483,0.983085652828925,0.21997674388815,0.465644618240403,0.772822517979906,1.92806741129335,1.77358530593627,1.02799784494215,1.53943706920399,1.62508881647615,8.9926981413252,497.831183672719,1046.70395260401,554.56978824903,526.244091208029,408.658953332446,1524.64931918841,6448363.19117921,13433.9307357047,2157.69696356056,786.214733188178
100,0.215,0.825,0.222548475552248,790.258249769115,0.17107334979663,924.869251041088,225.896577087981,381.694351762218,1.2,1.30015771119458,1.6215145503992,1.27060963465654,0.88493408261712,0.972064434273173,1042.4559003049,651.484837857588,668.474819551127,1501.36402236086,1575.50705209363,0.720732740848163,1.06642117393055,0.987667481811097,0.569959718809677,0.694531925171859,2.58560242966354,2.61761619223634,1.69874105763952,1.47042502271793,1.47805472557529,533.639723937637,451.846672972797,451.833372687427,669.760191361751,732.195765747938,7464.24488516573,1676.90713545464,1296.1370220217,10225.5751315834,8540.26030198518
100,0.215,0.825,0.207844400994472,775.909826210951,0.174375694121379,924.869251041088,229.813843872325,387.060635736324,1.3,1.83028519073643,1.19040875907797,1.62114109480558,0.946860070499306,1.85440072906006,701.85648675389,1988.31881933622,823.122369703098,1049.33302445154,534.822646984637,1.15609508096983,0.706922688632072,1.07933066098369,0.523968140926558,1.37378777131122,7.3783411664409,4.57289608017052,7.01595927257076,1.42601539299772,2.84771257248266,450.310879010602,723.907609335119,481.952003703163,574.529082583759,408.60679650726,2568.49354594326,19116.852511302,2517.22982112004,5944.36653939056,882.478051783399
100,0.215,0.825,0.207844400994472,775.909826210951,0.174375694121379,924.869251041088,229.813843872325,387.060635736324,1.3,3.8490536824809,1.86405819580292,1.38889737504583,1.03883386142075,0.948236878345334,549.425194163474,745.2687267088,593.820930136107,720.14999019334,1149.85963343557,1.5487676016488,0.680411943440101,0.700318880168219,0.756533724862048,0.430799730684385,9.01627616656745,3.64203117232775,2.39923874604288,1.66865692445412,2.23856574788092,406.025823398569,449.381198532857,401.633036212029,439.001813035702,474.670764371219,1459.23668932094,3885.25538838553,2030.73888939886,1690.00755782796,26836.9997888308
100,0.215,0.825,0.278487170955192,883.95437971124,0.158592041373319,924.869251041088,210.627343926679,362.492299414816,0.9,1.56303942501496,1.12361284452537,1.45495522106336,1.23875514054424,1.19865335176999,817.192445983511,737.349779928197,574.669705003997,831.768708250316,921.915508934519,0.74698698645971,0.649591326841637,0.77810152562215,0.811678251083861,0.801167945836468,13.0351163737185,1.87696255485354,2.16749939706927,1.66281779426111,1.87803528153285,410.346582426153,436.934395003464,403.274592873129,480.196087613886,541.714126972863,5840.4483276119,3253.27767764465,1381.90931610168,2293.10016333082,2631.8581028687
100,0.215,0.825,0.278487170955192,883.95437971124,0.158592041373319,924.869251041088,210.627343926679,362.492299414816,0.9,1.39052003517799,1.47707538089234,1.12717054681702,1.17214478789744,0.908755031650498,696.556599365657,561.798950912374,641.055061086918,927.804886488587,2469.13685483754,0.864786360560631,0.953860295903753,0.872110360123401,0.754807335113729,0.619564134352011,3.67074662118104,3.80058410933579,1.51781903276432,1.98643554360516,4.16987810775394,417.833188821779,404.995050399432,412.284271559642,504.565232552098,680.874639828649,2417.50460281297,1331.18093932292,1292.66581584879,4037.24830376565,15893.3759039054
100,0.215,0.825,0.25758356990199,840.1141,0.163241635870107,924.869251041088,216.399595490668,369.485692399371,1,0.850910855018414,1.09395492744413,0.907631185712931,2.38307987677051,2.1151585032906,2186.63521514358,990.266013201756,1174.94738814454,629.347798393056,562.682170529481,0.508340356074743,0.670943432410271,0.596553957487813,1.55674973240885,0.774218670837123,3.41720960465298,2.07767178779596,1.42868152374135,3.75337180726843,4.60856223049968,563.140944632721,538.656891043176,586.620390933758,445.680725911642,412.037062098212,37718.7423926589,3858.2367427707,5381.64121183499,1532.65241987697,3718.98196834356
100,0.215,0.825,0.25758356990199,840.1141,0.163241635870107,924.869251041088,216.399595490668,369.485692399371,1,1.23531928366319,0.445992137798951,0.523427331287939,1.11656628677781,1.11797208989433,810.366376916922,28099.2939252779,4778.29000566523,846.759896004418,788.303252937147,0.87601506983266,0.315522241445296,0.304679701688921,0.662833221584138,0.808585518109635,1.84688303270045,0.610274509288013,1.00851311292863,1.69103993693933,1.52303451679201,491.459871677904,4636.79511369186,994.883859684123,490.509698153081,481.142987533238,2066.3996718591,753709.391127154,142759.250276371,2686.81601978456,1992.65836021429
100,0.215,0.825,0.233754681559727,803.563879727765,0.168562831860821,924.869251041088,222.883586821744,377.709824077126,1.1308,1.22779143417484,1.44788318709364,1.30659800343166,1.24815805235384,0.9592648099446,837.317779600813,590.119482165279,728.025010213985,662.081875917873,1510.0347048587,0.871896394282753,0.949752485876454,0.768457010110794,0.862737411330188,0.494576452415454,2.62729877083853,3.2570098076802,2.34814488744453,2.00110120189963,2.23363976184582,519.895215859618,400.9249893961,453.831813062457,430.349335862314,595.530583384595,2722.17773478511,1247.78649350749,2502.04114743654,1554.0134973903,33846.1598656316
100,0.215,0.825,0.233754681559727,803.563879727765,0.168562831860821,924.869251041088,222.883586821744,377.709824077126,1.1308,1.29634692030458,1.08509892408193,0.889240914669269,1.07860924710002,1.58068491937129,1507.74065964381,1503.41925998831,1481.10865345261,921.065104136681,598.528362108676,0.749555462488274,0.601344902384314,0.583342622113408,0.779450087740781,1.20996488707426,3.46833141162929,11.7769052730444,1.22345681153055,1.55521978239598,2.14192280598106,655.624903291808,445.173611256089,741.263688473539,551.808261486544,426.456288748272,15041.6322917584,24975.6580883339,5935.11371195105,2412.68598906127,1030.55291471554
100,0.215,0.825,0.222548475552248,790.258249769115,0.17107334979663,924.869251041088,225.896577087981,381.694351762218,1.2,1.42601706924373,0.972806974559036,0.788798162555645,1.3247011664998,1.11173797505004,702.190219395697,1235.19621895556,10660.2648030275,675.408478589304,852.642038085425,1.00955616441155,0.612369927049342,0.541847106096705,0.979755510881063,0.666063112981753,2.59378789625637,1.40444369562581,3.2480914049943,1.92577283268638,1.9725157026511,454.267790298346,658.951448645091,483.191643753872,451.275385647794,518.416851061168,1692.92757266499,7047.00146359804,47089.7341889767,1274.09208681613,3916.6228364673
100,0.215,0.825,0.222548475552248,790.258249769115,0.17107334979663,924.869251041088,225.896577087981,381.694351762218,1.2,1.189154926085,1.28637277564327,1.03782332257404,0.956228122094706,1.12843580820226,1028.57144769293,639.755781972303,1175.5874943735,1056.72026233624,1017.75014337175,0.686788062115596,0.948073682678749,0.546802577395214,0.590006747559086,0.669843551699818,1.91173382118519,1.80563761569191,2.05268151526835,1.81108582294232,2.35267171003513,539.956350582113,427.503310250411,523.770773675339,512.330400074006,523.427576017854,6651.6906291642,1482.16096999116,21782.4289556314,7085.82607498886,4624.59881981092
100,0.215,0.825,0.207844400994472,775.909826210951,0.174375694121379,924.869251041088,229.813843872325,387.060635736324,1.3,1.10712960394517,1.26655678302741,1.57936289863476,1.10298680101139,1.51217079175598,862.13013018925,914.079328986003,755.155913021851,1184.48524693392,942.883519439891,0.722098496938701,0.839902633377658,1.02069524369735,0.805786308441453,0.829223316049696,2.43620053191252,1.88055102628805,3.73719821117776,1.57702052620638,2.99711175764915,524.292080563862,562.718376549999,469.9542522006,632.693311413141,546.630995958923,2942.25812330941,3123.03783693478,2060.4175686948,3458.39810961827,4877.17474353675
100,0.215,0.825,0.207844400994472,775.909826210951,0.174375694121379,924.869251041088,229.813843872325,387.060635736324,1.3,1.52275459849661,1.2997045237446,1.08750823425959,0.861160398273903,0.875327484221506,611.024743648128,607.641319507004,1431.82751308111,1755.83384062041,1183.62538461803,0.600739438423264,0.85716950157189,0.607806740005812,0.559048406039614,0.371022357697701,3.35594808666928,1.87432666843472,3.16974348125051,1.43532229261515,2.14411724964628,419.91912911764,411.069424032113,572.306688482433,689.40753940168,525.845960294874,3287.89889061569,1365.35807240188,17324.1801645002,15290.7148216943,50975.172988484
100,0.215,0.825,0.278487170955192,883.95437971124,0.158592041373319,924.869251041088,210.627343926679,362.492299414816,0.9,1.16440068657555,1.06802764832933,0.993416163721473,1.57308454873671,1.05883745682582,858.841871166632,1902.6068865608,689.551762594595,983.870215118631,1381.64519518345,0.831864040987141,0.488286902570514,0.682073097290485,0.958968298476514,0.752344960617705,1.55714100688078,2.61501108251983,1.44297160855632,2.83408151079699,2.2579362140547,540.791613746204,647.371380385081,444.253888142904,561.53352652213,578.386281865709,2452.8315709072,76676.7470236845,1474.52964649469,4041.91462572081,5660.97708824809
100,0.215,0.825,0.278487170955192,883.95437971124,0.158592041373319,924.869251041088,210.627343926679,362.492299414816,0.9,2.01203672260497,0.909944465533716,0.893506664022236,0.950436822291234,1.73868202264229,700.471418478704,956.696539358796,690.777419448976,1261.29469465857,461.494458694128,0.849355354048941,0.639950799561189,0.684141005599232,0.668379786175421,1.2229125633641,7.71593733064511,1.32194122996224,1.28660904915574,1.66124330036155,2.72256790907339,422.159021964735,493.738943654558,396.749153393718,588.337773144709,350.779401084549,4234.82923620506,3077.56045194876,1644.29301424772,5757.73188291493,870.929315874671
100,0.215,0.825,0.25758356990199,840.1141,0.163241635870107,924.869251041088,216.399595490668,369.485692399371,1,0.737560821619625,0.633824279568045,0.856186170095305,1.79880684715228,1.38529936011973,1682.12356973273,11326.6818434379,1977.45159450719,770.737024743437,503.888537385249,0.478048750187354,0.482769557502811,0.367357954151055,1.05588227196309,1.01206060451301,1.04648485922657,3.12302956259179,1.66858508769008,4.07165093109324,2.05918035257211,764.756549117899,2606.58567691442,707.617874750649,475.17175293361,383.794639430308,13807.0094082647,135271.151092805,203548.322742416,2717.39615817772,832.400041539621
100,0.215,0.825,0.25758356990199,840.1141,0.163241635870107,924.869251041088,216.399595490668,369.485692399371,1,2.29980187117984,0.755882971185556,1.14036268655584,1.60694963865921,1.28957743093774,551.115272040601,2938.8951371184,892.194871070541,654.228344387383,740.744478783205,1.74541543502826,0.451125486304718,0.712922832897134,0.786608967571575,0.913504779135282,3.52371870087254,1.53647833676611,1.64151352813476,3.03537469120139,2.00909736386338,429.648895592353,913.885401831236,518.700326916958,443.434492868076,472.921502785885,858.880441543972,250191.904648664,2958.51150011509,2396.94743424085,1712.80882578205
100,0.215,0.825,0.233754681559727,803.563879727765,0.168562831860821,924.869251041088,222.883586821744,377.709824077126,1.1308,1.02248172439853,0.961174497670785,1.35989180032009,0.961541884432119,1.75125639465257,1081.66191061846,1002.60182457554,550.622070238475,1004.70213703105,675.732042098533,0.730576119453685,0.690631375633735,0.956250631876846,0.593934799056383,0.758196306435572,1.83522228459292,1.47322248764771,1.88168697256245,1.55927314391957,4.60658079784879,545.019065935554,518.238699095941,381.239943402386,502.917710495625,437.85664767661,4789.99971033648,5962.29017756473,1042.46107670501,6796.45573656388,2868.95653782176
100,0.215,0.825,0.233754681559727,803.563879727765,0.168562831860821,924.869251041088,222.883586821744,377.709824077126,1.1308,1.25403248894058,1.44533469543333,1.39151452811369,1.03326618374509,1.55818532884967,795.773927768683,790.124931450864,605.786046170214,778.927789836037,802.864442211157,0.541275433748402,0.820791760515054,0.897927999800222,0.831545710862459,1.02375700245115,1.961190657209,4.48687032589364,2.68341497765552,1.30671546327421,2.46335378958245,486.306773162861,462.032582928392,408.818146121512,468.100833011048,495.720127347181,26622.4270539143,4148.92083075201,1634.17806130955,1655.4380590364,2295.027926462
100,0.215,0.825,0.222548475552248,790.258249769115,0.17107334979663,924.869251041088,225.896577087981,381.694351762218,1.2,1.48169275290121,1.55213274650187,1.11778640395462,0.90816691641972,1.10391098975703,733.8072492529,661.998812911597,836.674747865057,1923.48046093972,761.835889859854,1.16354964582447,0.86771064585003,0.450543295972329,0.562216227072682,0.533311854727982,2.11316204428926,2.54046142828081,2.16153244339718,1.94392268020124,1.7200263348028,471.143242855721,442.685601701392,443.692275574941,681.068933688955,468.767291829178,1506.59263219302,2082.2109271163,13349.0983539092,28550.0567805755,6797.47383018193
100,0.215,0.825,0.222548475552248,790.258249769115,0.17107334979663,924.869251041088,225.896577087981,381.694351762218,1.2,1.13054159120117,1.13764201741357,1.60600797045729,1.37349284133784,1.59897797657371,1516.22807671597,652.043649208837,534.658945369093,1081.8842727676,423.957215370588,0.662875360513471,0.863472513476682,0.93228619158181,0.797509137767142,0.749175805269232,4.13712618490668,1.84622163026476,3.6953671969471,5.12961972645871,2.99709797218998,502.241266595585,384.830101719287,373.269341548015,446.593298177824,337.860137688086,15659.3935917637,1289.5241491659,1743.65187870397,8277.5542473386,958.057199091457
100,0.215,0.825,0.207844400994472,775.909826210951,0.174375694121379,924.869251041088,229.813843872325,387.060635736324,1.3,1.91928707823767,0.886184941241898,0.930736781242308,1.49246440780116,0.767836027728728,746.337711220398,1331.72401855222,2577.3860774915,593.587693836325,1275.41949611046,0.913599522564784,0.673412408979007,0.583120851058928,0.916814336566131,0.559106254337993,3.90620645555405,1.34343603747234,1.32572197486127,2.0363189819653,1.13076018529236,481.255719401457,695.689842117811,1056.34500113625,428.006257948952,682.998352061637,3863.94325449462,4560.69432826081,19113.2361430321,1178.2763353467,6178.81690327344
100,0.215,0.825,0.207844400994472,775.909826210951,0.174375694121379,924.869251041088,229.813843872325,387.060635736324,1.3,0.911735308711593,1.8533828932736,1.40689754565433,1.4382058042909,0.881199005373631,1007.0353292509,593.023355189468,916.318321050511,608.35192253258,1645.78627552067,0.717543311557235,1.17741777718382,0.649797202785754,0.873200092514543,0.639428779175955,1.23003457787365,4.30775234756825,2.67835128471749,2.05004554566944,1.26100165900748,547.475199158069,410.922484988804,501.437896007458,417.929629992225,703.316154124375,3496.22134339667,1363.34889222203,11023.4629543418,1500.7798806093,7876.24976262571
100,0.215,0.825,0.278487170955192,883.95437971124,0.158592041373319,924.869251041088,210.627343926679,362.492299414816,0.9,0.59652326176439,1.44766664681267,0.797094381450642,1.55005129904912,1.1824146004687,23328.0676132866,754.514391050938,1151.6419338405,661.416911376938,879.229508365159,0.288742484993845,0.936050941134644,0.521006792248444,1.15458841701586,0.842536594001731,1.31150943033273,3.48953483989046,1.1092310282345,2.40041382161141,1.94965070584578,2585.50747179246,468.456976896172,628.37771627429,445.934001884422,522.913160479502,533464.649706016,1920.3283746403,5279.88623475455,1211.35208920097,2134.39006850347
100,0.215,0.825,0.278487170955192,883.95437971124,0.158592041373319,924.869251041088,210.627343926679,362.492299414816,0.9,1.0655005661567,1.87521938023087,0.992810701026612,1.05653553722519,2.97511396553103,732.275775164331,603.686418731103,610.176526193534,1017.59210656765,443.921582428133,0.776380597798703,0.996224444398892,0.710220889839844,0.808635056908722,1.68790420874284,1.44564980552009,3.43623089261092,1.37964601071386,1.75416744250246,6.1240946762105,445.880730276685,431.897128475161,385.648227119777,543.635666590329,371.255499562176,1877.73988104806,1525.83911325585,1336.34007003231,3257.97870071745,715.553886877384
100,0.215,0.825,0.25758356990199,840.1141,0.163241635870107,924.869251041088,216.399595490668,369.485692399371,1,2.06676713144832,1.22387773453543,0.982907613687638,2.16407307052115,0.93652372993225,717.71825441206,760.295876043974,713.587872963291,865.870042529034,1100.57166553276,1.33633055353156,0.806100940506073,0.709987141074009,0.756923412765673,0.640489622254705,6.8327200524977,1.59192232714776,1.53563485223632,7.16642688861628,1.45868293965635,428.966922492984,469.565488908753,431.66752849434,451.164495997243,595.229892164637,2298.65124285275,2254.20345381273,1596.31914888578,3083.2204731793,5075.6486749955
100,0.215,0.825,0.25758356990199,840.1141,0.163241635870107,924.869251041088,216.399595490668,369.485692399371,1,1.91557659831462,0.623811576857611,1.29717604204466,1.11796190397726,0.656119546909349,722.164676031711,2770.26929132456,801.340280953734,905.40332685979,4451.01691101609,0.957017608638335,0.423358993720401,0.84954737683658,0.751345436567889,0.363651642677965,4.36608292071272,1.46186920267128,2.41561903811481,1.81748028491729,1.53020690506893,470.521876872868,832.735634639616,499.736103515079,517.051319552115,804.774270185839,2355.51674485631,31905.2016454795,2409.79939482544,2595.1304505393,277187.230009782
100,0.215,0.825,0.233754681559727,803.563879727765,0.168562831860821,924.869251041088,222.883586821744,377.709824077126,1.1308,1.03531789241372,0.893311073290849,1.48159617065811,0.862657949018041,1.22429149779906,800.234383421187,867.628192183335,632.925932714166,2074.14863278394,1079.22006215558,0.751836820883644,0.710465481438843,1.02129210061443,0.537861985168553,0.810301108088887,1.55682626092069,1.15624530977057,2.07238649705749,1.6850449695223,2.0149330928591,483.647535710737,471.733934682373,419.425910442468,762.22991287247,548.212659309802,2405.00161614638,2241.78240244284,1262.8079043695,33427.3237135882,5061.81012078438
100,0.215,0.825,0.233754681559727,803.563879727765,0.168562831860821,924.869251041088,222.883586821744,377.709824077126,1.1308,0.634380075602372,1.26317788014378,0.852462738436383,1.91958957057139,1.54799250045348,3241.56037909562,912.291492907151,1632.16082528763,621.757897333216,683.953236630675,0.419188370389989,0.842945788681279,0.466955424617267,0.906776128467541,1.15614623580473,1.02182831306143,1.88000677132264,1.72137397312317,3.94889173382629,2.27001890025378,1047.67649592365,545.464503349193,624.925889600518,453.446411803007,464.873009777448,38719.7072146936,2708.65721231831,31512.3603715718,1564.21409589627,1307.56782024616
100,0.215,0.825,0.222548475552248,790.258249769115,0.17107334979663,924.869251041088,225.896577087981,381.694351762218,1.2,2.05586046208428,1.02408667870522,1.14367356494817,0.741240910534159,1.26590154564826,614.566557171677,1162.36764600181,1658.32418777854,2434.99062335326,753.886797032633,1.2117071383825,0.578621687219821,0.517137135528204,0.362225678981836,0.560308306388936,4.88341370787381,1.92371438114081,3.36682531369143,1.79373944972924,2.61971883268577,439.248189098167,556.546464146252,605.279570342697,709.657369840693,477.851912308582,1348.29259858179,5265.98649177171,58182.0246354525,156466.741349341,4190.14286804766
100,0.215,0.825,0.222548475552248,790.258249769115,0.17107334979663,924.869251041088,225.896577087981,381.694351762218,1.2,1.00215421100091,1.57863894523234,1.35576266264753,1.05749248079862,0.937872566535946,1097.40407541153,524.962684011856,807.263139171796,849.94506161153,1653.83935731384,0.670688878440448,1.02938750544502,0.820580377923174,0.773064304175478,0.677381748243169,2.63315259195564,2.62621016541883,3.05802138558311,1.47179759066823,2.12658016531745,504.225244989547,388.94568297407,469.001927080278,538.692641896934,679.361847106103,5340.99097382678,1129.01609791386,3193.7975436979,2368.34833864102,10420.6823192115
100,0.215,0.825,0.207844400994472,775.909826210951,0.174375694121379,924.869251041088,229.813843872325,387.060635736324,1.3,1.13390160165541,1.31583676170622,1.00421360527881,1.14357565027137,1.61324004109092,1039.49052206484,790.373956793054,1411.26965887926,852.980775099987,811.719730455619,0.696098579761605,0.91993042928562,0.594432303398933,0.655941657438123,1.02698220420909,1.96186418461214,2.22862864800855,1.95359250944259,2.13712691189729,3.84146332875101,558.136187445108,509.708393759708,622.651455264796,504.930654856824,510.11078401095,4815.53510873325,2265.65518965473,8981.00828871843,3877.09923503668,2999.58853816634
100,0.215,0.825,0.207844400994472,775.909826210951,0.174375694121379,924.869251041088,229.813843872325,387.060635736324,1.3,0.922244333072317,0.797277316836907,1.76924046832693,1.1670749834994,1.28493800001025,1889.18442026844,2714.68655193125,647.138827065265,900.588956423574,747.230109656226,0.620013019632755,0.520428390981357,1.13043340698105,0.77344006227768,0.986781262123927,1.38291944411004,1.12938483483994,2.86817794558339,1.77607176296392,1.7123684991464,824.440533283314,1046.25128264078,449.996939975465,546.854531529072,484.867344477891,9739.07569577551,22342.9909420799,1307.71328838814,2856.2952273744,1537.9292841015
100,0.215,0.825,0.278487170955192,883.95437971124,0.158592041373319,924.869251041088,210.627343926679,362.492299414816,0.9,0.839247738676226,1.13206988584089,0.752412215805936,1.33339708485364,1.15794737490887,1774.16681263623,1663.39991044404,1331.92232574371,624.683064814704,1003.75138097907,0.468277842698343,0.427529402773509,0.494307865390775,1.0129585922674,0.692604710731125,1.67301384065749,2.83991661060244,1.13938671222061,1.98454774276675,2.15302716359692,721.542634829813,605.986336828723,629.401563052794,426.371366221642,537.48226517814,127518.651608405,71898.9351751026,6586.44638427309,1207.10662474236,5150.192782605
100,0.215,0.825,0.278487170955192,883.95437971124,0.158592041373319,924.869251041088,210.627343926679,362.492299414816,0.9,1.07126543805807,2.71010485387669,0.553776894805034,1.3408296448589,1.29276029045917,1019.52987691592,734.560268195473,3114.66723707326,569.27822298135,814.411723346975,0.489035157709451,0.852529064895099,0.364401698650412,0.945220915008356,0.981847800275018,2.18252877139483,48.626784875166,0.754625832469651,2.10193921855355,2.0630575967867,511.317100090516,373.325313736503,1101.88398201126,411.407123330726,513.955041931881,19440.7474634275,3429.59320548251,47328.0966522408,1014.0754468142,1896.8647707895
100,0.215,0.825,0.25758356990199,840.1141,0.163241635870107,924.869251041088,216.399595490668,369.485692399371,1,1.33370625531943,7.32882510141337,0.778002020391293,0.829885756284522,0.80511253260896,574.6067227164,435.621363396817,1123.55229963335,1099.99106734646,1073.81243206244,0.972878359582679,2.21044020053176,0.482851927886091,0.558982969332553,0.535415690501287,1.93183362965985,16.2371253704978,1.2168885304894,1.180354093098,1.26296029997381,393.005736945051,384.882032786949,509.052381800801,533.592697550365,517.612618033857,1174.12774462282,1017.04297055361,6688.91833316852,5935.84639246588,6374.3127584512
100,0.215,0.825,0.25758356990199,840.1141,0.163241635870107,924.869251041088,216.399595490668,369.485692399371,1,1.57220698380281,1.22448391651252,1.25502612629877,0.928528683223047,3.98495715314031,655.057140877611,847.845880711455,872.062441421199,774.345407624849,492.162052036956,0.959030464880107,0.759702566194516,0.88160502073684,0.666676854149183,1.28737073836607,3.59896090362032,2.86475227974205,2.08357477155075,1.3626545676787,8.97478275976097,430.01249910393,476.724282631432,509.712436465143,459.501546429755,400.521050506945,1963.674843045,3359.55179793496,2603.37071724993,2232.1486708001,964.908600661044
100,0.215,0.825,0.233754681559727,803.563879727765,0.168562831860821,924.869251041088,222.883586821744,377.709824077126,1.1308,1.56236919097697,0.701253064547979,1.16654336001391,1.12121171462998,2.11956877538018,554.913740415733,3716.34611970585,891.276701287173,830.277792310008,715.756110093849,1.14993077048341,0.29872987361149,0.557729442118567,0.519755073775542,0.928106403525568,2.20943884912328,1.33294271618008,2.41007251810373,1.79899908298391,13.5007830117868,402.358437709967,950.490559389548,490.588293456558,518.683356584298,426.291368034161,979.325248293083,885838.088893046,6353.11669555306,4783.3652236193,3076.39125706966
100,0.215,0.825,0.233754681559727,803.563879727765,0.168562831860821,924.869251041088,222.883586821744,377.709824077126,1.1308,1.10864104300409,1.26824162586788,1.28375094852507,1.00065688513493,1.24282617693624,1832.17538753071,654.619062046575,738.341304933753,960.888669309015,960.33467721831,0.770915686331989,0.781762502592799,0.999824861026895,0.722931067858661,0.840260784232821,5.02036498119889,2.23456057317317,1.72692846477039,1.62718286507749,1.79643595588409,687.121089204831,446.002622413505,469.856765068735,531.45545726707,558.155258356218,9156.62500960823,1764.78974176147,1660.78954618527,2547.78329523557,3243.32081892578
100,0.215,0.825,0.222548475552248,790.258249769115,0.17107334979663,924.869251041088,225.896577087981,381.694351762218,1.2,1.48392264936322,0.896318644808319,1.30674800598227,1.2307683801014,1.0589465296694,1052.31201374432,897.809744013435,1249.55652309608,707.829312758117,967.098041980423,0.876451465361038,0.629668393566082,0.862150881846909,0.857382207004814,0.672074755789645,2.44749488687458,1.34537647736957,4.76404822881085,2.03449424292899,1.80317123281487,590.153776387276,484.32596067282,586.747779697409,469.576478959795,541.244619532757,4292.69827742085,2669.80817074356,7235.13040588174,1873.9197209794,3156.05777012883
100,0.215,0.825,0.222548475552248,790.258249769115,0.17107334979663,924.869251041088,225.896577087981,381.694351762218,1.2,1.35451029910889,1.2672545904912,1.04651558032764,0.7967052279593,1.68308379549955,1217.5558390986,618.443937849654,851.457926343668,4365.43735809804,551.180951625459,0.926896294235198,0.950097754195793,0.751938583254715,0.418399030834686,1.04029071443125,6.18324186352182,1.9229111416752,1.47693814746017,1.63409894114859,3.46775273594191,495.584723483641,439.713899988146,509.716233857798,893.860271457663,405.374239559814,5354.82412680437,1107.6667418637,2220.0464652382,230009.939786714,1117.1276683479
100,0.215,0.825,0.207844400994472,775.909826210951,0.174375694121379,924.869251041088,229.813843872325,387.060635736324,1.3,1.39249943728787,0.969396105216783,1.72240366201276,1.19313172171166,0.948398153235619,903.099148932806,1263.28539761072,679.677584922531,809.355872698496,2134.93100750495,0.79792956416917,0.610241553525501,0.804187103263819,0.837479981647617,0.477840306398838,11.9810950320047,1.79702248095137,4.77941261748932,1.79914479177258,2.14457700067621,436.739705262137,596.124326639075,449.983841769501,504.700134874777,725.663487283784,4896.89498019942,7342.21510078371,3263.28629264596,1924.67229979103,62224.1195979084
100,0.215,0.825,0.207844400994472,775.909826210951,0.174375694121379,924.869251041088,229.813843872325,387.060635736324,1.3,0.472433666363899,1.38491321366153,1.03408152404251,1.36417967333168,1.18840531049278,45319.7597702239,790.081200720006,1218.90783034572,795.690664511138,953.203301605513,0.221119497419633,0.802958640340394,0.653301326062848,0.726075969721941,0.619023846191883,1.65652192584628,2.1889729783566,1.79823975333318,2.06492125187125,2.28010988268925,1190.51454064935,501.940094875688,608.398205627007,504.491561122756,516.591958695699,53541459.5159268,2249.83014190648,4724.95255529515,4323.70785633208,6209.01680247125
100,0.215,0.825,0.278487170955192,883.95437971124,0.158592041373319,924.869251041088,210.627343926679,362.492299414816,0.9,1.1160319389159,0.961996886024818,0.821615484766168,1.54558047350756,0.952787397826729,1828.29847521109,2236.09757622538,709.600941266744,586.652999597657,1168.49300235881,0.707983695205155,0.64878727435981,0.60253303076892,1.06018862522486,0.648203071535155,5.21483603043093,1.79363327268875,1.20056884798675,2.47783604600781,1.40122198622954,504.290065368798,793.290893035112,429.441899479197,423.560159821537,612.169407002259,17966.2198810491,20033.9424389623,1639.36043603878,1315.66039329458,4591.75019634424
100,0.215,0.825,0.278487170955192,883.95437971124,0.158592041373319,924.869251041088,210.627343926679,362.492299414816,0.9,0.994421010007173,1.04533012416663,0.711264705993906,2.17842985129568,1.37741595838029,1413.08500668741,1260.11325595494,979.200688048033,511.497167532239,804.394654713768,0.530218736971518,0.646014903086179,0.520000587013481,1.12176222504506,0.706629323495206,10.4303753402396,32.0118831901668,0.943581751480244,4.7881690149431,3.15928574881457,400.738135319187,394.298468583532,555.593595350914,392.780941670634,457.745192046603,14499.3606577937,14751.5328970249,3938.97701123434,1198.62452646672,5054.58405053274
100,0.215,0.825,0.25758356990199,840.1141,0.163241635870107,924.869251041088,216.399595490668,369.485692399371,1,3.09425624522731,1.05722265818683,1.07572184140226,0.939278742807212,0.903372619089233,421.723303149163,1095.56484717002,674.362350199186,1014.31938428674,1110.12421862104,0.989853011994951,0.583062926843053,0.681131926431805,0.647424230173364,0.654948195330953,5.90623514907247,3.26566659600808,1.7458420742246,1.85091783628293,1.68180651648204,351.673128839414,451.132186250747,439.753550145199,486.138369155124,525.430833093315,854.237111549351,11164.4948850021,2095.85309638543,4370.89256924558,4181.96195565699
100,0.215,0.825,0.25758356990199,840.1141,0.163241635870107,924.869251041088,216.399595490668,369.485692399371,1,1.27907701735408,0.97004208419301,1.29408149724162,1.84331793886657,1.07306793710846,801.227364417015,732.745687866303,522.191427745263,677.029557751751,882.834740717381,0.768007308158843,0.63785376168912,0.937965757633185,0.839498407177122,0.738512648996696,1.96895321202796,1.36449027545629,1.85982206269701,4.72533625017849,1.92700545848114,439.851177587005,426.925091755113,355.614264106915,424.114858804877,476.154321669458,2594.83255479361,2106.78560019152,898.126603066515,2718.69910065242,2784.91038286049
100,0.215,0.825,0.233754681559727,803.563879727765,0.168562831860821,924.869251041088,222.883586821744,377.709824077126,1.1308,1.00297977640583,1.09759644092153,1.37314907547512,0.851147245600182,2.96158105671498,1344.82891107268,666.775753890612,600.641556716502,1635.38194013645,603.145667745541,0.462900083715081,0.818116560299689,0.973663440120327,0.64559219046578,1.65185777123998,2.02146021457545,1.55982318242993,2.38636606577602,1.31156605231367,4.50912464881228,606.682575136692,438.899545847525,425.413332003401,692.103414184668,454.839614003025,45672.3920553898,1396.41825574333,1441.70887512051,8022.99703299509,1194.1435131814
100,0.215,0.825,0.233754681559727,803.563879727765,0.168562831860821,924.869251041088,222.883586821744,377.709824077126,1.1308,1.40734639827584,1.00558330770988,1.16715343471552,1.68809011683253,1.2198733865424,738.008138866285,1018.30499396388,581.351872938362,665.777294460465,1010.68403799558,0.976927802244989,0.689043860097097,0.81556559064654,1.21764972881343,0.601772445591646,2.09430102944975,2.04311681712314,2.01807197232475,2.43190926628546,2.16104923648522,465.773684613604,519.530980929801,386.921905353557,436.933248532168,500.601236318644,2614.00305099572,5513.05745400724,1191.94386361016,1731.89369971029,20617.815600062
100,0.215,0.825,0.222548475552248,790.258249769115,0.17107334979663,924.869251041088,225.896577087981,381.694351762218,1.2,1.14357212361513,1.10541121713895,1.16088767736614,1.66699916232379,1.33387996131637,1156.2928697727,1354.51488997569,690.699654219837,560.332183759779,1076.90029050048,0.729473996280574,0.694730974027943,0.883247714975002,0.977287371394039,0.936208122282753,2.00567783454243,4.06329661073268,1.55856655873451,2.79022935784473,2.46052050342285,581.345408785577,541.148646786442,452.197817537523,424.062946056649,580.75306836522,5310.1674456474,8769.34184356396,1356.04290118614,1467.5325479976,3335.11288967494
100,0.215,0.825,0.222548475552248,790.258249769115,0.17107334979663,924.869251041088,225.896577087981,381.694351762218,1.2,1.55834182781224,1.01015223662045,1.38546094284448,1.13232604646103,1.23108656242425,614.907020165426,931.62128299143,777.039087363481,1045.77400524454,978.622355212707,0.792816913701941,0.747819188353107,0.821351546065067,0.720212474592391,0.60888354163522,5.68491561074084,1.361959810818,2.29706326472695,2.24580388815799,1.8920224292154,416.008546050208,541.741256403269,492.302126842442,508.1376199885,559.457960729104,2476.04420405557,2296.44878659301,2628.35573212536,3999.52018273922,7225.31147184469
100,0.215,0.825,0.207844400994472,775.909826210951,0.174375694121379,924.869251041088,229.813843872325,387.060635736324,1.3,1.54324347421469,1.09434756477071,3.64305520179342,1.46758493945499,1.24390671154422,674.706650942256,852.557022925293,509.371266092721,761.251863033918,811.792341851331,1.06935703945976,0.682543078672597,1.61031966987316,0.829058630916841,0.888614187768107,2.71441493996417,1.69118472051569,15.2079035525652,3.90869173242606,2.74463979820048,454.117844124606,493.521579815969,407.78851891644,454.944580186709,471.872361986376,1440.32902170139,2416.92662522987,1216.03994730372,2890.90726986228,2086.86701215003
100,0.215,0.825,0.207844400994472,775.909826210951,0.174375694121379,924.869251041088,229.813843872325,387.060635736324,1.3,1.27405156344717,0.947738566789658,1.60192039393471,0.834580998971908,1.60181696005328,796.30434863793,1091.87732217138,966.843351308103,1644.26915857361,849.541098281975,0.873848160604289,0.589210705366131,0.837676236213047,0.512264960245536,0.963890025299332,1.93785169046994,1.41676991027134,2.37221020179154,1.49232704719555,2.59949043508304,507.128511081424,581.116501106543,548.388783727097,706.420616982318,553.611385091153,1818.90973661421,4184.13027896418,3104.49182443573,15590.5597539208,2944.47498508883
100,0.215,0.825,0.278487170955192,883.95437971124,0.158592041373319,924.869251041088,210.627343926679,362.492299414816,0.9,0.980404620689505,1.57535166190024,0.578427007702174,1.18464904225715,0.940365913130654,987.677237017949,550.054758243448,3270.47122825418,814.173881329753,2289.14926147798,0.59991594992348,0.944698067563788,0.359938155275609,0.94720683830516,0.545787526227519,1.65514183144298,2.3758029965283,0.986922024838599,1.57670293845765,3.99164191829062,517.306763257221,389.136901014574,941.314435830549,474.489290769516,824.395382906745,4214.07455429287,1005.96067251835,93825.0378733924,1710.71855681728,20784.9851759697
100,0.215,0.825,0.278487170955192,883.95437971124,0.158592041373319,924.869251041088,210.627343926679,362.492299414816,0.9,1.33284242702346,1.15723776820207,1.17947122858516,1.69977023345518,1.19594679902954,823.494091314937,648.103208236809,989.030057101504,701.541923373702,739.222540658145,0.897027716332467,0.812516190726824,0.842765930723387,0.94606568806623,0.809489874707968,1.99146904722992,1.59716753546615,2.41482038049588,3.93087509847632,2.19268974841792,475.982765190178,418.364345904547,514.146960850186,444.800126595982,434.585934074187,2512.73863358768,1254.75559783102,3578.94606127488,3791.68957504599,1899.93255270812
100,0.215,0.825,0.25758356990199,840.1141,0.163241635870107,924.869251041088,216.399595490668,369.485692399371,1,0.857766791176631,1.06941865388124,0.935472277267619,2.48064355938914,1.16519798449381,2651.76017729847,1290.80392601636,611.414912516512,536.160731319809,874.317933644996,0.530019455615413,0.526059442809258,0.58986425401255,1.73452370091891,0.780541273421793,2.72299197539241,4.03878963302892,1.63429865302895,10.5114375968295,2.39485430556094,596.693639821488,458.39979195273,395.030013784858,395.091253279591,474.675182995721,108400.100231348,29094.7135443238,1670.81940906763,949.507670437579,2493.17306690509
100,0.215,0.825,0.25758356990199,840.1141,0.163241635870107,924.869251041088,216.399595490668,369.485692399371,1,1.34304050925683,1.37623183262614,1.08532172353478,1.7298121421757,1.88394488638068,842.206745895884,699.891887681444,624.434824140963,710.702872397482,535.63444172351,1.02603779834376,0.898210132157592,0.808952346296225,0.869083465686198,1.09937661152513,4.34732012801163,2.45752590287306,1.40875349327434,8.60020889160996,5.78057610730804,455.547838779471,443.540026303728,417.166127191635,400.395541303417,384.365419809447,2306.41775669253,1748.93244705411,1248.34478319964,3408.77987705586,1597.69179559909
100,0.215,0.825,0.233754681559727,803.563879727765,0.168562831860821,924.869251041088,222.883586821744,377.709824077126,1.1308,1.54931608052995,0.85940275968823,1.57388918179271,1.1024943041622,1.33730524577014,763.27898277464,1035.8869802683,447.678936764981,1433.81242407329,1111.39012294123,0.876027050807053,0.603407450575785,1.20425907441368,0.605502444491326,0.679610715401536,2.97836650761943,1.33670398820615,2.09348365704636,2.59896491961789,2.62846739527648,459.497464207056,534.222266687289,346.957945392983,602.978365249831,567.802872872773,2293.37671016223,4403.72080886757,697.143591286953,11808.1414367237,11051.6249350466
100,0.215,0.825,0.233754681559727,803.563879727765,0.168562831860821,924.869251041088,222.883586821744,377.709824077126,1.1308,1.86234837742783,0.763995549703769,2.08145402183552,1.36421902354784,1.72019691458837,684.250050749134,1539.7102255349,516.03856462508,674.212436117094,862.798644232019,1.33542088583052,0.43804060955728,1.45018999708363,0.835185172111069,1.1182539572951,3.06698298380222,1.15998110845141,3.06300767535214,2.47108321143386,58.0988372371209,446.30304830652,712.462209641051,400.753039251711,449.391844508512,395.254434773513,1570.68248996318,17996.9808953404,860.754544614127,1996.32564301956,3215.50916005726
100,0.215,0.825,0.222548475552248,790.258249769115,0.17107334979663,924.869251041088,225.896577087981,381.694351762218,1.2,1.1182302035421,0.991957560942173,1.19458981005795,1.23691912920211,2.86215483459678,1074.21593517871,854.839930424729,765.888575855124,1121.92014525014,595.126618765589,0.79967437507555,0.706307642710394,0.824463012460737,0.585782316805904,1.10257246840027,1.93091365160083,1.47482490648407,2.00930283584477,2.34620633168387,6.97524877281428,584.91878746565,497.571399619141,474.483069160137,584.87509728085,433.470551434106,3432.36316916957,2607.57940141803,2106.22114092521,15152.8830527645,2068.32427411067
100,0.215,0.825,0.222548475552248,790.258249769115,0.17107334979663,924.869251041088,225.896577087981,381.694351762218,1.2,1.0066973942841,2.88899095843769,1.40714118119648,0.894504778002438,1.38277323614262,2218.94515724798,536.993350162927,568.713322756334,1540.95757028301,542.462529340751,0.590846296832201,1.1064112650641,0.962075413144491,0.610008516025734,0.869684478414914,3.42250812119051,6.65373617979119,2.06086624249383,1.32608233913244,2.05443422457976,604.327595388589,410.147971569057,400.267379152205,629.235441228423,383.456676656669,25793.6948232475,1367.1463543754,1034.72558315947,10027.1446318911,1158.57913321025
100,0.215,0.825,0.207844400994472,775.909826210951,0.174375694121379,924.869251041088,229.813843872325,387.060635736324,1.3,0.511975150292288,1.02726071101566,1.40910666535677,1.46250030101582,3.69829358524339,15494.4944909164,998.235360264609,669.963802933543,636.364362045293,592.32299935167,0.262022500197299,0.757003341207639,1.02262154981203,0.758717333431422,2.0616631609315,2.18078330759054,1.47067957175064,2.12209411683967,2.37118482903773,12.2038985036521,994.981757620854,598.434657127814,469.458994977735,436.80863786359,440.218408171805,31443334.88519,2405.65233893736,1362.28503444752,1880.73917039885,1572.98196541847
100,0.215,0.825,0.207844400994472,775.909826210951,0.174375694121379,924.869251041088,229.813843872325,387.060635736324,1.3,1.60083109008749,1.09171630395298,1.22429190691383,0.985524291209766,1.36116066241153,712.708857087234,1220.95947609648,1343.78601975347,994.521783755373,725.167688504565,0.805645491515576,0.607030947795523,0.902889497913036,0.749121403044759,0.991453622828582,2.50946517128542,2.16539532845403,4.82994426989019,1.30173949504082,2.18715429149552,494.141827186354,592.007473622281,631.024293604527,556.084520961313,469.67962378629,2476.05525228695,14769.0996379667,5427.24780516518,2827.12656910307,1755.24813646773
100,0.215,0.825,0.278487170955192,883.95437971124,0.158592041373319,924.869251041088,210.627343926679,362.492299414816,0.9,1.0898192326608,1.55626875710961,0.911949091858254,1.66064645338552,1.38562427523803,2369.12673299061,841.61055917626,845.214760277115,881.028222237536,810.442680622799,0.671225704480454,0.513771909112072,0.527560959154637,0.98504581982525,0.72395063107721,4.42641414216847,2.63506538495425,1.44220203257929,2.75691427962216,2.22804123265416,798.420998129026,512.901158133481,483.805250133015,552.931053569702,498.576239909688,13021.8608566866,11200.7045949384,3422.04509387184,3491.79844649467,2454.23767289837
100,0.215,0.825,0.278487170955192,883.95437971124,0.158592041373319,924.869251041088,210.627343926679,362.492299414816,0.9,1.75772299688788,0.700586648888989,1.06991668065629,1.91157299867132,0.76951346189759,690.515480092798,2512.44135391009,543.781091895237,663.950524768629,1679.90691041955,0.88737902710533,0.429262021793867,0.720172490200456,0.587172252838984,0.441322592690247,3.3216226545911,1.13080823361796,1.58038105998316,5.49167346697656,2.04575814680657,444.088505276396,810.997082920065,365.172196054129,421.084415646854,578.749774975359,2651.20878689883,31529.1846251882,1116.944927819,8998.52459267289,26898.5722609135
100,0.215,0.825,0.25758356990199,840.1141,0.163241635870107,924.869251041088,216.399595490668,369.485692399371,1,1.68020492620106,1.09821380894158,0.821568825150552,1.67007363634315,1.73908585597953,575.2302597974,1068.12936676218,1199.27300698265,848.348954457938,753.425158166238,1.13421816757099,0.638243794088229,0.557116980810396,0.624047932443229,1.23083824301901,2.34417350686712,1.80595372287832,1.41576743439213,4.50425978835226,5.84399135211501,424.88732920407,568.483432580554,564.188387120041,452.812298643147,448.225917880207,972.927380470642,8216.31916212575,4808.58636094842,12722.3837279333,1918.46866047313
100,0.215,0.825,0.25758356990199,840.1141,0.163241635870107,924.869251041088,216.399595490668,369.485692399371,1,1.82969962716675,1.05195863769315,1.02999450226536,1.22192487394355,1.07622104804948,635.209206385409,902.289493250337,946.125794771623,802.314870771811,1663.60470459127,1.22442162587338,0.792420698420002,0.709419992375091,0.92290244039757,0.674111406547161,2.88283109168526,1.74634042591543,1.55903694944679,2.03974450213249,2.32265271012748,431.594188925482,540.218038350426,518.350903297938,500.797134753294,686.24077006531,1341.31798160485,2605.13707616,2976.94646980742,2125.35397829986,16769.7182162692
100,0.215,0.825,0.233754681559727,803.563879727765,0.168562831860821,924.869251041088,222.883586821744,377.709824077126,1.1308,1.33731599670284,1.17117766277441,1.80550621828382,0.840106271568705,0.832527418648824,987.404657908366,1096.9973805936,491.299215924541,1695.45654641072,2003.93887536195,0.720908960205411,0.858624402992758,1.28135001861653,0.49182656999983,0.609833236503375,2.28462896851445,1.68513949698728,2.61271280020962,1.21564870176323,1.33568033223741,547.629924642819,590.930714543901,380.784126438397,785.740792766862,834.556130656762,4086.00252756433,3226.01746010219,699.266924331504,11092.1404136676,9352.33196882949
100,0.215,0.825,0.233754681559727,803.563879727765,0.168562831860821,924.869251041088,222.883586821744,377.709824077126,1.1308,0.648906685294936,1.55925542399729,0.895096320319537,1.16549418971526,1.51527574397369,44182.6968738974,974.795864215837,743.254814439301,920.483725472761,653.147916365539,0.419712071745689,0.845548697304821,0.647583521655001,0.748142195791206,1.0606794073522,2.46853733944585,22.4218561070849,1.32038738743026,2.58736503443754,2.66784170139856,626.296160543697,412.178702556314,465.221833978052,526.340601662357,456.120226188914,358261.77803206,6233.72444954881,1991.67039723255,4074.4998491267,1265.79933114837
100,0.215,0.825,0.222548475552248,790.258249769115,0.17107334979663,924.869251041088,225.896577087981,381.694351762218,1.2,0.872024925338836,1.51456476236022,1.42137802085905,0.932555876433491,1.18392207744444,1131.14961730127,746.148561695006,732.255481798961,1259.41638901864,1079.12817416187,0.558888146647651,0.659931618074561,0.984277267014398,0.532505932344101,0.847637907741106,1.27882626444673,6.79834573338643,2.49952864576173,1.65972990880597,2.00327175045501,607.616005939923,431.14120696815,449.933692192141,640.135825239081,605.738152631313,5980.41794676917,6053.79869007077,1728.39657136909,8201.97304251248,3458.14082668303
100,0.215,0.825,0.222548475552248,790.258249769115,0.17107334979663,924.869251041088,225.896577087981,381.694351762218,1.2,1.36638038115551,1.17804172840028,1.0765570882756,1.18960905720502,1.06778229497333,1000.01459126234,912.463882113673,1157.76661086021,957.536226609636,1169.86295543227,0.828395782189972,0.822366108760654,0.718921363189553,0.74321441335784,0.480515377031726,2.78070893017383,1.7543689589844,1.66514989674731,1.99531060710889,1.93316606756762,538.873420816607,546.054776299185,611.974308607702,549.875195178812,590.225138950986,5043.48047232397,2496.09635371229,4246.2368982225,3303.14787681552,41439.7715305711
100,0.215,0.825,0.207844400994472,775.909826210951,0.174375694121379,924.869251041088,229.813843872325,387.060635736324,1.3,1.81364615652791,1.00180094666329,1.98175791222379,1.09574501690459,1.67055317757227,712.211249766572,817.738448868955,591.95083449718,1336.64317204411,696.285225854758,0.806770048761072,0.751503740476547,1.04885440169126,0.471749047314309,0.695088768645711,2.74257255893201,1.33481716206426,3.56165959694663,2.3658422886464,3.27745913709754,454.609702691573,518.868430777855,425.374635691565,599.857399401093,454.766625542737,2849.03905800934,1863.88929709044,1414.96477642463,58966.3172388253,4193.24319893022
100,0.215,0.825,0.207844400994472,775.909826210951,0.174375694121379,924.869251041088,229.813843872325,387.060635736324,1.3,1.7356164378222,2.18180005681758,1.5009872271814,0.928797646009397,1.87419942865065,633.784579272824,791.04086285069,605.00178891031,1085.70856168278,474.408137944565,1.18695808117541,1.11530157018952,1.12949975823286,0.695705130836746,1.31641075372826,2.46447328906943,5.09298359299667,2.1597628767656,1.2688426335001,2.79920256347825,438.949665713165,484.549370990649,407.159395138277,590.09956580735,377.026057300894,1155.23774939223,2680.43174654595,1056.51235705825,3472.30738597159,759.167126882627
100,0.215,0.825,0.278487170955192,883.95437971124,0.158592041373319,924.869251041088,210.627343926679,362.492299414816,0.9,1.14139937977174,1.62938215173486,1.42819508880392,0.999953120599272,0.494414234395612,1234.40600397853,1012.22198044848,469.708875380109,1086.71681130967,64748.2402606475,0.717861977899613,0.566337639275174,1.13847677876663,0.673865948361269,0.197870926980741,1.85931157981213,8.82744658080042,1.84006523849793,1.5879423021151,1.30256248342618,652.740060733622,435.910113448221,359.815372307095,587.250527916017,1450.99932404719,5153.21542987552,119405.878326009,731.443000413546,4151.93922663882,4786662868.67365
100,0.215,0.825,0.278487170955192,883.95437971124,0.158592041373319,924.869251041088,210.627343926679,362.492299414816,0.9,1.33376773864307,1.05884734699631,0.777780395956028,0.869669848495974,1.42057720905356,1069.99970116108,976.427038162296,929.801139342147,1694.42831018959,643.001457491774,0.709822887872413,0.444446362785193,0.485458084704472,0.468069572043456,0.989870224312359,5.80261979509815,2.39796422780859,1.20343343722609,3.11810777199449,2.23030745776898,502.298124228634,463.140956910518,487.10763937654,504.531938766679,416.993257834852,4967.86449557294,20865.7275798239,4196.38005119956,23628.0632806511,1558.5065885589
100,0.215,0.825,0.25758356990199,840.1141,0.163241635870107,924.869251041088,216.399595490668,369.485692399371,1,1.150676933673,0.755848316073879,1.25142106702182,1.55230304811303,0.820134252385794,1327.4260754914,5219.51021405095,960.910591860528,733.402170776074,1225.16937773642,0.817977936132218,0.441230058759658,0.91025389402185,0.91160697392823,0.678543880092628,2.44961794416069,1.3182300267228,3.36266832726365,2.93613720717376,1.04108831824909,646.075042739848,1500.31796463136,538.38781587781,480.704030844753,648.651261660976,4893.6503079729,532080.174222433,2525.8119898318,1929.0539364354,3261.11900415957
100,0.215,0.825,0.25758356990199,840.1141,0.163241635870107,924.869251041088,216.399595490668,369.485692399371,1,1.30653086893401,1.79743393801138,0.815986093909445,2.26679465686178,1.43471677855699,1075.98993540653,636.224809772768,989.55435213204,578.86723335195,628.103644653375,0.996861168400114,1.26951616842804,0.610504607690982,1.26383549994465,0.970142610591133,5.42913367502259,2.71992058878408,1.05520245606072,4.48686294148326,2.27593482157619,474.964641912755,435.836714872447,530.491778449835,416.483964905717,432.058386659078,4006.71584863594,1281.7527600106,3071.45285134449,1214.98151566533,1501.01062769628
100,0.215,0.825,0.233754681559727,803.563879727765,0.168562831860821,924.869251041088,222.883586821744,377.709824077126,1.1308,1.10102608203725,1.42907850049009,1.31491242691083,0.715403031455101,1.84015144569654,680.176684624007,728.640109627723,758.690422019848,8708.92614653607,749.353902463648,0.724041834067433,0.980204394321241,0.832340011538592,0.409325566431231,1.00304409733932,1.64233787759383,2.68343664157792,2.5980515104738,3.56847704792818,3.55705237625385,443.60245980661,463.41330636488,467.117658319501,617.652888275426,466.614115365108,1617.87822265725,1736.93672883645,1975.15571522928,558402.956405117,2615.14112287073
100,0.215,0.825,0.233754681559727,803.563879727765,0.168562831860821,924.869251041088,222.883586821744,377.709824077126,1.1308,1.48846805657715,0.986010475494117,0.959586621858039,2.71099391243628,1.23370554589962,987.213015775662,1521.09428840093,787.954903760215,618.919015602452,637.902115569147,0.630958296247501,0.662087072151955,0.555268578772055,1.38696507078383,0.81223422294584,4.23790299888605,1.60432204051664,2.01735974760775,4.95511338456526,1.99005923775545,501.224585587205,664.539999101278,449.780710776596,449.063628049205,420.762608147168,10418.3973292608,10507.0168007071,5091.71932947594,1806.65072192148,1472.50615471504
100,0.215,0.825,0.222548475552248,790.258249769115,0.17107334979663,924.869251041088,225.896577087981,381.694351762218,1.2,1.1465217085161,1.14518065687191,1.59734251606808,1.5222331692559,1.39603410895797,753.246567160237,2421.66008182855,619.632864258752,770.954428077932,768.393347928193,0.721350695364906,0.885703058714372,0.929012184991157,0.985231979290933,0.936532110411401,1.59658362368824,4.71123106670476,2.2336890706137,2.4121679868947,1.83411819587136,493.210949698015,822.114177959822,438.360503969402,507.300071947369,503.45913461915,2148.30716050958,7549.32589530694,1324.68166281262,2038.86579361088,1645.95497961107
100,0.215,0.825,0.222548475552248,790.258249769115,0.17107334979663,924.869251041088,225.896577087981,381.694351762218,1.2,1.92060850083035,2.32048154898506,0.993736073474905,1.076892848921,0.905995544036811,669.155085894026,543.550638424178,1071.72507810751,1567.54961557498,1022.16173134193,1.22732066214062,1.64181025994634,0.663105582746072,0.741253818792539,0.534078441586643,3.63609884299766,2.99003548775874,1.537069855358,1.53926391443921,1.30234811771399,452.987570067925,416.436773324117,594.265121201716,736.147788822488,556.084489011274,1385.58202070391,856.707242055614,5298.05197622033,7540.70478348749,3737.8079049547
100,0.215,0.825,0.207844400994472,775.909826210951,0.174375694121379,924.869251041088,229.813843872325,387.060635736324,1.3,1.38280389991228,1.02807891738874,1.17655789212558,1.00608851829234,1.01707038728647,1042.28715292329,976.898175430371,794.717243524058,1822.73911388633,929.693237796835,1.07371406517004,0.580086920825091,0.770082200773208,0.663831842170148,0.631317324003517,1.83866558478519,1.5448511328872,1.91745902941297,2.45037088152935,1.34387947161781,560.672053192432,572.640712928323,521.908675136023,645.980932782242,546.442364817756,2758.4833443991,6252.75210866536,2195.98418750245,12143.6927860826,2552.36531991248
100,0.215,0.825,0.207844400994472,775.909826210951,0.174375694121379,924.869251041088,229.813843872325,387.060635736324,1.3,1.26881292392576,0.944911497636925,1.27112319632673,1.07615651135408,2.43037897545972,1409.9829224518,867.727817528223,735.530039424562,733.762733981782,613.407392309415,0.671741719450658,0.676593322072633,0.748009056901946,0.696291764210669,0.904290260915907,2.534357802221,1.27234263973564,2.0981231049208,1.59563114460721,8.23717058622273,628.370522872985,507.651398964535,476.731454369943,455.663175175537,435.234153979129,12693.492994287,2411.91550048863,2444.38583679198,1815.89234260211,2337.91633899335
100,0.215,0.825,0.278487170955192,883.95437971124,0.158592041373319,924.869251041088,210.627343926679,362.492299414816,0.9,1.17338688188274,1.62482886091979,1.71157051137312,0.877889549294376,0.927475582136639,1114.10941019153,716.826857006882,488.26981719272,1830.20359768486,1081.43566479717,0.759091125008944,0.597739464374601,0.679140580987502,0.547488196187236,0.43745156905195,5.33123681035604,3.25294331895767,3.15051361187594,1.48855858733485,1.46142529255581,442.618896826839,448.905008288606,376.913221123632,669.182538851159,560.477351057071,5339.09912926988,5977.47831242856,1577.19511319454,23838.3963934908,14344.9639458705
100,0.215,0.825,0.278487170955192,883.95437971124,0.158592041373319,924.869251041088,210.627343926679,362.492299414816,0.9,1.04298379269988,1.26467145899226,1.11149681106054,1.22380421735539,0.959432932339328,1124.44300851495,567.308956081203,833.548575852509,698.583516821398,1628.38923120974,0.606045167241912,0.728610296347458,0.754495081352029,0.704149577382137,0.243609137376362,1.76439104842778,1.9365317157558,1.91368197523969,2.47795530355221,2.09607912238584,551.099091033761,388.336552985209,464.659454895661,441.230130398591,562.47081777836,8820.59409985195,1763.86375932808,3098.5883091233,2622.83333804784,3097585.00280479
100,0.215,0.825,0.25758356990199,840.1141,0.163241635870107,924.869251041088,216.399595490668,369.485692399371,1,1.33663289977894,2.22319366175452,0.779643121194651,1.1014553927765,1.2087018100341,1040.04369518522,607.895718617672,849.585905750826,911.842570516535,869.048887106059,0.636419341334197,0.848532679346447,0.57048999396809,0.73845576422828,0.833546839772616,2.14749621327085,6.66201315692728,1.11980456500227,1.65018496933671,2.16053511575533,585.993942596912,406.058764401279,476.970399122212,522.485797976426,512.823802043278,10177.8193242185,3360.42210551924,2348.35135121581,2959.93640335714,2476.50983613726
100,0.215,0.825,0.25758356990199,840.1141,0.163241635870107,924.869251041088,216.399595490668,369.485692399371,1,1.34248234192273,0.92354708066133,1.0288091447148,0.672759808978667,1.33717410025209,767.662558445632,1498.2637504337,877.888305704474,3067.08274064777,808.212035253102,0.657763263605087,0.354932277327004,0.71145167561906,0.513647182013169,0.796727438171683,1.84220416587868,1.63907553581896,1.42124328528038,0.897469200422472,1.84753922377744,492.31681513305,639.686346229651,522.301222574138,1117.94797398163,513.274446981248,3046.66384973665,128782.835363436,2459.68417269669,20239.6714736345,2498.06570721183
100,0.215,0.825,0.233754681559727,803.563879727765,0.168562831860821,924.869251041088,222.883586821744,377.709824077126,1.1308,1.11106362642569,1.15118920092237,1.34619684767335,1.96936511014326,0.964543001951671,1460.20489169928,760.629721764682,726.601128374007,592.645980794058,1082.51715986934,0.657710587082788,0.773138303062041,0.807619389124499,1.11461945776873,0.526351655614565,2.02483788050595,1.66900528721403,2.6460899712934,4.89161657244027,1.86260274314362,627.470099886342,459.511454826777,457.95244107942,424.478256285076,556.603255444673,9131.72729183024,2131.51623814482,2305.08989259154,1287.78336353739,14724.1214692724
100,0.215,0.825,0.233754681559727,803.563879727765,0.168562831860821,924.869251041088,222.883586821744,377.709824077126,1.1308,1.79768846372365,1.0049883868256,0.914320842056557,1.10928450787673,1.43305570479059,627.281753783154,1067.80328240711,1476.71907750319,998.474398895659,638.864835640143,1.24590025006142,0.651136248141486,0.645415238993605,0.814689859055308,1.00332584702048,2.88509566097694,1.43912926418541,1.27986626966759,1.51005199709041,2.00951444564596,446.848312380721,559.204682359076,715.958892230463,552.866997591093,441.194055892317,1301.13285633178,4007.46853847389,7674.43435637131,2510.12932938474,1258.69216585711
100,0.215,0.825,0.222548475552248,790.258249769115,0.17107334979663,924.869251041088,225.896577087981,381.694351762218,1.2,1.16145707401268,1.38379259939213,1.50039216066049,1.14297199253886,1.17786103802183,943.789981895598,753.136351111119,740.570595631392,904.478991186176,736.202934264149,0.885766700182571,0.952700599474053,1.04744751935472,0.774590885636181,0.813878259099377,1.73726339953039,2.33152010771354,2.39542903415433,1.78114586307677,2.03921227974795,522.545610807857,457.962720002449,484.786016294583,505.432984849437,457.223396214984,2321.52491503376,2294.4201885052,2098.64989176003,2504.71360518477,1959.24424426936
100,0.215,0.825,0.222548475552248,790.258249769115,0.17107334979663,924.869251041088,225.896577087981,381.694351762218,1.2,1.61546230657823,1.23353111232675,1.22614699552084,2.4443306081361,1.60447292868123,705.243294018374,698.612306343876,1332.2498025041,622.169903297005,764.323675911592,1.07696019541902,0.858734249041521,0.583717716326821,0.966155322851839,1.1408494011741,2.83731303195402,1.72636112800091,2.19346290354435,4.57708792871533,2.26492772490682,478.607517239451,481.401224828982,653.80361429474,448.957877314089,505.315092699869,1506.34679071778,1502.53934266764,10906.0596296985,2110.42150655589,1474.28023341443
100,0.215,0.825,0.207844400994472,775.909826210951,0.174375694121379,924.869251041088,229.813843872325,387.060635736324,1.3,1.78310626548106,1.00063668028853,3.43571785850801,1.00408542935988,1.37035051389773,805.694056429129,836.263408692648,436.225703051969,890.833366695034,567.438380512048,0.818732743749028,0.63630442103745,1.60670677743838,0.640245245620122,0.977748316016842,4.65003178831065,1.3316124325762,6.71644578463845,1.50174845329742,1.84497538450847,461.517127991699,494.040825723027,382.230445876552,511.379399494508,396.765155607292,2685.94708007337,2651.88848657854,706.723622021008,2858.11959798938,1008.79629580457
100,0.215,0.825,0.207844400994472,775.909826210951,0.174375694121379,924.869251041088,229.813843872325,387.060635736324,1.3,1.75454095747496,1.12007214701773,0.998713948853291,1.19471527598806,1.14104005116926,759.955024728749,681.770008005307,1441.88139157478,764.681080885966,906.449288610794,1.07977838533059,0.774427350795031,0.538006203606315,0.884966547544519,0.81288086747652,4.22094099433019,1.5628200892932,2.29419895632206,2.3859473105266,1.61188159035939,470.513714562895,432.332390508587,563.551903986209,473.087229394752,506.711655971832,2328.03683790608,1515.3066452628,29689.5884721669,2080.23538320288,2459.20391651219
