"n","p","q","prob3","prob1","mttf3","mttf1","mttf","tau","scale3","shape.mles.1","shape.mles.2","shape.mles.3","shape.mles.4","shape.mles.5","scale.mles.1","scale.mles.2","scale.mles.3","scale.mles.4","scale.mles.5","shapes.lower.1","shapes.lower.2","shapes.lower.3","shapes.lower.4","shapes.lower.5","shapes.upper.1","shapes.upper.2","shapes.upper.3","shapes.upper.4","shapes.upper.5","scales.lower.1","scales.lower.2","scales.lower.3","scales.lower.4","scales.lower.5","scales.upper.1","scales.upper.2","scales.upper.3","scales.upper.4","scales.upper.5"
100,0.215,0.825,0.553075327915399,0.0957972524877735,239.123435652302,924.869251041088,141.877032223114,241.321481188715,250,1.2930617907739,1.17636780546286,1.06490874125064,1.21921539869654,0.932494434768248,834.698984648863,857.891169469576,227.661708625417,623.098922642598,3786.01750248758,0.713449059173254,0.669512781874598,0.882999656734453,0.688096945656821,0.615109004017263,3.11575947320755,2.51574881498383,1.37756406053645,4.3896635168472,3.78407184342157,375.909716201976,396.908227325539,173.680750205441,296.928822294744,603.259910195186,5714.17707569608,6284.70862113951,330.207122161171,4643.94259921806,26929.3062592541
100,0.215,0.825,0.553075327915399,0.0957972524877735,239.123435652302,924.869251041088,141.877032223114,241.321481188715,250,0.808061286101141,2.58746159487831,1.10078993454897,1.60959121449669,1.55148619346253,5029.97191542626,365.266522972177,257.226864466721,477.188295919425,673.480226918314,0.507287631238524,1.20987227397743,0.82111809421522,1.13394082301881,1.15475086339448,3.51649671769477,5.60314613784444,1.34952209363698,3.10905104450761,2.57122988419847,901.755632883864,278.104128029271,189.814223262585,311.674704363199,366.101607295597,146246.194619888,1045.23272683137,397.23017589475,1522.79883069789,2271.3497492327
100,0.215,0.825,0.356446462328954,0.140393708864946,478.246871304603,924.869251041088,192.551785564447,326.781948325596,500,1.06546873100947,1.07063877570673,1.04218206630628,1.34434582787777,1.61077836681393,758.091184921707,1058.14868772525,882.352298584036,549.933552779518,570.319056287329,0.751210830744041,0.598632093170877,0.815898003804463,0.995836441767731,1.09467581799012,1.56201606633816,2.36085925097661,1.44656103363601,2.18543519866874,2.94335790932783,438.322089033187,482.325019710533,488.271592189646,378.587429937459,373.490200639358,2093.89523957859,7736.26876322688,2538.3979765901,1118.64330149519,1350.36625321289
100,0.215,0.825,0.356446462328954,0.140393708864946,478.246871304603,924.869251041088,192.551785564447,326.781948325596,500,1.24693237605271,1.00840065679112,0.878430108955094,0.958697243368153,0.683053778839359,690.362409506577,993.773621272392,505.39249027462,1346.71475571376,3500.04455911818,0.805141109327596,0.589481840471494,0.575092589066463,0.677507794012332,0.392583695987243,9.25030256509432,1.69440481814893,1.24463358090689,57.9577591273844,1.28133004591126,367.545162452832,487.872863069136,319.518415877286,344.992842016948,861.654267394573,4354.65943054951,6520.37547257103,1567.34918733122,9891.20744899932,155376.997576467
100,0.215,0.825,0.257851105105913,0.163013034765382,717.370306956905,924.869251041088,216.991020822759,367.829941016634,750,1.99303349214736,1.69757121809241,0.752788201127517,1.31629112771626,1.45129343816817,558.357058756776,800.534483120273,1674.30513289368,664.264373623311,895.372707531802,1.48708160881685,1.09586178451106,0.431853720044323,1.01805548381301,0.84211900996498,2.91949096270553,3.04843839923141,1.40698919331615,1.92617136930778,3.91220285038202,414.717480901775,473.412377522607,646.639709488302,442.448301305701,459.748015571571,949.261905900993,2087.11530179386,16265.3030031757,1273.71885670475,3860.03587126561
100,0.215,0.825,0.257851105105913,0.163013034765382,717.370306956905,924.869251041088,216.991020822759,367.829941016634,750,1.45051253429125,0.962252918501279,0.849359480980222,1.24670937331917,2.04157144032881,991.161640689144,2110.53551469487,1056.40878390401,874.097478970053,688.007304344701,0.654827341949498,0.633450649004858,0.619828946939958,0.746083913808661,1.17449721447589,5.5263422734881,7.55671724854493,1.24000082445901,2.08438887330622,3.33307486745929,472.8616040781,478.172502405721,585.082626854515,509.899666371206,471.554055331285,11696.2302961039,22598.8268288146,3502.16207702065,3336.71853811741,1839.67214197375
100,0.215,0.825,0.199949825732212,0.176362016848044,956.493742609207,924.869251041088,231.101477737775,391.477054325248,1000,1.1959546014387,1.0903644890304,1.39191913551826,1.07462431098438,1.18114048739178,1111.90936925009,951.225417213383,755.147897060785,675.915229924797,777.390710489481,0.663263684355761,0.652167876153475,0.721116072146787,0.778276593901792,0.834847927952476,3.04578744961987,1.67058047037734,2.32158465923551,1.49779329268366,2.06488803629276,489.399162989637,566.944134460243,458.887078031314,435.818129319328,466.589128863342,6154.36316042903,10847.869352484,2976.49033802761,1551.91748885476,2069.28341526066
100,0.215,0.825,0.199949825732212,0.176362016848044,956.493742609207,924.869251041088,231.101477737775,391.477054325248,1000,1.03346976150582,1.96383758930523,0.700272693263239,0.980063844139702,1.26475201405535,1134.15415185108,565.155228602917,19385.6357938559,925.014073239858,717.075808968118,0.561435102225987,1.10592858859307,0.481065613880188,0.580254318992956,0.905016092448745,1.79295456282068,3.43061692418394,3.04053017845564,1.41060929834624,1.836199689843,577.071037575371,432.880625010777,1748.9755396899,563.60651594575,480.143201705384,8081.30824892243,1158.87109035136,163595.969413461,3336.57744598284,1572.79533727955
100,0.215,0.825,0.162265605156944,0.185073900675987,1195.61717826151,924.869251041088,240.198467236649,406.701271141681,1250,1.3467758175778,1.09287491915163,1.12120556785646,1.54705303786943,1.62322534627007,1010.14782688464,1353.7543846582,843.523609644751,574.207251471302,802.692687485698,0.790429084312234,0.816200766971543,0.72336451761195,1.02683934748591,0.953475289708298,5.11153647924015,1.53683253046228,1.98945021469223,3.40647665879274,3.49927846968576,491.715803987707,700.281961659264,500.597866343953,429.33014545722,500.152053914359,5528.8644518758,3788.40881571955,2903.76497403674,1139.72719141552,2378.43840880503
100,0.215,0.825,0.162265605156944,0.185073900675987,1195.61717826151,924.869251041088,240.198467236649,406.701271141681,1250,1.11659369532518,0.985081154220042,0.879863949044694,1.2065512339566,1.55388899142123,1257.08754080196,1219.95027626022,1355.43236415687,614.096153735172,678.409592216894,0.709737326369774,0.464863795000877,0.640359951774284,0.891336362967916,0.752421078942824,2.25912180134931,1.68019665800707,1.14943494718146,1.67208449645898,2.32715337322217,621.1212072199,596.365661042693,641.357576673674,408.041021586429,453.192131451083,10379.7021759624,16859.4297549771,5556.97509202354,1308.62489305277,2282.16061392194
100,0.215,0.825,0.1359512118419,0.191167880250941,1434.74061391381,924.869251041088,246.512720866686,417.258528720743,1500,1.58521560650274,0.962017731003066,0.856237555197722,1.05081847625062,1.61284508551148,638.124435467351,1656.35338253195,1970.70469476742,697.692770357826,574.287645037375,1.16452683238276,0.595873733039627,0.39211287347066,0.699279557431895,1.29005775617336,2.3743077586669,1.48520805947302,1.75544159115787,1.66387259796118,2.15841895471134,449.995066956056,749.521334637385,689.278273068588,438.988809902766,404.253692077074,1227.55274230131,19108.5684522354,210491.715529244,1819.92602023285,930.615085374526
100,0.215,0.825,0.1359512118419,0.191167880250941,1434.74061391381,924.869251041088,246.512720866686,417.258528720743,1500,3.18712824487108,1.3189606050344,0.855461906134481,1.12251780842487,0.912882368087841,586.782280250257,598.505180907085,2513.12128035587,568.183506952197,2341.73406029284,0.725859956074268,0.93631660239849,0.446086054457692,0.801775685774322,0.429266479320328,9.14186341032753,1.79294271190382,3.01640800293059,1.63061558614233,3.57157488749096,453.443565431148,433.413495470357,639.706781960531,399.97207182572,555.169998072126,5629.15512811664,1174.92985778481,127384.280332269,1168.64362374181,94919.504138204
100,0.215,0.825,0.116617315361724,0.195650660072703,1673.86404956611,924.869251041088,251.132776990115,424.977968864722,1750,1.24578041578996,0.909748074270756,0.959194384800935,1.2133316224395,1.31897730031508,1246.84396521736,1869.54795893769,3044.56435143906,863.830128978043,714.683060944994,0.81985338469918,0.516247970187457,0.502537251657067,0.851974026640911,0.903140906401147,2.31336903219683,11.8948473896327,4.13012840987763,1.73335627307792,2.03571664292026,624.560170121634,491.545631024712,575.350478250144,546.274349832062,509.634693322699,4800.86449276162,30745.1417275521,41267.3018608588,1887.18613665717,1521.92515052588
100,0.215,0.825,0.116617315361724,0.195650660072703,1673.86404956611,924.869251041088,251.132776990115,424.977968864722,1750,1.22817412218347,0.96886343511886,5.67615305110753,1.41020958256294,1.18192881796469,898.392076856837,1392.10932250209,6398.18229097973,703.893430346575,988.257968339636,0.668945514335887,0.531341127058609,5.67594395774237,1.04828322532804,0.793529361820877,2.41320940058706,1.58641393870843,5.67594395774237,1.81880897279166,1.92941566603767,555.237962682262,706.640741966058,6398.13418354959,489.103455071916,593.562046045582,3815.39475054105,11007.1883944184,6398.13418354959,1264.54632267777,2698.2478828475
100,0.215,0.825,0.553075327915399,0.0957972524877735,239.123435652302,924.869251041088,141.877032223114,241.321481188715,250,2.59733821487368,1.94859806484469,1.07421634403813,2.9062345495472,1.31006346832813,588.098224435521,531.467470313507,174.592302828049,371.436518414073,740.401177928418,1.59332836882514,1.07778915910296,0.86804161653519,0.958330121564743,0.485821746031176,7.27779361017106,5.20315391345065,1.3526394286901,10.7153321534689,3.26248358170309,291.350091421892,292.717534731408,141.321775370046,260.379899365782,314.05676722593,1660.57185509771,1960.31306152292,232.578081517934,1639.09705273662,65609.4184570294
100,0.215,0.825,0.553075327915399,0.0957972524877735,239.123435652302,924.869251041088,141.877032223114,241.321481188715,250,1.70952238989484,1.04680063653238,1.1449807192403,1.71172366956447,1.23443187641467,945.560953216689,1277.68295564662,237.412256462738,594.441360186835,955.366430130505,0.724798531875224,0.612632056817664,0.934970129533569,0.96402933553276,0.738131794714583,5.72992757179904,1.52070893136465,1.37995362250051,50.7310412997055,1.78046042421128,405.108165561086,525.547928395232,181.418348441399,249.82738695244,459.922329689561,3489.33547378529,9291.99177624614,341.711237879541,2377.01866165362,4767.51211682926
100,0.215,0.825,0.356446462328954,0.140393708864946,478.246871304603,924.869251041088,192.551785564447,326.781948325596,500,2.51131450592734,0.944845127676711,1.09793175461404,1.30558895309896,1.45001546548286,451.269840319832,874.695499045388,574.550273592669,1034.36948760239,708.854866407565,1.21493054249564,0.575969522387783,0.772597729894281,0.927427239828076,0.9740233066538,5.53472920904153,1.59383286490354,1.53375168373878,2.11973233964281,3.55313350838397,352.765131576491,458.247859407976,374.833622489939,520.393784481262,420.573447640165,1008.37476415001,5176.0591208184,1258.41284555155,3549.63846572818,1824.96782610492
100,0.215,0.825,0.356446462328954,0.140393708864946,478.246871304603,924.869251041088,192.551785564447,326.781948325596,500,1.52888350866231,1.42407497269046,0.983044949963706,1.54688646212968,1.92686739177222,564.443202665285,645.079265960843,770.843952792717,480.178039045154,400.0830042809,0.774371402236124,0.733952332157389,0.508828384661754,0.737619227061067,1.24356738136456,2.40951164624756,2.4165424576474,1.88767750454625,2.8180179637,2.91167874723613,367.65235879261,395.495535849236,393.005573664034,341.051026420662,305.383920033523,2794.66688793736,2598.12802792016,8914.21135717461,1589.58116563697,685.194633403145
100,0.215,0.825,0.257851105105913,0.163013034765382,717.370306956905,924.869251041088,216.991020822759,367.829941016634,750,1.68882930948011,0.898942508936163,1.44688030795449,0.862572100645329,2.17919323390381,1134.75448165028,1579.57819154811,513.027617837884,1579.302228694,526.532809185084,0.589871965066379,0.643800672381099,0.833193675535573,0.635967447636087,1.00329457734286,4.68552504508692,1.50894360563577,2.02307788665183,1.47576212605789,3.38555203752246,502.818890914456,738.802814080053,379.435655433551,693.258717828269,404.48243706428,46384.6743627049,8269.74800084241,1070.63061821646,5533.75184596299,1209.33854479496
100,0.215,0.825,0.257851105105913,0.163013034765382,717.370306956905,924.869251041088,216.991020822759,367.829941016634,750,1.4407118854272,1.56877028046575,1.06409517625476,0.959886061868916,0.920133847029141,857.319474260323,551.374640973618,812.80061024632,1044.95237124296,972.618884178259,0.900578193184017,0.825838427742114,0.68275371380167,0.581515996157685,0.633283429048473,2.51425164454503,2.49699926336996,1.80705271689656,2.01115234691074,1.50381184070111,507.700891218036,379.884033861159,494.331000595392,502.112816185132,494.764236236963,3148.38940137585,1456.18685649527,2560.02748394519,7294.52421392212,3441.04528156651
100,0.215,0.825,0.199949825732212,0.176362016848044,956.493742609207,924.869251041088,231.101477737775,391.477054325248,1000,1.07282386443415,1.39199895442616,2.35261945789063,1.10374976088629,1.15626238207147,941.357843189658,876.596138336849,576.872605845081,1641.29403864798,846.356450096899,0.683912582735071,0.910385282822187,0.875572173396085,0.547916700287528,0.871598549975337,1.58217944942691,3.20315896022654,18.995034397838,1.7021864262816,1.58811801190141,587.222808910076,517.037429794953,417.969187915574,776.407826417967,520.776015423264,4032.84350769736,2685.44214841226,1407.73907730333,29221.5156301924,1848.15964890631
100,0.215,0.825,0.199949825732212,0.176362016848044,956.493742609207,924.869251041088,231.101477737775,391.477054325248,1000,1.48585502672307,0.779241393027613,1.32510648423379,1.1049601829541,1.04166021592563,978.030051996372,1677.34154700263,676.607148685527,1116.02592513518,919.967100796088,0.855208480222021,0.44662769779677,0.980963381930042,0.64315833118978,0.765631731484701,13.048707760863,1.66898552302195,1.85129258686272,2.59683492322362,1.49784575379997,463.821293696553,653.372546073889,443.768248268729,554.199357628586,541.247937686042,4431.35514660566,18463.0649342385,1394.77435829471,8073.12076827243,2688.20889490101
100,0.215,0.825,0.162265605156944,0.185073900675987,1195.61717826151,924.869251041088,240.198467236649,406.701271141681,1250,1.63418949816006,0.899014296869341,1.22685527849352,1.13610862677462,1.41802320776052,1008.30080640809,1263.76340322169,798.343648907051,833.488901338516,1034.49258524349,1.01913768485357,0.677099086342978,0.838506565593139,0.811341663945245,1.01545037649079,3.46684658713429,1.30324163975434,1.65807804631377,1.52573599086975,1.96129199754983,597.245992962104,643.548636974052,527.22137993324,532.545232937137,600.547368089799,3921.83549420321,3116.95185389817,1858.4162798513,1803.17377281568,2442.47614048663
100,0.215,0.825,0.162265605156944,0.185073900675987,1195.61717826151,924.869251041088,240.198467236649,406.701271141681,1250,1.24485211939547,1.37002144711051,1.55043982208309,1.21236082062267,0.856523008561243,1089.57228710767,754.978919258038,1069.35328338017,798.881785936755,1228.91421161827,0.839554816302744,0.931656629663572,0.506274921418762,0.802361195651451,0.439960802433447,3.12940469723332,3.24327996638809,5.16532045717119,1.98187462458063,2.31455051125944,540.330044177788,475.764217200927,555.15829342478,502.440028009465,511.539289064554,3553.30139291756,2080.53758866238,11494.9840942237,1884.1838490903,20872.1626479989
100,0.215,0.825,0.1359512118419,0.191167880250941,1434.74061391381,924.869251041088,246.512720866686,417.258528720743,1500,1.76137154296278,1.09296416334747,0.782335460578088,1.38292522160593,2.33084993776145,529.173880596751,1107.74966271858,2124.41619287109,832.355065725554,933.329361356995,1.01202150516727,0.776209653576966,0.384489741238796,0.702115798127161,1.21645139636547,2.71126678563312,2.19009979247515,1.74505267096342,2.2413526237562,7.19115107836873,425.97963278621,577.349860006223,792.320236028854,530.500903419065,571.818764787068,980.150242968657,3222.07676755398,128474.543444769,2323.98530890462,4004.24394548865
100,0.215,0.825,0.1359512118419,0.191167880250941,1434.74061391381,924.869251041088,246.512720866686,417.258528720743,1500,1.00764014071093,1.82734588841068,1.16582026422741,1.26568499007691,1.48422048454603,1027.52034612154,882.740940578289,1205.32804965904,760.154960101229,758.2401143623,0.739428815874773,0.793744902334304,0.66760781322514,1.02338155999426,1.11586780358807,1.41195459893648,4.45432180066708,2.11825607943628,1.66411706181241,1.97685093047691,596.465914867602,519.004669024405,628.333807558789,521.114855608255,515.032147661481,3173.47987725679,5222.39002857029,16273.8314670931,1408.88470630811,1488.48839409238
100,0.215,0.825,0.116617315361724,0.195650660072703,1673.86404956611,924.869251041088,251.132776990115,424.977968864722,1750,1.23561389718903,1.32702794431746,0.82707369815767,1.05311688114788,1.06900663262947,947.84883910553,789.666772850154,3034.76994493804,1156.06190173422,1292.76230433878,0.647964498486281,0.868239980682704,0.492697718611285,0.65486555685849,0.778842153752142,2.05120682173846,2.09615422892152,1.51368483665791,3.21676633711101,1.58687287815954,579.667612681193,534.220042699492,1066.10330227629,545.172924976625,669.497737349972,5006.95661083763,1835.58441706989,76289.8750988815,4540.92624784961,4233.91135851139
100,0.215,0.825,0.116617315361724,0.195650660072703,1673.86404956611,924.869251041088,251.132776990115,424.977968864722,1750,2.35700904843512,1.58166874380933,0.902330712133361,1.15787623376548,1.25194826491956,569.351377356958,814.00608491831,1502.65999290412,812.110274109577,631.92095786519,1.25507258673666,0.995925419479811,0.508908485952111,0.833011332939027,0.879213186720339,4.45066354855693,3.2580603993339,1.5954298903372,1.67837959456103,1.79354063961298,427.48021175391,495.528049603153,710.839447002913,499.358368884141,431.217661031036,1084.83181052324,2376.64413595865,12381.9682560568,2443.66350748326,1255.91863523537
100,0.215,0.825,0.553075327915399,0.0957972524877735,239.123435652302,924.869251041088,141.877032223114,241.321481188715,250,1.24288018484733,2.49846936814709,1.10351781040416,1.05521690629153,1.60093697920772,734.835476208907,573.95106980754,212.596853416506,883.321891389482,747.804554919537,0.737769016061093,0.860839916440891,0.839232184350741,0.559380627858277,0.896871248983952,5.71561560268884,7.13098712537466,1.40927068506276,2.07097042733223,5.64599535955258,306.503399355413,293.621790326292,164.69182548328,375.835124281185,347.487923992173,5209.82914932788,1789.23138264737,297.473260688758,13320.4933824582,6610.6643997524
100,0.215,0.825,0.553075327915399,0.0957972524877735,239.123435652302,924.869251041088,141.877032223114,241.321481188715,250,0.966235998468774,1.34796636691425,1.02148004318846,5.8139174955435,0.914429654066787,1112.56462737429,997.142610063423,228.940954168349,337.496018947292,1191.21673967082,0.499123464892361,0.550331996466042,0.762680272894356,1.06491302094471,0.439616504671105,1.63114414211466,5.62500552710796,1.3080490322526,13.2598227499629,12.3141740226131,441.880869969516,369.407096976453,177.999670009637,262.320185862328,278.79063778708,14105.3119457347,14086.6379593331,338.068741561861,1400.11659138004,81739.6355913963
100,0.215,0.825,0.356446462328954,0.140393708864946,478.246871304603,924.869251041088,192.551785564447,326.781948325596,500,1.01905246046928,1.349293152901,1.41846341682983,1.10980121400534,1.28543719603437,903.369049544403,1022.18730623702,442.047524004815,816.432268719413,1229.35474327732,0.561121298497597,0.643948178262767,1.05125835022778,0.745223179707602,0.535010862100759,2.6245854739156,3.24965536583055,1.91683739823442,1.89811710109405,3.30834355007866,401.140236110299,490.985552131248,330.719055701331,461.923881035237,479.125883707538,8085.21145855483,27207.5599671142,709.608249410558,2558.59552258292,31088.3841664987
100,0.215,0.825,0.356446462328954,0.140393708864946,478.246871304603,924.869251041088,192.551785564447,326.781948325596,500,0.905745824180158,0.948788218376927,1.58765645372405,1.60368669161335,2.86010473542082,925.507320021494,713.851006237827,467.768518319267,532.721754751582,576.012485585222,0.485846930169532,0.719484931793218,1.1084881760749,0.709611901955032,0.545634448595347,1.2504833067728,1.22458681419493,2.22820899705305,2.51813737982768,8.81337823489132,487.216665091611,422.45222681807,333.581948817703,375.869530609517,383.968477298153,9775.99281998401,1851.70210398499,795.314226867254,5850.7621808323,5789.9718102694
100,0.215,0.825,0.257851105105913,0.163013034765382,717.370306956905,924.869251041088,216.991020822759,367.829941016634,750,1.12553906813398,1.17515806771146,1.61704325097978,1.34890752878223,1.68908957593042,1635.39398115089,796.654953070368,543.254410922431,756.351831576812,638.628864130061,0.506835443884104,0.856478599517163,1.21970414481867,0.913031152428003,1.2102231649679,3.05500444349408,1.88345455271296,2.58102169874064,2.35899439546769,2.70270894247724,574.444045138989,485.479700309242,400.319914517098,483.0869268717,440.944167883692,72202.5781550079,1789.84569438402,1000.63634794325,1736.61979822551,1188.19387441482
100,0.215,0.825,0.257851105105913,0.163013034765382,717.370306956905,924.869251041088,216.991020822759,367.829941016634,750,1.74297885036843,0.943270097096583,0.829871069644797,0.828414621039345,1.1133114781877,672.139274665159,1218.72736791521,1586.74375194199,2135.30102282962,673.055701254001,1.07850792725076,0.553377756011218,0.52159104662759,0.539629694180264,0.762784947649539,3.18098186426025,1.50773482476237,1.1729955527137,1.3839294877597,1.46500178889438,456.387437643005,600.926152646337,634.372894545839,868.282327523019,443.227418820469,1673.4195995338,8173.81595410999,9932.06303504371,15581.9955945366,1539.98523514995
100,0.215,0.825,0.199949825732212,0.176362016848044,956.493742609207,924.869251041088,231.101477737775,391.477054325248,1000,1.1933736399964,1.32147424825309,1.16364683458265,3.24092829302117,1.29674572578699,1118.10710536356,849.557581113493,701.25170258934,465.545508771214,1256.38673999681,0.661791766726767,0.952244514926691,0.79347225647422,1.65739681959592,0.701796498084964,3.68825076215786,2.12865821907423,1.64019530608228,5.19650232795641,3.34579642810013,525.426400330206,530.261370550814,471.136655599266,395.105984313426,552.007835545993,7514.21108387112,2243.47056818972,1544.23431876963,689.722280580027,6531.58670547583
100,0.215,0.825,0.199949825732212,0.176362016848044,956.493742609207,924.869251041088,231.101477737775,391.477054325248,1000,1.06768189641598,1.33694874813947,1.03807503670295,0.831573168190726,1.26239161127155,1087.66013249259,761.467779889697,718.984221843712,1844.34762326761,866.009440485876,0.777835900524164,1.03914510748766,0.708177027510669,0.562703378964702,0.880266115658191,1.58651792621127,1.88797821361617,1.54455124115449,1.40408483339883,2.45524191771114,605.911199800923,460.594915923382,462.170913081791,709.688760648334,496.018932671176,3719.03322832671,2010.06802146807,1763.1670298001,12022.7142388937,2606.11827812445
100,0.215,0.825,0.162265605156944,0.185073900675987,1195.61717826151,924.869251041088,240.198467236649,406.701271141681,1250,1.73097568064869,1.31398471666904,1.39761814721453,1.10263675003081,0.910342174559646,809.789981450335,627.801216608726,2386.92502748704,927.545798326139,1709.8445323476,0.690992098725719,0.930766706161241,0.737643271740032,0.829043631665577,0.544778964632148,3.54683563316337,2.1508699759279,5.0322371091299,1.48103447638251,1.33862820709574,509.015167453167,455.556581000036,610.386007270936,576.791994176384,776.551595714075,6334.97683541305,1137.52442717137,6909.9693699393,1999.08922217911,10997.9759091411
100,0.215,0.825,0.162265605156944,0.185073900675987,1195.61717826151,924.869251041088,240.198467236649,406.701271141681,1250,1.01862034848386,0.788711541457756,1.51202841429646,1.61030666929405,1.33650690986154,1618.6018846629,2196.49187786442,1050.48895578912,675.370236257682,538.008066961488,0.547180054937132,0.462474940358565,0.532041431424756,0.709492914467732,0.739904759276413,2.0535005274474,1.24556487291726,2.75180341815932,2.83905014415053,1.76448147154168,643.479259787066,797.890059074736,583.561204701661,459.890667118822,404.846496120464,24180.7927314583,19068.5126794341,19509.5474407379,2830.69471930071,1110.49807673105
100,0.215,0.825,0.1359512118419,0.191167880250941,1434.74061391381,924.869251041088,246.512720866686,417.258528720743,1500,0.918417353378246,1.53409351733133,1.42810392773051,0.879311558503735,0.913457782799596,1796.99977306224,674.249360617208,1395.078316628,996.297600688707,1388.59700286145,0.593673194739719,0.594186359967715,0.886722189937031,0.512452812975854,0.688290342136415,1.45696199403162,2.18063758819155,3.27941479889049,1.3304857314893,1.3726088040892,792.084283627309,462.527217414731,668.270119338343,557.316849220721,654.329899359303,15083.6888759403,2075.56741332519,7163.80215794155,4095.51419317595,4572.66545355157
100,0.215,0.825,0.1359512118419,0.191167880250941,1434.74061391381,924.869251041088,246.512720866686,417.258528720743,1500,1.32491935040387,1.20949225732028,1.18721874390506,1.43644804767167,0.791035428651273,639.400984618526,802.957443433578,1513.85145075554,1263.85931813674,1138.48844830757,1.02133880595552,0.781593863719856,0.700244280673949,0.86513674964443,0.509453265634261,1.72863365387598,2.23336144476979,5.0536941005452,2.69691929286997,1.22386015472204,455.114771704305,522.236745819683,647.643759177322,640.22792376284,597.33624089692,1120.42860356383,2510.51996875604,8188.06095216568,5402.73619458305,4438.75637838353
100,0.215,0.825,0.116617315361724,0.195650660072703,1673.86404956611,924.869251041088,251.132776990115,424.977968864722,1750,0.852807618475168,0.936129436287665,1.20293111900068,1.17275752055944,1.40783557462476,2756.71296973006,1733.8580832029,995.001817650149,1101.35480658516,768.000042613305,0.538932819130199,0.602788672328678,0.728650706043195,0.735454659453038,0.949868768971588,2.01233184836888,1.83279898594761,5.1470950107313,2.93287284564677,2.25678367275216,943.540862816198,750.147636405669,528.091889074623,581.279766502769,510.074445625512,25848.8108231661,15455.5996789573,5520.43581605824,4816.87453905624,1586.51539984909
100,0.215,0.825,0.116617315361724,0.195650660072703,1673.86404956611,924.869251041088,251.132776990115,424.977968864722,1750,2.63349286522948,1.09750169784742,1.49476901672867,0.989826701462946,1.48765609740651,740.920317305569,1519.18064914161,669.31363622592,1622.09585580485,572.71076287096,0.711812830320424,0.513030996419731,0.630666731744631,0.510292469840655,1.06088983573518,23.9366961291569,2.8937123605886,3.72884013638352,2.66593384276368,2.10067789982717,453.227218627108,642.742655911675,464.432925935413,577.706445204489,427.808566567579,3303.97611492625,49206.0176536543,2888.44629138887,40879.2496940643,915.063318313918
100,0.215,0.825,0.553075327915399,0.0957972524877735,239.123435652302,924.869251041088,141.877032223114,241.321481188715,250,7.19141131179763,0.942183940933318,1.26182835268019,0.910624206195082,1.58241653675363,3952.9158048799,926.436626627135,282.513483638666,2051.74871619663,589.163807017109,7.19115294520842,0.606734876146869,0.964852159249115,0.565148650690372,0.894596137903019,7.19145628613289,1.42962315475884,1.76731657279818,1.9331244760926,3.70707639858618,3952.86559036645,483.29787095467,218.778875284249,550.660351856273,346.751335376714,3952.92461233412,5430.15283792855,394.650229537798,32967.0661067376,1995.73908156265
100,0.215,0.825,0.553075327915399,0.0957972524877735,239.123435652302,924.869251041088,141.877032223114,241.321481188715,250,1.13319746724543,0.885415884483294,1.07908193441486,1.12810153451431,1.52170909373364,1146.08766846852,2855.10614555607,273.554350386146,861.747432186462,543.862720403115,0.506178331927464,0.504081217988199,0.797887242958752,0.666631596244432,1.00014359874249,3.44345500390771,3.3423765498868,1.49661088980886,2.74672398077896,3.03885061205319,387.941613258555,502.743647994952,212.728752731136,365.627614765069,332.350842950824,59845.743167623,33733.207582015,443.945403497801,5732.04898917687,1514.16655818543
100,0.215,0.825,0.356446462328954,0.140393708864946,478.246871304603,924.869251041088,192.551785564447,326.781948325596,500,1.2068556596333,1.09952947401489,2.08947892301945,1.37170432159518,0.710025942369152,1205.52471171417,1189.224148784,412.246617353443,628.655411478013,5972.79153992348,0.73342697331282,0.380022184663343,1.37915347674019,0.787363845963782,0.37040678998541,2.53853423510162,2.00184116954993,3.01272601577348,2.36272291731983,3.30067335515182,545.770856004352,512.77349902188,332.442240334298,399.232665522334,621.275986425704,8648.23299366718,62542.6109438718,598.734335132892,2526.57017450803,1167805.38545428
100,0.215,0.825,0.356446462328954,0.140393708864946,478.246871304603,924.869251041088,192.551785564447,326.781948325596,500,1.68032331731426,0.836224062096344,1.07430571013913,0.830124102305983,1.34877764085291,421.088951438456,1813.83618470607,993.843536600392,2115.04779301648,811.531147275162,1.24878726646109,0.457225127847597,0.654759669543558,0.459090801434066,0.881692114182532,2.32098618672109,2.18811782722062,2.07640492691586,1.8754611678978,2.27434122229358,324.960065037883,590.775248959715,505.477820162099,681.504022805762,485.648878501991,637.976384393933,47019.4353097528,4222.64313636061,74396.7114170036,2493.51268086648
100,0.215,0.825,0.257851105105913,0.163013034765382,717.370306956905,924.869251041088,216.991020822759,367.829941016634,750,1.58874439009041,0.942476482725483,0.854864254593663,1.67887034345675,1.85249513851955,771.193572316683,2184.36135927271,1586.2678967574,556.232226108626,558.342851112599,0.962947971359979,0.487527040839827,0.541398451658178,1.07412314221242,1.17218596643764,3.48546818801578,4.75766567646231,1.69243019879893,3.39427389915566,3.78504005216328,473.528364063963,508.764595987136,647.664759410773,405.586355194312,401.01259964434,2385.20188056635,55268.5848789749,13491.6672014944,1175.12480961363,1111.92260649822
100,0.215,0.825,0.257851105105913,0.163013034765382,717.370306956905,924.869251041088,216.991020822759,367.829941016634,750,1.17773518735029,1.50860021281079,0.874406024030094,0.728241779960994,0.922330663991465,787.825977539483,595.432027503455,675.080464676226,2369.72109811144,2117.0623695429,0.896530582211573,0.777979354001155,0.660047387854311,0.447496424882581,0.60052492804348,1.94448563217836,2.12802782019027,1.14365424201719,1.16241270755225,4.45547579889354,469.739431740138,409.39095502344,398.074227457722,778.269149208459,652.341665684617,2308.83799647541,1541.1260724125,1656.58078721866,34563.2479618974,25950.7357598499
100,0.215,0.825,0.199949825732212,0.176362016848044,956.493742609207,924.869251041088,231.101477737775,391.477054325248,1000,1.29283518303389,1.48266923174171,1.03784071609965,1.38037088755232,1.04311334281052,960.56771049176,917.332376234971,835.994312424559,759.439302120798,1346.83631985831,1.01027166999116,0.856666303796597,0.789421203493091,0.855596553514583,0.696526781797752,2.03954212546509,3.45957355330346,1.43668516253349,2.79039408017752,1.75477312580135,588.405357856598,528.867489013675,520.968365498035,496.922463065865,656.39611507406,2408.46887468164,3172.94539160764,1922.05429861061,1973.28947429898,7079.43446002349
100,0.215,0.825,0.199949825732212,0.176362016848044,956.493742609207,924.869251041088,231.101477737775,391.477054325248,1000,1.56582400478526,1.06286658743686,1.3725216512401,1.01120841839166,1.14964233098833,1285.42594298359,889.345890241698,779.916988910374,1375.0007481864,1402.94256257096,0.870902291840282,0.746632414606314,1.11985353150963,0.789747895185578,0.791916598861537,9.22869990789827,1.54015954478245,1.92112691976572,1.34469707920821,1.62641773546592,437.227766410068,528.385793184514,519.194857697058,729.160015799665,738.870000050065,5310.89758855622,2205.60007368395,1757.23068666923,3828.52393143156,6297.82287223561
100,0.215,0.825,0.162265605156944,0.185073900675987,1195.61717826151,924.869251041088,240.198467236649,406.701271141681,1250,1.18542824867115,1.16559236251383,1.29817971615155,1.79252915560805,1.74681575712401,842.391752802283,1017.64353509215,1297.51780146209,601.044142945572,726.948434443364,0.823575146697397,0.683908313884947,0.609186586621178,1.19263365042746,1.12958727072298,1.73385827458554,1.78932506457033,2.43564628707369,2.53729429124127,2.99691399940741,553.716692839757,597.764840948093,633.239928251425,452.251038306789,503.770224231462,2079.81992578986,10297.0493276579,14114.3947644486,1150.85257773733,1638.142040768
100,0.215,0.825,0.162265605156944,0.185073900675987,1195.61717826151,924.869251041088,240.198467236649,406.701271141681,1250,0.999079692114215,1.19554951001467,1.22930916628567,1.21052517881968,1.3448813687783,1235.35069144872,880.806064139998,1559.54747516368,912.466369028149,1474.79951130156,0.616580484760659,0.821458004185218,0.921840101206821,0.690529812420963,0.564884839555738,1.44802143722433,1.65506890375489,4.00267766782371,3.00575694131293,5.3792507807541,698.897264713601,558.339885928625,745.131573652458,538.673174739815,551.226661451736,5805.90362029672,2219.17279733368,5590.22566752946,2822.00442308403,82458.9127385959
100,0.215,0.825,0.1359512118419,0.191167880250941,1434.74061391381,924.869251041088,246.512720866686,417.258528720743,1500,2.05441065450752,1.11875234846658,2.25139913353466,2.23152554336325,1.52120708819465,704.68091230092,809.705548423522,797.615901855414,674.952878168026,732.113351267457,1.0973714543133,0.793547168690332,1.2109671701299,1.27589182973758,0.948047615319279,4.41774878894328,1.52337980975741,4.81901917751245,5.0421526903821,2.89443181686597,483.65372591558,520.658451196853,518.924278593412,474.511123577147,476.987504732466,2440.24758094275,1801.25899092979,2172.23442067497,2092.64522286872,1917.92614810185
100,0.215,0.825,0.1359512118419,0.191167880250941,1434.74061391381,924.869251041088,246.512720866686,417.258528720743,1500,0.996733239665996,0.741688710743206,3.01360512739805,1.20351466646833,0.766767683105286,953.583427846554,6601.21087209792,598.968924741185,863.110053477607,1325.57031055895,0.677238979859902,0.436675004924707,0.83600656800454,0.815685629432291,0.534764641539744,1.57287945067604,1.60506811539655,10.7803709506018,1.88454095022354,1.09123487541636,558.497811913223,1506.15077195447,451.477527902762,544.012445034652,690.216109901471,2175.38510827744,99056.0520119411,1941.01261756507,2003.06895660559,4422.92037750812
100,0.215,0.825,0.116617315361724,0.195650660072703,1673.86404956611,924.869251041088,251.132776990115,424.977968864722,1750,0.894579912566266,1.09115300237106,4.30860988856024,1.1415885001091,1.31413612490252,1860.12137103621,949.620037450865,636.748005743307,1087.92140566657,544.048119682273,0.454068227687705,0.823464710782593,1.20702134339204,0.791629680878899,0.995493581308065,1.44301351775567,1.55958209877544,7.10771742705507,1.70224923109464,1.7172831920382,721.563721014866,528.418262753914,493.087513629781,581.458294901489,401.446006846727,28134.3981038285,2453.46540382752,1925.5919554301,4299.31396164797,895.189787373295
100,0.215,0.825,0.116617315361724,0.195650660072703,1673.86404956611,924.869251041088,251.132776990115,424.977968864722,1750,1.16661281670843,1.33961179274288,0.812594641073918,1.50895478743879,1.0758594074129,811.913321785973,613.376722060287,4986.82065714515,863.960769495854,1616.96755742714,0.773416267908174,0.955910148693998,0.5259912795413,0.901053185181243,0.654151168310007,2.25832717975056,1.91169259202164,1.49663391977983,3.10192146633184,2.51291238337163,524.794621357813,451.185752907196,1166.14184538526,534.260163224218,701.758859424148,2125.12581105173,995.114709520414,72752.3109399394,2719.84392344222,13078.5638503229
100,0.215,0.825,0.553075327915399,0.0957972524877735,239.123435652302,924.869251041088,141.877032223114,241.321481188715,250,1.14237524872679,1.34801058159263,1.29810575687366,1.11780429487495,1.02277811119563,1105.26718896542,853.650250019349,252.363829073135,1033.99256361933,1119.39268178006,0.767418581754102,0.831732444468304,1.08326249374367,0.692850968679089,0.742500073521766,1.90394011697943,2.6132561121675,1.57025098970101,15.8182291571005,6.20714275837313,496.18863307981,421.1441406653,197.850814404439,280.027363792355,291.069350967473,8449.04166787216,7125.65578374513,345.046387301966,6928.32256308486,6313.07679326282
100,0.215,0.825,0.553075327915399,0.0957972524877735,239.123435652302,924.869251041088,141.877032223114,241.321481188715,250,0.751308025708979,1.35868647663217,1.16944791492228,0.94750038440573,1.55197862032509,4557.28828021444,506.964048115959,371.67165239371,1940.14494247198,634.458883721471,0.37360965706452,0.820559114568082,0.938925906172518,0.573865525446237,0.845136283880013,2.451815536016,7.55512227008395,1.50923232192935,3.88529155438296,2.68524008699843,547.064838005828,303.130184091526,266.425371258175,648.704423703081,358.105990516336,151125.804391636,1808.43995458246,616.812724087781,20545.4783590506,3334.51241557228
100,0.215,0.825,0.356446462328954,0.140393708864946,478.246871304603,924.869251041088,192.551785564447,326.781948325596,500,1.91442084745446,1.17569217861124,1.47439034519035,0.996479279981015,0.945097836546066,462.738832965574,630.834708575422,388.800572724391,1799.08568057511,2676.43769279357,1.29345038224983,0.852420993400959,1.11005433865137,0.419213064165949,0.728197707225585,5.72522939327271,1.80918874565644,2.18365825144606,1.70037837631153,4.02709370123614,346.353469705351,392.516948698373,307.212451880991,688.444961363883,933.404789972565,886.724484379297,1475.73650163689,596.7523059295,1269849.89262248,18218.6173594049
100,0.215,0.825,0.356446462328954,0.140393708864946,478.246871304603,924.869251041088,192.551785564447,326.781948325596,500,0.962593265428265,0.980670645061986,1.48209660581138,1.21340835011407,1.12033846376833,895.747622794759,885.555189395934,375.704997311465,736.037026969533,2915.55448682329,0.66666370871626,0.564315556348292,1.03930987040458,0.891622856934473,0.53966053661991,1.60100955739731,2.67067673509099,2.16400060385925,2.99924689997445,4.1776040014836,461.329852903462,408.932408428878,290.81708975466,424.329463867846,395.387025307916,3394.60957728703,10176.5118779048,580.699684840434,2351.30071754557,9181.68687834628
100,0.215,0.825,0.257851105105913,0.163013034765382,717.370306956905,924.869251041088,216.991020822759,367.829941016634,750,1.07162174377404,1.34454824996735,1.4556848476249,0.885711914360682,1.65717029523627,1893.52429399076,1277.49079146577,540.379842529242,1003.5141010131,675.495701884151,0.602691228431724,0.819165132615691,0.957948699686525,0.595504481693644,1.05333191983106,2.75194052726618,5.32484003197049,2.57106276781979,1.58270517615623,3.10722911478406,662.548237924741,550.876083341594,396.692817635648,538.700722647326,437.830500938141,25788.7047015802,7186.49949865352,996.317919500624,3779.01312358166,1597.10766554475
100,0.215,0.825,0.257851105105913,0.163013034765382,717.370306956905,924.869251041088,216.991020822759,367.829941016634,750,1.25855910066166,0.94638403318974,0.808469778186931,1.88417182952575,2.1676611929042,698.635536190601,5263.04715742099,919.515254574604,518.386500669118,559.523669433917,0.825833538463279,0.539553318180188,0.577827922410544,1.2515276781436,1.36339624277715,1.93737648355378,3.68407722951677,1.16749149701693,2.75298765517116,4.00803832858228,444.31494898952,499.379601364909,530.320052750028,385.290822608959,418.495967648016,1516.45006945776,162473.735416609,2365.59318466747,855.094748486133,1078.70916502414
100,0.215,0.825,0.199949825732212,0.176362016848044,956.493742609207,924.869251041088,231.101477737775,391.477054325248,1000,0.862254501964655,1.18408470233193,1.78408100999634,0.913257862759667,0.873028980113111,1618.40740873842,1048.31993057378,543.976876918577,1864.04675931208,2825.21094723518,0.534464136945702,0.782527487765787,1.37026704382848,0.68276858575691,0.431202676073152,1.3818123586368,2.22101226286261,2.31462099833792,1.50343418655354,1.60935988857575,794.433159711627,573.342317071148,412.303679370667,797.422935178044,863.160173780327,19988.9459565154,3633.20962891896,850.327978648291,9751.25417210248,109941.840675424
100,0.215,0.825,0.199949825732212,0.176362016848044,956.493742609207,924.869251041088,231.101477737775,391.477054325248,1000,1.71033604468144,1.0405704872216,1.42632010585162,1.41178989153132,0.757049655107898,802.150338264759,1166.62920726868,692.287303015162,673.212169256606,1233.80075218743,1.12298818602792,0.507681470953236,1.0836479259899,1.0309533153471,0.523461242664159,6.90630237192396,1.7475722023837,2.20487991997893,2.0243084241829,1.06509518657027,492.257428428262,593.368306990873,466.777376772753,460.152541527748,611.106203763005,2964.78454134394,12097.9270157273,1518.75947942652,1344.9144462012,6463.74456673134
100,0.215,0.825,0.162265605156944,0.185073900675987,1195.61717826151,924.869251041088,240.198467236649,406.701271141681,1250,1.72169158756387,0.873542808212988,0.870170631737927,1.17999942947226,1.29431158000931,635.711296263159,1602.76429140638,1893.45432634937,846.580243680019,917.639053108537,0.863730103525265,0.4960958285026,0.407914334935149,0.833432815487123,0.948214983633515,5.83735640266445,1.45780604612183,2.8360137689483,1.60828202300711,1.8569049232958,449.675483731603,761.519921384732,669.318379466232,523.925675610219,535.679515402069,1474.36107278532,28449.8855704289,144318.809626099,2037.02988345388,2208.26674525477
100,0.215,0.825,0.162265605156944,0.185073900675987,1195.61717826151,924.869251041088,240.198467236649,406.701271141681,1250,0.822957447514206,1.53956627961299,1.2127647428911,0.754715619201129,1.30230763919914,1307.42482984104,556.388447180792,2536.52097295583,4157.15936611256,950.611963707393,0.551054272757318,0.81768411067357,0.81581217347252,0.407987297189969,0.832740758721135,1.21474033490727,2.39620738297145,4.36443305996518,1.21797840695382,2.05117257930598,638.907762881161,423.495022949806,967.08618874101,1181.63415530669,550.452780399588,5835.63684616781,1237.10375895555,11031.2073415008,155422.186857585,2909.71507289431
100,0.215,0.825,0.1359512118419,0.191167880250941,1434.74061391381,924.869251041088,246.512720866686,417.258528720743,1500,1.3325138879723,1.18909973719787,1.04958939038042,1.2653163454971,1.42421944130704,622.89968871695,1054.76481309163,1104.63465349577,1086.93146951006,887.782643576908,0.85932595934578,0.683345474472281,0.765704392458919,0.862192285068557,0.709750543384653,2.10081643075726,2.14810962213388,1.60380487089365,2.44659101769546,2.97130232002267,455.01328900946,594.735673459592,608.196261398931,585.007932808213,539.404668891285,1349.36914586005,5889.52124133208,3311.95089364867,3558.01590537229,4901.28640526341
100,0.215,0.825,0.1359512118419,0.191167880250941,1434.74061391381,924.869251041088,246.512720866686,417.258528720743,1500,1.22685196356368,1.02515700461487,1.10119119318975,1.49635697349886,0.712063285998539,1072.75406438884,1374.82743509674,1491.94190433075,688.948991600236,2893.37317055472,0.634124058178172,0.68612140373411,0.845370298382758,0.99536067833799,0.314944960578202,2.17595157034839,1.63470968224866,1.6329355303751,2.22306291458611,2.20630998456619,581.497980874888,673.175609023398,771.720983584705,470.576515858528,572.034678135594,5624.08925849296,5142.84081054899,5587.82814665084,1395.80187677047,669630.763668226
100,0.215,0.825,0.116617315361724,0.195650660072703,1673.86404956611,924.869251041088,251.132776990115,424.977968864722,1750,0.908881162782342,1.16154187406852,1.44690675809374,1.23688740682667,1.14967865951264,1303.65981746986,1243.13803821163,883.830664798483,816.394544744207,921.368111583279,0.569217232497919,0.631647276241196,0.761211279778954,0.951012959550495,0.768273652176673,1.36381935784377,1.98600605025283,3.33623856797792,1.76375242567283,1.7782914793995,668.073018597567,604.462802307548,530.316426494327,528.100693148409,556.765265652201,5671.64152821535,9208.33895669562,6711.88639034684,1972.00457354946,2572.97435252644
100,0.215,0.825,0.116617315361724,0.195650660072703,1673.86404956611,924.869251041088,251.132776990115,424.977968864722,1750,0.992188260914789,0.935404303275742,1.79407461560301,1.82861409004156,1.60480360277475,861.276968855213,842.213442820059,1360.24431262778,879.391377262555,734.501936033334,0.802181222807725,0.64706364960565,1.1803979934557,1.14501012011441,0.978270404137975,1.20211729448051,1.38272255555443,6.11872344606663,4.94331550500065,2.65335646776269,510.349809774226,500.199217352249,688.460246412453,534.531594979303,496.136569471833,1796.43505442234,2030.86625340795,4193.75920633265,3083.98918617852,1906.04037961305
100,0.215,0.825,0.553075327915399,0.0957972524877735,239.123435652302,924.869251041088,141.877032223114,241.321481188715,250,1.00078540219482,0.857463972942591,1.02536945754959,1.09647554141033,1.00566579071547,2507.67538563379,1758.51774397514,207.575989644333,1024.63801221713,2559.66896388048,0.63235123345807,0.563576886868903,0.814456119030258,0.630312088931546,0.678270802443007,4.08725561803909,3.48294839860517,1.21909614669399,4.11083907290563,4.55589039220201,576.487613521369,451.773212615858,161.20416093357,328.675229309299,358.43524811266,14177.1513223587,15522.2427959519,293.542076633374,11037.7284128562,11950.9931048015
100,0.215,0.825,0.553075327915399,0.0957972524877735,239.123435652302,924.869251041088,141.877032223114,241.321481188715,250,1.61904577868795,2.11594893614525,1.18647043380562,0.87622474268026,1.4835720594399,1015.98723227072,535.203547736176,258.244815796632,813.202291979671,525.116603392735,0.762422459963365,0.974021400724044,0.920739360395464,0.630553457290184,1.09441234072852,9.51732460342181,8.77819241820651,1.57587754055178,1.20521601184058,2.16297066637764,267.599852901606,287.321002392006,198.398750666133,406.186184705372,337.626531467014,11457.0656965473,3553.9556834279,391.34215925165,3493.92622939404,1530.25638880212
100,0.215,0.825,0.356446462328954,0.140393708864946,478.246871304603,924.869251041088,192.551785564447,326.781948325596,500,1.2598898358012,0.87744024344783,1.16904537186653,0.975362951655579,1.33813728458774,1287.79654411766,1947.87442402215,424.100010701685,1117.92981453123,599.247354505756,0.481819757301642,0.635585283998927,0.891595794498019,0.731874668819292,0.997310948726807,4.20379990681667,1.29181910325663,1.5941180628103,1.29736623237655,1.72421264969604,470.501598258179,846.944385536504,302.942766516221,559.662426236924,392.878523815197,215095.677546114,14780.7895817401,701.632572747512,5370.7844435327,1297.55436208452
100,0.215,0.825,0.356446462328954,0.140393708864946,478.246871304603,924.869251041088,192.551785564447,326.781948325596,500,1.38832177979319,1.05885498498794,1.25823292103312,1.65760448770063,1.18443819690463,678.003906954431,751.944404314635,442.651203770005,703.849069166517,1124.01282800412,1.06425427125388,0.696992515526198,0.977174211255005,0.868252784061168,0.291984899614656,1.87205660971191,1.50826265241507,1.78916299605771,3.125240359243,4.92579872671785,439.256365454746,443.442463411679,328.519662945837,407.495378348002,396.87581344722,1648.63748018655,3265.7139258305,746.246421128904,3006.09055659459,25346977.7487146
100,0.215,0.825,0.257851105105913,0.163013034765382,717.370306956905,924.869251041088,216.991020822759,367.829941016634,750,1.4766265570606,0.775203285938103,1.25474694394178,1.37631004441327,1.0525448525207,1077.3061075673,2077.95727734463,552.137417515293,643.624768349907,1538.00954286633,1.12075130569585,0.314454381142328,0.700593589877766,0.780931516704156,0.64439534380815,6.15265169316551,1.12126514261362,1.62155158588145,1.96430845595508,1.65752229250106,377.903283576461,786.029145110272,389.165794930252,444.287373168104,712.920303610857,3875.82509501975,103230.602168615,1305.41422808898,1779.11640635399,11462.2480176574
100,0.215,0.825,0.257851105105913,0.163013034765382,717.370306956905,924.869251041088,216.991020822759,367.829941016634,750,1.40265919428481,0.903412610869231,1.0760263559519,3.36086807895136,1.24194121262577,801.475348979285,1350.19531718286,652.340484301062,425.672332898177,693.814386498465,0.538975770685242,0.360756767638619,0.568468882883272,1.51884811680057,0.676075827525497,2.92234144597824,3.2362140330691,1.70052419992689,6.00390429907998,2.24356203738919,442.89644043778,448.569055837465,415.541000287915,353.634825688928,423.275375089181,6624.91066791514,498886.969873071,2877.61862617141,759.057713502315,2980.38859325481
100,0.215,0.825,0.199949825732212,0.176362016848044,956.493742609207,924.869251041088,231.101477737775,391.477054325248,1000,1.2610833455749,1.05983294995259,1.25393098734645,1.62737265398687,0.678477726706332,1047.52007252746,1655.31645287397,943.082715714939,733.440206301504,9153.88623206865,0.781198470651333,0.701979594109955,0.899925099755684,1.00268248903659,0.311164663528344,2.27534617890512,4.59433554812808,2.29993832096351,4.00444150339168,1.44987506138036,583.568485857701,628.542017915349,577.673014787871,497.875051796305,1380.31024122475,4061.50397519396,16730.2804446562,2414.8523471406,1764.64118828345,9117883.39627904
100,0.215,0.825,0.199949825732212,0.176362016848044,956.493742609207,924.869251041088,231.101477737775,391.477054325248,1000,1.42892023254273,1.17112808315517,1.16609566278561,1.99779169096198,0.560100846574911,922.185754360873,711.435360081127,1174.93077564182,686.957653029198,7219.99813054506,0.842936064189768,0.706648809504055,0.560605813959895,0.704925429564231,0.299592304896772,2.90019580236567,1.72286301372762,1.6920570354618,3.84084335751097,1.88557683939533,529.664823946425,465.656759527235,659.192581396827,484.002254714687,779.000294320863,4119.09727673442,1783.1780433799,6823.44267091595,4064.17651988284,954528.743885999
100,0.215,0.825,0.162265605156944,0.185073900675987,1195.61717826151,924.869251041088,240.198467236649,406.701271141681,1250,1.73072388887958,0.748336255938958,2.69261339512095,1.12340566278749,1.68046974186624,775.674803624355,1437.0035026058,619.485691403198,1397.51659767753,644.803938427023,1.3836630389595,0.43510662670074,1.13301664578444,0.706948255628606,0.491101595760404,2.97656193491649,1.36366405465485,7.06489879691413,2.15667567650862,6.32490793437459,529.168484292715,628.890140623982,445.940327413856,632.138090065559,442.824109884973,1668.1523389661,14171.2503317785,1561.3728240181,10792.273457317,9518.10398690736
100,0.215,0.825,0.162265605156944,0.185073900675987,1195.61717826151,924.869251041088,240.198467236649,406.701271141681,1250,0.923789679466632,1.25725214145564,1.00703680457131,1.0170692915995,1.59048249941922,2057.85417716743,637.954705142686,1514.72017154587,985.774095183084,820.177829277944,0.523911091198719,0.846761719147116,0.713573586391665,0.67323933987046,0.893913700596081,1.43376295353597,1.64520382460748,1.45303527546204,1.68111795754044,3.04375914941654,893.864891091999,431.252128790969,756.767508817137,581.608071575856,519.481766692977,18779.7677556574,1278.81737721188,7155.60396758531,3327.36529020609,2488.57359820662
100,0.215,0.825,0.1359512118419,0.191167880250941,1434.74061391381,924.869251041088,246.512720866686,417.258528720743,1500,1.09625165409832,1.23369218567083,1.49735889292746,0.723870517383005,1.55461495011551,1089.9075953504,740.805340898909,1291.02777412051,2376.54970002973,588.653566455776,0.818284796431784,0.897664114438092,1.11856013695054,0.475779817088503,1.16933447608446,1.62079728131244,1.79813771194757,6.1165163332407,1.1813975214663,2.05550957192583,607.396996692515,486.757476055357,533.630629068835,844.1168612896,425.947559575029,3443.43585919299,1662.96628517656,4384.7589701743,19490.3268011315,944.250872060698
100,0.215,0.825,0.1359512118419,0.191167880250941,1434.74061391381,924.869251041088,246.512720866686,417.258528720743,1500,1.37186073339935,1.68328239096408,1.49185409606493,1.14942059549624,1.47279159253312,1384.77561177755,851.244038635482,754.954043372332,1165.77007210351,932.101511645587,0.861627479617567,1.05874282429871,0.977723982606585,0.734766704461595,1.07599564480983,2.54857919682596,4.33350094975331,2.64743916781562,2.25345016313263,1.91195087935867,669.361555221386,545.760082915541,519.827137211681,619.087921785811,592.748874706071,5360.08947778306,2229.46688166002,1856.05443952649,5234.45323051914,2036.21446425978
100,0.215,0.825,0.116617315361724,0.195650660072703,1673.86404956611,924.869251041088,251.132776990115,424.977968864722,1750,1.12381228263883,1.47835888060992,0.75169145101181,1.2782027214486,1.21262037102073,871.233104470719,634.354523071514,2557.22930154274,827.872708997884,1289.10132198861,0.686528090261942,1.06797407353454,0.460906205927684,0.614593747062248,0.560835924246363,1.73934775420495,3.21160181945485,1.73673583635483,2.60783148887309,3.23756662557459,515.863754838929,460.226518585879,782.341832177291,503.52023555219,570.812405637246,3000.44283608099,1319.72603552284,29971.1223251775,5971.85260311384,19775.387363708
100,0.215,0.825,0.116617315361724,0.195650660072703,1673.86404956611,924.869251041088,251.132776990115,424.977968864722,1750,1.24787191658076,1.13365512557307,1.24912319629143,1.36152482414521,1.14375840792836,999.488149128019,898.928606279433,1552.56414158344,1132.45645001516,1038.06961212174,0.909208071074449,0.541856382385,0.773289681583581,0.469799996180808,0.767032160442377,1.83628662170978,2.01593759912748,4.88769997542712,3.87778077448498,1.83325364625718,579.60181155297,571.16638683657,632.036897221613,575.75044352871,604.411221995581,2844.42274261986,13495.8794290011,14698.5518342798,17835.5569437206,3256.1436437004
100,0.215,0.825,0.553075327915399,0.0957972524877735,239.123435652302,924.869251041088,141.877032223114,241.321481188715,250,5.34550905968444,1.22033781597062,0.894158529224977,2.2113637806442,1.72165936599115,2840.41042637847,454.732368902228,267.58522266798,473.875485536703,421.034485714949,4.36097493258716,0.762217385347755,0.65686447477848,0.479706593084215,1.12269292323612,5.34735441838105,1.87731114655564,1.22721806959608,21.7539971391593,4.19977648981545,2620.24483715056,290.627114010415,195.310693570131,253.908672306063,280.637363536923,2840.82295822661,1208.62784723134,466.526210605568,200857.50589822,1180.84403278024
100,0.215,0.825,0.553075327915399,0.0957972524877735,239.123435652302,924.869251041088,141.877032223114,241.321481188715,250,1.47892843742114,1.29779370963141,0.930473224292103,2.34651468006655,1.95395096735826,834.089322037369,540.958097796932,251.657471665018,490.938742637165,431.54689935872,0.988739277647278,0.993324547942608,0.704903893894983,1.61333193809633,1.16917660585577,5.4252131936715,1.88424611871884,1.17507484502038,6.6223308097783,7.35599839442664,390.754423513268,333.617890847112,182.712532683667,321.049385822266,267.215668649521,2987.67924297442,1371.97108028921,391.556162392076,1567.7945807248,988.776611529482
100,0.215,0.825,0.356446462328954,0.140393708864946,478.246871304603,924.869251041088,192.551785564447,326.781948325596,500,1.05066215541683,1.22858861241186,0.928476189693688,1.14781410933794,1.00284677687969,1108.94085942931,844.403774595761,531.785139466696,1294.37784104838,926.515226336608,0.570353049608546,0.923818542587016,0.696573505807314,0.663712833505173,0.732011756241382,1.47979089177357,4.02347583400686,1.29620549678241,5.29141471252316,1.53746796140931,558.533949352153,449.389017426672,342.131626382377,428.081477920256,503.331429243979,6014.8670223596,2953.70073041418,1087.52219103714,21210.7592413149,2853.24061469598
100,0.215,0.825,0.356446462328954,0.140393708864946,478.246871304603,924.869251041088,192.551785564447,326.781948325596,500,1.13821890860816,1.33712017386542,1.32747525769391,1.11273939081085,0.927544321682199,1141.55743411102,876.593993445859,404.139900387142,1275.06049211939,1395.88418479666,0.512101027449204,0.84257487859461,1.02348954241018,0.702775211512372,0.650326736371784,3.73310208223673,3.01921235842958,1.9488816635251,2.06353896218068,3.61163191479499,448.389639857275,463.07915521253,311.003991797394,565.061373112498,562.135201688581,37363.4061109024,4092.10319149523,614.625119607726,7389.36992684865,6859.96162391635
100,0.215,0.825,0.257851105105913,0.163013034765382,717.370306956905,924.869251041088,216.991020822759,367.829941016634,750,1.67691180266091,0.837939047895681,1.50074352568983,1.13813073086834,2.1215002421738,890.218972191526,1623.82568098429,614.86031299492,935.321381973866,592.412465401376,0.894176793127444,0.350287323768198,0.977876121481956,0.904810131782576,1.47289791903348,4.73696698251773,1.44363243905029,3.54498472834289,1.69707784733531,5.58113699206864,491.888362526466,650.548155728065,423.657450583489,571.335957963199,435.769329153856,7567.06967360702,296903.636996316,1215.52449705552,2098.49377135671,1102.74631421458
100,0.215,0.825,0.257851105105913,0.163013034765382,717.370306956905,924.869251041088,216.991020822759,367.829941016634,750,1.19386169782575,1.53293654113279,1.03334543381596,4.75344325000561,1.10569467891812,802.637146782529,444.109097182591,568.61309065338,463.88855837654,842.235285935067,0.621536612403786,0.53925397438394,0.825687480389977,0.722615387568237,0.30899641737571,2.12351184396967,2.49209014241288,1.42491501057728,221.549623460407,2.49635846644786,443.067099419836,338.474272747842,376.878157138921,368.850020595175,398.26691951391,8888.99498778057,2098.6865082582,1296.93507265087,4214.95135885897,111646.764036367
100,0.215,0.825,0.199949825732212,0.176362016848044,956.493742609207,924.869251041088,231.101477737775,391.477054325248,1000,1.10637149611082,1.82874639843654,1.5978411840714,1.05757282856569,1.28589045657069,1166.8845897047,439.739149806295,740.883836137633,1000.45846869666,662.482214167595,0.790239392065945,1.31210282080071,1.08633542907797,0.787127864028863,0.877221057121944,1.4674502376921,2.64652943440918,3.22048316416579,1.39867743594942,2.2519912903976,607.528690178627,354.704669920141,466.437255071975,546.16311853812,417.452837515036,4329.6924458067,698.165159221329,2565.54101419504,2707.42854446344,1563.54873964965
100,0.215,0.825,0.199949825732212,0.176362016848044,956.493742609207,924.869251041088,231.101477737775,391.477054325248,1000,1.05603197037974,1.32725353009121,1.83773238247489,1.2490658981089,1.89227345282688,1658.15543338546,1019.44190600209,725.477949971214,642.721195930772,897.920178030606,0.815953991370515,0.934542405293743,1.42139322640741,0.962814046666793,1.30869648188157,1.37981136062965,1.88333390435278,2.30378960997461,1.70848311457123,3.20083602244767,800.972307168287,594.496981988089,482.463746945242,446.327237133396,543.975837795842,5927.72621812222,3747.42792657225,1614.63661136909,1229.33085132171,2655.4822716743
100,0.215,0.825,0.162265605156944,0.185073900675987,1195.61717826151,924.869251041088,240.198467236649,406.701271141681,1250,1.4344565043656,0.528998256919938,1.57765817967744,1.16763897019358,1.23904278168543,765.435051853168,4262.8209859297,1070.53686070632,1002.02126238658,705.389196312624,0.98624995185776,0.309178382403,0.576640550758679,0.829102456772891,0.755691950417603,2.18752639375627,0.794611636392537,23.2355741838882,1.72591157593567,2.05208770234909,510.040155909829,1121.59341577627,445.896478984072,577.528777912495,479.675377434087,1810.9062133042,167018.217690227,6577.97678488864,2494.61912371301,1868.22758372897
100,0.215,0.825,0.162265605156944,0.185073900675987,1195.61717826151,924.869251041088,240.198467236649,406.701271141681,1250,1.06095611310278,1.00507338687222,1.02834712379413,0.789091345113945,1.46008470446364,1199.98051426248,1021.18626131333,1290.22824298571,1566.33980339261,595.376410171566,0.759598832717763,0.598968692105972,0.726323290743198,0.578751994007622,0.980490666658795,1.94251673855761,1.66816058049271,1.81888809616479,1.1001383768786,2.1048513498589,639.53244368659,542.6830999785,641.87513217014,750.515051566479,420.84662211879,4832.39393855322,4374.2875553608,6427.90663299361,7246.97592890989,1204.77227440113
100,0.215,0.825,0.1359512118419,0.191167880250941,1434.74061391381,924.869251041088,246.512720866686,417.258528720743,1500,1.62805418743321,1.49731603668505,1.25654308026977,0.934957900336295,1.27482424808509,952.619670092196,607.068705917709,1686.48133198309,1510.39184364688,999.184023387324,0.891434540472449,1.17275131897815,0.814906630603459,0.569816015696487,0.702576405079562,3.64418117281109,2.12258450226913,3.07859362770405,1.56292288568219,2.72866495967729,560.116792575291,453.663387790373,767.675886649758,759.61974898235,543.107436904017,3424.10176033253,985.785219783697,10801.172828126,9808.55927025957,4924.29631628386
100,0.215,0.825,0.1359512118419,0.191167880250941,1434.74061391381,924.869251041088,246.512720866686,417.258528720743,1500,1.53001371050532,1.25251211366099,1.85493757474941,1.23396837916827,1.0734088326718,609.938423525182,730.055986394062,829.167463610713,950.633103342061,1638.19648626048,0.959777280978113,0.809856778501298,0.769031070642047,0.857715454399562,0.628309177312266,2.32846523091564,2.31917541652893,3.55115946274879,2.97301836761668,5.33841301882027,456.208387949755,475.226670829886,526.933587840041,529.082035469685,507.600095900969,1149.59186352948,2322.3355507617,5941.35276395617,3144.37759315536,14622.3656395687
100,0.215,0.825,0.116617315361724,0.195650660072703,1673.86404956611,924.869251041088,251.132776990115,424.977968864722,1750,1.30191940073095,1.18037008820422,1.41809316018658,1.03179720748606,1.03988135480324,940.802280840337,730.33608597268,1452.26781279446,1734.88801285737,1251.26099720948,0.799630219150137,0.781823567898911,0.815619532148319,0.576448832516238,0.600061878077914,2.25276329387215,1.67640530320001,5.4212783621497,2.37746843832574,1.82571342210886,558.592080036097,494.782444347712,705.895172878097,652.811773983252,652.328967377609,2857.89237083733,1550.77260984829,6656.52446315453,19964.5978496429,8428.82387432943
100,0.215,0.825,0.116617315361724,0.195650660072703,1673.86404956611,924.869251041088,251.132776990115,424.977968864722,1750,1.40319255585304,1.06670325772013,1.50131427442466,1.00222339152821,1.14468539925574,793.240499572007,723.179895774533,889.849810750512,1301.23146271872,694.304097642447,0.848289407215929,0.769927669103706,0.630149302154632,0.52220356959226,0.710034344187576,29.199456391936,1.45121128965858,3.24624347131662,1.99339456069498,2.19243152508811,447.18629274752,438.315192988146,517.304868884636,603.888219386374,454.000855063539,2963.85714209267,1735.433444073,10351.521130981,16579.7332292772,2492.04649317601
100,0.215,0.825,0.553075327915399,0.0957972524877735,239.123435652302,924.869251041088,141.877032223114,241.321481188715,250,0.787224000456835,1.32655850644698,1.11831419556911,0.910322735443787,0.560763242029363,3236.02224526797,541.246298778401,206.591171424302,1437.68882405297,8301.54041716549,0.547929820776459,0.832182868895456,0.796710017029875,0.453018645789605,0.323422949462879,3.42521424544682,2.78727615237526,1.53969272497029,2.00253380669516,2.05130756055206,725.110940036928,303.503954131695,164.064831065632,464.227008721784,653.312703775191,35292.7588172456,1610.57726523,289.781708111239,37329.0330949,2302019.5506498
100,0.215,0.825,0.553075327915399,0.0957972524877735,239.123435652302,924.869251041088,141.877032223114,241.321481188715,250,0.567769942056587,0.82043624324443,1.08161391562606,1.40361401188328,1.24177821141284,59617.619146381,2943.68623775778,237.465435172822,1074.0016452878,635.447092895671,0.406835506261591,0.561418625173088,0.807426088405204,1.01519438954736,0.80072721953232,2.40204456683859,1.39527873682664,1.36233171403787,4.88288575261588,1.92872960630443,523.510845180775,909.111274578357,180.676011720859,448.736209674203,360.143073081805,415226.561324377,37091.9071802369,342.831407179085,4752.78378080882,3240.60429909703
100,0.215,0.825,0.356446462328954,0.140393708864946,478.246871304603,924.869251041088,192.551785564447,326.781948325596,500,1.31672010861372,1.67629085937384,0.827387354072079,1.35211135238679,0.941915433443767,895.560302508501,499.571478046492,1297.82201749281,988.682456595419,1197.10658028349,0.985800224229066,1.21970270663352,0.522544774607877,0.913838042659795,0.567613254118748,2.00597582146637,2.35399880589339,1.23014440327611,2.75711535896958,1.41463775996784,540.230340118755,376.122661744908,613.928235981822,517.583012503521,598.271628359202,2884.52042375008,823.129076394371,7303.06134655269,3572.26501224242,13753.5826651983
100,0.215,0.825,0.356446462328954,0.140393708864946,478.246871304603,924.869251041088,192.551785564447,326.781948325596,500,1.09658473055989,1.5542145853982,0.928374270035742,1.38377506857288,2.10842381042835,652.015213235264,540.550835080587,545.301165135035,1382.35825937886,495.877906089004,0.775952566782869,1.05279831429204,0.657954811853081,0.835283800390713,1.15461278700776,1.66285110067118,2.56747724316841,1.22848789544255,5.19731892867927,9.98138091605013,414.685162128767,354.694189413739,349.243391825944,511.071016730789,355.398955429721,2256.40474098553,1151.57569418683,1238.59509519718,4635.20753406433,1488.86542985467
100,0.215,0.825,0.257851105105913,0.163013034765382,717.370306956905,924.869251041088,216.991020822759,367.829941016634,750,1.28488510197187,1.2756088823907,0.990328680833421,1.13346102444184,1.15383461293263,1779.54059585704,708.772920573224,1041.72249510349,879.50198986445,602.416267113951,0.705596470187645,0.94377928830138,0.696036706567568,0.81424554425756,0.930534563731754,5.46382904414714,2.07251803551956,1.37192269544434,2.39514769963573,1.51549195009659,458.744264139571,448.251043079105,530.518936764323,492.824206678736,405.256521285801,12701.5537773988,1801.93823046182,3749.09777757855,2703.65380852873,1080.27215114299
100,0.215,0.825,0.257851105105913,0.163013034765382,717.370306956905,924.869251041088,216.991020822759,367.829941016634,750,1.57630678113977,2.16222928928409,1.62175743721529,1.27821951083913,1.0167818160661,644.244693986081,589.858622280812,650.391391279927,889.288123416262,1142.45876900749,1.129279022407,1.43727988949577,1.21287966189643,0.924131847016685,0.636150154323166,2.47751921321939,8.86395761394319,3.48286210157087,2.12078938990291,1.57261456091983,442.365521116953,413.707501366106,413.174052279419,486.329723842817,577.637287793885,1383.19279870238,1412.36866893892,1396.68768720513,3150.00152157453,5788.31662622775
100,0.215,0.825,0.199949825732212,0.176362016848044,956.493742609207,924.869251041088,231.101477737775,391.477054325248,1000,1.31350977368773,1.60570366209329,1.27821061187969,0.957036664349295,1.27005182311626,777.842215143309,802.494572119115,559.37297088021,5885.09399777236,1165.34279580724,0.968509737522839,1.04106829594142,0.960315141020594,0.633324832373183,0.925328839263201,2.03481613603969,2.51492959910376,1.67141596203434,3.76680758919816,7.39263726578378,496.709559314615,525.48778958337,404.939436889693,1031.27167624821,552.358635011876,1683.65457477506,1935.58726809824,1001.13021323788,20619.4037808,5119.42643231857
100,0.215,0.825,0.199949825732212,0.176362016848044,956.493742609207,924.869251041088,231.101477737775,391.477054325248,1000,1.99282546264907,1.76706069496643,1.77450212431423,1.46225759709807,1.15936705641685,753.877625829602,803.635059534771,577.090462919284,636.138918653365,1496.31790596874,1.55424077888072,0.921802847095728,1.118576456255,0.797528913563598,0.676649994401225,7.25118209795359,4.69815056208551,2.68262272652162,2.38076018782579,1.64940156657759,490.645195236152,484.344024673439,436.585328601113,448.4281160772,747.631823381002,2963.67695410697,3130.33500193376,987.826343608601,1742.28968331863,9851.38291105928
100,0.215,0.825,0.162265605156944,0.185073900675987,1195.61717826151,924.869251041088,240.198467236649,406.701271141681,1250,1.51321934700261,1.07185054181716,0.940369944214651,1.23760640717775,1.42992007299448,792.361572247045,1398.61982067745,1415.17341929444,959.378583546617,744.345603225551,1.02320439701708,0.792587765440461,0.47812058077103,0.586646194378311,0.697942295426258,2.76685291517014,1.55384032238975,1.42261601447381,3.11951160157334,2.88719261087105,512.639468282177,746.684239700489,704.040992785069,510.207385237658,489.861613176708,1816.23038111615,5830.6490641871,11372.0383224715,6321.68053566853,2961.38272487192
100,0.215,0.825,0.162265605156944,0.185073900675987,1195.61717826151,924.869251041088,240.198467236649,406.701271141681,1250,1.08354307964494,1.43585448231459,1.61521870759105,0.823263573678688,1.30235029366007,1361.53869932769,561.413418934425,842.712011165772,1491.03770422126,867.582437698409,0.742676081909975,0.94716201760155,0.642347043452329,0.505355660667768,0.82119507171594,1.85273030934149,2.11107074205519,2.77440178900769,1.23536605030722,2.56117704087624,635.78251573753,415.587000074867,537.131188629927,683.185564126194,513.862023970953,5701.36834059485,1017.42793271703,4338.98311377087,7922.94313437227,3081.47267351219
100,0.215,0.825,0.1359512118419,0.191167880250941,1434.74061391381,924.869251041088,246.512720866686,417.258528720743,1500,0.897571279034671,1.60446393196648,1.24488640019767,1.22668085384206,1.75426482735556,1917.32827913472,591.192082036901,2163.68689445492,682.543357157244,585.898805306231,0.598163946792707,1.13833656399404,0.730263108500089,0.921368866402881,1.16384883411971,1.80441809587425,2.24706277451313,5.07147792087909,1.82683910515565,4.74568741122483,744.257030946364,432.472026373267,546.051752584816,464.798387322901,445.762999200805,11246.8219291124,1013.2824419212,15239.1889449006,1380.63286701601,1040.35715404702
100,0.215,0.825,0.1359512118419,0.191167880250941,1434.74061391381,924.869251041088,246.512720866686,417.258528720743,1500,1.74337225719832,1.4085415932531,0.635956449043478,1.29663816136672,1.24429875191836,1084.93920015916,605.14904892265,7512.7927083467,648.295288323803,1086.02630813379,0.856561684125535,0.999337120330286,0.411823801770581,0.935909851667438,0.704942384322208,18.5883357547373,2.65225517224052,0.870355153301425,1.71651292773306,9.25894887284366,459.314709090059,446.841185055167,2018.13831886785,450.1088764951,462.797158418121,6548.54515747688,1020.98302883322,114612.817263413,1252.43327845881,7024.77058125001
100,0.215,0.825,0.116617315361724,0.195650660072703,1673.86404956611,924.869251041088,251.132776990115,424.977968864722,1750,1.0420420583407,1.08395376367619,1.09110833060004,1.3955259927145,1.37311298672421,1076.7589806696,666.164300846168,1023.74788250127,1034.21356440658,998.125901468656,0.527269168788145,0.854551900080315,0.870596132788704,0.710704302350171,0.849404260806813,1.77937117606351,1.34610654830513,1.53702146329196,2.17616034411856,2.20212060427706,570.763551600516,453.96847259347,568.984820662837,563.570973494903,573.163377123884,15254.6273189666,1194.69105533738,2324.49126174677,6745.21483770073,5955.74507039086
100,0.215,0.825,0.116617315361724,0.195650660072703,1673.86404956611,924.869251041088,251.132776990115,424.977968864722,1750,1.43596321258569,1.53685407969493,1.49330722773553,1.0665327047189,1.32224680337656,706.949610985155,637.441412177788,902.443528090697,2489.64956585753,475.957281194356,0.974404749781786,0.959685972627907,1.04020896900757,0.47616880369762,1.01474086634908,2.18736899665332,3.26613544626195,3.05859738239623,3.82275521091808,1.72246858186757,475.032643889958,456.254577222129,516.248413004075,640.245573563477,354.159716474313,2185.21868399267,1449.84640963922,2510.57766992724,42875.0668547983,780.203850924805
100,0.215,0.825,0.553075327915399,0.0957972524877735,239.123435652302,924.869251041088,141.877032223114,241.321481188715,250,4.0849217558965,1.49403076662818,0.989340733999342,1.14973033959042,3.76885735885823,1948.75496417704,392.239564041718,228.018453156856,823.982943675019,382.598151197321,1.66594022462341,1.02805592434735,0.58453202856285,0.453059993588084,1.85720660793102,6.56911632986777,2.00764999482562,1.34971970962269,2.60865030090143,11.0878696190435,290.849334996749,274.222894640734,180.576934816396,343.37848612094,271.834423894584,2534.36460511454,702.751922455846,394.47245424205,31605.1717472825,1892.0342466279
100,0.215,0.825,0.553075327915399,0.0957972524877735,239.123435652302,924.869251041088,141.877032223114,241.321481188715,250,1.64951586031891,1.915869972488,1.05432901667081,0.826359071045551,1.19612970002908,906.782368846799,430.038258523934,224.777199490685,1427.86518262828,925.807487859733,0.907960502600793,1.39235060094241,0.840209670922736,0.361327268395811,0.754332699295394,6.05309785598124,4.00804747433102,1.35330349421026,1.57017974138584,4.42729297701205,322.454314056887,293.365982499656,171.968488460178,449.691365827178,366.520854096881,4926.59615349814,826.666413948642,329.164594432838,106536.176410255,6787.4309195009
100,0.215,0.825,0.356446462328954,0.140393708864946,478.246871304603,924.869251041088,192.551785564447,326.781948325596,500,0.949330664269138,1.1229606681423,1.16484109275274,2.06019809778954,1.02133910139866,780.920819424824,1214.77826650716,576.097421448632,546.480443840831,870.841252463192,0.710433176305456,0.550374935824643,0.625645293512528,1.13778307872088,0.670562218498681,1.28579214371028,2.37599693876604,1.92175326599749,7.50556955088477,1.98291102364299,438.027202709975,495.603160047948,382.078383025475,382.232115211264,465.057133403004,2014.77972268782,18463.3898448079,1866.53734605825,1273.84288405564,3534.64613143023
100,0.215,0.825,0.356446462328954,0.140393708864946,478.246871304603,924.869251041088,192.551785564447,326.781948325596,500,1.08933822452567,2.43854691226913,1.11325854795468,0.995656221996802,1.09969294908273,1014.30212970885,446.589146680891,319.423595702601,1374.00331633004,1178.42185807225,0.552688026810048,1.11801732979324,0.858568981473246,0.641436283247855,0.662518473902126,2.7891664867217,10.3597943751228,1.37872660109972,1.80616690302992,2.62210893642601,464.987650589926,337.049005734528,245.457872531268,558.682056489092,538.18307317516,20266.7907890653,1251.45382467654,505.812575156557,10632.4235924356,13079.9629238127
100,0.215,0.825,0.257851105105913,0.163013034765382,717.370306956905,924.869251041088,216.991020822759,367.829941016634,750,1.77194815884956,1.28224674128164,0.946962989133859,0.968960587923852,2.02057054502223,622.152218015082,603.069901348297,839.911561387933,947.573003241386,593.524037456059,1.09674758180558,0.666761327033262,0.620970929241563,0.386480120279519,1.14329009407669,3.04038468178739,2.04828462155084,1.41969698169449,1.60776597203337,6.25986456390968,420.756738039324,399.360751180177,486.325621506581,463.106697177948,411.037512915428,1467.50413580925,2232.22432572075,3272.70484376461,19166.9779268497,1752.30554119651
100,0.215,0.825,0.257851105105913,0.163013034765382,717.370306956905,924.869251041088,216.991020822759,367.829941016634,750,0.987950143212505,0.60960459005458,1.47353585472993,0.861007393862441,1.34229899870607,1013.59076786789,4091.60138156833,572.528572707953,1639.53265349378,718.472438081502,0.71698943275207,0.414477941691684,1.10579001532843,0.551447929168406,0.839063760784812,1.38984432567984,1.02621402992081,2.22061032827566,1.24234337210964,2.97370928180894,556.251096142517,1051.09534787544,408.799623844648,690.67137232383,449.984581632284,3092.61977330262,94805.7551323052,1101.51400258068,12937.3341259189,1919.99864781612
100,0.215,0.825,0.199949825732212,0.176362016848044,956.493742609207,924.869251041088,231.101477737775,391.477054325248,1000,1.88366327878812,1.12346977815407,1.7056274176674,1.2702020988173,1.97393511016565,637.331229490418,1290.89540917883,660.599116000629,1497.25366057519,558.158244590237,1.16773688006941,0.707900199701088,1.04675469005462,0.609723570927176,1.5325068396412,3.3096016190144,1.84500411681269,2.55435903162972,4.16748879331497,2.59757023664196,455.955185158821,651.378650113135,467.692811756572,581.607147181526,411.127336493821,1497.69655231951,5055.9704152555,1441.65880268895,33262.5762743191,826.768741969323
100,0.215,0.825,0.199949825732212,0.176362016848044,956.493742609207,924.869251041088,231.101477737775,391.477054325248,1000,0.719635579005475,0.693853966986061,2.21299469162884,1.11998186192536,1.18557446065838,4377.84395657356,3794.16954632986,774.188304805119,751.625212198977,869.273215735407,0.411004406514769,0.409047745379286,0.818084342165705,0.813988260579333,0.692281353997699,1.48426708382973,1.12401672828548,28.5738605869077,1.47585871533979,2.29007024778636,977.699730832383,1083.52181033898,414.17024299324,506.953524341478,477.009430264682,154750.714807902,59974.6957616787,3978.37505651332,1694.6611282666,2744.38163175414
100,0.215,0.825,0.162265605156944,0.185073900675987,1195.61717826151,924.869251041088,240.198467236649,406.701271141681,1250,1.16937208473195,0.923649875593443,0.706078758913091,1.37366074134228,0.940966069885289,743.287645385975,897.081921617382,30384.380529878,774.63899673099,1346.86510950523,0.880376415980406,0.554282439515295,0.514943220771951,0.781780054450388,0.682700454858893,1.60912206662792,2.11249276314407,2.75538250251051,5.41783868115033,1.35273249569499,495.832123184666,493.837495977876,749.614930866363,476.696543825604,655.44937848651,1538.13215277981,4968.6827249354,88332.0334317319,4090.41082594783,4540.49687615174
100,0.215,0.825,0.162265605156944,0.185073900675987,1195.61717826151,924.869251041088,240.198467236649,406.701271141681,1250,1.19101425879644,1.29676635302017,2.33511067620299,0.715019439738521,1.15578277323556,968.896935965804,751.136719683473,929.828585694265,2935.73446336634,839.974430175143,0.708052025179391,0.911493763550424,1.16264853462704,0.454974830274904,0.845528545106053,2.03750090423093,1.7702798608461,19.6832230556351,1.24013722315353,1.60113721863267,587.811130753198,507.064038308936,445.926941737941,927.113251156323,562.053393472167,6078.68956064293,1618.05713518616,4129.25275213739,39851.2141866086,2186.69120655907
100,0.215,0.825,0.1359512118419,0.191167880250941,1434.74061391381,924.869251041088,246.512720866686,417.258528720743,1500,1.40478896292038,0.89801866245748,1.40026328383814,0.954195462091377,1.25368437950709,611.927108697264,1672.00077208127,787.45129170773,1388.50728778982,1157.75761213511,1.0825206465676,0.417224516304902,0.755007567337792,0.331196981253217,0.559690931343607,1.73988467311199,2.60824437385222,2.88293429216332,2.37515925336651,2.60035761774355,418.779969035966,575.439063940013,498.028507139985,519.483454063979,577.251665864699,1041.50599367225,150504.444158225,3781.34299235702,286144.458142881,17589.8840092302
100,0.215,0.825,0.1359512118419,0.191167880250941,1434.74061391381,924.869251041088,246.512720866686,417.258528720743,1500,1.19767342342995,1.57005244650195,1.18897546928934,1.32195843073559,1.10731096068142,1297.26593003192,570.517163442317,1080.07114659732,1042.81092618061,1053.38752434589,0.458792383512123,1.13766699273386,0.709239263445346,0.736003007883574,0.749551945680697,6.16926508296729,2.30117669576833,2.2507572094415,3.90004130473481,2.02910136984583,477.537190175706,428.518248311687,549.719526542431,516.847527374473,570.887077383851,112936.559042563,933.059668685206,4122.25145711331,5682.0274228368,3251.95769499948
100,0.215,0.825,0.116617315361724,0.195650660072703,1673.86404956611,924.869251041088,251.132776990115,424.977968864722,1750,1.2526837862482,1.17166823484115,5.00160834440254,1.00833753552162,0.963724626290017,589.201637475834,896.296365000914,514.272458551605,1232.01699383624,1237.65188661307,0.922048499796143,0.742283449346231,1.17378100973561,0.541969382750166,0.565314080048995,1.66071812508423,1.72403156956033,14.6785857900674,1.58136104671839,1.57815893742764,414.274574751811,548.227906501949,438.444071774723,659.557827526221,637.342088118693,1052.23799193441,3151.17874653937,1311.11699609305,13685.6427836394,8499.34359164497
100,0.215,0.825,0.116617315361724,0.195650660072703,1673.86404956611,924.869251041088,251.132776990115,424.977968864722,1750,1.80390010602683,0.890812653122131,2.13163078320664,1.18319072155715,1.49011599378889,1060.25808986531,839.582546055891,837.963219242048,916.494651880044,693.639224316105,1.03734151483592,0.620907785958649,1.30792342816368,0.765825534287332,0.960423160683907,6.0969313034607,1.26625528903802,92.5824371082273,2.07155623292751,2.31191376485201,630.444510766352,500.714013314221,435.348760884165,547.658533861972,487.191928076366,5572.12204212758,2158.38839479819,2829.18967600064,2625.62565998951,1473.71628017868
100,0.215,0.825,0.553075327915399,0.0957972524877735,239.123435652302,924.869251041088,141.877032223114,241.321481188715,250,4.36535895557198,1.59247636703455,1.15045736337266,1.49371608370865,0.792753240703723,2392.43533050682,574.843741580992,243.730389736628,772.080745199659,2455.5635137184,NA,NA,NA,NA,NA,NA,NA,NA,NA,NA,NA,NA,NA,NA,NA,NA,NA,NA,NA,NA
100,0.215,0.825,0.553075327915399,0.0957972524877735,239.123435652302,924.869251041088,141.877032223114,241.321481188715,250,1.56110810959721,0.843361932074089,1.15918692805037,1.50725678331149,0.969091710145397,764.799602537787,4506.8193400485,200.119572134048,577.485484983315,1076.44480129581,0.971536471625505,0.617916289439606,0.975073918682084,0.980959078613061,0.615178505166421,5.94070079149788,3.63131796978752,1.42305038114916,2.85822850249157,1.81173661082627,364.229612355073,713.775038908122,153.442187186085,325.211577906028,428.007421892683,2781.56651194462,15279.120882661,275.407465427517,2332.50837559837,8509.09742622818
100,0.215,0.825,0.356446462328954,0.140393708864946,478.246871304603,924.869251041088,192.551785564447,326.781948325596,500,1.50986806855358,1.03140743963991,1.31991858209576,1.33874858456,1.33179162847661,689.355333791446,2490.86307867273,466.602401887841,1115.97956897143,738.347868316671,1.05391713684332,0.651620775203498,0.953620840185349,0.699507688742889,0.989305569549293,2.79121665805373,4.07768042295707,1.87301848530526,2.8054752957032,1.83343501696736,429.739130125933,857.16162082964,335.909476702108,553.578846392762,457.820754500935,1771.97744855751,19261.7562803096,788.419764217873,16293.8329785857,1774.91910157353
100,0.215,0.825,0.356446462328954,0.140393708864946,478.246871304603,924.869251041088,192.551785564447,326.781948325596,500,1.70859262206977,0.701330951711559,1.01921316449659,1.17406266440969,1.27059982743333,580.354058279218,1648.13071132049,462.304949187331,968.664028102128,1358.97455708958,1.01894579573663,0.3551280439766,0.665461517539615,0.708290961308163,0.443853517246105,2.97747088371044,1.37777976614495,1.46091664063039,1.81443535584638,2.48953418897299,380.351393383082,545.900521143134,319.970263642026,501.506650240696,584.522319527294,1530.53627282118,36327.3605039912,1044.59642081825,4340.96630692777,58334.8430516194
100,0.215,0.825,0.257851105105913,0.163013034765382,717.370306956905,924.869251041088,216.991020822759,367.829941016634,750,1.11209706180833,1.05698075814428,0.820116688797096,1.26716771323723,1.63848034738527,914.163204288414,1164.76942849191,813.169326008266,1081.09604410638,873.395819256861,0.735038622353975,0.366350840778604,0.574819191435691,0.928312981728356,0.887340916429684,2.09206030320854,2.03981382123591,1.36732037998171,1.84406676595766,5.47916679395289,473.962679580952,521.83142703983,460.061135394463,574.42052694186,451.288812840756,3623.54172974404,57107.8560271131,2816.60592229562,3113.64556287182,3392.61770777071
100,0.215,0.825,0.257851105105913,0.163013034765382,717.370306956905,924.869251041088,216.991020822759,367.829941016634,750,1.23502656513551,1.66591046453173,1.23475919707005,1.3589257060138,1.35910630106463,920.714144175506,632.927624023712,548.991155327412,1265.95395588812,735.174219461324,0.76485794717505,1.1625844347185,0.807212513181122,0.700127397792136,0.752635681658135,2.22423055082025,2.5434918850559,1.79198243507698,2.60535912252105,1.92828087089264,508.845656746822,426.888724044431,384.3849407722,620.335973085186,464.124052145033,4987.44499675285,1354.18302219846,1133.79512916739,10675.9099063572,2649.54299854863
100,0.215,0.825,0.199949825732212,0.176362016848044,956.493742609207,924.869251041088,231.101477737775,391.477054325248,1000,1.0213194651236,0.919111018120578,2.11167391379414,1.16932576580645,1.0092334270715,1370.55364566674,1746.14322576286,661.900855088671,1103.46007504554,889.942923309365,0.507754729090192,0.633626005862409,0.75762274586921,0.693599769913935,0.693727865739381,2.966821739462,1.54595052813657,4.97693344828506,2.28102103829192,1.35148169401982,596.868568727787,717.292981031545,454.589029464389,618.7569287577,545.083853812406,19407.8391962047,9527.80267055659,2315.88197788197,6025.51040929578,2285.51924048142
100,0.215,0.825,0.199949825732212,0.176362016848044,956.493742609207,924.869251041088,231.101477737775,391.477054325248,1000,1.30628342363619,1.36473409857054,2.12590599949624,1.60822768276467,2.15846917720942,765.25263156033,630.930322190159,602.646218967468,616.052742697846,716.019818688797,0.888711844799232,0.996002724134598,1.37045348609518,1.20057738434098,1.38400907833956,1.83514844601183,2.16321363093987,6.25824197993747,2.13421941804067,7.55001714494719,498.786333168136,436.429690219267,432.762766518275,441.289449015202,471.847930325083,1667.77585641527,1142.31192865068,1369.28739068317,1051.65949192405,2524.96919258856
100,0.215,0.825,0.162265605156944,0.185073900675987,1195.61717826151,924.869251041088,240.198467236649,406.701271141681,1250,1.10510213724332,1.88986516481893,1.60180046467907,0.769511939690669,1.20394812278622,2185.84946722762,958.051711980916,831.69600198468,1479.10003412756,862.320454038757,0.703989873378385,0.660884139209822,1.18724272852513,0.372137140785763,0.825400576063882,2.42887480363053,4.5503401983197,2.38916045082754,1.22428031001017,1.72755241519642,943.128658028453,550.186627629919,559.756256052628,703.056656101978,566.181493436067,13392.8905714446,12636.9665313651,1637.62921546376,17218.5481215965,2074.85083726331
100,0.215,0.825,0.162265605156944,0.185073900675987,1195.61717826151,924.869251041088,240.198467236649,406.701271141681,1250,1.26551265542784,1.02659758972676,1.1647863347542,1.93534310917909,0.865528872503588,646.582311867818,1713.3467691835,1131.9355458171,480.159918903166,1594.46061746496,0.857930588672428,0.578030151167885,0.681368977872142,0.881855258920142,0.392671096120311,2.00239844623597,2.10875445544188,1.74015210624969,2.6920852865244,1.42330924098423,449.723139699446,653.755748042366,568.457849350915,372.188579366045,667.446904795298,1347.34752208663,40229.1330568363,5317.95525988518,844.565604062787,24999.7014472055
100,0.215,0.825,0.1359512118419,0.191167880250941,1434.74061391381,924.869251041088,246.512720866686,417.258528720743,1500,0.895837501915287,1.36760478140322,1.35005930278841,0.881309402104134,1.48762139205158,2662.37477633299,564.657451872778,792.780480987018,2093.03615949901,517.09978253735,0.598101401002222,0.988192078366838,1.01204974696405,0.635138308512673,1.11578888268712,4.05805979973595,2.09853724735644,1.95188855949036,3.42416755565478,2.32120710614981,939.736039279914,405.078106904267,501.157040464325,625.943294916758,391.114636390104,14334.4103716905,995.503016374976,1695.1333024271,9953.83791150791,843.40323456775
100,0.215,0.825,0.1359512118419,0.191167880250941,1434.74061391381,924.869251041088,246.512720866686,417.258528720743,1500,1.86712266738763,0.830785950549166,1.49736625221587,1.63501967375755,2.13701724383695,579.926912266317,1734.83120950876,1629.93855523915,695.017308849261,624.805524401939,1.26163477964618,0.343410662496339,0.888848696529544,0.962952882852728,1.48334178921616,3.78892909006458,1.60177562948403,5.58877393962173,2.5476167228182,3.26177062561882,447.754578562334,668.096391880545,508.48180654305,490.329690983049,468.896805528877,945.974512490662,164872.845827441,6608.8306954084,1573.03696640795,1170.7378759615
100,0.215,0.825,0.116617315361724,0.195650660072703,1673.86404956611,924.869251041088,251.132776990115,424.977968864722,1750,1.13666427033816,1.40361388430915,1.45410944903476,1.26390500444337,2.5393817359249,725.612233901809,672.193193926492,1063.77936382562,849.295852601118,792.672082820268,0.692055607669193,1.08047472874322,0.673047795753164,0.717726175092255,0.563813868784167,1.61332607265249,2.07988203361249,3.98028199268464,2.10288707930138,11.8133348102632,477.825025323674,454.510644545531,559.01980719207,531.644159066331,455.001455891148,2114.05179332716,1256.10634838894,18052.5855104429,3066.96244803661,22967.3128426016
100,0.215,0.825,0.116617315361724,0.195650660072703,1673.86404956611,924.869251041088,251.132776990115,424.977968864722,1750,1.43494432166388,1.33633897400654,1.23195676859607,0.926738511450525,0.969140217571701,852.605251228983,703.516426943966,3163.28170607657,1722.57555628141,1088.98427313468,0.80853631761979,0.980761484303731,0.631470910571681,0.70727237718407,0.593557158704222,2.64763165002312,2.12433180636711,7.1277546536424,1.42366706274557,1.42386225513448,555.161429230619,502.541088265783,490.800133555349,820.001766787744,609.325403440973,3063.95388300699,1535.22678303408,40924.6365795533,7471.34130314964,3763.09578869748
100,0.215,0.825,0.553075327915399,0.0957972524877735,239.123435652302,924.869251041088,141.877032223114,241.321481188715,250,1.08698316705598,3.86252315377785,0.984318229530893,1.01445969433343,0.803457061218336,4219.88920744486,362.133920716627,255.814135551686,651.876173617734,776.913200882865,0.822561021245303,1.88384798443392,0.774914537244604,0.593223696844907,0.57347674915964,4.00435169233098,13.3011200289573,1.27384246495301,1.92850962600942,1.18573847928156,900.843420436081,267.21005635352,179.453610200613,327.883457472019,381.151817807708,9353.33711242719,1284.64832562571,399.364537190518,4832.38121005198,2767.93921132744
100,0.215,0.825,0.553075327915399,0.0957972524877735,239.123435652302,924.869251041088,141.877032223114,241.321481188715,250,1.27917062100903,1.0393532762973,1.26922845986274,1.50118791882185,1.16461798432265,1579.0093012117,830.792870464425,279.554717851859,565.102801131099,1180.78344743494,0.885271674435322,0.457956204397355,0.894242026865969,1.13713252262552,0.356276387852087,5.47248624217925,1.96839869057515,1.73336475221654,2.00142820947919,2.60515901577615,476.367943653413,373.752212201057,215.880935198846,335.862756441513,409.74719179667,8034.57800620175,187897.373472681,422.798106860135,1413.52845323325,328240.543790611
100,0.215,0.825,0.356446462328954,0.140393708864946,478.246871304603,924.869251041088,192.551785564447,326.781948325596,500,0.772620988718576,1.92072216251831,1.0622256268295,0.921877880558629,1.30665621552205,3236.00479274803,817.060183830761,411.273190896721,1427.15999105752,866.695551974177,0.36032364533079,0.602035442623218,0.806097763911652,0.61367146450303,0.774139215601367,2.24440253916863,22.8637578796649,1.41783232440758,6.44921218693325,3.67818222950847,700.173712940916,381.537838365705,309.761279589452,404.552645356169,461.137179527647,608328.967134151,17745.7940353926,673.10856546622,11303.7309339294,5527.49824642314
100,0.215,0.825,0.356446462328954,0.140393708864946,478.246871304603,924.869251041088,192.551785564447,326.781948325596,500,1.14402383780782,1.42367060508162,1.18967139177775,1.34874354003575,1.57427186595603,873.366651417199,678.950985730273,483.706912425028,834.487338857058,521.106830492916,0.743292550298245,0.998739981612144,0.70838909239585,1.02388970389963,0.899623621411059,2.12497906736095,2.00071755417497,2.05296812742134,1.88492137946481,2.29595887413293,462.16180544892,404.564602921869,319.95246537575,488.869010085143,355.745265185477,3516.85693762334,1570.21752388764,1229.61167185506,2491.99112744425,1875.43548521676
100,0.215,0.825,0.257851105105913,0.163013034765382,717.370306956905,924.869251041088,216.991020822759,367.829941016634,750,1.30632353436957,0.95960094628865,1.03019282984989,1.28738729998906,0.996361306204588,830.227235210069,680.258485429257,609.884283980496,1256.40588894791,1065.27541926765,0.918323805626374,0.694493596559816,0.794773592576876,0.771188313622434,0.571052798782754,2.052888723307,1.47993163340425,1.48996451360195,5.43914583343908,1.51637238365409,490.234384739334,416.748979058554,391.174845013362,489.438083958771,535.848564775436,2790.67199576979,1780.69322003375,1480.46823121122,5699.82094414011,7235.01076148216
100,0.215,0.825,0.257851105105913,0.163013034765382,717.370306956905,924.869251041088,216.991020822759,367.829941016634,750,1.5867231873711,1.79867836909497,0.965853283490128,1.06151417613988,1.60762248203731,870.301683376819,1278.40223158962,912.59910531395,681.97966119573,596.541690283387,1.20086397066334,0.736867247995689,0.435948137195659,0.764568023674208,1.11562269562945,2.65556790082745,6.40503623274708,1.42196192084788,1.39034232373746,2.46873210691766,516.366322249409,446.205769964672,527.277747303255,448.957561340509,429.819543043053,1910.25816848156,9005.56511222022,5025.17320058645,1544.976359024,1127.08310494906
100,0.215,0.825,0.199949825732212,0.176362016848044,956.493742609207,924.869251041088,231.101477737775,391.477054325248,1000,1.71601309314055,0.921386364267487,1.65089055481121,1.10300095216048,0.972918481534206,802.719972937159,1417.56072466885,834.9647896895,600.140311414329,1959.79328216189,0.987234274019213,0.543962103434697,1.07527797620649,0.69396110371216,0.595923143708531,5.6690697610445,1.55342049331674,3.40073635252751,1.56192308305814,2.05752136140233,480.056758394536,675.77742886652,500.636105734053,409.068840532703,774.488769548384,2733.08986868984,14466.2416848667,2909.05832070411,1151.87644397702,30346.7017000331
100,0.215,0.825,0.199949825732212,0.176362016848044,956.493742609207,924.869251041088,231.101477737775,391.477054325248,1000,1.43602549390083,0.862283305714626,1.30244929338877,1.31865814666064,0.89822149108453,1192.7222349639,1357.75040881629,732.291288241085,914.831376722213,2276.44304247153,0.826891963445373,0.589523460527838,0.804729474584942,0.959627713807783,0.484262443220555,5.22480312880031,1.0710649040914,1.94568493939673,2.21971034811066,1.56720856794159,547.56534847722,747.636520167517,510.110285590005,557.44730091289,843.461634919537,16511.2900115695,7092.01713854318,1848.88122865948,2556.85208011463,30089.6689531133
100,0.215,0.825,0.162265605156944,0.185073900675987,1195.61717826151,924.869251041088,240.198467236649,406.701271141681,1250,0.754618723489615,1.188810997632,0.601942276838695,1.26695045268703,1.11952461883522,3492.38262349412,830.112332888816,3472.76242592962,927.52745559016,740.844943453761,0.477872308839223,0.810653220117636,0.380347590178893,0.696788842639255,0.747708873664124,3.24688982162707,2.60858332779915,0.916801419094721,2.86045911806459,1.74810275645623,620.445323927429,513.814486847897,1104.91142880014,540.028683519217,469.335522625514,69832.5648836221,2077.76984209249,79273.0475695672,4532.9248290435,1819.29623185207
100,0.215,0.825,0.162265605156944,0.185073900675987,1195.61717826151,924.869251041088,240.198467236649,406.701271141681,1250,1.20168914178743,1.10074349254144,1.497561747217,0.699159675956567,1.62304816576335,1322.70505954003,953.413946371122,1083.65143895408,2499.47912669816,608.68179202877,0.831096334810513,0.880920170790005,0.71156354467727,0.45061882940388,0.927127354449234,1.83834662696136,1.49165288446945,3.84931740792229,1.71132159595113,3.7009104931566,734.589233294853,590.434074066362,581.359259485133,804.439059477418,444.700074639784,5521.74379407493,2384.62715188576,9023.62479559956,44208.8537528398,1434.43661569042
100,0.215,0.825,0.1359512118419,0.191167880250941,1434.74061391381,924.869251041088,246.512720866686,417.258528720743,1500,1.24042699908341,0.646719953329777,1.04411636208283,1.00066842592096,1.63401163788293,1286.51313750858,12636.4505579605,2184.41593885197,811.481501157252,590.914228355669,0.86533101153789,0.476001301168358,0.730975480747236,0.585106279334207,0.850525112407447,1.96481501900857,1.12601631570417,2.64586893050914,1.50035818840052,2.3020370859764,645.70485316041,2439.71681219756,836.795968895935,519.998890656664,440.865000276998,4363.65533650717,306402.13920714,14155.3867787659,3525.38832827851,1170.6866124772
100,0.215,0.825,0.1359512118419,0.191167880250941,1434.74061391381,924.869251041088,246.512720866686,417.258528720743,1500,1.13496728709263,0.968180307656578,1.0473347748391,1.31888938500378,1.2984496107892,1033.39542994644,1261.85137545597,1667.29129526465,1490.30566342162,662.265079145172,0.701810014874845,0.635884972655701,0.509298427002109,0.980875792706745,0.869089121559832,1.88327062749696,1.55258184565562,3.18086397795324,1.8638102150188,2.19869647106936,576.351785712728,633.574528017718,566.519612699248,785.52398925378,440.431449593231,4571.50426072414,4553.12377122633,45681.4279329856,4767.55040286555,1287.11052928252
100,0.215,0.825,0.116617315361724,0.195650660072703,1673.86404956611,924.869251041088,251.132776990115,424.977968864722,1750,1.17224673406325,1.25190470440735,1.61497269646851,0.824664673441919,0.975574725479657,868.647936394019,825.997941632394,722.582417622445,1988.33083338012,779.878088446202,0.700341373173353,0.746344186934477,1.1731311689019,0.568012921925734,0.718789136446596,1.93228958577118,2.75628071781885,2.6854984319971,1.41180004762158,1.31504194158494,483.806254320865,469.102308867504,469.377873423898,832.628837210884,461.799845279187,4698.93044760674,3926.01119639779,1595.95506309559,15346.7142720478,1634.05246485617
100,0.215,0.825,0.116617315361724,0.195650660072703,1673.86404956611,924.869251041088,251.132776990115,424.977968864722,1750,2.21221290420582,1.33039841522875,1.12167722183368,1.14391328969236,1.3715305374628,584.209225337683,583.970868414816,1202.51485723371,898.625982554192,948.141653242398,1.31876017810092,0.934793851465174,0.745951841420881,0.74761798269439,0.75912990889212,3.91075265773828,1.95168813407822,1.86748400153687,2.17049636125714,2.89076484451141,427.116931657789,422.959665659167,640.915696139978,528.648153704585,522.305516271537,1137.86779729324,1183.34064873315,5542.77423180826,2579.58499384178,4920.25427895613
100,0.215,0.825,0.553075327915399,0.0957972524877735,239.123435652302,924.869251041088,141.877032223114,241.321481188715,250,1.11538504998135,1.31423477675096,1.06826161510959,0.904598328610299,1.2911350339656,2539.24643568577,466.46763808914,356.570664311245,1650.61461750358,727.188556661499,NA,NA,NA,NA,NA,NA,NA,NA,NA,NA,NA,NA,NA,NA,NA,NA,NA,NA,NA,NA
100,0.215,0.825,0.553075327915399,0.0957972524877735,239.123435652302,924.869251041088,141.877032223114,241.321481188715,250,4.82463147195835,1.51377911571945,1.14348561695788,1.88283135774222,0.976141199610474,303.849939736779,615.307379075155,310.44633227052,572.013356518382,1673.22198611201,2.31809335728725,0.842256929472883,0.943379817698771,1.09961952608991,0.454188047406051,8.79082148265903,2.92526708799988,1.41044598740456,5.41719544246447,4.84291406470629,258.532477224424,344.117273832014,227.991235337965,332.717857790581,314.984545340436,511.722694104379,2812.70027211782,465.585403601112,1970.67143565096,89797.0137508374
100,0.215,0.825,0.356446462328954,0.140393708864946,478.246871304603,924.869251041088,192.551785564447,326.781948325596,500,1.79176848686496,0.790135122868534,1.18926477715112,0.813827120725361,1.04964241982549,709.062808313449,1125.04105153046,503.100635479741,2562.2093083939,857.082902283074,0.903078923147252,0.586314337114175,0.902891659784472,0.471948031123391,0.765171444868563,3.61686456849153,1.08291472737177,1.64313897252726,3.63020188953713,1.48983775939468,423.09676805957,567.37195565957,357.979928488573,451.861616820095,481.841476206276,2614.00449806216,4270.44433932981,909.55035764609,74723.4827293183,2123.40417683122
100,0.215,0.825,0.356446462328954,0.140393708864946,478.246871304603,924.869251041088,192.551785564447,326.781948325596,500,1.09107472969336,0.941286371887799,0.785409955548706,1.36878514886208,1.1971562353653,1552.27523591217,701.869882833854,1081.54855680284,731.982911503631,920.579286270644,0.680541984292268,0.601368292335375,0.517229014622566,0.74807439659605,0.787598206943919,4.52780103302591,1.74096934407414,1.62183100646834,3.07884195758234,2.04377309554062,625.845555933689,384.098403817829,469.840625347138,437.715539912126,461.736991702658,9820.93063623415,2493.72231340302,6478.92595853099,4267.17110450209,3291.92767355307
100,0.215,0.825,0.257851105105913,0.163013034765382,717.370306956905,924.869251041088,216.991020822759,367.829941016634,750,1.06371154355538,1.5503610724283,1.13953834580044,1.18437482829168,1.55310790672926,800.655576860247,529.303709686477,743.466265985763,1312.31736959292,565.057438449298,0.732578082515869,0.939066713207704,0.697361998234567,0.60567952380058,1.08563448147454,1.52944667157714,3.33293180342753,2.86726148688904,12.1762973991309,2.73663517036783,489.758682140775,386.079343954907,432.13585988398,405.284104596645,394.141390080524,2630.24353625487,1107.60054810378,3573.4338520651,9526.54902411063,1212.75320312221
100,0.215,0.825,0.257851105105913,0.163013034765382,717.370306956905,924.869251041088,216.991020822759,367.829941016634,750,1.18265095624159,1.31056553309991,0.910780547948105,1.50440707732701,1.18428280448023,545.438692729318,694.537194366582,689.552359152043,773.68871337519,1308.4556062793,0.77108030703478,0.756383136753462,0.657072524477807,1.06648283932949,0.711088904892163,1.65373173436897,1.89985787335169,1.25829468136692,2.13680812329937,3.73882386865976,364.021015987633,446.150074377899,413.001562804092,468.246190815409,524.531887603357,1227.76390427459,2293.89621914796,1898.84892269774,2990.91373057449,8895.69106860852
100,0.215,0.825,0.199949825732212,0.176362016848044,956.493742609207,924.869251041088,231.101477737775,391.477054325248,1000,1.2896524800754,1.57258588885982,1.01203038675481,1.06757146907882,1.47324619574949,1200.97288382731,829.897627207283,1616.38674101001,1414.0317407683,599.215495442626,0.635381534394753,0.92169064805519,0.661710903111736,0.557721258526992,0.907088154336176,2.14894436383402,2.50884309300978,2.00100398570412,2.18470431407213,2.19879191314989,632.240915180251,526.26303463805,685.467607589584,672.725981976507,436.757904826539,9275.42652118355,2317.46998363301,8580.31911373809,13838.1465785024,1224.09020931885
100,0.215,0.825,0.199949825732212,0.176362016848044,956.493742609207,924.869251041088,231.101477737775,391.477054325248,1000,1.21135309086882,1.08847890948037,1.41390099948672,1.72469295061966,1.04920931606462,987.130865499333,1214.06550291385,727.443352357633,519.583204730242,1146.40098544609,0.839729105122687,0.806561236621456,0.912769840150909,1.0374995082706,0.769410385431532,2.6189059244659,1.50978236850508,2.55807818107492,2.54042614348277,1.50028268300236,536.26285573256,653.417549673042,479.191758685653,394.777369855846,593.169120646072,3573.28134917057,4854.84023219603,1747.68154361099,951.774761902963,3727.15747534038
100,0.215,0.825,0.162265605156944,0.185073900675987,1195.61717826151,924.869251041088,240.198467236649,406.701271141681,1250,2.26069744574443,0.874591330828439,0.891161332415232,2.68275975915576,1.00230468752234,567.59334167819,1237.43045918655,3148.80013846556,609.722449298568,683.501835031731,0.869900401119973,0.531979360612933,0.33377304516198,0.669790908138707,0.688680883548048,3.08693363598993,1.50788539810764,2.8376664117131,5.24766154022468,1.45343655913464,422.413893363883,594.659260618581,656.514929816638,444.956965463182,458.307645505581,1217.59773045635,9147.50740380549,1095906.40771341,4157.16535648134,1549.49828308364
100,0.215,0.825,0.162265605156944,0.185073900675987,1195.61717826151,924.869251041088,240.198467236649,406.701271141681,1250,1.07649831281361,1.24468357733948,1.06448466721754,0.918370663562207,1.23898743943471,1213.2027767763,832.536741228694,1439.76785929763,1056.15586402731,965.147518374049,0.757219630404292,0.787588295707601,0.722039034721234,0.687190510926995,0.850400308646931,1.56620863420557,1.9513685895436,1.69128345547549,1.20504019968935,1.85663904022037,662.201192267954,539.30332298621,702.754112691984,570.359960170227,564.056010292285,3988.08051193809,2302.27204104269,7108.0116904594,3021.62812223306,2843.60262791238
100,0.215,0.825,0.1359512118419,0.191167880250941,1434.74061391381,924.869251041088,246.512720866686,417.258528720743,1500,1.16599122324798,0.982468383170354,0.844146707948268,0.83204631931037,1.46612133102445,1208.33856471316,1203.90529808561,6212.0006146114,1608.72875029648,582.725316877905,0.630149167016853,0.525527232605461,0.385298481552556,0.531853123509895,1.0543012314041,3.66070023019233,1.38259282242715,3.3275218106034,1.16717614048501,2.25290717317254,558.57752828764,676.373583702118,739.339495677146,798.021709706859,442.156393348222,9619.32183437273,11150.3373567299,1045046.44029498,9168.30503158651,1010.3388769494
100,0.215,0.825,0.1359512118419,0.191167880250941,1434.74061391381,924.869251041088,246.512720866686,417.258528720743,1500,1.0539997860816,1.19166782254029,1.64168884697222,1.36428128905874,0.925907479681438,2042.26848876763,1050.71113556121,836.630965646828,832.8907293936,1276.53937740136,0.600598908191273,0.851825950108804,0.818805347372344,1.02970621424521,0.592176817682484,4.91274905872329,2.28337448207405,4.5789597450568,1.90396067432137,2.23382791726897,644.653012739505,576.697118033683,524.78424469636,542.064384312177,616.069293525064,34362.5809521271,2671.42783744167,3197.76232845983,1718.40076912055,6079.50710548665
100,0.215,0.825,0.116617315361724,0.195650660072703,1673.86404956611,924.869251041088,251.132776990115,424.977968864722,1750,1.3135929412393,1.29898399951857,0.740525146649245,1.59619093263631,1.20285925288262,489.640858189695,595.890762536912,15939.3378176133,682.610748426982,559.630682366731,0.784172192960687,0.352570243375493,0.550713998904538,0.753477494262915,0.87668479251492,2.21206090561341,2.91180711756084,3.22895635739883,2.37971601139862,1.70130540622615,365.097530008628,382.047424022077,1777.42942633201,441.896393078428,368.864434826784,1360.79531309576,6964.01069015164,69956.6976415308,2898.88538730391,1138.36746647947
100,0.215,0.825,0.116617315361724,0.195650660072703,1673.86404956611,924.869251041088,251.132776990115,424.977968864722,1750,1.4828061888512,1.59891136299132,0.934114582852737,0.918449588364631,1.32944853738401,1322.06757408581,695.847836911698,2646.95297110909,1027.23926832189,646.561490339725,0.466674647713725,1.06105741439896,0.467487850268573,0.585168623503736,0.83763941093816,4.92945796555743,2.35293938896091,2.21279654933501,1.43160782794154,2.07216369740527,642.97963853371,480.458221579146,783.730444166486,553.587203672778,449.024004543389,25781.9746703345,1472.14058820454,55393.3331293261,4608.73169495539,1473.36492192548
100,0.215,0.825,0.553075327915399,0.0957972524877735,239.123435652302,924.869251041088,141.877032223114,241.321481188715,250,4.5836155853841,0.820820982085231,0.941152290439628,1.09487252767731,0.881805582609764,413.924938220578,2639.35390853651,271.748063866707,686.114848541459,2698.61674215612,3.07999207825543,0.445487324145401,0.75739930394404,0.721016569897222,0.65509576685975,9.77005312723446,1.85708841099625,1.20513219834585,1.51662336082266,1.23189928701578,315.529937369599,553.953000297446,200.01101168636,407.028742026472,862.689401801503,1102.57534324103,155491.046414492,408.878391179962,2308.78170513507,16845.3742142888
100,0.215,0.825,0.553075327915399,0.0957972524877735,239.123435652302,924.869251041088,141.877032223114,241.321481188715,250,1.80793843308177,0.664369752261593,1.20719530270126,0.871598627698425,0.978882329452607,591.29213086705,6403.47841978964,214.998941641665,966.392261324781,2118.30878745665,1.02588814006639,0.270741451575655,0.901563086223868,0.511803396595705,0.518600198052705,19.0979387782526,2.05649551498696,1.53743262978709,1.68188787865711,4.37718071521412,277.122721396271,648.491776217588,168.084264660683,394.06497677133,622.176306535699,5445.52800544791,70543922.1252165,290.661069206562,8647.57212535847,227615.136484816
100,0.215,0.825,0.356446462328954,0.140393708864946,478.246871304603,924.869251041088,192.551785564447,326.781948325596,500,0.732685029144875,0.960384063789296,1.1994598251617,0.932069680557477,1.35758076545346,1901.83847003796,807.821557921961,501.949822139852,1381.09828262493,1511.51958656232,0.509453910651055,0.677319672262256,0.878029101862236,0.533755659873478,0.730895766384498,1.29014513938228,1.60450466290525,1.70125232543038,1.85767042072211,5.69838374962303,644.182587687773,444.456695750048,350.63144864156,526.019681979908,635.804305175814,20041.7309361287,2344.67294353336,1027.02906419501,17229.4103265737,9836.1027444415
100,0.215,0.825,0.356446462328954,0.140393708864946,478.246871304603,924.869251041088,192.551785564447,326.781948325596,500,1.22170181554838,1.23487475580302,1.30849571872318,0.868899726875155,1.04138011371173,1166.91010398959,963.608774467766,472.562899640884,1868.06943391178,1021.81443574336,0.699095362520868,0.820185887632582,0.910539786343999,0.473523264411167,0.733985608004607,9.02867573683806,29.0537859202697,1.77080176906352,1.3325563029004,4.64582366999562,410.438018790745,343.055666494616,344.165141960385,740.342634972391,440.622353829524,16437.6579789694,4585.12540913602,861.939973338148,41515.8759405677,5293.16494819234
100,0.215,0.825,0.257851105105913,0.163013034765382,717.370306956905,924.869251041088,216.991020822759,367.829941016634,750,1.51899900740382,1.17103314672908,0.956790487398283,0.985789377287615,1.36773020078659,1098.09285386206,1099.23433743422,811.347625971708,1382.0095501432,841.81272467923,1.0295873015105,0.736373498988023,0.704604463453075,0.666508814868984,0.943039386568721,5.51998293295715,2.18805240801902,1.36045353320469,1.6706109786779,1.86287406376611,570.123621189206,550.804438206662,473.419007334473,649.308603150071,525.639971219334,4036.93928787727,7292.52456485103,2024.08194973895,7738.75947750954,2259.12941909787
100,0.215,0.825,0.257851105105913,0.163013034765382,717.370306956905,924.869251041088,216.991020822759,367.829941016634,750,2.43897130344708,1.02018770980525,0.891693544908804,1.60067971261726,1.43862184941077,905.52901542583,997.970867227185,703.212929683936,1127.36547188555,520.31507703474,1.26646845457363,0.748444332710506,0.45131424320615,0.385335245189593,0.910627056269255,8.20867274438589,1.48331851093322,1.63542672951812,6.22728849262149,2.00059479691624,451.703329855366,543.679954784461,429.3291091367,471.237070321973,378.322493357453,5547.6854273189,2584.8888587031,5174.82108793051,101590.854299249,988.929489808484
100,0.215,0.825,0.199949825732212,0.176362016848044,956.493742609207,924.869251041088,231.101477737775,391.477054325248,1000,1.19747730934724,0.949741786891849,1.26602756846136,0.907690030473983,0.881428585949981,1059.94887404198,1795.97872758323,696.525906070551,1363.22854901431,1326.44867804342,0.842438940439865,0.662276436372537,0.885103744064929,0.660227237026131,0.48948635954652,1.92452936185234,1.8045652360658,1.97785299275497,1.25481132500495,1.45169974048179,600.379290313066,783.237322450861,447.991528079397,699.175676032996,636.150179414486,4073.79986173684,8646.29228795081,1397.86088842249,7236.47489688425,13388.994085737
100,0.215,0.825,0.199949825732212,0.176362016848044,956.493742609207,924.869251041088,231.101477737775,391.477054325248,1000,1.221394661198,1.17054901820956,2.18423352033152,0.739636343403636,1.40258157336201,720.42495444746,784.534021021988,791.080257903147,2156.71099274255,719.223746519641,0.706268414210153,0.839144095489863,0.777059209719076,0.531736386928616,0.895917173824089,2.41470787048417,2.63949368850508,6.97441106474717,1.42324045884503,2.69155160496756,467.41303010077,484.920754289478,480.45273879825,737.210479030747,462.59181406273,2549.27598371273,1821.26335452774,3687.19900561151,18713.8289609635,2078.30286529699
100,0.215,0.825,0.162265605156944,0.185073900675987,1195.61717826151,924.869251041088,240.198467236649,406.701271141681,1250,1.94943204325541,0.745155496052127,1.17668194497505,1.25428940699455,1.65751629709902,731.899849297347,2009.38139837779,1119.7744599915,911.842106675065,651.754853155518,0.90695570894597,0.327518758371103,0.545596883086385,0.902908908530132,1.16372540409859,5.82740170408095,1.81621583405658,2.09960124496938,1.70807937598673,2.21603685978303,479.109050171315,631.761027339106,603.44895094516,557.60807541195,465.029141462283,2515.60816053818,1099579.8330959,11780.9897930525,2495.40542925629,1188.51005160325
100,0.215,0.825,0.162265605156944,0.185073900675987,1195.61717826151,924.869251041088,240.198467236649,406.701271141681,1250,0.914715101149012,1.08218149971534,1.0994452814021,0.738617299744057,1.51081563050694,2616.60449723801,1045.4989310348,1117.63402146502,4032.51804247183,742.875837873745,0.37474894003255,0.777281005154216,0.697119984176309,0.324594430500601,0.883500968788642,2.44121347683482,1.61155834783925,2.50276008484613,1.72097054943531,2.96343281614443,669.00207203666,618.344425340091,560.753625844568,818.917259592645,493.855656401619,746581.09590689,2519.94952418656,4229.73544044065,806902.910693211,1714.77684168394
100,0.215,0.825,0.1359512118419,0.191167880250941,1434.74061391381,924.869251041088,246.512720866686,417.258528720743,1500,1.30727475272156,1.63843761467481,0.838629956167032,2.64335975174351,0.948491721526757,1047.77312776628,800.648308922446,1758.52908723747,682.114921256479,953.756755458517,0.797126955817653,0.963311691569218,0.574877298543113,1.37368652387968,0.7190775973994,2.53057356274441,3.40289636131327,1.25377951436742,11.2078829945492,1.28324360441741,588.904587756641,521.669553372344,774.207653660083,456.438631482225,576.717264118708,3560.11546232482,2322.53920070941,7715.62114840165,2249.46566561962,2166.53707198104
100,0.215,0.825,0.1359512118419,0.191167880250941,1434.74061391381,924.869251041088,246.512720866686,417.258528720743,1500,1.26750451096456,1.04383325541003,1.33900602993544,1.06125417076269,2.21782250826352,1040.61512327205,1599.24696496613,1062.6914914399,1140.15451273842,507.071260312475,0.688717289038462,0.673420270753862,1.01682863740297,0.729445806257258,1.3614673974095,2.98649373165153,1.94567648530354,3.76143567766764,1.73120323125478,4.1880557201427,524.216646669256,749.499858419032,610.957353794867,636.92559740411,415.665373962986,5890.61372880562,9278.91649618532,3459.36765464697,3777.16647679733,743.853238334837
100,0.215,0.825,0.116617315361724,0.195650660072703,1673.86404956611,924.869251041088,251.132776990115,424.977968864722,1750,1.54952720538107,1.33131225785886,1.14583138397593,1.01117607928518,1.38578057247617,1676.59731320684,745.438822265173,1379.58257392045,935.825229310938,1232.52461743473,0.494388900277823,0.908272864296234,0.535882274560763,0.659750283777663,0.868638534151941,5.22809729166197,2.1868767884729,4.44703495780622,1.44822781475662,2.3108114116584,545.417867855238,523.403669694209,547.282718585736,575.389674220695,682.525270109876,37402.3331167847,1459.4149078327,25696.9406448923,3309.93982883882,4301.97084938634
100,0.215,0.825,0.116617315361724,0.195650660072703,1673.86404956611,924.869251041088,251.132776990115,424.977968864722,1750,1.62110629774339,1.33367186753335,0.688748023430403,1.05788461030533,1.817870278546,914.90014254028,586.392216628705,13771.1163088339,1092.50468796183,703.344679487072,0.800369838427938,0.866164989411478,0.451008497396241,0.679622783961364,0.957262790747534,5.12965949800613,1.80789016802976,2.52392717455981,1.97716437263518,4.27291810112591,525.822084544396,432.915261589003,1235.31146936679,576.222359051673,480.411476158854,5402.32360607142,1141.72770125025,230025.042802138,4461.47171566751,2465.62061720534
100,0.215,0.825,0.553075327915399,0.0957972524877735,239.123435652302,924.869251041088,141.877032223114,241.321481188715,250,0.822530484956572,2.15974806649685,0.845145476216819,1.15785807676695,0.752329916630142,3145.88386295982,396.253214095556,425.312475485667,786.63147946832,2243.24229901212,0.330234455848772,0.926177928245346,0.62139161898353,0.647465781253519,0.402049020988582,2.43922475740811,4.65767671321568,1.11813753004795,1.9962912606912,1.49933195355179,601.798109276912,288.536148222997,269.33984220585,416.460349657489,607.433682574081,7542726.70433125,1176.72607978253,865.8854488434,4479.92234328526,173578.580357624
100,0.215,0.825,0.553075327915399,0.0957972524877735,239.123435652302,924.869251041088,141.877032223114,241.321481188715,250,1.80846128649338,1.08768675159173,1.08753430825613,1.04160095927054,1.22896376196372,546.340093147014,1270.70384295644,254.538111565007,971.507062292658,647.041962943108,1.23306736456237,0.437988206635922,0.876565647225267,0.738411719022421,0.832844751454883,6.77600681268445,2.1535781455703,1.33181704452959,1.65957189658446,1.82403539057358,298.339813114276,483.562416936158,188.056151646562,437.486320487993,366.507403963707,1893.02801370086,206770.342423969,374.427807817115,4913.35675981031,2821.01957192907
100,0.215,0.825,0.356446462328954,0.140393708864946,478.246871304603,924.869251041088,192.551785564447,326.781948325596,500,0.941897831756641,1.36303369709176,0.900926716649968,1.28314106865696,0.972648459652741,801.046912386978,734.149248799378,578.963307792223,700.105614691958,939.563652761789,0.650732737245412,0.697882768852609,0.653596577164335,0.875163642440093,0.598693696396798,1.46035233985738,2.80376632908754,1.34934883423358,1.94579595195022,1.68058673655779,429.713397949027,420.049975716746,351.986102811453,408.067700690826,506.651961590549,2694.02038488521,5306.70966070563,1305.40046560208,2455.63670694423,9581.15954973496
100,0.215,0.825,0.356446462328954,0.140393708864946,478.246871304603,924.869251041088,192.551785564447,326.781948325596,500,1.05771733546136,1.47988925220889,1.59287980773283,1.66828790459133,0.882054174012919,1426.13266435401,788.054724061752,327.151260391853,1071.44706354291,1138.00816634517,NA,NA,NA,NA,NA,NA,NA,NA,NA,NA,NA,NA,NA,NA,NA,NA,NA,NA,NA,NA
100,0.215,0.825,0.257851105105913,0.163013034765382,717.370306956905,924.869251041088,216.991020822759,367.829941016634,750,1.70729521061188,1.44198395902939,1.3619463898137,1.58645835229456,1.07579375192519,680.313126430624,498.808002929065,930.002444484523,785.074429083387,893.131393873099,0.951274078186382,0.967174346202105,0.831601375959898,0.966656387917702,0.79160532275888,3.4011166894488,2.4613675651856,6.54159001485921,2.80666781046864,1.82252148063201,439.315407567436,371.868283775184,434.806621040049,491.603319465149,479.059530827403,2623.50256783673,911.708477101993,4531.93149627925,3118.84892322426,2633.49753913117
100,0.215,0.825,0.257851105105913,0.163013034765382,717.370306956905,924.869251041088,216.991020822759,367.829941016634,750,1.10398702287181,0.636886749016087,0.962646330578458,1.4275895565054,1.17078767529721,1365.60601636937,8467.4189708854,1507.62971395182,871.780345929667,764.82714359745,0.494928496627387,0.323064436234294,0.499226657319329,0.900736282071995,0.935894159260734,2.48671449008465,1.76876075404081,2.45643182075922,2.89679345980588,1.56856289796073,629.993760135995,997.781343901279,621.581038868373,512.786202307713,495.305703689313,23380.1245986139,373581.316664835,20587.5385001376,2523.79555819278,1541.1078428778
100,0.215,0.825,0.199949825732212,0.176362016848044,956.493742609207,924.869251041088,231.101477737775,391.477054325248,1000,1.1478172502103,1.17662492098694,1.24368675337514,1.00825977856982,1.69976239566421,849.378759795028,1199.18633257228,756.859636779281,3472.61091041328,474.642623638284,0.715676981744069,0.715787823557845,0.891343787130159,0.57443871564676,1.27386593757431,1.72923560918702,7.0106234430414,1.84144700302873,4.00982815824534,2.39299728155835,500.836127282698,465.665285595528,490.021193920464,864.652563873377,370.488714782079,2395.36983267997,9512.65684508656,1660.83755607178,15064.7249123167,672.815046056338
100,0.215,0.825,0.199949825732212,0.176362016848044,956.493742609207,924.869251041088,231.101477737775,391.477054325248,1000,1.34472846482897,0.940912293224828,1.13526179839548,1.05533220752364,0.619131765164543,861.195508373333,1250.68197087867,770.101038166029,1614.80407661687,9854.76655899137,0.915867522785529,0.667461517122037,0.770670962102126,0.693363478526674,0.349386074942746,1.97518382402304,1.37187132750896,1.76273824453727,1.69094274699272,1.26516103800265,545.423453769337,644.390760093969,484.989935577276,741.220408026038,1380.09812567866,2359.06971894454,5456.70675975373,1954.79409594839,8239.88670739372,1257075.41784618
100,0.215,0.825,0.162265605156944,0.185073900675987,1195.61717826151,924.869251041088,240.198467236649,406.701271141681,1250,1.66976420017129,1.30232863514274,0.998056376018137,0.809110833470191,2.16943328535761,687.661872056111,574.098653115382,1512.20262831597,1074.57163312186,536.162718329993,0.987135268479623,0.874452187392586,0.492429377568827,0.538469584108538,1.21702541832876,3.99721713264616,1.89844096420264,1.51775521714506,1.1763572559187,3.30188510718964,457.409826305983,403.53021712028,659.072428847466,535.75923720077,408.452323613897,2452.60541564487,1162.52679160038,27696.2930094029,3892.75657078553,994.761838938811
100,0.215,0.825,0.162265605156944,0.185073900675987,1195.61717826151,924.869251041088,240.198467236649,406.701271141681,1250,1.86979717238527,1.15157734537298,1.24840516894816,1.04202220582154,1.83131477303194,636.654205230227,797.61880194731,786.199298774283,1636.40068875124,658.692914097917,1.05994206626175,0.823992258014175,0.79392795691788,0.765665618676769,0.841529691031801,5.10848190963547,2.51716763441337,2.48029190258249,1.85281586732418,3.94623043985405,439.957902069405,510.29623077575,491.765257242619,684.993742894771,451.03024834243,1510.41764900063,2338.13714758641,2715.35158910651,6655.14674430469,2431.09023982682
100,0.215,0.825,0.1359512118419,0.191167880250941,1434.74061391381,924.869251041088,246.512720866686,417.258528720743,1500,1.72708331706184,1.15304987030866,0.882187671013672,1.64048023588197,1.23465381408201,657.759941862299,756.100847339685,4838.33515574878,633.295934674083,736.057588960693,0.505366492324711,0.586468222966346,0.541684113592363,0.88783680064872,0.769253180628617,2.7984615977465,2.47441431269368,3.65446192806439,2.87132559868976,1.94125324012497,435.977587086033,440.834544221112,1253.31153645361,451.880566732603,478.713514167788,14188.5296404948,5682.71424148391,25617.0568527456,1805.93967315714,2079.70983340163
100,0.215,0.825,0.1359512118419,0.191167880250941,1434.74061391381,924.869251041088,246.512720866686,417.258528720743,1500,1.82649925521034,1.18495023917222,1.66164327109195,2.21904707525236,0.97625354237856,592.042100236784,960.776627996944,788.025687835422,572.42773399235,1305.56597599605,1.33577165904444,0.86927790668037,1.13437451281013,1.70668481582746,0.599989978418943,2.70201914352711,1.71766030649265,2.78426499090876,3.14093923765005,1.42183059980119,438.701691565848,564.261798343044,515.066650414042,447.477811175939,674.785646360243,1028.16801536483,2274.42864441451,1767.9639536329,893.597225743308,8815.05964013955
100,0.215,0.825,0.116617315361724,0.195650660072703,1673.86404956611,924.869251041088,251.132776990115,424.977968864722,1750,1.70648348365278,1.19433493833543,1.28893903685127,1.05079473636187,2.27771853108439,1029.92917053459,975.440797799777,1650.32390366745,904.330779259247,512.156339978537,0.773560375570244,0.598465421099736,0.562675066860316,0.573349785181454,0.947263203100466,4.89136080930002,2.98483851617526,6.95968170315067,1.57694341221231,3.69036766985155,560.084620266166,550.964037531093,477.034494098256,583.031461419415,426.674454088669,5891.87309746983,6515.32012899277,27823.7797332941,4253.84414859777,1055.03124939627
100,0.215,0.825,0.116617315361724,0.195650660072703,1673.86404956611,924.869251041088,251.132776990115,424.977968864722,1750,1.88983323377405,0.759414757701581,3.81261493895997,1.77507573129692,1.0528599771167,538.675124040143,1488.19232774633,545.135377579466,730.147158896925,1278.16147765763,0.904007921550477,0.423647286080706,1.18017466732992,0.974357527798298,0.609761613059891,3.6760119348034,1.18660746815523,9.83771339492256,3.16022456051587,2.28861374249228,430.841207047903,717.565284093856,441.082524807615,503.049845957387,620.620153731158,1100.26978588637,11653.8054811361,1097.92700200045,2308.42253561734,10126.9363401814
100,0.215,0.825,0.553075327915399,0.0957972524877735,239.123435652302,924.869251041088,141.877032223114,241.321481188715,250,1.93490701155314,1.23121282456166,1.34777564508975,0.922779314658896,1.10817844518171,543.469189760311,1350.17397227033,206.243536107095,1684.55845117823,744.600573028532,0.906742382167766,0.771856910373941,1.11413351355422,0.626996893172227,0.893342622407389,6.08760630047488,4.74773219804586,1.68951955897206,3.95978602920239,1.60092809325394,300.608548936348,406.593781730724,166.44912194133,513.571069364313,396.268112429548,2461.3030746308,10137.205554527,260.367414028751,16467.5586191083,2719.43840729776
100,0.215,0.825,0.553075327915399,0.0957972524877735,239.123435652302,924.869251041088,141.877032223114,241.321481188715,250,1.87993627586399,1.72769847067816,0.844981258136114,0.971896245447699,1.05939706365054,449.428493957926,518.605856501043,249.966433418163,1624.96502721193,829.668340742516,1.06159304183959,0.689462818869651,0.599460554007498,0.664753332610366,0.635081316306538,3.25292476406766,8.07788861840697,1.13367724167611,1.81528449604653,2.5377264425172,293.365348320944,275.130593267439,181.603504687051,506.623025318372,334.041550037303,1643.67406673826,6649.06950371548,422.944652333466,10261.5620133671,5442.87414850528
100,0.215,0.825,0.356446462328954,0.140393708864946,478.246871304603,924.869251041088,192.551785564447,326.781948325596,500,1.57081591415754,1.13308358698028,1.42419662727371,1.14583697479931,0.742370249606993,757.912596848225,1056.15084935254,460.296594856857,720.230824080892,2472.2966519543,0.649117687943309,0.661068279599111,0.933997126072948,0.773141341252719,0.408794614080584,3.3480438732546,1.80871732622291,2.24480222729463,4.41069503262193,2.16550901176576,457.637269789612,517.721089544256,347.19817932814,400.998051597724,637.613526866241,5005.88564166697,4865.27742881689,781.079607300483,2160.9615514,243034.503533302
100,0.215,0.825,0.356446462328954,0.140393708864946,478.246871304603,924.869251041088,192.551785564447,326.781948325596,500,1.02514392613879,1.51737372885254,1.05537061664267,1.04460093730495,1.56732860007466,1191.60361092826,546.370601544518,387.308534912598,1128.30456351409,746.241825533742,0.67771210771177,0.92867387089252,0.662046698862,0.750424950440991,0.939252326646814,1.65734444499016,2.54969197158187,1.38201685436882,1.5249862957227,7.03847603327829,510.19312787156,363.634125331745,277.608869516209,499.037362676341,371.901132265224,5657.62942009256,1457.07203709311,749.605904666696,4071.04473516179,4782.67476614602
100,0.215,0.825,0.257851105105913,0.163013034765382,717.370306956905,924.869251041088,216.991020822759,367.829941016634,750,3.97634193636534,1.11019530909061,1.38597678825278,1.1692800724756,1.17187102104042,540.83524233633,1540.58117901248,676.42758116915,834.479332567264,867.410728961849,0.958585776494398,0.565468947941108,0.873714888324679,0.646034664666329,0.672095007772809,111.424699321179,67.6294699920852,2.3410883100354,2.54497706666271,1.78194831009252,375.461480723756,380.204776026436,478.636186589558,482.439195178124,543.205146040222,2182.63145287251,48717.2046053016,1850.42736773751,7538.26897027796,8331.48071549913
100,0.215,0.825,0.257851105105913,0.163013034765382,717.370306956905,924.869251041088,216.991020822759,367.829941016634,750,1.97844390266604,0.922255700244742,1.50452381742986,0.869757424700883,0.960115306195853,599.29918535437,1724.40399782313,566.233367772385,1665.85880879865,863.30085581373,0.693940855363454,0.590892291331104,0.857771899551638,0.538526804005511,0.647821817719787,3.73856026601644,1.59785649371843,2.6405588602625,1.71502031107236,1.92175128650875,419.674104353699,712.617689413923,391.361984884643,627.404702648884,462.140735600768,3855.33410200601,24988.1891322202,1301.90914813364,12396.3869972312,2712.48213526846
100,0.215,0.825,0.199949825732212,0.176362016848044,956.493742609207,924.869251041088,231.101477737775,391.477054325248,1000,1.37748084630874,1.00325072181467,2.18985239094079,1.7814947682312,0.936350977075684,695.939163301645,1381.08282762288,835.624389995852,754.512260931203,1376.40634624568,0.888832799645381,0.641124252082704,0.955320835008122,1.214823377841,0.697500698673451,2.16756569821718,1.54264290568118,36.6716755491264,3.76974323816713,1.37065990917545,493.536000903758,666.277597292744,406.135325911972,508.066780183965,699.236585719647,1764.89157881266,5462.53535522512,3999.61913980595,1797.25515410531,4598.83941500299
100,0.215,0.825,0.199949825732212,0.176362016848044,956.493742609207,924.869251041088,231.101477737775,391.477054325248,1000,1.150133766362,1.63154325583969,1.55613940225022,1.59319107757238,1.28314647720388,1216.14070074138,633.353141619053,749.71732082977,1050.34723454833,1149.31914905021,0.730561174022407,1.04612213214915,1.16671832385939,0.807905927864111,0.879278832728987,2.60501074814511,2.56599534431407,2.3942505285041,3.06555166042759,2.16358388358046,569.499317820271,464.139148714944,500.029301406167,586.758568469277,600.84388461654,5602.95133364848,1279.34390161369,1511.77336708316,5461.69927802437,4419.29768298373
100,0.215,0.825,0.162265605156944,0.185073900675987,1195.61717826151,924.869251041088,240.198467236649,406.701271141681,1250,1.26841043937302,1.22291599439661,1.20420917273948,1.22708162601081,0.839905260585216,952.354960007103,671.320466819214,1077.7526530346,1150.29458582426,1589.41017515914,0.67737732093262,0.789691412577073,0.669710667234763,0.808676792457091,0.540318748078993,2.1688607768235,2.02978040055008,1.9632084214975,4.91346420586075,1.57308192000015,544.866319844276,447.904863217498,561.425866607521,546.594623316199,637.789473106125,5408.67816575803,1867.25336939812,4927.38181479729,4585.34279552992,12565.5029283217
100,0.215,0.825,0.162265605156944,0.185073900675987,1195.61717826151,924.869251041088,240.198467236649,406.701271141681,1250,1.99316562585393,1.1784176306132,1.2003969343709,0.987121113655206,0.913363340515809,610.253874946626,822.456245073282,1556.51837826612,2013.8483708162,1738.78895550399,1.18768044566004,0.832592963148097,0.661278533464009,0.637646962074717,0.644002241159696,4.07050905278498,1.61173286328952,2.03268465759978,2.04151974742768,1.48304038392468,465.992031480465,529.177702493628,747.269343290432,691.779669809165,773.654960431285,1398.9702605772,1616.95084130146,14080.7631067553,17928.5144886268,9725.4807550087
100,0.215,0.825,0.1359512118419,0.191167880250941,1434.74061391381,924.869251041088,246.512720866686,417.258528720743,1500,1.58613756238924,1.02462330363459,1.501977769279,0.891534209197451,1.87682919744699,766.538024788035,1299.27365703808,506.330555992484,1086.54535610427,561.191040245999,0.821859407639051,0.616567962645237,1.11210830281065,0.624890397030631,1.14791936556427,7.37158890317083,1.70363672627989,2.12400114715441,1.28514668429875,3.81996983505033,463.392136153417,623.635182965194,384.157088630365,556.079006045827,423.394321566312,7410.10329085124,10044.1937703025,817.637878289368,4183.22361009913,1318.29032977555
100,0.215,0.825,0.1359512118419,0.191167880250941,1434.74061391381,924.869251041088,246.512720866686,417.258528720743,1500,1.26429742958933,0.951445234602938,1.11420643469353,1.01276465856884,1.25726635871417,972.835114216762,2070.05854724025,1210.30127954131,881.307925608946,977.216425053968,0.779862049891221,0.595460214643369,0.723799267476822,0.677956952308909,0.793507324702073,3.44689198209712,1.64925141287511,3.25933742999418,1.41422284225514,4.04790272135214,525.075069530928,806.811740810493,619.783519332924,528.411455673892,563.064335159662,3509.11126943129,17938.715696168,5746.47618620115,2378.16169035079,2627.7713322791
100,0.215,0.825,0.116617315361724,0.195650660072703,1673.86404956611,924.869251041088,251.132776990115,424.977968864722,1750,0.931809989716143,1.25110945526358,1.84659259915984,1.50678082468297,1.07294003775563,1674.5415390539,951.066064119059,1076.89626448448,754.792734435615,1852.80275368465,0.616074278835599,0.882450306120838,1.02961794897076,0.653565782072088,0.653776027789075,1.5556538000617,1.72637200559401,2.73492560671564,3.12717341017852,1.66608980865451,731.93767084541,607.379877261398,643.393716010416,515.856746269799,890.7996539456,9246.20581857584,2393.64843583378,3554.30241991283,4715.42511653843,11497.5169554341
100,0.215,0.825,0.116617315361724,0.195650660072703,1673.86404956611,924.869251041088,251.132776990115,424.977968864722,1750,1.08403934284871,1.25463340208163,1.00972997575352,1.21214057433181,0.981718601580821,791.915938380887,680.900083971894,3184.29407398528,799.584528170339,1222.69729307938,0.682323740314189,0.729459603340129,0.676618076186626,0.857703699112762,0.631306040514557,1.45264858109032,1.99559096405112,4.16225931447309,1.705700100223,1.36078561623512,511.041124888945,463.605874332814,859.555507476807,496.625788506726,620.071302216412,2289.14717077222,1972.18280852302,12264.9574144008,1834.96226430106,5951.5711072542
100,0.215,0.825,0.553075327915399,0.0957972524877735,239.123435652302,924.869251041088,141.877032223114,241.321481188715,250,2.90387539005454,1.01655602561203,0.958647502105047,1.40866418520505,4.12776611147245,458.882875167352,1208.05248716272,279.0482897672,789.602113687313,2182.55594561317,1.07914038325363,0.622102698725383,0.785443922927826,0.869595409854829,4.15461917348983,9.01147330088286,2.08421699051507,1.19265256188086,5.85365779236815,20.5355795780174,284.627509663414,449.64604411495,212.049331243839,310.201510442458,408.665692009597,3811.95327014672,9773.78972165348,415.144423535853,3943.05150822969,3643.24011019404
100,0.215,0.825,0.553075327915399,0.0957972524877735,239.123435652302,924.869251041088,141.877032223114,241.321481188715,250,1.10995130296629,1.57831547758739,1.12621908332402,1.15689900203029,0.839553025235548,1612.50334908721,540.676548803458,276.527664685743,1155.62204721905,1529.61744468555,0.721846644514537,0.765806680788044,0.849606435735984,0.547292048152639,0.54647253788656,4.78802005081193,12.6033671134187,1.47195650518195,5.30846673884659,1.52623702476748,397.251678697281,289.333050449814,206.702537003091,341.198265010796,623.311651778024,13580.1295363298,8472.15527240629,486.769459934627,15494.4444318519,21674.4824327319
100,0.215,0.825,0.356446462328954,0.140393708864946,478.246871304603,924.869251041088,192.551785564447,326.781948325596,500,1.67072789845895,1.31524473132195,0.929367866478956,1.79730177532119,1.25961085016738,727.470936867059,638.111867448804,719.553197020554,546.571702345704,876.193203814095,1.06022344797357,0.905373273908848,0.70825080545954,1.06533485787774,0.78787020596632,2.91259518741292,1.83973425367063,1.17998254556496,2.67094347553878,1.81056898282937,441.923418543768,426.582661677023,432.449703682779,392.027448441695,507.176545966614,2432.49591094099,1414.06140627888,1725.39138382306,1473.3357220163,3462.47103740076
100,0.215,0.825,0.356446462328954,0.140393708864946,478.246871304603,924.869251041088,192.551785564447,326.781948325596,500,1.44728986547557,1.36504059024159,1.23160262055516,1.1450195686315,1.49174983423823,646.378779088277,744.3420260337,546.973200574115,1735.19747465673,531.001989608975,0.989359299429461,0.792607557060403,0.927343028038047,0.706493992792143,1.04621422946195,3.76832499735774,2.51293440984908,1.67296025842148,1.84236757950908,2.34539508173774,401.684001342961,444.548880583102,373.73325976423,758.875902078601,371.21471290896,2137.5579707971,5869.68535388212,1098.64971215014,17249.4824172567,1104.1840321534
100,0.215,0.825,0.257851105105913,0.163013034765382,717.370306956905,924.869251041088,216.991020822759,367.829941016634,750,1.61452182861842,1.22272722293012,1.01369195882616,0.982643545453381,1.10193531142242,682.307478402065,1138.59695396798,765.173317527514,3733.94693558534,924.667766271782,1.18911491538235,0.947967289425681,0.616748750209556,0.753781771838236,0.807177570370052,2.46920337171111,1.81101563447157,1.42598853092688,4.20144733024737,1.61334349684104,452.078109872605,649.110462675276,474.617007275735,1046.01256011738,544.680081241171,1545.72783686335,2913.0317784923,3125.03388040735,11875.7125502243,2128.4708070725
100,0.215,0.825,0.257851105105913,0.163013034765382,717.370306956905,924.869251041088,216.991020822759,367.829941016634,750,0.804150241731343,1.2839748302283,1.16639644573328,1.32098493013245,1.67129326000744,1814.93707503186,1086.82940978815,919.10932117945,1013.04457252163,541.893593579564,0.538382682567835,0.811990478639751,0.739475143270058,0.825247339346553,1.13571340960917,1.33475535984794,4.02808223866998,2.85345243840503,4.30903221858825,3.19477316463178,731.566303919733,526.644121469374,486.41860340654,479.69650250366,399.073479604297,8433.83239014903,5512.51279485303,2872.1769350533,3519.78547606135,960.691524455523
100,0.215,0.825,0.199949825732212,0.176362016848044,956.493742609207,924.869251041088,231.101477737775,391.477054325248,1000,1.55356958207114,0.945010989925542,1.76333711602633,1.24806172051302,1.17816900813516,555.803534282132,1964.60192025548,738.786129891394,875.122367287924,951.108788758826,1.08238137326275,0.451617616676723,1.0981163231098,0.874116529232599,0.867826282672957,2.16856810668515,2.7076064490894,2.2952573894214,1.89614440897731,1.68206911974886,405.130121614988,581.032734082815,501.643657404884,515.7176923024,559.972856188617,966.981005233342,91970.5983890419,2042.32961458771,2168.74802892929,2443.78832118383
100,0.215,0.825,0.199949825732212,0.176362016848044,956.493742609207,924.869251041088,231.101477737775,391.477054325248,1000,1.6650234146358,1.11796970269448,1.25703018299127,1.2307343100818,1.45726640669877,651.066515760713,1095.86073124431,797.252408549562,746.437376557535,637.34278243703,1.24599140603214,0.713675255088938,0.764474227070087,0.570172095364726,1.01698490258073,2.33977519487042,2.12259889877327,2.23214608786471,1.82660808786597,1.93439775015987,430.740886946332,550.796713183734,449.608566201352,477.369888475225,428.364978319648,1230.75434504345,4953.77207370607,3070.45677012276,3784.06674500769,1390.39659795308
100,0.215,0.825,0.162265605156944,0.185073900675987,1195.61717826151,924.869251041088,240.198467236649,406.701271141681,1250,1.47513595139822,1.37985442365582,0.609661223739165,0.853003581768517,0.886636634376796,843.930431162241,573.661582706272,27212.5839349007,806.78852169526,1531.29303521841,0.995639842467314,0.878839478035505,0.303060291983282,0.620991395419122,0.625823943825003,3.26290412445065,2.06295492074644,2.81213715308245,1.21424689075303,1.24610227260471,539.001855216081,417.736716920622,1861.63051546472,474.15107065677,714.167912461385,4309.90806984612,1101.84155776112,1669444.48002053,1977.15951232549,6944.35519157496
100,0.215,0.825,0.162265605156944,0.185073900675987,1195.61717826151,924.869251041088,240.198467236649,406.701271141681,1250,2.15874833543383,1.08386437155256,1.42195478260905,1.10443621934509,0.885264459474301,778.049392070367,509.650892098334,869.2245909176,949.01011014858,1438.92435519025,0.720928723419462,0.758430830806436,0.833269058325104,0.732489223229217,0.462018263944752,11.4361673512572,1.46881963214568,3.31738855769839,1.73215866537626,1.33735375979275,453.858387349556,352.773751296912,500.083029763727,542.38876997276,674.874269161007,6429.83654106419,995.931308275684,3911.57154390973,3645.37424458259,21531.5303117646
100,0.215,0.825,0.1359512118419,0.191167880250941,1434.74061391381,924.869251041088,246.512720866686,417.258528720743,1500,1.47769796405335,1.99242606073878,1.73319176813913,1.14839750173094,1.44230317040727,909.072263565092,619.434877286486,804.351031742375,678.739553686727,683.217493598875,0.706991923186168,0.954246258273761,1.31325943751483,0.758701965437596,0.963564664451835,2.20954661305412,3.27556025068163,2.71311060176305,1.75827356028632,3.38911402164674,576.052433296294,453.199087287963,517.735044556154,444.435069300118,452.819265233204,5952.53655416174,1474.85383106631,1786.25796194069,1671.01851656046,1582.00376502861
100,0.215,0.825,0.1359512118419,0.191167880250941,1434.74061391381,924.869251041088,246.512720866686,417.258528720743,1500,1.17872745308778,1.20190219623039,1.12059735123968,1.26661998396204,1.7846539775533,779.337493750144,679.630009313268,4734.54476542943,676.668080068342,702.253525475334,0.805594119213903,0.848563053235942,0.773500299082483,0.737245539801593,1.07220860850345,1.71320899863377,1.66214887469535,4.23910161063035,1.87362727918436,7.04959980872593,489.786888419177,466.500402265031,444.198998301764,444.383925484678,464.216956233357,2367.31691762401,1483.01123549248,11276.8704767553,1664.52120039687,2036.05886769529
100,0.215,0.825,0.116617315361724,0.195650660072703,1673.86404956611,924.869251041088,251.132776990115,424.977968864722,1750,1.58960415314641,1.25015051786468,0.566216760202558,1.01538040621855,1.16512788019633,714.73401598255,1151.66252839656,13907.1117202908,1481.45634515116,1000.5787407934,1.07654173025607,0.908589411228731,0.35349084493352,0.663150007391544,0.785179167885719,2.62554539410614,1.97397886993613,3.25038921979566,1.95833281685642,1.68980832373928,519.726545623886,700.548148854044,926.705825932683,728.186329412675,600.252045589498,1297.13685642138,3046.91753929046,1037791.12842736,6648.85624671406,2686.6103607336
100,0.215,0.825,0.116617315361724,0.195650660072703,1673.86404956611,924.869251041088,251.132776990115,424.977968864722,1750,1.3341959102367,2.68525071014664,1.09967347652651,1.18763680446007,1.23704467901555,1040.42463004121,578.706156729907,2291.7468487891,1008.63307967342,1592.48412669906,0.860783333212563,1.30984895198966,0.792134192506854,0.771943161840084,0.446164543066153,2.1309376441553,4.11500397407082,4.37832271926781,1.69316922936871,2.49032522056753,616.600458877483,465.772387282087,873.045070340375,627.90116810357,671.711339090493,3999.06154199702,1050.67488432783,9653.10344394489,2863.19048277208,425386.385762976
100,0.215,0.825,0.553075327915399,0.0957972524877735,239.123435652302,924.869251041088,141.877032223114,241.321481188715,250,1.40987719543205,1.03344774828408,1.1066027681565,1.42671647326695,1.6501312693441,731.34642546154,1292.70088921536,253.475493715561,915.48047639451,590.362067348711,NA,NA,NA,NA,NA,NA,NA,NA,NA,NA,NA,NA,NA,NA,NA,NA,NA,NA,NA,NA
100,0.215,0.825,0.553075327915399,0.0957972524877735,239.123435652302,924.869251041088,141.877032223114,241.321481188715,250,1.34483740242214,3.03073454124444,1.74185971335367,0.792061031788782,0.981049510974923,1149.05791286441,560.703669053594,267.571755806008,1491.58292542929,1427.94354825427,0.861788412804341,1.36081913854168,1.25369013880785,0.544101173000791,0.656835188676012,4.73671123569984,7.5001500318907,2.51772857558043,1.11121674464135,1.78495800780373,480.235942774989,311.750488073887,226.802419380776,621.353670533174,517.656264125644,5257.50629998846,1531.79047636986,352.012368602696,9065.46511393816,12764.3912786486
100,0.215,0.825,0.356446462328954,0.140393708864946,478.246871304603,924.869251041088,192.551785564447,326.781948325596,500,1.1163131210052,0.789908708325609,1.28026809590644,1.49193594407055,3.98108883902124,919.7135085122,1412.56276867698,530.113414557537,788.583009651329,433.899853182485,0.663730864113588,0.556958788809199,0.864015041191653,0.735949096113444,1.32428957698775,2.01128351249295,1.43251564121073,2.113850630262,6.84049199093921,9.44462081474194,473.712754271712,554.39433068314,355.897016747427,382.759692126113,358.004042395358,4682.60198585081,7083.88093648398,1157.62616130064,8900.76006665197,1133.45756531357
100,0.215,0.825,0.356446462328954,0.140393708864946,478.246871304603,924.869251041088,192.551785564447,326.781948325596,500,1.35538709587471,1.53980581983916,1.43549320982189,1.237648811743,0.909993168259338,600.135988438845,926.068605917875,394.335319224477,1315.68509808574,2569.36979968829,0.898993658553561,0.739855931054844,1.14082316590723,0.618937661216498,0.486264076519646,2.09010386607874,4.88868722888433,1.86373328870513,6.46931481358811,3.1141892479969,387.826120954046,429.509549130239,297.875463825637,447.161592921763,504.722290215796,1518.92337740812,8769.7758220593,577.337111424608,53822.5085601012,353970.619840591
100,0.215,0.825,0.257851105105913,0.163013034765382,717.370306956905,924.869251041088,216.991020822759,367.829941016634,750,0.9396349609625,1.05166209610064,1.31126173444466,1.40006677888789,1.32871403454588,1370.10030484513,971.053891178662,762.878835073184,952.101557655962,732.71978294903,0.746140851547798,0.559127682438628,0.546224165878485,0.872470321474636,1.00267521269315,1.23225892080118,2.06013022197743,2.43352743199014,5.80033051353815,2.00861457697401,695.084240428328,522.153331241959,463.641531199723,469.398606548697,489.796160236333,5203.10664744307,10777.3758251009,10389.0856518445,4127.5450809748,1521.47603401433
100,0.215,0.825,0.257851105105913,0.163013034765382,717.370306956905,924.869251041088,216.991020822759,367.829941016634,750,0.981501397559106,0.9811161260109,1.30311269737279,1.10024960713533,1.49366722843012,1195.03065275914,1257.2586759965,727.802347651398,1589.75980790451,740.989220436869,0.725190295182095,0.582644409107246,0.839539694619321,0.652536717570945,0.873840768412602,1.49872392099224,1.35345036108528,1.91159752918707,2.73267688084877,2.49661297533735,582.428956086121,671.059601750213,474.084239613319,709.559703965392,475.415172350105,3432.36920852539,8536.06651125097,1761.1503221815,19943.6693675697,2031.5623902817
100,0.215,0.825,0.199949825732212,0.176362016848044,956.493742609207,924.869251041088,231.101477737775,391.477054325248,1000,1.10969356241258,2.69282690339647,0.631633522135426,1.37904231136046,1.12159938740776,820.81124878707,512.545666998598,7509.75613515285,888.074020993994,1158.51614071716,0.756435250397226,1.85165296966625,0.360791229814148,0.611663634155635,0.753561800721285,1.68988219338457,3.8542884009985,1.78496047102178,2.20654281776852,6.35202067527552,514.992435889506,410.121557003044,1165.3241396251,537.755685986881,535.122076190216,2094.10652479485,796.840646433664,973339.603860451,5137.60146243209,5543.86595088731
100,0.215,0.825,0.199949825732212,0.176362016848044,956.493742609207,924.869251041088,231.101477737775,391.477054325248,1000,1.05950626352486,1.12209536611344,1.09545152348345,1.27676359312364,2.39149950244847,1381.45529651918,554.848561781691,1729.02863453459,880.917627869526,546.666025754426,0.452902638362406,0.664868226909865,0.456039680281801,0.880983789947633,1.42165812250893,1.807196630972,1.56859376291276,2.16239122721269,2.05990931028878,3.65679113079859,654.645363876639,393.616609598637,701.132534610235,511.764193140735,416.349405604961,39400.1119015667,1245.89410158093,37985.9102941982,2715.66746510544,914.144123510588
100,0.215,0.825,0.162265605156944,0.185073900675987,1195.61717826151,924.869251041088,240.198467236649,406.701271141681,1250,1.16139134471401,1.28666528227516,0.803645524387047,1.3125155301467,1.44186467592821,1234.75327070537,700.848825227138,1639.9101636625,1028.80887162808,635.18246974081,0.647653679165341,0.806506996669225,0.544536345291029,0.6052082761209,0.996917660380332,2.19645145495446,1.91781094222225,1.49401187347909,2.20959392630894,2.27475600797283,633.049400197618,477.752158026619,659.831701080271,574.466644043084,434.934728152148,9886.59583552399,1694.40530382432,9455.59684658284,6741.08090879583,1128.74892612534
100,0.215,0.825,0.162265605156944,0.185073900675987,1195.61717826151,924.869251041088,240.198467236649,406.701271141681,1250,1.63240950358898,1.02010273619024,1.12468256813352,0.889052842268032,1.27557987741367,848.572389975029,1203.95996725674,966.207098442418,1561.39175614714,714.641674316695,0.918504030699653,0.502014942024692,0.639399825882749,0.486179328770065,0.822443739296989,8.73312702021748,1.97020777948734,1.73886279663753,2.32541672047221,2.0871705264238,468.189191909471,587.898715842452,558.188796628656,613.218880592727,468.513167793377,2986.98547524317,22112.3689916566,4408.57387504287,33948.6575943354,1917.81832829987
100,0.215,0.825,0.1359512118419,0.191167880250941,1434.74061391381,924.869251041088,246.512720866686,417.258528720743,1500,1.32087289715998,1.52186419211038,1.2560509049216,1.12432171150054,1.73301821048813,916.40769400095,778.895180569553,1409.53939866117,1217.09023379253,550.740768825314,0.938387922860881,0.737787612918739,0.494520868454783,0.740844397697314,1.34143938056014,2.37045438355525,4.84933857197538,4.70946079215324,1.60593054029301,3.24223722307581,535.183179958959,470.781554435655,558.000903851891,669.801456409906,417.202053520846,2160.40913978427,3613.51803489477,75001.7383455234,4606.09618683636,820.336719132788
100,0.215,0.825,0.1359512118419,0.191167880250941,1434.74061391381,924.869251041088,246.512720866686,417.258528720743,1500,0.919067712086961,1.42714212664269,1.07128703536436,0.979701040346649,1.17526961916432,2356.61570974802,704.198955407905,1186.11308456256,1599.88989438914,1278.64788293135,0.525473371492779,0.985004879772291,0.73355231235291,0.461970912805135,0.730667564478955,1.48556488613942,2.25268788738099,1.57636329357492,1.76348889671284,1.61387105905803,901.636500705484,496.28338413113,627.698921501637,716.64913457035,683.597614953381,24423.2453976601,1426.20177686389,3930.41425385513,28117.5148868094,5426.54787004778
100,0.215,0.825,0.116617315361724,0.195650660072703,1673.86404956611,924.869251041088,251.132776990115,424.977968864722,1750,1.40709828407404,1.10894258759901,1.85077363654664,0.934088614975464,1.84259786722224,1384.05867916106,984.115652096067,862.838334776223,803.932640901431,684.668715887787,0.82005267809612,0.749507642843224,0.939795380683372,0.675312897022885,1.08076242539933,2.65136547536704,1.60230104639653,3.59915047904278,1.22242373643903,3.39884249507776,699.643409622981,577.105971393175,543.045445656814,487.833306193884,481.670769851735,6975.11412753552,2669.15022911645,3525.54373222776,1718.31028921144,1777.80813546737
100,0.215,0.825,0.116617315361724,0.195650660072703,1673.86404956611,924.869251041088,251.132776990115,424.977968864722,1750,0.895636852450057,1.5369258566038,1.76335897404867,1.93287897203468,1.20404704397204,1231.91242179695,547.727900616989,918.648086055118,796.696811138492,851.645072754666,0.57832200999477,1.07408867201867,1.02069257022836,1.18694187083613,0.825765404170344,1.39439192740333,2.08628933588117,6.48280648902971,4.5420540881824,1.69854902278865,648.450834276292,414.626475738163,511.728444598725,511.587942898542,542.917605494441,5109.39584661393,916.156891083951,3898.75355937562,2720.26693695941,2123.12033736379
100,0.215,0.825,0.553075327915399,0.0957972524877735,239.123435652302,924.869251041088,141.877032223114,241.321481188715,250,1.16258442367598,1.21661074898136,0.896835720029462,1.38411463168184,3.58625690029482,1338.88744731731,748.84943580496,316.976459785212,537.120076881228,434.401873456241,NA,NA,NA,NA,NA,NA,NA,NA,NA,NA,NA,NA,NA,NA,NA,NA,NA,NA,NA,NA
100,0.215,0.825,0.553075327915399,0.0957972524877735,239.123435652302,924.869251041088,141.877032223114,241.321481188715,250,2.73954905570541,1.32597201309883,1.05388752264152,0.991811929546608,1.17061759397519,452.00181560924,608.066366546772,217.548174705716,784.620024819098,2156.96808907266,1.5343400013206,0.860859558663181,0.821163049528296,0.726988598521522,0.640863597376097,20.4500637184091,3.4345933015046,1.3438366826861,1.51455437032735,4.33186225732921,259.869554404043,332.745780056493,165.641537966136,402.347118302806,438.109521966269,1725.46376904254,2678.83376271705,314.931585428395,2692.70580598331,6643.7770932231
100,0.215,0.825,0.356446462328954,0.140393708864946,478.246871304603,924.869251041088,192.551785564447,326.781948325596,500,1.32996240575747,1.0664626128812,1.45295208149126,1.11550654565122,1.27914304571798,720.574142445297,999.84847624746,551.215834471445,819.376005749402,585.141827567219,0.742368476528192,0.680084954176159,0.776610656315821,0.777255072454612,0.721250570846994,2.18459471690047,1.5645033127981,2.05730611067456,1.62828240274883,1.72948691208093,429.394792212737,476.015149934428,372.344327222248,451.375770912809,367.804370375658,4206.88496071121,5047.58870468907,1705.89647885203,2778.5097983899,1535.70557152867
100,0.215,0.825,0.356446462328954,0.140393708864946,478.246871304603,924.869251041088,192.551785564447,326.781948325596,500,1.65876414280061,0.92361151543838,0.809387970955242,1.75229831114908,1.22441337620962,757.096802614729,1007.58064673078,684.417721736348,822.077324027067,814.349271077178,1.002011343436,0.663378789542248,0.552046760957446,0.363952093196445,0.778253971055195,4.44509033106653,1.22227875169541,1.13611327198237,5.72130307859006,2.09881099689789,421.039092572061,547.301944220796,397.285749426445,408.175900298138,462.152361194074,2759.25520274329,3555.4317766903,1959.95030155075,141053.842483899,2805.63176235013
100,0.215,0.825,0.257851105105913,0.163013034765382,717.370306956905,924.869251041088,216.991020822759,367.829941016634,750,2.31773869335612,0.923909011761652,1.29361053437901,0.96926027263397,1.16303926932895,515.758635136641,1087.90341909677,695.194516015556,1039.80675559188,895.1257970868,1.6650248789287,0.642382500129793,0.90674663834237,0.644340571346831,0.866548209779033,9.23268438426626,1.47093367198255,1.91063483437498,1.42633261970046,1.53677469849278,385.810120566907,557.247228542811,458.813992363817,552.69520832737,528.955823615281,806.142398954509,5857.94884877626,1473.23307869765,3789.19142417081,2473.07123238428
100,0.215,0.825,0.257851105105913,0.163013034765382,717.370306956905,924.869251041088,216.991020822759,367.829941016634,750,1.19867496644637,0.854297351964639,1.16435466529424,1.26856188829901,1.52587972351977,1337.38464550303,3286.10762813848,673.92571793875,1307.34411663961,785.54599768669,0.737221991479686,0.549636288683319,0.855668061544745,0.858644033531859,0.878886824575826,2.14274039360451,1.81245743376784,1.59601997763808,4.82924239916578,3.65252150080665,652.944749268741,947.461228418233,456.521004995542,585.823195894659,470.232733437139,5720.73289473383,41581.0710450047,1184.48455356379,4828.93942106924,3036.03621750661
100,0.215,0.825,0.199949825732212,0.176362016848044,956.493742609207,924.869251041088,231.101477737775,391.477054325248,1000,1.35859582641592,0.868834719313308,0.927900789524539,1.21935128382902,1.06115503639263,929.806177015794,1051.23937338059,1100.2326659413,1530.16812087352,1312.3440523583,0.612186817889222,0.634983439203973,0.633783453839774,0.811815539081207,0.7181553058373,15.1879636837525,1.19779934717833,1.51138207129372,8.53408535853176,2.05727968675511,422.754999882597,595.62394271992,622.071382953628,466.093607904937,663.184676365999,6231.53412660712,3003.42656235318,3259.76298250601,6720.89967016312,5631.94766657078
100,0.215,0.825,0.199949825732212,0.176362016848044,956.493742609207,924.869251041088,231.101477737775,391.477054325248,1000,0.81451687889039,1.06391465886058,1.10988775981217,1.48810262651297,1.66324037857507,2087.87737759853,1070.14980580174,1089.9044885141,965.540571535214,725.732379638181,0.54017953809378,0.6614694689886,0.78390042626254,0.76365116009289,1.16683514222659,1.22755652610784,7.70369202461325,2.13587996324493,6.48536187832822,3.54918387303789,943.934285159384,438.811488390528,612.597308125685,458.345411945384,483.971922782282,13028.8004090143,5017.41423185679,3531.47077374982,3819.0481730729,1477.0987618554
100,0.215,0.825,0.162265605156944,0.185073900675987,1195.61717826151,924.869251041088,240.198467236649,406.701271141681,1250,1.3312578843081,1.47422827840944,1.24349288982272,0.840447017542017,1.07879235029541,1895.73053879243,706.647190766961,1295.83368897056,1326.81328243381,832.590238334635,0.610568778309817,0.957256039634197,0.744300013095668,0.547600122329763,0.74061419668259,4.73001827072915,2.12231116715285,2.23209278941444,1.19834271079978,1.99541962940858,686.603235502772,510.591711390682,635.937602983684,701.848648150905,523.182457670742,8967.92463898456,1333.37384412562,7538.45558364935,5580.48642911701,2244.38082721821
100,0.215,0.825,0.162265605156944,0.185073900675987,1195.61717826151,924.869251041088,240.198467236649,406.701271141681,1250,1.59443646145334,1.45516965655224,0.8713969631769,1.0131063984739,0.840805834935542,874.267504375818,810.73496206537,1941.06535086948,1099.44674297503,1262.28175439275,0.890306551934182,0.832040855830692,0.613741993215035,0.680815479417959,0.56059271940236,2.49440649448076,2.09235913904129,1.29069195918773,1.57659667091383,1.19042828677312,557.79166732581,524.662625861564,819.906173916891,590.873476788728,670.446521517567,3431.10475822328,2303.65545358212,9201.45559899315,3901.92690072844,8855.24999567387
100,0.215,0.825,0.1359512118419,0.191167880250941,1434.74061391381,924.869251041088,246.512720866686,417.258528720743,1500,0.877312401468084,1.29538938046376,1.34138505848159,1.2146977243901,0.88816531771585,2116.32210178611,1270.95819686601,1457.23526298004,548.779718332144,1561.09360397191,0.573751890186701,0.833931862520246,0.991365037399468,0.752907290386467,0.667254380075962,1.20930200734673,3.24263692721712,5.45419155485289,1.80413879330828,1.31805888146477,923.780443321424,611.762076113659,665.326960714553,408.888642143043,718.7354714772,12298.2705068549,5301.51950949327,6389.30533420501,1086.36995900439,5233.01266617595
100,0.215,0.825,0.1359512118419,0.191167880250941,1434.74061391381,924.869251041088,246.512720866686,417.258528720743,1500,1.17156792280902,1.0512772071203,0.940094494087303,1.18240227802783,1.00278061084411,1039.03284412222,1159.82673806889,4944.99199539753,926.232499945909,1003.78335558231,0.862190164335828,0.651286321603899,0.472564949640929,0.718859369148381,0.658445157320885,1.58777232305947,1.85153386772837,2.08376190065142,1.83280113454763,1.74196392323541,605.066098939527,624.247728000697,1178.67981801152,580.373665378285,583.297921487159,2849.50220011898,5464.67812311486,468255.040011648,2926.41642623778,4115.79238951536
100,0.215,0.825,0.116617315361724,0.195650660072703,1673.86404956611,924.869251041088,251.132776990115,424.977968864722,1750,1.32181992278902,2.12767962881218,0.722629088621587,1.39538632688541,0.886950538197867,1333.30610370231,622.56302142767,27081.851318746,602.88097970584,1332.56307331709,0.779142744743454,1.22499898126645,0.244303394122457,0.983384590478705,0.539827944160547,3.31033105514725,3.36314265137542,2.31415532253108,1.91556632421022,1.37694442913589,616.379483113129,467.691546320759,1568.51368520479,446.824445205169,711.550195660868,7786.14409807338,1250.63073600388,527222.51488248,946.622721758096,7266.64803072902
100,0.215,0.825,0.116617315361724,0.195650660072703,1673.86404956611,924.869251041088,251.132776990115,424.977968864722,1750,1.23148804616998,2.00843473185041,1.31878798718716,1.03775998558343,1.96223619076813,858.356483714876,558.497986595795,1817.69114279154,693.93525317275,995.549110479994,0.774242912602735,1.46757896443403,0.667942927968714,0.655829403528421,1.24855124339588,2.11148720733322,2.66368624620756,5.21917440950759,1.41471903791134,7.37540046642924,531.051650765202,431.755354058226,632.356059789988,450.498333257515,549.618601123141,3906.5373050367,872.235259578166,16159.9409619208,1718.61835086057,5074.86500955631
100,0.215,0.825,0.553075327915399,0.0957972524877735,239.123435652302,924.869251041088,141.877032223114,241.321481188715,250,1.22064334490046,1.0797903385602,0.930888164877878,1.02469685961767,1.14505978131861,1041.66762147661,1124.79227099399,281.39917783935,1442.33752990007,892.483783226965,0.865571835111266,0.772826876715167,0.746026159850299,0.809347640478822,0.757504515495866,4.17420999113732,2.44576590009996,1.16632017002282,3.93446731346423,2.94297822692707,474.898390162943,481.85014948645,209.117630403962,533.039713327566,379.859368429805,3727.10183249523,5436.95223719131,458.934620554536,5309.26461671092,4762.15495328832
100,0.215,0.825,0.553075327915399,0.0957972524877735,239.123435652302,924.869251041088,141.877032223114,241.321481188715,250,1.34025873814877,0.89461895580368,1.18692357687634,1.34111726449422,0.974332627684839,632.255093700862,1098.84025798651,232.295000081113,1052.29302542693,1490.82729746624,0.699159726634223,0.616630120184572,0.94398645037182,0.868714905310373,0.760732447516273,5.83220440674926,1.68575167694691,1.51526472934659,4.75106411668577,1.59440308011064,287.207545505561,450.435540402969,182.687662708176,401.639704516832,578.611554229297,6177.35775699053,7919.4103286524,323.444136301978,5767.67914271167,8168.49732712326
100,0.215,0.825,0.356446462328954,0.140393708864946,478.246871304603,924.869251041088,192.551785564447,326.781948325596,500,0.97974574037604,1.34635189984808,1.0291060330317,0.713064822440164,1.98291294276018,1123.37890911755,510.978089829938,626.250445029976,3687.50839844874,626.453300474884,0.566539784037236,0.899569080260315,0.690064928367121,0.373318320736509,1.05434434164252,1.68210717799808,1.9684048154634,1.53711066219393,1.44615100702724,7.20769744055609,495.768594160616,361.278174193626,385.544000749446,896.73825468353,400.876084065046,12788.9856492434,966.498960226508,1887.61740811136,386240.06072599,2558.38592954546
100,0.215,0.825,0.356446462328954,0.140393708864946,478.246871304603,924.869251041088,192.551785564447,326.781948325596,500,3.97925353610658,0.960970093725042,1.38402918343369,1.37546937054254,1.04786585221641,534.108669725694,1058.35413613364,395.817260459624,543.635204831271,545.738926166885,0.852186157724991,0.60110295727654,0.722920536318734,0.752192852113897,0.73634749418627,8.94852512189836,1.60971402074832,2.11679077014689,2.32579157532554,1.59304378139393,344.567064817607,473.626117604334,288.803009187069,337.564101533859,331.797977197038,1716.59488224279,7066.93412639724,834.941094146939,1960.47332499901,1385.18105094272
100,0.215,0.825,0.257851105105913,0.163013034765382,717.370306956905,924.869251041088,216.991020822759,367.829941016634,750,1.24631252376936,1.40609587362233,1.51468790993574,1.06135919458151,1.92165967651105,744.639354179854,1128.27195936247,676.192372422597,1466.31861377437,863.36442183546,0.938149064582765,0.858516900016277,0.795763864441465,0.630261880308367,1.34284422845231,1.79328618831027,3.3820623994336,3.00468112843596,2.0835649786654,4.97631006548019,483.487005978492,556.358175039436,451.234374661302,679.202475475293,498.374684505598,1470.97258572223,7017.50644556619,2383.02810518483,9947.36038818567,2527.63567664518
100,0.215,0.825,0.257851105105913,0.163013034765382,717.370306956905,924.869251041088,216.991020822759,367.829941016634,750,1.08309116633921,1.12934349752361,1.09351273070437,0.539573428032349,1.34485896926702,880.753930264006,1056.71769861752,896.546973909934,9728.82650097768,692.502247284513,0.730272123454424,0.781127963732054,0.76194417642374,0.421550203394041,0.806586351385318,1.89404357818944,2.01871217906805,1.86635674223561,0.753589085018959,2.14803461911558,485.332737091875,550.100364360577,518.372894967914,2557.82233208833,459.766710061976,2756.09822999991,4438.43716399563,2814.73829635325,264917.606527282,2073.80724377331
100,0.215,0.825,0.199949825732212,0.176362016848044,956.493742609207,924.869251041088,231.101477737775,391.477054325248,1000,1.26335089402923,1.10015911447727,2.07198783239868,1.52791690790995,1.17435278294894,954.622037507279,1042.93913122241,605.392348211328,885.749689164544,1177.38739736985,0.894361400466226,0.633372266847672,1.39372333364516,0.987820766410921,0.797302928226738,1.95171212907635,2.62691631087463,4.6491754477866,3.85047327727563,1.84329307068078,567.887749863436,516.142167695437,444.889761483291,502.140242495643,665.022860107618,2651.91583373163,6833.52733759384,1113.54490158684,2523.37323957208,3888.58540094334
100,0.215,0.825,0.199949825732212,0.176362016848044,956.493742609207,924.869251041088,231.101477737775,391.477054325248,1000,1.63522067890353,0.920193313134688,1.3304729594136,0.580894900614348,1.12826460612929,634.680966607761,1278.09436922555,743.745705684332,3003.81099173495,1152.36582237803,1.04625554607233,0.309080162110373,0.740583285602728,0.238061334904152,0.380596842666664,3.8111106963735,2.11429692465531,3.33616340567168,1.10216490127515,4.93609167009009,445.322844545634,523.281419872894,466.535137077507,798.441614979071,482.010470339901,1474.66475208718,68939.9604698907,2224.36052167062,1945159.03208122,49321.102811796
100,0.215,0.825,0.162265605156944,0.185073900675987,1195.61717826151,924.869251041088,240.198467236649,406.701271141681,1250,1.14209900987347,1.83772000224309,0.714714780204278,1.28513724275242,1.07960494557135,960.420262578769,612.822757464629,4851.90697223616,974.174714859159,827.461503900278,0.657950748803351,1.04818704967634,0.493382155672342,0.900509173908782,0.78208384372003,2.12537491306655,3.15481692265763,0.960924592615932,2.02019898095553,1.59425286103225,539.218545467306,457.167551545956,1679.1665708418,593.451354499659,509.850965755259,3706.1112956009,1241.63732702538,55829.2246759275,2533.3516671228,2038.81442520514
100,0.215,0.825,0.162265605156944,0.185073900675987,1195.61717826151,924.869251041088,240.198467236649,406.701271141681,1250,1.00720477345548,0.938239038473554,0.969493792769937,1.29890088082552,1.20472546095001,1282.4026371154,814.634142722332,3175.99136834983,684.104811199427,984.63339375431,0.530417669242213,0.704873615142003,0.399896936654482,0.742883765101552,0.874945727559526,2.122199084543,1.23975777650663,3.75734142284523,2.23105674681835,1.77902140417608,569.475305442859,509.172543306969,703.517808378289,456.061026615472,546.926483907223,13669.0464399076,1991.04443857571,867852.001199741,1858.60874653323,2794.66307240203
100,0.215,0.825,0.1359512118419,0.191167880250941,1434.74061391381,924.869251041088,246.512720866686,417.258528720743,1500,2.47718065076638,1.46138396885285,0.83400048627025,0.897194698298676,1.30794723112998,579.248346096954,682.417345309196,3068.50733581839,1579.12190509304,936.974417123865,1.73251945608401,0.967423580100402,0.602785263414685,0.404095283125565,0.76958655233107,4.82241524824695,2.04990170965235,2.07272663257452,1.54182220262455,2.11740083885216,447.994468383988,451.174995972429,970.247671189238,705.409653389323,544.601198876786,924.396512418471,1331.51783567148,26246.6677843166,64839.8710853403,3475.56765302274
100,0.215,0.825,0.1359512118419,0.191167880250941,1434.74061391381,924.869251041088,246.512720866686,417.258528720743,1500,0.996539354371727,1.38873400536066,1.1728193478725,0.913890714523016,1.30548576980713,1537.12252105522,742.840619581642,1696.23623592463,791.6726369969,944.33471733352,0.469358283007193,0.89219073113221,0.501451021480335,0.675199980276596,0.575026708360176,2.82466814999677,2.69240997659324,57.7920055476829,1.18075011851082,14.0901838069984,604.899517078301,497.859663106922,431.989300890251,493.526871593836,449.770875017347,50788.2949504135,2054.52105029949,173038.986028321,2178.87185022858,24054.5363905002
100,0.215,0.825,0.116617315361724,0.195650660072703,1673.86404956611,924.869251041088,251.132776990115,424.977968864722,1750,0.935159704140552,1.24552768130943,1.19861676939177,1.33316917430045,0.938233456531331,1066.90041236775,984.160521203169,1127.80617469763,731.264769737927,761.138142159184,0.499014840527435,0.586366991285568,0.598764657069921,0.939611419292975,0.624400391653037,2.63520371087416,2.47798141390686,2.67703111129844,2.65780886500973,1.31209276604899,502.718981523694,552.577936454168,586.432135417153,475.769373264805,468.161210923295,10453.9985588407,7952.65927766177,17680.4834864353,2057.95675860494,2031.94645541585
100,0.215,0.825,0.116617315361724,0.195650660072703,1673.86404956611,924.869251041088,251.132776990115,424.977968864722,1750,1.48101476893669,1.03740635698655,1.22082956658943,1.04117293790545,0.918111603453258,850.034798604202,911.608009988236,2783.80797690899,986.033634744196,1038.55806975922,NA,NA,NA,NA,NA,NA,NA,NA,NA,NA,NA,NA,NA,NA,NA,NA,NA,NA,NA,NA
100,0.215,0.825,0.553075327915399,0.0957972524877735,239.123435652302,924.869251041088,141.877032223114,241.321481188715,250,1.0696925720314,1.85778759129522,1.26534993886116,1.37429731934383,1.41941009299725,1091.88174631134,449.762885633141,271.997005396364,602.15355785434,634.921574673698,0.674710728677923,0.853681574830622,0.84346214346514,0.877604752534897,0.859653390712146,2.01059751419422,5.29011989465802,1.72469049555107,2.25985285579821,3.65013622255916,472.027820148541,281.911360631156,210.7810729375,338.471106838325,327.698512991675,7846.00741731549,1993.94233015862,418.236213440319,1975.84509490296,2564.37037681902
100,0.215,0.825,0.553075327915399,0.0957972524877735,239.123435652302,924.869251041088,141.877032223114,241.321481188715,250,1.32135890104581,0.812595533345544,1.02034685813928,1.66817288948597,0.939355479504456,956.447093081651,1271.02914826202,314.146229220206,620.890103661969,1276.21313209294,0.616156423261017,0.515805855584657,0.79290807662463,0.693690005488267,0.461257401608452,6.137729806355,1.37364078036412,1.30771629220357,4.52344642398481,4.02223729747379,323.728718383885,530.930633354253,225.684717690612,333.987687892705,341.855957511869,13312.483291959,15653.3620631559,513.972193168396,14497.2584786903,47209.8057169622
100,0.215,0.825,0.356446462328954,0.140393708864946,478.246871304603,924.869251041088,192.551785564447,326.781948325596,500,1.17448444975428,1.02204095315299,1.43704483933169,0.942607571521888,2.95582528092453,933.630603559894,1554.70096979824,359.474291319881,1220.24148252336,454.159246989941,0.684355299054162,0.679350066720695,1.07537777670026,0.479610784992721,1.16561377990401,1.79562441055227,1.64543199869692,2.00483682567495,2.76756887259234,4.57166434341384,505.362468333365,636.918620772117,283.336154163649,475.467560087148,354.548724397247,5653.24695472145,9323.71242487876,519.293907542028,32828.0726606665,936.528150626876
100,0.215,0.825,0.356446462328954,0.140393708864946,478.246871304603,924.869251041088,192.551785564447,326.781948325596,500,1.57279877649274,1.60020147426898,1.11656579926538,1.94963234369192,1.31402232252914,600.97679848285,657.176637306241,381.407666282036,541.720144850525,919.64366900767,1.0481853727785,0.846557008819773,0.760382247208449,1.38595981520728,0.815954405909568,2.36497318139483,7.10684572795126,1.54715932233963,3.16384387025293,2.12369992765037,391.861984024455,347.804430189786,281.250557690888,367.765265062777,484.499419437809,1740.7447091179,4237.59573514446,631.921080656232,1061.15527219351,3774.8000616974
100,0.215,0.825,0.257851105105913,0.163013034765382,717.370306956905,924.869251041088,216.991020822759,367.829941016634,750,1.47936195971613,1.29413500956002,1.48382514099965,1.44741106067074,0.969127228559448,807.94706110404,873.555026497931,791.182333557871,552.814063994645,2178.20695932611,1.00419526779109,0.716279534616279,1.04802122836652,0.985816930166994,0.697563856523127,6.046145928335,3.3143329895059,3.65644978663653,2.18577144129232,1.94611337222962,466.347723639181,471.37397569044,463.20068103034,400.964723424557,846.929126293673,2628.18449272525,4359.49219467376,2226.88369576157,1061.01834511898,10857.5496228309
100,0.215,0.825,0.257851105105913,0.163013034765382,717.370306956905,924.869251041088,216.991020822759,367.829941016634,750,1.54246024667664,1.15229735041393,1.06293728463849,1.67810610422462,0.973324368532327,865.790777066822,928.423677989887,698.006823807988,624.458304443692,1120.40267744564,0.991573602945072,0.62159985267034,0.731299844499408,0.949779095247154,0.616018008131915,4.72004531899948,1.72922524329924,1.4745623070251,2.65944277955305,1.35443992254799,479.496389954711,526.908496446411,463.959863681902,447.442327447883,585.779766238725,3559.38857118333,7662.87155039119,1789.71478226519,1385.099436074,5676.69825451673
100,0.215,0.825,0.199949825732212,0.176362016848044,956.493742609207,924.869251041088,231.101477737775,391.477054325248,1000,1.58306839059613,1.2089374163484,0.877752316623591,0.993118423561781,0.925281657790685,726.245258191362,545.35699168396,2268.02611381113,923.6092144708,1896.14278689835,0.823971406931144,0.881821856756023,0.499474669256983,0.695976252454109,0.678151419409426,2.65822443843642,1.72795260379167,1.27330440303858,1.48180368117564,1.69195445092611,480.434746995428,387.216916038766,883.907559307078,510.192484291417,725.098435216447,2070.10393617812,1091.96190405804,31762.9532615109,2940.85251143315,11529.235303102
100,0.215,0.825,0.199949825732212,0.176362016848044,956.493742609207,924.869251041088,231.101477737775,391.477054325248,1000,1.30375906542254,1.45515178830467,1.96761759422739,1.50804746884626,1.50334301783142,643.330914290432,592.482015101768,839.375849914948,835.078309606564,863.5051271832,0.980279833599116,1.03107236347661,1.33436759106306,0.620810118246921,1.10107543437279,1.86446136167677,2.08172323792849,2.91959410662394,3.6807465595847,2.26941691058425,436.134819343816,435.602474201919,531.004512299597,470.122135825104,543.436682822253,1226.26959837145,1129.64205717479,2374.31153588425,11033.9728632092,2045.38828548218
100,0.215,0.825,0.162265605156944,0.185073900675987,1195.61717826151,924.869251041088,240.198467236649,406.701271141681,1250,1.25665973627322,0.864336649492896,1.37603507901198,1.23831174381799,1.464584043979,636.845036612166,2369.50504813678,2480.20913604427,949.576201683872,644.174903093043,0.873695269019051,0.598020803572544,0.838832508354849,0.970637629329693,1.00008213261085,2.39316524259377,1.453243848168,4.74167769382186,1.72585261309052,2.55397716854134,454.002824227818,890.833795558839,755.933008624553,555.749714420282,448.13973087694,1253.42410115237,13271.7961746501,6782.60771264357,2179.26057652309,1160.7284353799
100,0.215,0.825,0.162265605156944,0.185073900675987,1195.61717826151,924.869251041088,240.198467236649,406.701271141681,1250,1.23331602514449,1.34161968381641,0.882043686722523,1.64839202608161,0.865148477017797,823.066335636152,808.127793376507,2905.30802148232,677.360892493715,2740.26812591646,0.829796026204143,0.799101231290862,0.520096625484055,0.790458795435919,0.619053942600357,2.42773435331749,2.32997107967871,1.90185922105523,3.1506930942844,1.40624497789059,507.00861500191,516.767524089405,868.211904263783,474.367658903675,1044.56253705711,1989.42590168574,2782.44835021115,65848.7305670115,2699.31300811284,23641.1443048761
100,0.215,0.825,0.1359512118419,0.191167880250941,1434.74061391381,924.869251041088,246.512720866686,417.258528720743,1500,1.48618048447737,0.945933736313015,1.22909694747054,1.2009162124842,2.9544540749711,994.088817119062,941.941643407446,1343.16675314776,1065.53810978624,551.066520978013,0.902116403394291,0.646731500826843,0.624241863269384,0.830371834502457,1.58602688932181,5.47442680687192,1.51188383329978,2.52808023838993,1.87382744173554,8.22873235775661,489.270350079834,556.493494378578,643.210754356908,615.386579229453,444.441780948662,4512.9474162714,2546.79957985232,12863.3525983751,3149.19617392356,983.877917468348
100,0.215,0.825,0.1359512118419,0.191167880250941,1434.74061391381,924.869251041088,246.512720866686,417.258528720743,1500,1.44889826190825,1.27724191936988,0.899899316165129,2.07821877580731,0.923013036718844,571.694513462188,877.392928215941,1407.63262484966,749.643533733169,2637.6733340443,0.592027176284111,0.776139016690284,0.589675922955235,1.04485144004389,0.481908663822291,2.82535669340466,2.55272761131233,1.5252171946899,4.58333268656506,3.20333192950165,429.847388360591,513.218496888261,640.278225484252,502.882606744265,684.368539665709,2322.31150616319,5047.87507867502,7141.45903649804,2083.5760711386,79760.898645574
100,0.215,0.825,0.116617315361724,0.195650660072703,1673.86404956611,924.869251041088,251.132776990115,424.977968864722,1750,1.0118634814523,1.55621616095153,1.0697004710334,1.85828812902298,0.730599846727977,1613.16765922636,554.189903905594,2215.15612015762,465.49791369846,3499.92724907386,0.543398961007658,1.22772420360675,0.737715767108452,1.02228481383134,0.363503274434226,2.05387020798541,2.00359764830499,1.93490342183358,2.88410949678662,1.67464743220166,635.287297690411,405.629421220104,903.458087932927,387.108060276485,886.314312215916,22395.3993157493,794.4817781165,13368.4636886967,727.591232917947,502788.034049584
100,0.215,0.825,0.116617315361724,0.195650660072703,1673.86404956611,924.869251041088,251.132776990115,424.977968864722,1750,0.655846315269452,1.20803929685093,1.74503127830332,0.948070023695111,1.37246744923383,4208.90091833503,775.05180924661,875.000459463082,1342.72519166148,776.722673845508,0.345785176621316,0.572624097382072,1.2435097862663,0.547404640325574,0.76804906348968,1.90103855781265,1.86787338111404,6.21327168472794,1.40181829860993,2.39573662917641,844.535353089337,501.864442168386,516.819012768613,657.945423939362,507.439644097889,668739.903204493,2908.52372531214,2546.8120882879,9330.45013546881,3007.44320560208
100,0.215,0.825,0.553075327915399,0.0957972524877735,239.123435652302,924.869251041088,141.877032223114,241.321481188715,250,1.73193120322297,1.16935669208757,1.10784033385282,1.08535508697469,1.24305255791734,1042.53910976388,1143.55001071176,206.058972362745,1432.69188731105,648.510685130667,1.28876713531157,0.788594068778225,0.849671013160682,0.432253632047395,0.818389293670636,7.92033501475919,4.28445697753395,1.38818712648212,4.0841252831447,4.12844102471022,273.64285917877,480.817880979261,162.671996191745,384.619626089513,325.390661248904,2942.94949213369,6944.01268093754,282.675463717259,86448.6558972278,2838.48295789761
100,0.215,0.825,0.553075327915399,0.0957972524877735,239.123435652302,924.869251041088,141.877032223114,241.321481188715,250,1.02123349597601,0.829161373600197,1.28542214064811,1.85077710147828,1.64607999867831,984.762475766421,1540.58581082912,261.252355667772,1117.77168606486,576.255012830813,0.519394103906778,0.556998379637672,0.928127319806927,0.655197626626844,0.873633704133934,3.97828993068827,1.18350765714082,1.71573300662457,5.59924344010482,17.3019130472421,334.513478130256,608.05749290342,205.987853658908,375.540301725003,264.959808981298,19720.2983708476,12365.0944559691,382.356236823749,3554.36037126119,2714.21649305155
100,0.215,0.825,0.356446462328954,0.140393708864946,478.246871304603,924.869251041088,192.551785564447,326.781948325596,500,3.26276229270931,0.774009232654709,0.922639942832753,1.01786415145311,0.972669221812007,562.078833910896,3994.95688591749,402.115475472595,923.127370362294,1079.31439124587,0.640276676727147,0.543550716821121,0.728836337322054,0.559612632898697,0.518563844249055,8.41090902237538,3.55249990932808,1.12353775896718,2.11185165670588,1.63459591764433,396.122931994852,886.504232113004,280.449369286274,451.725044872726,528.624458412675,3188.00145690503,43729.822313694,662.657603568797,6242.79622394313,12833.0448479394
100,0.215,0.825,0.356446462328954,0.140393708864946,478.246871304603,924.869251041088,192.551785564447,326.781948325596,500,1.02280903753946,0.849469258555577,1.10771050529503,1.44867465802739,1.39703938966478,1538.77060245383,1202.10862498921,672.688701561404,683.306370089589,601.309250281768,0.576733597403882,0.534760048656747,0.735420675706849,1.03817123849104,0.843962191419926,1.7447027657956,1.26355220126935,1.6472938658131,2.09899686420759,2.58835754292218,645.024618046137,583.554325762619,418.954767331153,434.314904746735,398.702665844392,18684.6604359893,7903.40674773471,1844.39260619729,1847.31645631295,1810.81800738329
100,0.215,0.825,0.257851105105913,0.163013034765382,717.370306956905,924.869251041088,216.991020822759,367.829941016634,750,1.08932878652603,1.22541694916288,0.82394970647943,1.1653987843772,0.84225865793557,1151.61320426793,831.148992930416,1284.51648278693,931.419415106984,1343.13842048311,0.687771452708981,0.665478095744166,0.447109887848349,0.63525243294706,0.511693370740141,2.02363581017429,2.96308108199325,1.3489627590951,4.23948152807558,1.31429837162942,573.844379409762,478.937463132526,573.53271496589,447.2648017601,632.697274833533,7336.97832971056,3732.32924593725,13757.9866071329,7647.77803215977,7563.63038332206
100,0.215,0.825,0.257851105105913,0.163013034765382,717.370306956905,924.869251041088,216.991020822759,367.829941016634,750,1.46032159224234,0.846655900494496,1.58033056472402,1.00155342781617,1.25505996984601,607.762442799003,989.969362597719,475.031707172791,1362.57398899441,1183.63754273477,0.782414992248069,0.553543903453752,0.970106958316584,0.653664451110796,0.821280920815784,6.4985144811283,1.44284429895306,2.66322033410881,1.50444895701496,6.05887300508289,395.716517444095,476.071321530034,350.39514468868,616.089210617378,445.127972919675,2314.83339774992,4810.51933724309,852.745065197848,6642.49548451564,7182.17768244127
100,0.215,0.825,0.199949825732212,0.176362016848044,956.493742609207,924.869251041088,231.101477737775,391.477054325248,1000,1.40771706444843,1.10715342809706,2.63022726801066,1.05342895828648,0.798999831456132,763.931695808877,793.735828343537,545.311679339151,1170.23063197629,4003.76821727389,0.829369717284899,0.621682768072505,1.63759654692657,0.676144578319845,0.610185309922071,2.24834089337601,1.71544905341492,9.86787531698226,1.6183534165523,3.93041065424494,478.298268323816,502.654546390699,425.551181502364,604.384277899135,1009.90277535852,1907.44461185131,2651.39132123146,1084.44492891914,4102.10932771136,21086.2501011084
100,0.215,0.825,0.199949825732212,0.176362016848044,956.493742609207,924.869251041088,231.101477737775,391.477054325248,1000,1.67090399334139,1.23283957009148,1.06335111120436,0.851877804272802,0.871343528833611,825.680761281442,737.530598378028,1065.57846964331,1619.72697828544,2338.95605934269,1.11717844513441,0.954559971865815,0.518005773815415,0.467026381472967,0.43994235031566,8.03300630335205,1.85616760715846,1.85964328725917,1.50469698823156,1.828658355107,485.002172116132,495.262920006789,563.880985824697,651.736088971267,792.251899441503,2252.92872257301,1623.72170318747,16591.0099559528,16965.7427779164,171690.087914738
100,0.215,0.825,0.162265605156944,0.185073900675987,1195.61717826151,924.869251041088,240.198467236649,406.701271141681,1250,1.29531356524221,2.02354904286267,0.970961259855667,1.35171279981482,1.68008278078527,1059.21837015127,649.152146988506,1283.00779821572,794.892721511828,607.538217885284,0.891828575600879,1.29777795511943,0.599773423707587,0.957406414957618,1.25867448321821,1.81836795109118,6.917095663431,1.47549260457439,2.12692956702468,2.22379779733902,600.995178720066,466.385896144051,678.298412984703,512.531169368618,458.050959211713,3716.16011625736,1580.16652755597,10876.0770418931,1987.72438225888,1018.69392565607
100,0.215,0.825,0.162265605156944,0.185073900675987,1195.61717826151,924.869251041088,240.198467236649,406.701271141681,1250,1.32858991824051,1.19792866937294,1.15026815684255,0.854556914661839,1.2557415514559,1373.4134210148,561.694216666427,1368.10238006967,1239.54665358635,930.993305212968,0.874370450049016,0.973686834337122,0.414068008599499,0.509899537692558,0.91583947083277,2.26902172127107,1.48126594941912,4.35048013471345,1.34254270275076,1.80301274204485,663.567621408671,395.980246946924,523.23282080529,610.538415959437,556.243548016178,6473.73017047453,905.533766035326,216625.100367004,8182.0089243918,2083.29678629019
100,0.215,0.825,0.1359512118419,0.191167880250941,1434.74061391381,924.869251041088,246.512720866686,417.258528720743,1500,0.950375453571167,1.80986270258889,2.45282185502228,0.885107129520145,1.38562414300325,926.615321904063,1157.45664213201,1264.14186553626,1579.44788599052,635.918054539966,0.69815602295301,0.99079902130071,0.850179156577042,0.669000547662171,1.07356777985041,1.29462012374248,5.49888825491645,7.31371017000208,1.29741808047876,1.92056440980449,573.055333685379,615.889599465797,474.375390931392,780.487675908683,460.661825981045,2018.71018249273,3796.06538980741,3225.09708243923,6173.57869984625,1115.56456846541
100,0.215,0.825,0.1359512118419,0.191167880250941,1434.74061391381,924.869251041088,246.512720866686,417.258528720743,1500,1.03923173425462,0.71668814175482,1.14888595000236,1.07265305202975,1.1078976189665,1145.39391795867,6102.16133091602,843.433089841894,845.861104104074,1254.3793521412,0.682952414794115,0.315599324188561,0.72167164475285,0.784209999641155,0.512439093850472,1.90948384273315,3.78410606286703,1.75015592929784,1.56805433501687,3.21955700248669,619.499360491982,854.979382070987,530.587566502601,527.088140548498,592.018350635191,4034.48229502366,15294472.4375995,2407.29554947118,2076.93839908831,20723.3237745211
100,0.215,0.825,0.116617315361724,0.195650660072703,1673.86404956611,924.869251041088,251.132776990115,424.977968864722,1750,1.06506757331696,1.22272683351995,2.8165956543853,0.939471416872021,0.859222030572328,1136.65893668218,928.373486070261,664.006798823252,1774.97791147464,3149.51465916041,0.794994402671068,0.951180787373441,1.57087962301351,0.686190501373326,0.673161664153752,1.43177639513065,1.62835068200815,5.41169892770444,1.43721403585131,1.17860350065513,648.935760126215,585.807971861145,502.277623232875,818.960389029261,1112.17216305862,2928.7098669561,1811.63223747373,1322.76046151659,8052.51322303676,12807.9691958389
100,0.215,0.825,0.116617315361724,0.195650660072703,1673.86404956611,924.869251041088,251.132776990115,424.977968864722,1750,0.846229559452784,1.26281847969063,1.04303477820664,0.78938033641978,1.87504005598166,1739.36715285311,972.268478849969,2456.45849525268,1715.92893185362,814.534068179449,0.618566855511741,0.805986489616156,0.753162337581571,0.544912071855366,0.794004195296208,1.33336864690097,2.29690107268935,3.01136278788281,1.19568539834402,4.51112974150511,755.814281913238,606.284705467644,973.166321200529,740.319732744197,531.412667300791,8309.60969976791,3313.41194241315,10262.688420542,7189.81237421518,3484.62725982169
100,0.215,0.825,0.553075327915399,0.0957972524877735,239.123435652302,924.869251041088,141.877032223114,241.321481188715,250,2.73032112493479,0.873887693575147,1.37057243313188,1.65671914526294,0.751954700479059,648.381000411461,1791.42360293943,204.82877822263,449.332354479836,1508.47377668083,0.742838151448014,0.438207722857022,0.933747139589553,0.652853296255859,0.382052455548955,6.29531215207245,1.3781631838976,1.79011562433503,3.04580481467974,1.93692845459036,336.581532138759,622.680194704612,167.293547454002,284.037068783868,408.111890148932,2348.84124237097,62316.2258300284,281.091292678965,3084.15047106613,51986.8323087261
100,0.215,0.825,0.553075327915399,0.0957972524877735,239.123435652302,924.869251041088,141.877032223114,241.321481188715,250,4.57108836480134,1.32537674384977,1.15680071570223,1.123987277517,2.39047534913055,2474.3508958224,853.596120139031,229.225997032347,910.673787976694,422.184877964229,3.04136638498134,0.708607081067964,0.947927928282823,0.700221504635963,1.1335764101797,4.6193756770542,7.97351812753809,1.39791630958292,2.50193351452061,4.69615476468789,292.713272731503,312.094325061346,180.835346535726,398.167139472005,293.425904491694,2488.13056985455,8812.89919494434,336.938672167513,6032.94017059138,1208.40817471927
100,0.215,0.825,0.356446462328954,0.140393708864946,478.246871304603,924.869251041088,192.551785564447,326.781948325596,500,1.16444374608512,1.64985629697319,1.37811816774068,0.934802637841604,1.23436771361572,814.610842431486,487.78912638708,709.484297621209,1387.98133762909,1114.32976776144,0.840727248301616,1.08858735519584,1.01967394368466,0.702914363627907,0.85361349986696,1.91535820527573,2.90573753813671,2.16181273791125,1.48170565778426,1.95913022158359,488.566020763604,350.983194676085,442.782779526629,627.39903231559,554.535551861993,3488.84080256022,894.454843228014,1502.25404045052,5698.51620392429,4396.6398464662
100,0.215,0.825,0.356446462328954,0.140393708864946,478.246871304603,924.869251041088,192.551785564447,326.781948325596,500,1.85444434492964,1.45528605274707,0.97535547391413,1.27593948988121,0.745907595063818,769.042963094783,757.135399682748,643.641793240831,677.617114575913,3918.78843059086,1.30421781609995,0.918514804824456,0.656094023018674,0.8517552234139,0.46671402199586,2.84146753913631,2.40561597125295,1.83054767073642,1.67385003992275,3.15407504085728,485.691782938799,450.33724500647,393.459092662607,422.43061277263,574.351081544484,2000.98961602461,2096.01803340219,1787.04467949851,1646.21182076141,107119.958512068
100,0.215,0.825,0.257851105105913,0.163013034765382,717.370306956905,924.869251041088,216.991020822759,367.829941016634,750,1.1120289294005,1.3370787252759,0.92448558669865,1.51461006105153,1.1217873615515,806.886089095451,669.935588386412,998.076483326126,739.974468488359,968.040795544794,0.829019205424812,0.976630820960009,0.648991697813999,0.771005603855261,0.708306381304991,1.51847064291353,2.1164325713169,1.45591121063792,2.32061383789375,1.91747004187559,470.027948998891,424.611000305093,560.425054355206,459.811018704991,530.813306978784,1939.24034332038,1645.78581333031,3803.14024797029,2644.25026033848,3953.90629156153
100,0.215,0.825,0.257851105105913,0.163013034765382,717.370306956905,924.869251041088,216.991020822759,367.829941016634,750,1.23528954714406,1.13065648331647,1.29756526525028,1.30445259482894,0.93546806157843,2001.14609276746,1025.25643154695,615.858376563559,819.019195480769,1381.00465518068,0.638713911892829,0.425061160161943,0.974629954278039,0.63526222703263,0.551206601521524,21.697301245111,4.95791365231155,1.84158358003585,2.82541634103437,1.72362831457684,406.284971440319,426.985671564702,435.076188468781,461.176997074639,654.298083866655,35205.3921182726,30494.4114918254,1219.52675068882,4790.31575807258,12514.3565504334
100,0.215,0.825,0.199949825732212,0.176362016848044,956.493742609207,924.869251041088,231.101477737775,391.477054325248,1000,1.42124479661497,1.58533571005986,0.886027568022231,1.31251726237115,1.62547005674919,857.845218679424,817.455045338133,1446.30741810936,745.930118443675,817.861220770863,0.552648507356558,0.816781571598625,0.366241414313764,0.97712619335868,1.09428570907647,2.16869168727693,3.55399168726651,1.46475502790558,1.74187229014903,2.57537206403527,529.010968835442,495.290621205086,674.400362833289,497.438250635901,520.420699615802,8578.80451844946,4587.72153991424,81453.3045877282,1511.52064115403,2524.56209835882
100,0.215,0.825,0.199949825732212,0.176362016848044,956.493742609207,924.869251041088,231.101477737775,391.477054325248,1000,1.64583294343214,1.32676821922055,2.00488170495885,0.865772246841526,2.03137091523805,748.248816816516,1036.19626837911,566.781269577763,2022.46578151508,762.507047680311,1.05204482593989,0.711064731493823,1.2246062799214,0.459877347950786,0.665697111290989,3.20593903024568,2.59499813213281,3.03852562794328,1.80723930924964,4.28167211589119,495.661890074891,586.755024486313,448.98645987978,703.797886899258,488.093421063675,1695.28378471515,4229.5485229066,910.79959257239,34117.1416483751,9163.7467806206
100,0.215,0.825,0.162265605156944,0.185073900675987,1195.61717826151,924.869251041088,240.198467236649,406.701271141681,1250,1.35083141002825,1.02255191940248,0.916860171059744,0.888280810524022,1.33813332779775,670.228453003519,1304.22516064992,1073.54362504321,1716.06249565816,988.585470907103,0.910063128050303,0.8358649568555,0.706373165867715,0.692207361793521,0.819898877592707,1.86364414118563,4.19882369545304,1.19603994407276,1.19443339465697,8.53446164867779,460.252082572947,657.51831777326,584.850507007229,777.033242225746,489.798806218176,1519.44142326539,5512.00605177512,3430.93741749488,6273.42766092936,6737.85964483374
100,0.215,0.825,0.162265605156944,0.185073900675987,1195.61717826151,924.869251041088,240.198467236649,406.701271141681,1250,1.21859692877964,0.769309605251064,1.37920005180149,1.30970941611654,0.989801993923354,1174.51159590972,2037.68492182214,815.220923759792,678.061476871921,1207.27575343588,0.757285561253164,0.532605620341405,0.766372958839753,0.902509293100222,0.602155549360058,6.41350421731946,1.25427047514327,3.03965742859991,2.282040682498,1.79167290893747,495.88879991521,833.145147084067,487.991914216637,456.249785100031,576.535814576937,5944.36539737989,19920.0673104481,4774.34702933285,1479.28654073274,7031.18189755903
100,0.215,0.825,0.1359512118419,0.191167880250941,1434.74061391381,924.869251041088,246.512720866686,417.258528720743,1500,1.95122879177637,0.898746701467162,0.701430648121423,1.34357485333494,2.03107722937401,682.515506373835,1389.85415316474,5278.21309631505,1063.71862411319,531.419675279632,1.32781813877632,0.638733064556317,0.398209385660835,0.466640042920283,1.38383521224151,2.64760894958535,1.26053729376422,1.51716566561013,2.84134841014609,3.30816175550042,489.271495197498,750.640221365451,983.15922365199,569.444331253842,427.84853554542,1362.80419284514,4157.61068607968,351622.173836915,23612.7293068023,767.20243169158
100,0.215,0.825,0.1359512118419,0.191167880250941,1434.74061391381,924.869251041088,246.512720866686,417.258528720743,1500,1.53058104569065,1.50558360052464,1.18669100302243,1.18026476700733,0.897660320317185,1059.47524191462,883.6206153009,1763.19594268193,1288.19234494839,776.673102982973,0.963895141440265,0.873336644322021,0.568032849374352,0.8785332107025,0.59908708162456,5.50874411076684,3.16719218694302,2.42486571895182,1.66816568619509,1.23517490499491,565.403333154173,561.100995023414,838.87472766002,748.936619357186,491.449458467885,3531.63734034823,3962.58880616231,31078.3517471845,4745.52311978726,1802.18831651019
100,0.215,0.825,0.116617315361724,0.195650660072703,1673.86404956611,924.869251041088,251.132776990115,424.977968864722,1750,1.08567628804139,1.58205454398784,0.864187590021466,1.28472463055279,1.61295133700145,1072.59720176339,529.778048541584,4586.01812298517,1137.74725990874,898.589512044165,0.742279999717968,1.1126655167072,0.454717526056525,0.571050945831278,1.08598372004848,1.87222081526504,2.54771571368509,4.41369515902816,5.29221166038094,16.0229036897396,630.630298089243,416.07741755892,554.136484159562,508.159063889418,527.73929121673,5526.28853886124,796.5699477646,56997.9942261732,36934.3996431796,2482.3853179954
100,0.215,0.825,0.116617315361724,0.195650660072703,1673.86404956611,924.869251041088,251.132776990115,424.977968864722,1750,1.36846013421947,1.61077950128684,0.77463295977426,0.965958960411586,1.26724471331186,905.118264147171,679.564719305062,11515.4664781296,888.803069208798,645.778302515849,0.945322172361213,1.02368312418823,0.516223256730259,0.685177662913691,0.909329334663445,2.73377104507157,3.84575091111226,3.16972781001873,1.35836568578158,2.03266517404377,533.304803299686,480.100422599177,1500.01336314966,544.671219142042,460.001494515691,2398.1630143203,1642.5146767524,31918.1173696392,2069.62742666172,1234.16503604183
100,0.215,0.825,0.553075327915399,0.0957972524877735,239.123435652302,924.869251041088,141.877032223114,241.321481188715,250,0.941138072638129,0.871022696748496,1.17556895558436,0.958582616649354,2.68329516127141,2126.30554615116,1803.84611885031,261.546324080573,1239.53425316703,438.676320170163,0.684947992256639,0.485226312557633,0.887184749745474,0.573229871209226,0.93550213769656,1.99997726666892,1.9695772306735,1.50554792963406,1.71814963796181,14.1057343288111,651.26226725382,499.890869232148,202.974087095045,549.256845970542,265.040673362321,11873.2387098094,38921.3880114964,380.583808845475,18857.4111398143,2194.92601894184
100,0.215,0.825,0.553075327915399,0.0957972524877735,239.123435652302,924.869251041088,141.877032223114,241.321481188715,250,1.17659875476942,2.07560406866821,1.29841970914689,1.19052887596805,1.01837524784508,758.877245018689,632.687293879944,206.781087401073,1156.95834628752,931.29658340761,0.692524260490116,0.623003909655835,0.969051898004738,0.536792046364553,0.541004624565392,2.84626839882443,64.5581662915167,1.64106861715253,5.84717736235956,2.50555930007137,345.262930892349,248.875511148587,165.488187744153,332.194657916326,376.313035808639,5039.08485885447,19079.2477334869,266.012346313526,25322.3832646914,24520.2571237615
100,0.215,0.825,0.356446462328954,0.140393708864946,478.246871304603,924.869251041088,192.551785564447,326.781948325596,500,1.08557520962279,1.1868861816503,1.32887048876176,1.51798058048679,1.62259084585312,1107.82665857006,939.160136724719,401.287258226337,909.634274967135,542.028429012032,0.600598322011416,0.422661473173433,0.995479121336189,0.541981614619548,1.02349090147161,1.54345272319732,2.09355529265812,1.77084984462904,3.38192106402564,2.4569266824444,591.419326145691,469.08441558447,297.681180875362,447.731667755054,372.222212497983,7650.42766840175,28338.9576481837,637.192760546833,29689.4831032494,1276.34321078433
100,0.215,0.825,0.356446462328954,0.140393708864946,478.246871304603,924.869251041088,192.551785564447,326.781948325596,500,2.64731992738252,0.879981001288155,1.31947506050036,1.33585104648946,1.43589812199924,357.556381908227,2508.93010534889,441.546944515231,629.778693761492,1122.95836139304,1.64655170954071,0.63801904448468,0.929762411632626,0.984743514288124,0.980902581806445,4.1331252562131,1.26480589374202,1.83708893180585,2.00026817034515,2.32265219535065,307.409728664889,908.479400914042,324.4608675867,409.965692546307,515.363464539702,510.636568606919,34464.2076206939,801.818324046811,1417.51777481345,4086.3494710469
100,0.215,0.825,0.257851105105913,0.163013034765382,717.370306956905,924.869251041088,216.991020822759,367.829941016634,750,1.94107886575736,5.24931864412695,1.32021961922051,0.993008352293855,0.852119490162061,526.153162542219,464.238765053013,606.200769115035,1109.44741103653,1252.23552749881,0.67110608477109,1.8164185237438,0.95545788531011,0.590923028751199,0.469783334289795,3.8493384808935,9.31638783779121,1.71967029600923,1.45313763768468,1.32541930820877,394.228154751862,385.712131555425,404.565302736655,599.17366810867,579.789681169245,3997.2050188191,1172.89685731683,1055.89415803686,5076.87807071831,10577.8559724413
100,0.215,0.825,0.257851105105913,0.163013034765382,717.370306956905,924.869251041088,216.991020822759,367.829941016634,750,1.03261030922748,1.0540754236857,1.54624344934681,1.38398154058555,1.75079931605824,1464.31112988564,890.693126673404,557.052885526751,778.789329161617,562.714776883244,0.793335074078367,0.679121851995755,1.03509060267412,1.06475950399054,1.19583147902242,1.41843905110391,1.48371256025099,2.47396806675619,2.20213492824548,3.21249621958684,713.174986830881,504.302616887761,404.303178510805,480.340255861858,423.276284394426,6478.75142485528,3208.65771498215,1009.24968942773,1688.6876361394,1078.50907533793
100,0.215,0.825,0.199949825732212,0.176362016848044,956.493742609207,924.869251041088,231.101477737775,391.477054325248,1000,1.71807298291273,0.865879698192432,1.09571098277621,1.41115688828989,1.24275497700249,599.331017151895,1345.69695084922,880.629998944241,694.557109057584,1182.12128534634,0.687791111547771,0.609568639945761,0.74669877968686,0.863096371379776,0.763961393103303,2.61512040278853,1.14663891180998,1.92121274792446,2.09677363600054,2.09966709474875,441.029959512416,640.839922648373,502.598716809189,471.748881808341,632.502432699492,3055.36141099546,6269.03437244509,3149.1338340711,1784.11946804444,6236.40980859996
100,0.215,0.825,0.199949825732212,0.176362016848044,956.493742609207,924.869251041088,231.101477737775,391.477054325248,1000,0.891545524847251,1.12231866344252,3.58629958631376,1.15346604735867,2.65651101614888,2728.88743013811,575.049100510046,513.3089455155,885.565106073759,510.818793451466,0.549168491268434,0.860752359727336,0.844919007570392,0.758651923063393,1.24216407164851,1.7715099073082,1.53967825923795,10.9002728540875,1.82727286200525,5.34706039564076,922.704409539511,402.642431191874,408.199920139922,526.909596312922,416.663549668263,33362.2038808844,1009.81583028357,2525.67048699948,3209.84764095603,1145.88893896434
100,0.215,0.825,0.162265605156944,0.185073900675987,1195.61717826151,924.869251041088,240.198467236649,406.701271141681,1250,1.28150656615686,0.987759088533931,1.20736294054731,1.171215034384,1.03193243482609,1624.80715911745,1060.34384008622,1079.22307591417,731.382438034585,787.360592494591,0.801744915346126,0.691597946309731,0.567068375790925,0.920747714723258,0.783293969197058,2.73327658765359,1.52013149586263,3.72622790660771,1.50080616008504,1.440748202776,724.095371008139,592.668438032469,546.718499981426,453.911068791565,502.869582432388,11001.5577349959,3724.04479665179,10756.9485837812,1524.32606891309,1802.60578301007
100,0.215,0.825,0.162265605156944,0.185073900675987,1195.61717826151,924.869251041088,240.198467236649,406.701271141681,1250,1.05284814050519,2.25402975663922,0.961172574030779,1.18296376349295,0.844624963876435,847.763389986643,528.787382462618,1305.4214858791,850.444339318388,1464.23483264092,0.683779213954382,1.08612708322268,0.515576947776254,0.668385717435939,0.427650880380716,1.91847299452088,4.35797668217441,1.57481197491809,2.11539441773605,1.40514046529974,494.763682480168,413.526064944718,608.100644056992,483.681506567369,601.780892543212,3377.03627918859,1041.00744816605,16797.5733401254,4401.86768834192,22349.3873708363
100,0.215,0.825,0.1359512118419,0.191167880250941,1434.74061391381,924.869251041088,246.512720866686,417.258528720743,1500,1.50686961364889,1.12803984005694,1.24452052155665,0.941973280467036,1.18548925095998,818.202642782492,907.103442179961,1222.6276469406,1353.97531718414,1107.06308862786,0.852792095964598,0.813938855080488,0.945615548116105,0.701951700631479,0.622980144632202,3.17416662636782,1.57161870818236,1.65026824301708,1.58662610283483,2.2009670184031,516.905665067278,566.298343874621,677.688844195963,678.722268422154,605.705675438082,3025.60641744013,2196.70353430879,3564.17782983192,6008.83356170269,10061.941780125
100,0.215,0.825,0.1359512118419,0.191167880250941,1434.74061391381,924.869251041088,246.512720866686,417.258528720743,1500,1.45589158280296,1.0334849144775,1.22839800206068,1.10238882132695,1.05973599471626,719.534954620963,1174.41569481949,1876.9692842939,1494.44911164467,1520.34031733766,1.03998146070594,0.68191994521265,0.697838729783215,0.711785568420952,0.737677097656886,2.09452998770891,1.71564950381754,4.77967725920886,1.74679828542283,1.5770752932245,506.198050108111,619.770689877047,768.467664184724,733.19444583416,765.40998698361,1285.04675205308,4156.97717663611,23476.4800795096,7394.51502369404,6826.5465863895
100,0.215,0.825,0.116617315361724,0.195650660072703,1673.86404956611,924.869251041088,251.132776990115,424.977968864722,1750,1.0749573618241,1.28336802615276,3.90464014920132,1.11903932155955,1.182775511494,2670.2916257132,558.901546034257,627.152482002399,1152.15813196382,721.961646445215,0.593521179505795,0.827524183963941,1.00081055322065,0.681041096928914,0.888461557825877,4.60316251719832,1.79763437246102,11.5129264636936,1.87992035817998,1.68790242523094,743.996470145957,414.049433503811,475.268664229311,624.803777751931,485.649640437035,54950.9260856695,1005.33993414954,2230.22121390167,4528.28646207595,1443.66222580193
100,0.215,0.825,0.116617315361724,0.195650660072703,1673.86404956611,924.869251041088,251.132776990115,424.977968864722,1750,1.2434460422973,1.14017967064899,1.00123543606932,0.981193983744418,1.21047220067438,914.334933858592,819.108941537592,2214.42342691977,1138.43100938325,1202.53816733156,0.875328586772671,0.842040332144758,0.757516145692345,0.637333260983536,0.743768219525604,2.49616832826557,1.50984803219919,1.49430180315902,1.52175157837952,5.19540469532794,548.003503520848,528.835135435657,914.387913544969,613.824117504795,608.408888357194,2598.33867100842,1764.57127061083,9501.93581681039,4880.53181020341,6707.08792434001
100,0.215,0.825,0.553075327915399,0.0957972524877735,239.123435652302,924.869251041088,141.877032223114,241.321481188715,250,0.806629747917249,2.2484250975251,1.32684779535651,1.08397844278043,1.23660845864256,1492.24615530549,382.837004134514,190.341765666417,1104.17425102963,1157.32419220448,0.534194716548937,1.30412771043987,0.996996246341755,0.663421317995547,0.622552992325513,1.73524348817839,3.96725525829114,1.79061539557068,2.58890930277744,24.7045162161239,518.576809158278,269.774408570543,156.852760203038,372.649083200712,255.60894840249,13879.4734840067,979.880171483589,247.340228004896,9705.09679792972,14818.9097013781
100,0.215,0.825,0.553075327915399,0.0957972524877735,239.123435652302,924.869251041088,141.877032223114,241.321481188715,250,1.46169064916966,0.717351382157152,0.944778926357559,1.23324841026009,1.98782123509136,991.087221901547,1934.34285093197,464.009187071859,810.390084234218,489.607458533208,0.762491635908775,0.438684532169246,0.659948549997486,0.818962405524734,0.943494462185894,5.43853135297947,1.3801786333016,1.34773271895693,2.68899557397548,5.76351334953605,344.028343596633,632.309365409995,297.544608833974,390.121677000585,307.298519721014,15316.636860852,30039.2635394695,1074.47596343307,4013.19971243944,2675.82231216574
100,0.215,0.825,0.356446462328954,0.140393708864946,478.246871304603,924.869251041088,192.551785564447,326.781948325596,500,1.25028549822197,1.06659778145338,1.02965364686882,1.98824090478551,0.978499380599706,1024.46975780942,954.747659965637,544.891628441946,521.681268735332,1671.67369837012,0.745299561483317,0.576441541215606,0.744468624540557,1.26143363526304,0.361899706302207,2.77621509150525,3.19481415243397,1.40603805393758,4.92043498234048,1.71142726156523,450.554492499607,433.244927850454,360.458618894434,370.68242982853,661.955451158958,6186.66583760444,12460.418973882,1064.1234233987,993.976573743535,258091.800744258
100,0.215,0.825,0.356446462328954,0.140393708864946,478.246871304603,924.869251041088,192.551785564447,326.781948325596,500,1.49037932281973,1.44412342983236,0.994374819791003,2.09744889220731,0.936356695578064,1413.68890399356,1693.87810368014,356.525977528342,567.800350040685,975.894942021629,0.586912328376553,0.983671279864137,0.757888256177341,0.995618729030838,0.61716106086717,8.47091103280892,5.6348547259847,1.24946709447142,4.86011936979487,1.39211553734214,367.747395911485,483.703022953986,261.285143669374,381.658197890424,508.599502432653,44215.8405940363,7086.01268669589,569.355893047221,1891.66144293115,3641.73223654709
100,0.215,0.825,0.257851105105913,0.163013034765382,717.370306956905,924.869251041088,216.991020822759,367.829941016634,750,1.21605883946469,1.12515345816878,1.15979449743401,1.62438784894104,1.20349259365591,1908.16206166752,780.353341394684,829.507667001959,758.840354159123,1190.40127582247,0.731688724872638,0.677409344488492,0.884859517673131,0.985483785849358,0.7060969245868,2.85324559971081,1.78815876655941,1.60662573142632,3.81645925572642,2.58787523604829,842.646706162841,506.516894067129,520.246865449096,497.946963156029,618.412553114682,8015.46433076896,3086.59858942654,1833.36135300218,2802.26837362357,8269.35209996668
100,0.215,0.825,0.257851105105913,0.163013034765382,717.370306956905,924.869251041088,216.991020822759,367.829941016634,750,1.23242921476342,1.04812115211553,0.955155209714988,1.12928586387046,1.50218687781361,840.38773099231,902.295300444386,879.104153737995,1184.4089046386,621.690867544485,0.794201605614764,0.713456694681896,0.705829652332725,0.818489794476148,0.921193496755264,1.98425377363833,1.56592937542897,1.38338443735245,1.64167600648485,2.80375982724321,492.74852053099,500.995566169743,488.820819136304,625.535719382226,437.740152625177,2753.4713698593,2982.32299031179,2760.18718912469,3687.0786182549,1797.78689005293
100,0.215,0.825,0.199949825732212,0.176362016848044,956.493742609207,924.869251041088,231.101477737775,391.477054325248,1000,1.21634912502471,0.815446608192298,1.04796974514985,0.889054188988277,1.39722086033661,1101.38603045893,991.003606867223,1042.81914460266,2661.2564054201,778.940983985493,0.903497176645316,0.605992103148626,0.645646963869008,0.556566767976577,0.970078127971064,1.8555140366685,1.16194632502549,1.83086544652322,8.25383286003377,2.567126473107,592.064528688554,554.03276711953,558.28240011108,651.488757246169,486.651831175473,3209.1621781025,3056.56536731189,3901.68556430922,48190.8946329689,1867.46671276437
100,0.215,0.825,0.199949825732212,0.176362016848044,956.493742609207,924.869251041088,231.101477737775,391.477054325248,1000,1.09354220944453,1.43585238394126,1.35542096303081,1.73372417209754,1.05996708595223,1141.98239415685,661.879194419275,858.810478936901,728.07894684666,1431.91608273072,0.764310722774931,1.14635106422183,0.987924421380108,1.21553766877519,0.648364434909212,2.24278615096236,1.89985882808801,1.88736266047131,2.51805925352414,2.12493525315881,608.624374017094,456.757305630913,537.480377252912,502.48691025189,635.149615100941,4318.93680636498,1248.22532324798,2025.99807021299,1549.87757836914,8994.53996447543
100,0.215,0.825,0.162265605156944,0.185073900675987,1195.61717826151,924.869251041088,240.198467236649,406.701271141681,1250,1.58211999225454,1.11559010099463,1.14615097214367,0.767475029302192,0.879616376661826,822.520885751314,653.690534047811,2028.51629533725,3456.52539433365,951.733463909805,0.917787154570442,0.810636370523622,0.736767870838139,0.350738129603328,0.62685875648541,4.9063267727939,1.73117247443627,5.26321432354621,1.46058068681519,1.34475417092372,479.413911959394,441.485583045611,695.271491094573,897.69326363757,521.943381876314,3404.65403774054,1267.71643203438,10270.8598520121,430517.040355658,2882.68547694134
100,0.215,0.825,0.162265605156944,0.185073900675987,1195.61717826151,924.869251041088,240.198467236649,406.701271141681,1250,1.57980814594352,1.01802903035885,3.11161275707733,1.01866439234837,1.11151851385805,564.145190468765,1249.54675199629,648.4041662005,852.710652143896,1077.45326693677,1.00697890511691,0.488843036841173,1.67349914466002,0.717069650532139,0.715146933167884,2.36979955765231,1.94985848119467,8.84676689541073,1.54588696376164,2.48252682193559,429.061298565125,568.548074436154,459.885742281373,513.987957760976,537.890653185685,1057.26780424587,16014.6293253808,1803.54681185669,2185.60899279631,4229.13712889867
100,0.215,0.825,0.1359512118419,0.191167880250941,1434.74061391381,924.869251041088,246.512720866686,417.258528720743,1500,1.24630582583965,1.40085667378382,1.17665131447309,1.07420653731488,1.37311580935184,820.003670129241,909.098973429728,984.652464485971,1246.29928526881,730.102216397994,0.823495353280371,1.04776325498913,0.666587202607463,0.68432502692945,0.972164067307794,2.04771523514166,4.29453660954807,5.09301715849796,2.12310076649505,2.02850121549016,519.877853660198,546.243327420275,478.731442997756,601.935583941113,493.294055872883,1944.0800633561,3288.32886975127,7172.56397468003,5482.75214712125,1539.17463840588
100,0.215,0.825,0.1359512118419,0.191167880250941,1434.74061391381,924.869251041088,246.512720866686,417.258528720743,1500,1.07370008904345,1.00916973811851,0.913540413506055,0.859001490020816,1.31357075070196,1266.13006341022,933.580762422893,1301.10331825635,1227.56714469102,1144.18700639905,0.652015327109759,0.734978156119194,0.547472439285741,0.565445641957397,0.823331157074147,2.07505168689827,1.49539704705627,1.37605649841322,1.74711832367075,2.25678480213284,636.552317923764,553.875628758452,640.682847044315,588.662280896988,611.957163355587,9409.20771204378,2736.62438483793,6855.83989116753,7162.51615109056,5010.69428853653
100,0.215,0.825,0.116617315361724,0.195650660072703,1673.86404956611,924.869251041088,251.132776990115,424.977968864722,1750,1.44245098283289,1.03065574160372,1.03977756096642,1.22252008690442,0.761473429770864,936.438904390552,1821.58393072051,1717.8146238389,962.676168095697,3029.88061865431,0.844355016873671,0.270158613976587,0.627820351522619,0.70476354532882,0.446022765715578,2.02468402334798,2.64934993387891,2.02574733972102,2.14065551999779,1.39044595291551,607.857855264153,684.679344549597,734.798297940925,590.482731720909,933.693098614899,2633.46259783479,430558.684184845,11083.0436403643,3298.47605767264,60626.5734034665
100,0.215,0.825,0.116617315361724,0.195650660072703,1673.86404956611,924.869251041088,251.132776990115,424.977968864722,1750,1.04416395829152,1.49794084280833,1.75196074423268,1.34921610895019,1.46110446851401,1375.73146306691,637.535593425457,860.66918351823,1081.41216989755,782.108778566217,0.692645083861936,1.15060601688835,1.01807195901818,0.916422602141721,0.982217713680402,1.58536641796082,2.03332826669015,3.41992119512361,1.93617426843714,2.25311533366729,714.614280071196,466.940303992549,556.581647671911,611.896313218991,532.687895801303,5796.2884646035,1067.48321462071,2539.77755810406,3422.86120525618,2282.96327715807
100,0.215,0.825,0.553075327915399,0.0957972524877735,239.123435652302,924.869251041088,141.877032223114,241.321481188715,250,1.62987963081499,1.78477849030951,1.05088906486059,1.53612074632718,0.673267657095632,1007.07348638114,473.146249363535,233.726962988059,654.918392254598,31738.0441927733,1.21192776714802,1.20260498541914,0.84414278587414,1.08127565301631,0.509625866520569,5.96031684827127,3.16059201824865,1.2927927174972,2.72537754660515,2.63967898252622,436.60712569118,318.199217527729,181.503248238403,368.986273292869,1514.07647340297,3354.88416681377,1078.03669704938,326.600554936862,2561.27179443341,82417.7700007236
100,0.215,0.825,0.553075327915399,0.0957972524877735,239.123435652302,924.869251041088,141.877032223114,241.321481188715,250,1.220726329392,1.2793951101791,1.21220211900842,1.21172649783317,0.664021842485945,560.553675034341,776.868922860215,342.50200662368,740.110718396086,8166.61581799093,0.878614598738333,0.735979409836817,0.894833827702025,0.734531162597231,0.367839981171781,2.24569198182656,7.36818735938862,1.70215180146756,4.03412097401644,3.44317483811958,328.093863119946,290.878633347905,246.333101390856,345.41315188501,508.904606855499,1482.77632863494,6415.14886076839,588.549325271587,3264.61254315314,1094701.79506709
100,0.215,0.825,0.356446462328954,0.140393708864946,478.246871304603,924.869251041088,192.551785564447,326.781948325596,500,1.39011699435636,1.30487004013742,1.07517428852905,1.37485900336654,1.75348207271135,926.889034023453,616.816489228267,446.075452172441,1229.87391647144,675.322496380087,0.940366228004535,0.848813057389423,0.839638287148808,0.626567927413553,1.05966535668707,2.42999505624668,1.8766279227542,1.44683683704084,6.06662214102449,13.2801637657143,481.564453573261,418.048354827762,319.419218109757,380.189179725721,360.277194631997,2713.46669232266,1539.57563699397,796.748474284791,39163.8296439106,2394.85869001927
100,0.215,0.825,0.356446462328954,0.140393708864946,478.246871304603,924.869251041088,192.551785564447,326.781948325596,500,2.04458555039164,1.42130211996284,1.06021790594909,0.642173501714152,1.22508035731132,527.349291710308,625.215114881991,674.976965837251,5491.71998039343,1081.58608378489,1.2884816124359,0.953513665352941,0.793941065814349,0.249848527819938,0.692269374539129,3.44723665786439,2.23143997877051,1.77034020091361,2.33162050454509,5.65849371600581,380.232236066738,424.102513440994,418.958601530985,540.797707065572,418.849269869152,1076.25553167671,1632.14239396973,1469.76667024021,10667151.7827412,15821.4035889463
100,0.215,0.825,0.257851105105913,0.163013034765382,717.370306956905,924.869251041088,216.991020822759,367.829941016634,750,0.829915719067684,1.13243847615318,1.55118149220779,1.22569304042753,1.45600716350386,3319.99106544495,1154.72559362439,511.048285146427,1097.318978375,576.334834993374,0.32985132936588,0.806708680712712,1.2151814211156,0.692864109676673,0.940260598767904,2.83956575531375,1.99276816785567,2.25220406225993,5.1208561837139,3.31613700300088,551.347565991136,547.921893368745,393.827299915206,509.586079939636,410.656544957847,2048979.07764833,4156.9810107963,848.233684756788,35785.3636306033,1478.50588951884
100,0.215,0.825,0.257851105105913,0.163013034765382,717.370306956905,924.869251041088,216.991020822759,367.829941016634,750,5.90245253738088,1.49932933679099,1.09051750080661,1.00224460784684,1.27724528426573,473.967691178755,586.241604488561,562.775325746764,1164.98347113611,866.730834894679,0.745227743228079,1.1163367840808,0.766271844017958,0.678019579216862,0.82829889952391,76.6966863131882,2.29783321461886,1.56543510693642,1.60158975832102,1.77773097031256,374.508008117516,411.605787319677,385.344250563883,558.896331197204,525.516141680626,3004.68111751294,1136.83771164226,1067.64776776831,5531.34391396868,3023.75942637078
100,0.215,0.825,0.199949825732212,0.176362016848044,956.493742609207,924.869251041088,231.101477737775,391.477054325248,1000,2.75089442929073,1.25228633847004,1.43167785357642,0.961787334989216,1.06341045363447,621.301765290431,946.003430198312,1066.26782015735,1204.35159762482,847.559254694237,0.620984747442808,0.643848342023507,0.600238873500701,0.39558986271869,0.645171708504581,23.0151501465203,3.30212131473909,6.99605105985454,2.10349759865791,1.82286969704301,418.014061157037,490.389821789985,465.068130980806,521.303822981328,503.124689414776,4884.26203728119,8761.47743173802,32355.3106010473,42331.511139424,3023.19676264541
100,0.215,0.825,0.199949825732212,0.176362016848044,956.493742609207,924.869251041088,231.101477737775,391.477054325248,1000,3.02568425348143,1.40885225027978,1.21342866936944,1.43372767298445,1.3674982101922,575.530638193483,502.966912859321,841.506611335439,631.073086125592,733.358341041131,1.42065080046424,0.920706671263469,0.704055292830502,0.879539395551074,0.667375305316707,217.391869870801,2.1660662318219,2.01330359187436,2.24311170910209,3.13541826002695,394.607294072083,363.971832167035,498.472484681948,422.50040698786,436.128958199908,1702.63729633038,925.253848341981,3980.40427817524,1995.43902237578,6117.43065196691
100,0.215,0.825,0.162265605156944,0.185073900675987,1195.61717826151,924.869251041088,240.198467236649,406.701271141681,1250,1.33824046595994,1.10438303515382,0.960687310338279,1.47116624270181,1.27791180057949,1089.35901179857,1510.83571419093,1006.45785598507,697.430517775142,1298.85577489978,0.953870763157573,0.73434710850825,0.735887213241002,1.07696181369536,0.727021086852523,3.07596836910236,4.5428613273449,1.2742703204142,2.07041479440111,5.05115028072221,615.981118994156,502.47706505037,587.811115332891,495.959733553709,552.076210061634,4109.6903104109,6732.2909468431,2492.40088494758,1452.45846631965,6059.19866386129
100,0.215,0.825,0.162265605156944,0.185073900675987,1195.61717826151,924.869251041088,240.198467236649,406.701271141681,1250,1.47706907619916,1.24620731957839,0.781185365519582,0.972858472869265,0.843690364174526,840.369715892323,638.58192184098,1793.64339296474,1700.21399380902,2792.53278316484,1.13989305733378,1.01620334504351,0.5009145954345,0.512492298039252,0.380749034717872,1.88628001756496,1.53901857349482,1.16671761873853,2.44382202969803,1.602171891566,554.622721224066,447.214096825523,789.218831418936,639.228050084482,917.608448955423,1829.42419846007,1099.30709405249,14919.1532507846,19396.9301806775,350503.579964595
100,0.215,0.825,0.1359512118419,0.191167880250941,1434.74061391381,924.869251041088,246.512720866686,417.258528720743,1500,0.937213319934478,1.49276778710326,1.26165141211427,1.18801458927787,1.58800867914132,1521.5539721719,796.969318948749,2246.15351854591,777.252528370158,612.353821468926,0.716074641857974,0.996116432318235,0.759830859885508,0.8166714533797,1.15567426108447,1.28114308345412,2.08803523819342,5.01122070239986,1.94463007026144,2.23804401292495,733.537390981564,522.054715771541,850.441450099421,499.909622679651,444.714228032865,7260.74913451418,1711.3384682222,16903.873934638,1794.23880638933,1070.75620993255
100,0.215,0.825,0.1359512118419,0.191167880250941,1434.74061391381,924.869251041088,246.512720866686,417.258528720743,1500,2.16289807288804,1.2193534087322,1.29740740871396,1.21710267537877,1.29924970018802,746.617911906455,832.927225306787,1102.35516553257,926.274589481357,823.26050989324,1.27299481575753,0.869849324211723,0.819865537193775,0.775653753543513,0.720094252393093,4.76850903595944,2.4849145776149,2.08216013185297,3.79088839112222,2.12930279755144,521.244834077466,515.530583972838,642.89008385254,515.23812105964,543.175825207319,2292.57951417789,2159.67987600814,4128.58933585301,2956.78238512602,3953.80374849297
100,0.215,0.825,0.116617315361724,0.195650660072703,1673.86404956611,924.869251041088,251.132776990115,424.977968864722,1750,0.872054310611072,1.40939512179123,2.62571201458435,1.00880904446337,1.23079976287846,5590.69891438875,611.844499106395,722.168058384867,920.493235684993,694.707812511873,0.356797850261351,0.989073836887344,0.72990564705984,0.669959950959249,0.755030049992354,11.48392781661,1.99625597436557,10.8286563713865,1.52289250788559,2.31798125180555,471.351789139706,436.506714926849,493.94361050065,566.153441093048,465.993892738923,1360498.05032576,1215.31849946006,4416.66300346041,3149.64913444262,2067.87751808919
100,0.215,0.825,0.116617315361724,0.195650660072703,1673.86404956611,924.869251041088,251.132776990115,424.977968864722,1750,1.18775591049512,1.59935363224208,0.85835730169525,1.54240144347302,1.1186126205942,928.074688361232,841.568807987065,12743.3042764066,750.462817983144,728.086329650149,0.79838228105609,0.947651457848451,0.4006816155241,0.949822463404616,0.743838957247779,2.37206862407795,2.7363844743133,2.94113388350014,2.5552254252797,1.49263804303296,556.148214830889,546.071212430391,1500.26338422252,513.409144527941,505.760231437089,3034.1505311912,2140.85036584517,81071.9998726002,1577.09454851725,1762.8866698474
100,0.215,0.825,0.553075327915399,0.0957972524877735,239.123435652302,924.869251041088,141.877032223114,241.321481188715,250,8.08693065286508,1.18948920487766,1.14231969077901,8.66073810087159,1.03146713341367,286.538607854045,620.248274165792,174.843147518819,4803.05618679105,645.143541086163,3.92614738130496,0.867182029655925,0.900821495237868,8.66073794026145,0.749248448400975,22.9951762328301,2.05285550963972,1.49661173724052,8.66073810775979,1.67652317808587,249.172605947739,325.050529378868,143.092616225872,4803.05615812039,346.297489879389,640.797338014607,2194.54266801364,218.546434163226,4803.05618804758,2057.19178197164
100,0.215,0.825,0.553075327915399,0.0957972524877735,239.123435652302,924.869251041088,141.877032223114,241.321481188715,250,2.8889477164796,3.20871676821721,0.950605870874834,0.760246122595849,1.48901492399598,447.676525375533,327.894732849764,213.206584975916,3037.80376762576,384.359676284791,1.64578723005148,1.81165715171634,0.738370099057013,0.330408861084061,0.928002902639438,9.19845777068854,8.78813407810687,1.33530758455318,1.91528257344509,2.09650793899611,268.327758466664,256.529570915462,157.181760109293,516.572157756736,247.621289468986,4214.23626958347,1316.83203265238,305.203994610395,1808363.75818364,892.198287047227
100,0.215,0.825,0.356446462328954,0.140393708864946,478.246871304603,924.869251041088,192.551785564447,326.781948325596,500,4.83092767540616,0.94666009825994,1.54550614677327,2.08340346332744,1.34971033920486,2997.65645493114,1700.36400272972,381.261889683748,567.261243606799,957.351640766613,4.07163488033243,0.603931898033334,1.03275844675809,1.22711404362186,0.529387839893708,4.8117287901216,1.66788711186236,2.19837755280336,13.9826797804249,2.67661894646009,2795.48374967167,669.953564189689,314.486535607893,366.656045280709,476.408472220293,2993.41499976103,18671.8325125513,543.520474362442,1390.19839781635,10287.3016315603
100,0.215,0.825,0.356446462328954,0.140393708864946,478.246871304603,924.869251041088,192.551785564447,326.781948325596,500,1.35589169530943,1.12037694305954,1.1022163180369,1.07068084542758,4.04569002645292,938.138151617634,834.849297199764,746.140127850591,825.791453794997,436.48871502642,1.02222372226102,0.856234005447257,0.610305142196023,0.803854708195236,1.33441003021938,2.38554710665838,1.67399707410471,1.68206069191964,1.59886841977141,10.877073183609,518.354706810249,493.488698995585,455.968301455415,463.022963268511,359.687960742381,3397.35611751363,2183.53866599862,3832.05660505116,2395.16762425675,1324.24966657134
100,0.215,0.825,0.257851105105913,0.163013034765382,717.370306956905,924.869251041088,216.991020822759,367.829941016634,750,1.67773713117123,1.3598712191495,1.30131566873518,1.01024417504349,1.48593229448808,469.347830286168,594.873022534408,493.780799851452,1368.21875262082,912.591042386649,1.13201428385419,0.860221608648865,0.978331866846139,0.472126596505024,0.627378836833988,2.69967324464126,2.17712752501231,1.73528696692721,2.22044646258397,2.3866776294765,339.627806486679,390.52173510994,350.466266040576,540.038286528638,486.019519752526,852.649552030431,1471.39816713446,887.598093579012,42513.5057342074,8156.81539830976
100,0.215,0.825,0.257851105105913,0.163013034765382,717.370306956905,924.869251041088,216.991020822759,367.829941016634,750,1.39559484269264,1.1723167018453,0.987437118805426,0.943590368983011,1.14463365031328,1279.07778568194,728.074004185413,1183.16066501997,1212.02745260631,955.944358513231,0.869898512148593,0.824214064399416,0.665070672062244,0.778430634462131,0.735828237037981,5.5358717183663,1.60507263148848,1.47869592573991,1.25902883355145,1.86755274400786,596.790609378754,451.323827187414,583.954186355829,643.655084385174,540.530494143452,4712.92589530119,1632.44078219004,5381.15262898875,3364.32540477355,3613.54497588395
100,0.215,0.825,0.199949825732212,0.176362016848044,956.493742609207,924.869251041088,231.101477737775,391.477054325248,1000,1.55121558513731,0.80770784543677,1.05262969938326,1.47658490367862,1.13718787036827,782.403577849467,1405.55218635414,1247.4082753026,572.722960114732,1379.35185917685,0.927701085774005,0.470265941611185,0.68490728125922,1.10020452603004,0.457546990088919,3.32672626892661,1.4742976863256,4.93667347556062,2.48967497732452,8.90354046665204,485.554138936256,656.867886648302,488.331127069988,436.468470536343,438.409975251816,1787.69964024627,16662.7946416078,6667.69172475977,1032.59217078235,53199.5666796214
100,0.215,0.825,0.199949825732212,0.176362016848044,956.493742609207,924.869251041088,231.101477737775,391.477054325248,1000,1.08296971929564,1.16877351040922,1.12452531776634,0.931080877888949,1.09190854679041,1196.47484984279,833.708655422761,950.281785790326,1328.60987109222,967.183275221998,0.589214171564746,0.798603867698134,0.592188405497817,0.6221208246983,0.790850706620095,1.74699754363163,1.9082432300508,1.85166385692831,1.39072895851527,1.66866195674721,595.075202103939,522.966138755872,564.496017168672,637.957797534143,583.805839412947,7153.02058091863,2100.52180611364,8328.83847974268,6177.73987970545,3523.25520661176
100,0.215,0.825,0.162265605156944,0.185073900675987,1195.61717826151,924.869251041088,240.198467236649,406.701271141681,1250,1.81957842843324,1.10779011653486,0.845766721202676,0.901386002901822,1.97354901110646,735.409997343354,883.137567498336,2924.0667496417,1200.72576815847,690.833429850674,1.09135236722057,0.709805437762338,0.594675487648527,0.604067802952961,1.33468633262434,3.51775833965753,1.59244440356757,1.32202341722965,1.56140897191859,10.3953528499711,505.696011951338,521.620409516367,1105.81469605996,574.253120860502,464.995935748591,2647.35419312131,2215.75125173276,18518.1911378396,5175.50746032447,1625.69045224774
100,0.215,0.825,0.162265605156944,0.185073900675987,1195.61717826151,924.869251041088,240.198467236649,406.701271141681,1250,1.40520962040765,1.17487747119866,1.84369380142032,0.963366816092351,0.915495676957853,787.916323986613,1185.17284484273,846.596859917624,1868.37985679006,896.597029848385,0.890660342174118,0.773298321197548,0.988476262403431,0.54173760408881,0.60862336487648,2.3273666071344,1.62914261223159,52.8703911645837,1.5313688074759,1.26086646551557,516.799530454081,678.37683423554,422.96691009764,824.314795933886,545.563751468948,2231.62516637228,4694.08364791953,3417.74905359872,19506.9333383957,2299.87314153024
100,0.215,0.825,0.1359512118419,0.191167880250941,1434.74061391381,924.869251041088,246.512720866686,417.258528720743,1500,1.05386653240998,1.68929450828534,1.31970012264547,1.13649683193141,1.12680679430472,676.889355312915,760.41686917969,2442.19491729727,1505.86725231745,1112.30055463266,0.826638583006599,1.10278850038458,0.754239859275306,0.563721606956535,0.696559543241736,1.36655602555643,2.60254492599246,25.2640469893942,2.05292461464337,2.93876954964129,464.061692163018,524.787374903393,435.681073034252,679.262973135774,604.01194841685,1201.59064194616,1550.0119868566,14545.4815117349,30930.9227664796,6855.57343631869
100,0.215,0.825,0.1359512118419,0.191167880250941,1434.74061391381,924.869251041088,246.512720866686,417.258528720743,1500,1.91967301262347,1.36114253581834,0.887568458079729,0.970475873865236,1.41584084896993,543.067340886332,1172.48359445512,1769.78809132572,1235.88916280886,756.399541446319,1.06599947592641,0.856817987225723,0.562283871424175,0.640526805326051,0.950242805158102,2.94655313335423,2.19759700091461,1.45285178026079,2.0208600052989,2.71586808320535,418.214217452988,588.078095923737,760.564994437335,605.660063634849,492.659527538226,980.535601557932,4857.24149396221,14459.1503679372,5391.38931047579,1555.62506986929
100,0.215,0.825,0.116617315361724,0.195650660072703,1673.86404956611,924.869251041088,251.132776990115,424.977968864722,1750,2.74863969138365,1.53352975481237,0.959565595206622,0.975240290705088,1.50288927081273,475.590214131131,893.891786288382,1890.76574141428,1030.93627054666,683.394264393089,1.40487531537153,0.846012002664038,0.565638255641345,0.677227827530472,0.91123793907765,4.40936456959266,3.59840208032629,1.80643701357154,1.38014772582861,2.86153426334483,392.178564246972,512.35713389329,710.083762852941,577.735390631315,462.125610705415,694.741638245464,5366.105935625,21921.4616135963,2822.89414775021,1647.7492458851
100,0.215,0.825,0.116617315361724,0.195650660072703,1673.86404956611,924.869251041088,251.132776990115,424.977968864722,1750,1.54145928308043,0.892048753396794,1.34920067150365,1.27142321119903,1.15262352931241,708.750768995345,1799.07813609037,801.241729090658,1586.58533799583,744.585916605078,0.829205107415933,0.616089551748311,0.840278384549557,0.806342707229161,0.700213707557616,3.1967795883782,1.57434482755675,2.23054985304432,5.16209029718504,1.8214616729955,503.582083485182,792.048331753076,523.82876834751,659.057980171173,501.670507352213,2463.36416381372,10260.6479806092,2338.62415645714,6524.85905511432,1852.79879718979
100,0.215,0.825,0.553075327915399,0.0957972524877735,239.123435652302,924.869251041088,141.877032223114,241.321481188715,250,1.63150057906827,0.634911965636924,0.850421335307227,1.25242394647369,2.73310655881424,541.641575431982,10183.5752966767,337.032871242476,881.515140175764,342.908776701552,0.562321997430697,0.284038718982926,0.596176579875884,0.864667747452935,1.88916345614719,4.39612274520784,1.43989262592661,1.05995206444719,1.80672240105257,6.92345665481478,328.687454654518,991.171406377011,225.442139442288,466.06868783119,273.288217237095,9488.81474652272,28737689.1246332,655.11009042324,4037.66623680006,606.448888949611
100,0.215,0.825,0.553075327915399,0.0957972524877735,239.123435652302,924.869251041088,141.877032223114,241.321481188715,250,0.839519387334772,0.785935088397032,1.05666441854582,1.28336295196791,0.813273432882051,1641.33343683866,1349.08093559907,222.349096373064,725.510063004732,7275.96778288882,0.520663835259678,0.567622651535962,0.838923975270395,0.840441052665861,0.587256381198153,1.45814544601185,1.30074920911147,1.34243558024652,2.51900604222487,3.11849517451723,612.147910361591,511.344804888151,165.648808763927,354.558054243973,1106.19093372306,28499.5905320626,6816.51459223029,326.519062411407,3066.01927974695,21604.7663796897
100,0.215,0.825,0.356446462328954,0.140393708864946,478.246871304603,924.869251041088,192.551785564447,326.781948325596,500,1.35264443568506,1.24778695711166,1.0349742688761,1.4537266130431,0.74805044709209,1142.73667497469,1134.90601671574,451.613008586097,658.341661852859,3388.26951253773,0.78081467731161,0.863252273619539,0.780499730468855,1.01146105161878,0.510793738162858,16.8502277634421,2.01416171690038,1.34685366604772,2.12047829410795,1.05639251025969,385.267582114375,562.852766834827,323.921373744216,412.179727005149,1037.89203144976,6712.29837102583,4232.89390918815,800.269130109717,1881.69435789253,35416.8690060618
100,0.215,0.825,0.356446462328954,0.140393708864946,478.246871304603,924.869251041088,192.551785564447,326.781948325596,500,0.853966159117895,1.21582003965025,1.46733334658779,1.07437136491752,2.44466193054758,1922.5331688399,643.88093188431,502.33246022554,830.257521640167,531.461853559532,0.512081766614248,0.784493908889069,0.825303854671903,0.632805755555264,1.17502611356452,1.79438712742925,1.88033373977741,2.33596837901778,1.93464922631897,10.8005963808678,627.294323117127,406.311710709219,368.484988046689,469.471499196835,365.658349884686,45059.9307530102,1855.37769659111,1088.765281692,4971.26347333577,2047.01740109779
100,0.215,0.825,0.257851105105913,0.163013034765382,717.370306956905,924.869251041088,216.991020822759,367.829941016634,750,1.34478530315581,1.14545044303092,1.50867345507505,0.988749407303915,1.34077813549874,975.690545744229,1585.73028574297,563.525907048069,1162.96591836295,682.953137284288,0.829389225522307,0.61943781649941,1.08616116161374,0.730785871524592,0.974322945851234,1.99740020690476,2.12055851208054,2.40733615808055,1.45563198850826,1.89043277379525,545.092692668577,679.833084016058,406.688977575892,601.664919974497,462.88363834966,4743.56370196343,34472.8874553973,965.599956460593,3492.52839911658,1608.73367820473
100,0.215,0.825,0.257851105105913,0.163013034765382,717.370306956905,924.869251041088,216.991020822759,367.829941016634,750,0.52589168687042,1.25284005994836,1.32402205259914,1.1405322124444,1.50085784743751,51233.9375781779,785.330573062797,797.496259763922,819.333961737265,645.354024409027,0.332496324775489,0.746468386190802,0.728647798734386,0.706053528351805,0.80587501131305,2.00289412857899,2.54113247280556,2.07977659130007,1.77099714176772,2.94955962102113,3111.3147021655,481.054099118679,509.405634899962,513.254410926868,426.318988182475,12577128.1876962,3708.27917935491,2215.74229889574,2678.46108738797,2068.97475983977
100,0.215,0.825,0.199949825732212,0.176362016848044,956.493742609207,924.869251041088,231.101477737775,391.477054325248,1000,1.71971992458084,0.636790917559711,1.38020732261703,0.898518466135751,1.01691336307457,812.01656358111,3928.06068334697,652.143386234363,1159.87112336107,1029.80934856522,1.1120570330417,0.314203261748283,0.704481525173951,0.602674083019466,0.757467308754773,4.25840802505821,1.48100637506527,2.39282084348805,1.25923588444728,1.43966638502666,500.438769729998,789.156186680477,442.694028196042,624.548172730735,553.81646523387,2571.22574765227,410447.839408199,2301.86600844657,5103.15427256223,3037.59076135865
100,0.215,0.825,0.199949825732212,0.176362016848044,956.493742609207,924.869251041088,231.101477737775,391.477054325248,1000,1.93019511402854,1.24893314670638,0.953003277643232,1.04026605391107,1.51374564956869,868.443749329435,701.376457723484,729.769938479999,1234.03606922668,1202.63723646126,0.567253354145138,0.676600040544502,0.651122323433928,0.633064156027565,0.569962555606485,6.57016462519275,2.71136577963965,1.18824531111345,2.04787036725447,5.39328199755568,454.696206380106,458.473267883172,461.563486917174,588.329500698792,570.10162676621,11890.0876850729,2439.81375914081,1475.34790803335,9613.4329100681,12569.2342826108
100,0.215,0.825,0.162265605156944,0.185073900675987,1195.61717826151,924.869251041088,240.198467236649,406.701271141681,1250,0.693552243376427,0.868194122350289,1.22064944240784,0.893678401674758,1.1563580494704,15486.3856519904,1430.40414069891,946.847299229492,1751.97153665214,1036.89646677049,0.462263129528798,0.529989661854893,0.350919205412406,0.458803938620627,0.826756902123378,2.93752728022915,1.57177195354255,2.94688981688823,1.37039417624124,2.99283535712742,2065.34707817732,663.094992634526,515.810257588342,845.055109573229,611.702535929961,293421.272591636,8837.91051976585,127642.065916962,21026.4025304719,4395.00291389978
100,0.215,0.825,0.162265605156944,0.185073900675987,1195.61717826151,924.869251041088,240.198467236649,406.701271141681,1250,1.0866335470465,1.28220977555623,2.2652238952468,0.847620465436307,1.39963010149562,1246.78108638049,1043.57673332865,674.322755594135,2000.16517094655,837.497550370272,0.611694366148378,0.735314487128239,1.44919140481723,0.599363465311476,1.07467998689403,2.18561161350191,2.55361545780338,3.78228228571446,1.31708266247154,1.96040528554039,592.623070834007,561.021060767134,496.89822947535,864.159275378651,544.693981183673,10326.1997912841,7136.14352850098,1795.62524176954,9525.89032266307,1814.82347857387
100,0.215,0.825,0.1359512118419,0.191167880250941,1434.74061391381,924.869251041088,246.512720866686,417.258528720743,1500,0.915215514298947,1.09337865885845,1.75947879996488,0.957317416968021,0.927402306104247,1577.01148351678,774.646298669489,1537.41927341068,980.333539708197,1866.6475221542,0.591756797884527,0.799436634897394,1.06456616548074,0.737471567627698,0.65453273275565,1.65759846226372,1.50549317907443,6.10356863078885,1.7914128697468,1.98362752796402,749.373292104162,508.041571707985,708.846146825152,577.691138717431,764.880507443751,13951.7696182589,1588.44076548329,4564.08921306002,2631.14493782079,13325.9349736226
100,0.215,0.825,0.1359512118419,0.191167880250941,1434.74061391381,924.869251041088,246.512720866686,417.258528720743,1500,1.78183873065824,1.20679311401298,0.716226204802475,1.30663257106918,1.22197764251372,899.729713516786,923.156973889016,3435.85188435977,1052.70694846946,719.835025871716,0.893169431327879,0.697628808037162,0.290013505368614,0.754335977047966,0.775311578758888,4.00264545346576,2.52903463675143,1.79522572961754,2.63574603281463,2.7695564760967,576.99434123559,542.989500218532,730.421734775576,590.498688031325,487.937210923533,3878.08612007683,3649.54260133712,4311328.11307969,7507.16230090242,1804.17844850488
100,0.215,0.825,0.116617315361724,0.195650660072703,1673.86404956611,924.869251041088,251.132776990115,424.977968864722,1750,1.00466848623336,1.14024540788473,0.648531553597315,1.10400506977046,0.817092042507826,1164.33627955778,758.486194141274,6862.74333103793,1210.52232584483,1414.00034154466,0.577676919516732,0.741886161177523,0.272691416482315,0.487143855961629,0.625121726840271,1.69668579752706,1.68754655658474,1.18575039570011,2.51649519067707,1.08706057678359,636.26792895182,507.586724429854,1480.59369174276,607.142653714328,695.116042868241,6614.58580557147,2019.8198394075,2730445.94080881,18721.8639012222,4476.42609478954
100,0.215,0.825,0.116617315361724,0.195650660072703,1673.86404956611,924.869251041088,251.132776990115,424.977968864722,1750,0.98554377605384,1.9131988653242,1.22177914918298,0.901307949556216,1.47255362656286,1331.80160375473,677.966899057642,1185.45643968841,845.630990780049,794.542045543682,0.538721478211942,1.15015758864971,0.657423502148207,0.633408636804848,0.804569487680118,6.37854319176622,3.11819104558596,1.85812267044043,1.2499288909001,2.70405388791044,476.293634992132,464.496472291711,616.149669517226,501.236940925519,504.621124357989,12799.3543537612,1606.13387405122,8494.22636497819,2018.36708813698,3661.16169133918
100,0.215,0.825,0.553075327915399,0.0957972524877735,239.123435652302,924.869251041088,141.877032223114,241.321481188715,250,0.918761640738271,1.09778219808675,1.8192417372829,1.4189720067113,0.65426720336365,4775.07259341234,660.951942802817,214.30652552899,614.441747855364,5791.98768501453,0.626526286486114,0.65900939792515,1.39550180158244,0.863732650886727,0.354092926340816,4.17025052383782,1.62009837096072,2.27244133933503,2.55662677086953,2.91315042829864,877.300798166522,385.961743009673,182.192355556278,340.335190399984,422.467781606605,27130.445195321,3921.7332796429,265.655837068664,2119.37590327335,1056199.70968912
100,0.215,0.825,0.553075327915399,0.0957972524877735,239.123435652302,924.869251041088,141.877032223114,241.321481188715,250,1.56158962176566,1.54413952601736,1.43613750459691,1.13220320639371,0.935964274858863,555.215698102983,477.106619617713,212.026407373013,1146.70924388985,1380.53976997906,0.665003966759484,0.761504625554486,0.982103312016601,0.720893013734107,0.401394257661752,4.69831726396799,3.48210878223712,1.85512371143424,5.44056296562425,6.78227630577278,281.439961778309,282.218648735691,174.309566223114,359.998002149437,285.788079019242,10430.1272782601,2331.36326583403,277.181880711265,7266.59097236837,252179.053216901
100,0.215,0.825,0.356446462328954,0.140393708864946,478.246871304603,924.869251041088,192.551785564447,326.781948325596,500,1.56485016306275,1.00413171796504,1.10829247262921,1.47750277238191,1.28904810804465,1048.75273284221,672.729927973703,466.335630096952,621.271580421773,626.658103701464,0.91456193638368,0.738401400929505,0.857584929727545,0.881767447099371,0.805229587846186,4.79487562389156,1.39598573928982,1.51239400004599,2.16664040283477,2.05603942859892,448.636100502466,388.529528009094,323.991714021967,395.492519649714,382.865386269248,5764.12172324046,1644.45406283696,867.836651640633,1926.99011626731,1896.59362143713
100,0.215,0.825,0.356446462328954,0.140393708864946,478.246871304603,924.869251041088,192.551785564447,326.781948325596,500,1.00471844439471,1.20526316096556,1.32113434184786,0.893810633150746,0.852256737332178,1219.20580751195,897.248334528657,491.672098889304,2082.34586555033,1567.87973267504,0.612622856212118,0.931791589056433,0.95247434645711,0.594996974878215,0.548307903419487,1.91152818827133,1.88231846200992,2.20834135814029,1.40661905816453,1.40473448260476,572.733450870629,517.510757286988,363.232789835232,803.766733555518,680.86899890086,8064.90751263903,2667.81987387969,852.089847829245,13711.057086261,11752.2255104353
100,0.215,0.825,0.257851105105913,0.163013034765382,717.370306956905,924.869251041088,216.991020822759,367.829941016634,750,1.78085840680868,0.969014954205458,1.04021524854502,1.2284818582341,1.28686135467768,624.791712621783,978.996031316521,546.309055224506,1297.52927274359,969.105866521886,1.17488800247262,0.732437686800002,0.786148628197855,0.913212250437662,0.863981705442857,2.91337539248493,1.20416277538354,1.33735470431717,1.80275289313408,1.86034427608761,426.301482840249,535.343908850272,356.490083409457,650.65476824015,533.353179711792,1403.12090286108,2715.20962588746,1035.79317951433,4890.64381394589,3175.88503556429
100,0.215,0.825,0.257851105105913,0.163013034765382,717.370306956905,924.869251041088,216.991020822759,367.829941016634,750,0.928577146278829,0.750308870878736,1.23171175133182,2.15253386698403,0.851456192015447,1275.7848820648,2644.65866589351,493.476746109938,510.032840605183,5266.41690811836,0.585544408067914,0.314093164037962,0.92577119021199,1.66471000046012,0.435237429723146,1.59719395752843,2.33517368163169,1.64987978253245,2.76336410430161,3.81405288563779,581.770046945456,591.679955833826,356.139381900416,379.514961454262,698.309375917369,4688.86887717017,972130.130358983,850.730220920656,806.289373875249,440425.069334465
100,0.215,0.825,0.199949825732212,0.176362016848044,956.493742609207,924.869251041088,231.101477737775,391.477054325248,1000,1.09105553133677,0.914555535274868,1.59923682492034,1.24929001599036,0.969490875221471,1465.57697685186,990.648641778491,667.422035515491,729.397566547993,862.473503826409,0.733844899535679,0.626375841675016,1.03043137253965,0.792177629325221,0.639066526585239,5.21932868139602,1.28634002490305,2.23770239666495,1.95890181497863,1.46842699604135,561.536011305966,547.104388183085,443.309122107132,460.237051830522,506.798478383344,8359.89865352628,4779.08560067416,1304.56762385607,3144.38514104905,3089.5305521758
100,0.215,0.825,0.199949825732212,0.176362016848044,956.493742609207,924.869251041088,231.101477737775,391.477054325248,1000,1.54929660565833,1.30709851581164,1.39768141675997,1.84271766292585,1.35626312876109,963.23589908573,1049.78313425583,565.307189562057,774.523426836853,1128.55437030472,0.877356372508552,0.693686640473113,1.02295952652688,1.04247894069529,1.01696231563529,21.8596369413884,3.64926225355027,2.04586585084672,10.1637228741588,6.03701755831653,414.443025114963,498.737550814869,419.71144595448,437.833544680452,544.722897771433,6136.32658712688,6298.08927077814,920.264368565321,2981.88979650021,4213.74107433115
100,0.215,0.825,0.162265605156944,0.185073900675987,1195.61717826151,924.869251041088,240.198467236649,406.701271141681,1250,1.21358768967429,0.67610262580893,1.14522597186228,1.02591032887564,1.39796656289716,1396.36283516177,4053.96351633389,704.896378311703,625.422605707682,688.591152717572,0.604265946339909,0.43607701691157,0.663655106632995,0.769683433994448,0.901657124679251,3.88184184150944,1.11273653143842,1.66512990687893,1.33248390992101,1.95774087839676,583.818717049938,1140.46403202174,453.73796697551,421.641151215745,452.128046320572,18959.2412894674,82507.7473487451,1901.67479416833,1351.14771962201,1491.989201194
100,0.215,0.825,0.162265605156944,0.185073900675987,1195.61717826151,924.869251041088,240.198467236649,406.701271141681,1250,1.23349719187398,0.822737740306449,0.962225435824133,1.13827622820867,1.47190923911938,849.721071458127,1739.60502493557,1792.51424295605,1003.23699739925,875.303158696176,0.811146541850356,0.480494870109197,0.666818315486757,0.684997694060533,0.78588563874216,1.80366891324179,1.23186482598026,2.17317263892666,2.23366479358014,4.2520913804395,530.164926128365,811.919824257678,746.10399498402,569.767820344499,509.181683171781,2375.87758558594,13305.4270294981,9706.4086316487,6258.61107396916,3200.43230782432
100,0.215,0.825,0.1359512118419,0.191167880250941,1434.74061391381,924.869251041088,246.512720866686,417.258528720743,1500,1.71091363940091,1.54487198446401,1.02855869246113,1.1580283912954,1.47576021653068,781.436435010685,583.225651981977,2254.38312537762,1140.3226260783,631.087003791101,1.19747628951166,0.954366050355328,0.566269326527572,0.633641632380219,1.10933636288771,3.10230290731871,2.090498942375,1.44436563774761,2.13852672998501,2.04955127325292,512.223401034005,432.664417103213,913.384152391406,592.00071033742,444.562353413077,1588.63570493679,1066.71311487059,17492.1482183505,6538.36380187738,1163.26051251399
100,0.215,0.825,0.1359512118419,0.191167880250941,1434.74061391381,924.869251041088,246.512720866686,417.258528720743,1500,1.55533332295718,1.34942087782201,1.00967981035868,1.06803652890021,1.35440802862586,571.613374627364,891.263924119576,1179.75224420324,1501.56006175097,916.539593028505,0.990075758234145,0.694882142264405,0.7608313209577,0.451554469913751,0.511675177176803,2.30895630085766,2.13135076588375,1.40261675875486,1.63594871021675,2.02186152144457,432.802788177577,524.006505750111,656.53810637948,746.773080219199,586.490358731617,1076.65709853797,3565.71797993704,4187.02976132867,76250.9715609734,12433.4906580676
100,0.215,0.825,0.116617315361724,0.195650660072703,1673.86404956611,924.869251041088,251.132776990115,424.977968864722,1750,2.14491708351248,2.44250288858056,2.92841200160165,1.022504522716,1.29885620353991,698.132371591598,559.923415028236,630.315119584471,1036.43408953697,1428.88974879279,1.2239375087986,1.75869433785283,2.24718420803056,0.679855162213248,0.684300807383225,5.71878229847219,3.65407162156332,6.41439919943252,1.51457632766359,2.35322064622787,495.505360431019,451.272274726058,489.026054332399,634.638245050863,716.089992381432,1999.31399338712,836.199033555974,963.062247854099,2648.66173185214,9956.13975321341
100,0.215,0.825,0.116617315361724,0.195650660072703,1673.86404956611,924.869251041088,251.132776990115,424.977968864722,1750,0.931005574613758,1.44051899921846,1.60382376987584,1.15560324790159,1.15471466399065,2756.40569049927,640.027287755635,2846.27756712014,809.628757885553,870.27824413286,0.615177028842906,1.06552765644765,0.688573534196269,0.835894700506301,0.787024416066226,1.78075613729892,2.01597339661309,5.59306274544462,1.70667342634378,2.15599395866309,926.556080353107,455.260142905489,714.954996069048,533.337851376347,554.711400469218,31873.783006553,1017.80437296088,7628.47478666325,1653.58087789831,2165.52010490585
100,0.215,0.825,0.553075327915399,0.0957972524877735,239.123435652302,924.869251041088,141.877032223114,241.321481188715,250,1.06434435765053,0.702071818668421,1.14846071822347,1.06218007865284,2.08374942426781,712.07754685028,1387.33390333404,328.160154542268,994.28145124597,392.082086626365,0.724794037888397,0.468712908699148,0.69243949510861,0.640975383949275,0.872506232118366,1.92502572085958,0.936177311402991,1.66800668478401,7.97983610496371,4.44803553827814,349.687538371629,543.163027444006,239.889357806358,349.435140030307,287.101786567421,3431.76163949957,10796.4817955963,645.342509730234,15879.459207964,2392.42638006339
100,0.215,0.825,0.553075327915399,0.0957972524877735,239.123435652302,924.869251041088,141.877032223114,241.321481188715,250,1.50848909828457,0.71781799595799,1.0586621075049,2.13810872267236,4.21274593499296,924.462505927607,2563.37282005139,235.544129960488,490.647260330677,2626.09506001833,0.898724152349035,0.459234561333852,0.820955920381893,1.00884508385493,4.29117522444675,3.3412557375186,1.38068158898098,1.3470367278925,3.89508092132258,8.05841065792315,398.566161810271,653.859601835857,185.99705847643,309.546255556056,2645.37674977167,4431.5962880848,45367.3629461654,340.070462941696,1970.54910449313,3577.93067554876
100,0.215,0.825,0.356446462328954,0.140393708864946,478.246871304603,924.869251041088,192.551785564447,326.781948325596,500,1.43126573313994,1.04932478906796,1.15678324689554,2.24702794030028,0.910936559681815,2942.53738354847,1081.79449935862,479.011996450218,591.638220322314,1010.11791795927,0.691652729323627,0.651211144182932,0.788035541982613,1.71087020236799,0.606235272012137,4.69702213921441,1.86690819533577,1.59107470227413,3.0687518984624,1.34045212080752,532.430084854172,552.379152398039,341.435618979324,406.024313424743,541.228747405874,6562.38567512537,5533.29647430823,786.378708088023,1080.71887641183,3641.47566644654
100,0.215,0.825,0.356446462328954,0.140393708864946,478.246871304603,924.869251041088,192.551785564447,326.781948325596,500,2.4058322141748,0.919533810118201,1.35438161418473,1.15151335552615,0.99622775637867,443.140112380957,1178.22809487927,399.082504690991,960.993641309761,1323.20353744841,0.96974531047253,0.574071957438297,0.85748952354215,0.7054691409295,0.72694531647071,3.87415602099667,1.41396650739071,1.87935687181739,2.92723395814563,1.37501089857755,345.413373788197,566.897945383035,296.825490776395,441.759958684373,556.287483915127,994.327463353591,8110.44423415483,701.182708507995,4007.33811710106,4723.84963411942
100,0.215,0.825,0.257851105105913,0.163013034765382,717.370306956905,924.869251041088,216.991020822759,367.829941016634,750,1.60973954127499,1.24413854005056,1.19954670192503,1.14313009035955,1.04770131337926,463.197953413724,857.818881175101,878.081892708435,695.465293244056,919.841585930691,0.912566612404028,0.700373608207381,0.678692854055349,0.576429322284717,0.606911195430896,2.31432280420961,2.72669912673268,2.15226332231206,1.75216940887523,2.12349321199537,341.071193461321,451.67480940308,460.950073680017,427.765257682438,440.450081419088,960.505533832206,5397.28674546104,5183.50676114742,3189.9733005424,7385.66205848013
100,0.215,0.825,0.257851105105913,0.163013034765382,717.370306956905,924.869251041088,216.991020822759,367.829941016634,750,1.31466440922621,4.23181805094122,0.737557927768622,1.01072578398524,1.44845061530814,1036.55009356374,521.374187759817,919.544369707166,916.410375597279,708.41251502407,0.554401950151333,0.800277737351508,0.505697738622834,0.538676418033002,0.959286513950006,4.03638750204343,15.5246385075548,1.04913188225899,1.8501581973464,2.92145239028851,493.469567283491,403.030788538966,525.220429324619,503.153926745426,451.295016842708,12434.9827974645,1724.83730728649,2876.03512393323,3981.31956274854,1922.27821169551
100,0.215,0.825,0.199949825732212,0.176362016848044,956.493742609207,924.869251041088,231.101477737775,391.477054325248,1000,0.609396330937732,1.0826138119205,0.822187963902071,1.43509477405778,1.57095618515432,5440.4264278572,988.627018354505,2418.86592691052,585.848653093745,698.232669379447,0.371219588613009,0.839795244506736,0.577084468686776,1.01002291367175,0.89383138356373,1.34347433315535,1.58792435929178,1.56802901586279,1.9408992319625,2.54386220732729,879.895460266832,576.149195102533,752.422164352554,408.992935440418,459.337798467815,195284.913720347,2360.73191802499,21866.0596501323,984.410076512803,1902.8161849078
100,0.215,0.825,0.199949825732212,0.176362016848044,956.493742609207,924.869251041088,231.101477737775,391.477054325248,1000,1.08745486696597,1.31660121914384,0.899126549367783,1.05569731359629,1.09411952429845,1097.20318380662,811.106903366669,998.190210066744,2186.24437020395,1188.40604437199,0.672574151906035,0.827661057633957,0.576260169778505,0.614147411422867,0.86774244330742,5.55214089699346,2.01638467434982,1.58127613996461,4.80148857854124,1.61313645016474,479.974950940365,526.075132918793,551.067909913357,648.817385893097,677.979373546176,5402.50103495338,2403.83196979387,4062.10914159493,21181.0520360187,3974.94606218369
100,0.215,0.825,0.162265605156944,0.185073900675987,1195.61717826151,924.869251041088,240.198467236649,406.701271141681,1250,0.949811065028427,1.44048098338752,0.687676131325835,1.10833712716367,1.25651483407232,1333.31281882969,507.402017644007,4973.28232668259,931.956218743094,1023.68072296153,0.648808703812473,0.900381800658409,0.404931172238107,0.773183776909103,0.771479523939334,2.00611571281991,2.08162983946184,1.21775905750531,1.65262790849495,2.96510694093662,604.576184349555,379.769055707074,1133.77492012698,551.754109690351,510.792686012511,9124.70804502927,854.160559087912,304234.944917315,2559.40194957237,4738.62880709301
100,0.215,0.825,0.162265605156944,0.185073900675987,1195.61717826151,924.869251041088,240.198467236649,406.701271141681,1250,1.23353912393866,2.00616365988131,1.34550184020938,1.39881545268908,0.864086536197467,953.627382605898,846.652411831112,1213.7136091377,806.458973193059,1481.17423168848,0.832718504978161,1.21321004218679,0.848432243023522,0.901153257202941,0.4661331153262,1.90688620188498,3.34083370177713,3.43025433612409,2.38318548929171,1.35820861360944,582.378460539896,536.710234686692,620.695901637387,529.09477542639,712.657037674054,2610.46050662351,2654.56896325466,5348.64668326544,1951.43223575312,15687.6906937226
100,0.215,0.825,0.1359512118419,0.191167880250941,1434.74061391381,924.869251041088,246.512720866686,417.258528720743,1500,1.26128312305486,1.51507046973513,1.60418071623873,1.6329376947618,1.16990242500203,714.592839379539,637.804669791436,1171.83054527656,541.874752145053,1152.36111740778,0.938194551464101,1.01485519454355,0.899417338693893,1.2124241178819,0.820014621407026,1.73960229033626,2.25327424584839,32.2576859227479,2.35139596388443,3.33823405977023,489.406302125404,445.641218940253,436.433427051373,397.376644200206,514.689468558244,1544.05812104853,1193.88944686811,8123.96833125812,943.800193387099,4035.46501332104
100,0.215,0.825,0.1359512118419,0.191167880250941,1434.74061391381,924.869251041088,246.512720866686,417.258528720743,1500,0.884196570374421,1.27585432182387,0.896682395723797,1.3523516342174,0.93079490472818,1533.18890898948,593.29873672977,2623.52237595428,622.69300606904,1836.84945447647,0.403006509375076,0.75934643973155,0.296465151156565,0.923615960654842,0.666106092084038,1.38650963828471,1.83776204848923,1.97640070462736,2.1627696530342,1.33417113170649,711.930788864623,416.555162984614,746.628429024686,430.837623262035,770.826944549642,83642.7249273787,1358.38940782746,7394572.54078849,1181.21974462074,10238.8574954917
100,0.215,0.825,0.116617315361724,0.195650660072703,1673.86404956611,924.869251041088,251.132776990115,424.977968864722,1750,1.59244457456035,1.20627607051187,1.43158417432136,1.90252149812973,1.30626501449729,785.539893473428,691.913466615174,1167.12229635163,626.578452588178,887.29928488016,1.15007894064918,0.924880894053271,0.630566423699695,1.00031634100838,0.796713456605294,2.44365393126218,1.62086503849754,3.06551435866765,3.18754645940731,2.9489632598822,527.605200911284,470.450922714816,579.633572955985,457.854986373896,537.721215171216,1741.80144622914,1286.22871733683,14021.4074500935,1393.72634616825,3204.27060251412
100,0.215,0.825,0.116617315361724,0.195650660072703,1673.86404956611,924.869251041088,251.132776990115,424.977968864722,1750,1.56444809356503,1.23762586005424,0.775234451491807,1.08683540169484,1.73067715327013,911.776451326327,1010.60989585887,7600.77459404136,1216.2730504402,711.804244631602,0.505480129441794,0.879357870485941,0.449799572249571,0.578005576340884,1.11839023623832,2.77158469078755,1.94957568252549,1.41440326872892,1.9066699526737,2.5560884952946,576.936319935452,610.527351227423,1709.53713077775,674.654055834953,534.021555053722,8155.4905699733,2232.56163771458,461606.041192621,7055.21958405411,1362.32827539309
100,0.215,0.825,0.553075327915399,0.0957972524877735,239.123435652302,924.869251041088,141.877032223114,241.321481188715,250,1.01556698134565,1.54281394694233,1.12211065324577,1.25207984856016,1.39997425012496,704.467335283008,752.495351433189,216.760119974606,715.387790560127,984.840104194372,0.662393313969648,0.991868946356123,0.894179798053392,0.445875751387661,0.866538980991942,2.03219354154792,5.12987637874426,1.43556425769239,2.85434426129651,5.77687549474595,337.363722901708,393.840061906502,166.415021767624,319.101664242641,334.609913396269,2517.77535346282,2960.46257719601,296.610686131052,97597.6522777421,3700.61724111321
100,0.215,0.825,0.553075327915399,0.0957972524877735,239.123435652302,924.869251041088,141.877032223114,241.321481188715,250,1.15170341225162,1.74818814984239,1.02910360885577,1.14555871063057,0.889584901279747,818.534003987386,599.798868904333,312.798227258423,1165.30730805985,1038.73267636589,0.740883220312176,0.772383576431548,0.741409940311146,0.56024056808256,0.625543731415752,3.76767093338151,4.68142555423004,1.37433115542219,6.04982236927967,2.47816499812989,331.361495487068,329.433884114761,226.211136004113,277.14654378364,371.359573839482,4085.14617810953,3624.78200449455,545.913620985517,30846.9136747294,4771.8458151411
100,0.215,0.825,0.356446462328954,0.140393708864946,478.246871304603,924.869251041088,192.551785564447,326.781948325596,500,1.15740889172661,0.787906760709191,1.04312130748735,1.17457334543692,2.56939262654334,1997.62104755447,1814.69585964914,485.431580934604,788.85833045817,471.71173411501,0.509623542319455,0.530145556683204,0.72828322918876,0.88536568024069,1.41732699973037,5.36135955704349,1.25386936439445,1.47120656571694,1.63348246468846,5.85521144400673,421.533144879669,735.657859684247,331.320967064702,461.141027378682,366.534441797795,80606.073991929,21350.0306400867,969.628062801404,2218.75814135801,960.570818900297
100,0.215,0.825,0.356446462328954,0.140393708864946,478.246871304603,924.869251041088,192.551785564447,326.781948325596,500,1.58242674715361,1.3286258659472,1.11268060931301,1.61770644368792,1.11876824216782,815.128908214758,828.633049970705,450.553333856353,715.586814762531,1133.10762759709,1.18015867372803,0.926871830519209,0.900462193886229,0.894902145688212,0.766877867138052,2.71507266014052,3.85017014710126,1.41114962624166,3.0958902707201,4.28477939522128,472.859305423941,450.87123496254,319.76449825254,460.159508312659,470.710398483443,2256.3034319223,2776.74681076211,764.820604973434,3713.10846332624,6238.69721658501
100,0.215,0.825,0.257851105105913,0.163013034765382,717.370306956905,924.869251041088,216.991020822759,367.829941016634,750,0.947636344712546,1.49224792172405,0.960151061485122,1.21079287946636,1.30719851676289,1460.61834658821,822.193268188716,811.972644494886,689.877784104384,900.028822507564,0.501926482679908,0.955076314937031,0.702839605356527,0.819118633207159,0.85369669863816,1.61922899037533,5.04509724052727,1.37018336951644,1.86835356950792,3.79789351007755,609.303503304643,469.246690457723,439.808093144419,444.811144579274,471.212817405311,23375.7364006663,3085.95625093934,2357.81762261892,1634.76888713226,4198.36953076121
100,0.215,0.825,0.257851105105913,0.163013034765382,717.370306956905,924.869251041088,216.991020822759,367.829941016634,750,1.26828778899026,1.05739491814757,1.36706967609389,1.62219954332182,0.871621961413473,873.466203111386,1199.53627340427,651.30460347026,601.420665969727,2264.63108006214,0.958082281946106,0.691524218345354,1.01979602009858,1.17884064470329,0.481509853800359,1.83727291434243,1.5273102516973,1.84555775589449,2.43451726025416,1.42035552231854,497.797047474769,604.058714385555,450.474311578538,424.12541957474,805.989514285611,1983.79371189987,5612.75652446354,1404.03114986066,1111.11351286843,39629.363950117
100,0.215,0.825,0.199949825732212,0.176362016848044,956.493742609207,924.869251041088,231.101477737775,391.477054325248,1000,0.756560134973401,4.78972741785204,1.17978933634473,0.90306932690309,0.875063531685325,1960.9587927006,620.322047837859,730.927019530424,1007.60160216423,2244.49238917074,0.467083211097657,0.477567801279794,0.745974283309149,0.549095318029253,0.373995910464409,1.19137022711562,10.3016077866313,1.67353936295994,1.58381740855638,2.11969912148385,756.030932540541,451.69814182912,490.567710690913,554.954619765397,747.569869720326,17917.6745376161,2397.18952371734,1819.78339720456,4579.71667904082,204576.149333549
100,0.215,0.825,0.199949825732212,0.176362016848044,956.493742609207,924.869251041088,231.101477737775,391.477054325248,1000,0.981169429335319,1.17297350384226,1.41358655812292,0.938153387208212,0.857224374639953,1759.46677969439,707.083848609198,734.728210473166,1083.1470522251,1641.54328843418,0.625424478526324,0.833190102384736,1.03631103322556,0.621053821970939,0.500981247780609,1.60423856913063,1.80965413331915,2.13758446131439,1.3269922846862,1.46216737073134,784.972314895426,455.52568410609,493.221535893642,526.846405270163,668.529252156592,14586.4718872657,1826.30352528536,1656.4282065263,3502.4562393219,35778.6586523744
100,0.215,0.825,0.162265605156944,0.185073900675987,1195.61717826151,924.869251041088,240.198467236649,406.701271141681,1250,0.929987848951158,1.2168666593761,1.95697964394418,1.3355440817334,1.35011846004415,1609.8142401397,1084.71421097039,749.65166178065,672.181411876563,1073.55718291792,0.615845177593316,0.722033004825082,0.753343586902268,0.670543498484635,0.85845516966337,1.6118509770017,1.80133044551051,5.8266112913537,2.40832810810337,2.11400679729723,697.179945500955,615.814411939475,455.879884033595,470.181915967062,621.656709315755,8355.81575088157,4347.79966081501,3151.06806039027,1928.50058385481,3977.06196616429
100,0.215,0.825,0.162265605156944,0.185073900675987,1195.61717826151,924.869251041088,240.198467236649,406.701271141681,1250,0.929791340170925,1.74795715757846,1.29275060192478,1.28772577579499,0.92835302359613,1786.03708007909,551.669065191998,497.298029042047,870.699585193277,2316.93281280169,0.377630889253442,1.25288252689039,0.745687370915755,1.03116784887567,0.640342067885204,1.97106114547638,2.57569558998576,1.85300497420146,1.64909154199979,1.30688709457966,653.795410489252,399.575048244621,361.740411365795,507.968096967974,892.350214395228,271724.904218778,979.442550772913,878.856884059037,2240.3406431781,18455.0128912566
100,0.215,0.825,0.1359512118419,0.191167880250941,1434.74061391381,924.869251041088,246.512720866686,417.258528720743,1500,1.54225570418,0.894175142879751,2.48867428407849,1.09250787485311,0.866270096186297,780.99631688979,1026.00445842965,593.826113808898,1098.01037865414,1306.47847463259,1.095563355165,0.639656773686897,0.685334432077741,0.615193755165901,0.587661425985034,3.05790609901488,1.46628449841885,4.51536485480595,1.69070147130411,1.94113889439679,490.431166887196,553.64962190694,451.534958106935,597.08585192071,579.352260736344,1878.16995308276,3419.93903244355,2790.79057641438,5853.72708890535,8206.72626775442
100,0.215,0.825,0.1359512118419,0.191167880250941,1434.74061391381,924.869251041088,246.512720866686,417.258528720743,1500,1.74446274037763,0.926103434447523,0.773613686977217,1.45216214665985,1.32867601111355,611.505563943885,1804.26754202233,1772.33879185698,544.30640490092,984.931395932799,1.13125630761668,0.501392587865979,0.535110766107358,0.964801314514203,0.69198991080102,2.35645474817987,3.54763454740149,1.15205332404495,2.16029196408766,5.33874506756658,430.125880233455,571.507743229928,759.549310708916,403.819482525208,508.530454128539,1106.16671262268,56882.1042089667,15685.1100701834,971.741010952963,10372.8374711957
100,0.215,0.825,0.116617315361724,0.195650660072703,1673.86404956611,924.869251041088,251.132776990115,424.977968864722,1750,1.30390648789857,1.04457283502261,1.73156286054088,0.920815314313039,1.51047539181111,1098.97106801393,916.207439123976,874.676560578137,1116.29000204268,686.936046891987,0.980940033056851,0.67968396228956,1.30430585984653,0.544388179743518,1.0088401282761,2.14927881641591,1.69963931870846,6.28776911065406,1.46463046316178,2.04630235987437,612.410376564149,539.045629251496,515.421439475488,588.521671950261,458.783550423856,3534.75088373931,3073.12627912936,2369.04595748556,6825.83247553858,1561.83487744316
100,0.215,0.825,0.116617315361724,0.195650660072703,1673.86404956611,924.869251041088,251.132776990115,424.977968864722,1750,0.874780315675439,0.847859134174928,1.25883358175877,1.67434888330114,1.09164710582724,2484.06392450046,1382.27605276342,2212.39604684728,867.879977137971,1031.73412944941,0.598229398614965,0.658298618974661,0.662033732916301,1.05669715292582,0.804182141464417,1.59699749613862,1.11045703757883,5.44786933466974,2.97405339887079,1.59266876007298,956.086940398191,728.522361269005,556.12853158374,573.434309189415,609.270778090182,15803.4495235947,5358.09551943089,25239.0455674656,2084.46555201467,2438.85434238918
100,0.215,0.825,0.553075327915399,0.0957972524877735,239.123435652302,924.869251041088,141.877032223114,241.321481188715,250,1.17666100113341,1.18112937484638,1.00960493095826,0.930643282516546,1.33183353972221,1339.68205612486,713.30320261352,231.361940231471,1782.45417176601,1107.73475539939,0.833963036868212,0.666680447922505,0.828260647151404,0.47049902036917,0.614805120879353,7.36774593158829,2.28914126109914,1.23014213369616,2.05320625378494,5.40215864154455,481.10462876155,360.101424096488,171.54956979097,504.881105156694,313.571392922885,10500.3527940017,6667.55973221547,340.002236835148,92865.9289079762,22835.9620129796
100,0.215,0.825,0.553075327915399,0.0957972524877735,239.123435652302,924.869251041088,141.877032223114,241.321481188715,250,1.05082712866273,1.0297217132155,1.03513781011704,1.34937180149616,0.928664812557202,2525.52066868838,590.567696577886,324.855168573444,724.773572529058,1452.90313545484,0.714525207246806,0.717944968324818,0.817321168980023,0.8523726051373,0.65881258294848,4.40509968952555,1.49767407951219,1.39024056749092,2.49621514863403,1.56838101364542,525.019260537868,332.960459017064,227.748278812787,396.429860721755,562.294381328609,7915.24982747122,1664.45404447168,537.045909697971,4226.94513004927,9718.17142360763
100,0.215,0.825,0.356446462328954,0.140393708864946,478.246871304603,924.869251041088,192.551785564447,326.781948325596,500,1.02979152322329,1.29492758414153,1.26759836692432,0.994488549946967,1.3576448051342,680.785842900658,1208.34968766455,385.438571912661,1104.16512734432,867.52722392753,0.736324679618271,0.958294175144154,0.935985859289458,0.48496422818345,0.598298690802063,1.57321892134341,1.70201612708123,1.76269766321276,2.21460670132538,4.56710579889031,413.833714434225,593.088432946065,285.990682166451,474.170087218552,412.498883553396,1978.70323546333,4265.21183932203,624.166502445624,33288.1876201495,6630.02418620258
100,0.215,0.825,0.356446462328954,0.140393708864946,478.246871304603,924.869251041088,192.551785564447,326.781948325596,500,3.08504412272208,0.732095506887378,0.936726538783249,1.87319787392781,1.12541906386087,471.959800847328,2356.06158461497,562.314095983274,553.453075001515,1941.44476101465,1.97384148737462,0.422392667627544,0.639787767028576,1.21018169327028,0.629936533996474,8.99493820472475,1.62429795550789,1.34720444917993,3.3781711208032,4.42598625442002,371.838655952326,726.126423093603,364.736246644019,394.779353761403,645.800957585692,835.90314233473,46578.0093551004,1074.07815026539,1031.15500899165,11103.0267736258
100,0.215,0.825,0.257851105105913,0.163013034765382,717.370306956905,924.869251041088,216.991020822759,367.829941016634,750,1.26463191213399,1.24556871053586,1.31231540641354,1.0332392102751,2.19146858163725,802.934538585312,867.53609468152,530.044928082841,806.681699360126,906.835311855087,0.870381823120078,0.841687182639321,0.930424206120477,0.682461434847242,1.33758981770631,1.83616555368274,5.05933469048151,1.87904758190481,1.56934194056085,7.50149758695589,473.275508163748,479.543791038059,378.873705027213,465.16042047093,374.469494039239,1947.99774443841,4387.98535218566,1072.93239240914,2413.94567397446,2718.38476842014
100,0.215,0.825,0.257851105105913,0.163013034765382,717.370306956905,924.869251041088,216.991020822759,367.829941016634,750,1.54566428677485,0.83796029447884,1.36168512197737,1.0333408076077,1.16464352343176,511.854714481423,1898.72868509534,575.859738374826,1914.56555961423,593.024719234005,1.12701181008643,0.566158803784567,0.929140342437819,0.557927792655558,0.881122474723725,2.11332088141692,1.78830249254475,2.33174566400509,3.36267781673767,1.64407578441439,376.996044120047,674.010956863397,390.73482007141,584.645823424448,383.225728748653,963.329335774882,15125.0158440637,1331.73993625041,55832.2144111459,1257.89157700838
100,0.215,0.825,0.199949825732212,0.176362016848044,956.493742609207,924.869251041088,231.101477737775,391.477054325248,1000,2.02672746684367,0.87062669334694,1.03748668584597,1.21798261017393,0.951247897979236,897.953137114438,909.847072932506,911.742454849182,1041.02624199907,1375.56271365664,0.717052243137583,0.656877059191673,0.833039098692741,0.735435148649396,0.567082947560896,6.65313139189634,1.19116297647605,1.38016725369905,3.56212568484352,1.74199126809084,471.551877147952,519.804004707501,543.345126409023,557.486473855992,642.653865064287,15507.3754658797,2377.00343672961,2038.73755802009,5597.50690572647,11462.7375491201
100,0.215,0.825,0.199949825732212,0.176362016848044,956.493742609207,924.869251041088,231.101477737775,391.477054325248,1000,0.946481261864955,0.765695944499733,1.63370323597397,1.39769765188314,1.19147933384195,1371.17219838742,2215.03608967742,834.031630529037,713.132606878353,802.581642492321,0.630147033465019,0.45862255303878,0.636030482178939,0.800655880688295,0.632219794477057,1.70860893657794,1.52508517463042,4.06915271152933,3.64244986404449,1.99097507960117,675.339341315306,772.796090233838,483.512015888788,459.369142085988,485.446026854837,6843.99677322432,77456.4505671208,8595.84233498221,2543.235939633,2632.35340241613
100,0.215,0.825,0.162265605156944,0.185073900675987,1195.61717826151,924.869251041088,240.198467236649,406.701271141681,1250,0.839981229371847,1.69545035138456,1.00306845325644,0.664594417909656,1.16414000454982,3195.40577098385,635.850907414553,1702.04882011044,4205.39934335846,2075.48343271298,0.335230652481735,0.988164829847455,0.551899492731465,0.416197489520088,0.391952991635704,1.93583228441599,2.7572632082247,1.85031822110893,2.62809918186168,10.8154522849151,869.63691366857,492.902868741136,767.605468975206,625.594803613572,461.669562491035,333853.790523656,1158.39756466293,14809.4686680198,50837.6263905869,284015.808387721
100,0.215,0.825,0.162265605156944,0.185073900675987,1195.61717826151,924.869251041088,240.198467236649,406.701271141681,1250,1.2703577615426,1.7927173626502,1.22032865546681,2.35362954298637,1.07997634186003,1225.81970322065,544.690125477096,1312.96603426045,692.513262807608,817.396534908925,0.787513268792008,1.16789858839287,0.68462273398532,0.96302145613748,0.6844703173283,2.04616696770734,3.79039200622444,1.94123056807078,4.74074590412842,1.73038943139973,646.397469372798,422.839208333445,676.329863034793,488.579717841854,499.416564957482,4541.88583161435,984.442007573934,14858.2169309831,2109.05112378873,2465.28969162282
100,0.215,0.825,0.1359512118419,0.191167880250941,1434.74061391381,924.869251041088,246.512720866686,417.258528720743,1500,1.31263494776307,1.09144337363706,1.0360392948644,1.60362014105225,0.983611636254613,1251.35753030313,915.027720852972,1305.15604204498,680.779683964847,2120.23468253785,0.883664805648289,0.830389831846367,0.748649884042055,1.10803083879671,0.801973007031948,4.01400137522019,1.4642105314454,1.55437939564579,3.03281640670595,4.37174415669754,595.656676009338,557.003208531731,695.254206764073,476.601531235449,933.551238590326,5656.41324883085,1996.5178568187,4107.40431740915,1457.00376486237,8852.73334245623
100,0.215,0.825,0.1359512118419,0.191167880250941,1434.74061391381,924.869251041088,246.512720866686,417.258528720743,1500,1.41167272784609,1.53929667311064,1.18962122664422,0.874322770934565,1.64761774244512,1720.74613657528,966.07033545272,1054.41515619013,953.540047695283,618.227811106926,0.959944869642797,0.98895981470931,0.761065448898204,0.62031944206162,1.09494726732814,2.45245829302991,2.40203496855242,1.87694149035341,1.13329028551439,2.23746658185136,787.824030322104,579.77561589634,605.231023573891,559.267679532422,451.450458577272,7121.06452396798,2369.11662637667,3999.08187085559,2790.23865062469,1026.1914465988
100,0.215,0.825,0.116617315361724,0.195650660072703,1673.86404956611,924.869251041088,251.132776990115,424.977968864722,1750,1.01124411158315,1.61647752488364,1.34847582069344,0.952929401316463,1.38468626098004,1247.08333821267,725.784388244696,910.31488185781,1551.85720539043,760.467571647946,0.701653521661606,1.17598572481824,0.804556453973837,0.592013012960825,0.927288397577309,1.47224341595326,2.56518564629515,2.1180128553823,1.3990082844568,2.00635255304262,663.305160726176,497.960198623391,557.717614603315,761.049796341641,500.802760348188,5562.52970672901,1532.24113652036,3639.32950618908,15761.4452853646,1535.83963883991
100,0.215,0.825,0.116617315361724,0.195650660072703,1673.86404956611,924.869251041088,251.132776990115,424.977968864722,1750,2.31455329433637,1.25452483270449,1.2328597550121,1.19630262751447,1.27153413073923,934.099345586926,888.506447348164,1240.96292343409,706.839575584724,841.721490701226,0.993712314200005,0.930519887035347,0.72800443255377,0.824244707628024,0.902316492910303,7.18524352366402,1.72943592855987,2.25202366483569,1.6575929877322,1.64047577337563,568.125636253164,538.192538990822,643.247641282132,481.033818815835,549.175976568058,3174.32455466155,1827.16343653969,5034.88844857919,1380.69114374544,1770.99963204428
100,0.215,0.825,0.553075327915399,0.0957972524877735,239.123435652302,924.869251041088,141.877032223114,241.321481188715,250,1.61659830370993,0.974648119746297,1.16232429803796,0.721372957220016,2.02527528274035,614.625077882804,1542.81794155447,210.454490398509,2554.37698473665,751.134178681586,0.60415198596997,0.516794281088306,0.869400590035185,0.400852078936241,0.468745025773993,5.15221383610398,2.03500827549139,1.5379006173792,1.92261605086607,6.56032559412655,280.88724734336,505.536635884115,167.233375265478,582.02734448174,406.849760862269,7277.6100929761,42993.4501799458,274.71608619922,177902.424641101,6521.426860919
100,0.215,0.825,0.553075327915399,0.0957972524877735,239.123435652302,924.869251041088,141.877032223114,241.321481188715,250,1.97626203789051,1.5155624905432,1.10476979964929,1.08808576710512,1.60398662299849,603.761788103953,968.155613715257,265.665440200453,1396.31906961447,615.796219253802,1.02133362893852,1.00582259728257,0.855353695557405,0.394834910387964,1.09350762165778,23.2856714083383,5.30208371797356,1.38645143523001,2.04106521254368,3.50093864391463,286.615891741593,414.515079539935,208.657928420559,492.996580824097,355.31390731471,4772.64746823149,5316.98680530989,411.682538769046,424473.456352808,1771.5392814156
100,0.215,0.825,0.356446462328954,0.140393708864946,478.246871304603,924.869251041088,192.551785564447,326.781948325596,500,0.822527194582367,2.38064904942009,0.844281809675158,0.959416344797632,1.0756094784708,967.419808074186,453.702512276816,826.682897741967,2993.90734196675,1189.55906026542,0.552683573041752,1.0348475151827,0.61878697217294,0.388131494907807,0.594810833536204,1.36153728641376,3.59310416759185,1.30845685311093,4.15504498712771,4.06835835973582,502.346349721415,346.566208137686,443.158784216327,423.657507864011,436.148732599248,4239.78734165095,828.336909345134,2475.51239517152,346891.361668656,8599.90734130212
100,0.215,0.825,0.356446462328954,0.140393708864946,478.246871304603,924.869251041088,192.551785564447,326.781948325596,500,1.0743393529745,2.75570313922967,1.17886297284271,1.56960478158605,1.0248163636749,923.642286365573,412.034826458486,679.265216670054,841.005485751906,1224.00317659958,0.695813859111521,1.54971951798144,0.605731247564022,0.773818868726457,0.663550591277339,1.35238469453207,8.50983931694237,1.73746686332388,33.0558622957688,1.49320898769601,521.398245627405,341.782046714195,428.281813262082,341.247127831155,628.412605841323,2540.49631475697,674.244915864088,5320.12334053793,4872.06342571409,12447.6066630136
100,0.215,0.825,0.257851105105913,0.163013034765382,717.370306956905,924.869251041088,216.991020822759,367.829941016634,750,1.19058672647889,0.836500560165573,1.55868903576408,1.18378425176216,1.2178911241492,897.122275641758,1563.18238183573,617.506278814365,973.915140665797,605.339608036747,0.8677286440761,0.506427621518872,0.898984567631425,0.637234676541227,0.791235992548694,2.16657028338127,1.25169651218356,3.08399638641188,1.93202277063907,3.85970258313563,522.508568386881,668.162034815721,430.941242004265,526.671464649118,407.863620846908,2710.78907019612,11598.8242072928,1754.88011463634,4731.32368568823,2112.28318380789
100,0.215,0.825,0.257851105105913,0.163013034765382,717.370306956905,924.869251041088,216.991020822759,367.829941016634,750,1.58999822754982,1.50010665997554,1.33630199014564,0.630697830824055,1.05283019560074,643.884473888768,859.584311883592,675.6357998707,2438.80226415037,1545.10402397947,0.85438720987891,1.04206577230913,0.773023580024289,0.450960327746287,0.650479538463471,2.63798155146752,2.62040285549032,1.92772041062566,0.916447478769427,4.18093237177953,440.622549900218,521.508885753957,448.267879308284,857.772298965662,545.28286231244,2027.30568039369,2422.06316918053,1972.91969260934,19222.8981334856,13021.9041227415
100,0.215,0.825,0.199949825732212,0.176362016848044,956.493742609207,924.869251041088,231.101477737775,391.477054325248,1000,1.56099035488989,1.34726772525711,1.08933689577104,1.57992293760433,1.53573424891861,1214.27278072283,774.959455082407,1338.12224547496,587.573872732979,606.364306088038,0.947173770549443,0.946103290793853,0.679850006245042,0.882791959448196,1.1873137588012,10.6539033499128,1.84513469499314,2.85153100080646,3.6174875838744,2.1768256711784,449.872723177341,494.094814008684,574.100794636062,430.654097358505,422.237092358793,5192.34971272392,1948.18384360102,7567.35426703136,1640.86734522183,1011.13491419825
100,0.215,0.825,0.199949825732212,0.176362016848044,956.493742609207,924.869251041088,231.101477737775,391.477054325248,1000,1.89625477534868,1.04774244098585,0.844956868515136,1.22507240953617,1.51844665366729,550.583435481715,1185.60773293417,2415.21048124828,662.917651166184,736.869062213009,1.32653914424665,0.82158521545419,0.35299457721116,0.846757302898585,0.661257487288857,3.06843521122832,1.459774965525,1.82907153505891,1.70429588216559,3.18821235423461,421.815190929522,601.832758764091,726.533214356582,442.452121799073,474.364109235922,930.12346895606,3488.1839771445,584698.576292405,1434.09553327171,4592.39672166083
100,0.215,0.825,0.162265605156944,0.185073900675987,1195.61717826151,924.869251041088,240.198467236649,406.701271141681,1250,1.11882385261644,1.40737634254351,1.18474018678271,1.05938811481136,0.991504635743663,1225.36088380005,600.179555831853,864.027126193486,1145.99752037029,1351.23307194408,0.486034275192174,0.645702175405805,0.81917571770288,0.733367556387266,0.511301494832296,1.98858768368588,1.94831404473098,1.79102836458155,1.61523802979608,1.5904995254043,607.764415826465,408.951303764775,510.266797153733,589.488882371468,623.15932683687,35346.6607401794,1696.15095078039,2263.64800996966,4211.61946466864,19577.828508372
100,0.215,0.825,0.162265605156944,0.185073900675987,1195.61717826151,924.869251041088,240.198467236649,406.701271141681,1250,1.16164308907068,1.14182044552559,0.879234634666953,1.45932663275839,1.37521345487923,763.789073934027,718.026283222579,5113.88543360613,673.653589212068,786.243117400236,0.871208946060214,0.885462070520794,0.688366915952555,1.09807806659404,0.974875763824214,1.71212127383996,1.53262930016135,4.05664047156434,2.33508737926059,2.29943152371859,491.542112355365,441.278212039961,1307.76166415896,463.348580650679,484.942405672248,1516.10129412522,1532.45247303097,23913.1074267925,1237.03250866503,2014.87482824691
100,0.215,0.825,0.1359512118419,0.191167880250941,1434.74061391381,924.869251041088,246.512720866686,417.258528720743,1500,0.791911770851437,0.914921577311264,1.05458013065092,0.919139454240395,1.61127906348473,1595.1017626744,1012.62325517373,3113.36305576022,1762.13854693536,670.678221572347,0.502179099010978,0.736636732606026,0.438916155527391,0.584869426308099,1.08638655103298,1.2444277229332,1.18504463412215,4.08674380215059,1.83281348945599,2.6205410830258,775.566694486572,588.279962988975,821.211179261456,760.551825262182,477.605759321191,9366.21204940585,2334.26838333788,245404.356696736,15719.5526508807,1310.92179569343
100,0.215,0.825,0.1359512118419,0.191167880250941,1434.74061391381,924.869251041088,246.512720866686,417.258528720743,1500,1.91077475485355,1.38614653169227,1.60354364003036,0.825123777963232,1.26835828974321,842.12169390223,635.228022872544,1140.37334629783,3691.18058938189,760.0981788631,1.18103386986654,0.930625170322758,1.03108623537076,0.524923238489884,0.979799187757038,6.19502258835983,1.9602002130551,3.30726342805212,1.63770546995263,1.73182429266446,523.192569763076,457.943283482737,625.489507422707,1024.38040235036,498.048240791564,3169.28924335977,1134.73069973824,3790.51231123035,50162.763643317,1321.06036907906
100,0.215,0.825,0.116617315361724,0.195650660072703,1673.86404956611,924.869251041088,251.132776990115,424.977968864722,1750,2.01350265731772,1.437428925965,1.41990469338824,1.12769435082814,1.34935948228352,727.599649444815,849.138365487883,1427.65845650515,674.369307119781,777.961626937025,1.3616200504152,0.582850064584035,1.09464425466368,0.753555234391659,1.01354315088106,16.1142742916704,2.8381324868857,5.67940922148972,1.58968431815213,2.20472069790314,463.772409523691,497.692467463472,663.184712547319,454.543289517814,498.885727579123,2550.80421059041,6375.34797291081,5133.60268901598,1403.32068088519,1750.67466522269
100,0.215,0.825,0.116617315361724,0.195650660072703,1673.86404956611,924.869251041088,251.132776990115,424.977968864722,1750,1.91498387573799,0.732893296227867,1.08591190229414,2.47275251084492,1.25308375063549,654.771376203909,2566.7339681055,1492.7124006293,564.314025887085,824.917815743168,0.909958207915531,0.41233248924598,0.76434013542373,1.70954808740646,0.920989575579497,3.31149059384506,1.24253955313431,1.5012993047916,3.65208485492172,1.74589407994447,465.970094839308,920.248080133635,746.091490373157,432.274612031321,524.494842360225,2017.85109781581,72723.1305903305,6629.57500457823,829.14432836969,1899.70324229342
100,0.215,0.825,0.553075327915399,0.0957972524877735,239.123435652302,924.869251041088,141.877032223114,241.321481188715,250,1.7326255202846,0.915694183048693,1.21812491824663,0.650347501562019,0.753882980677259,422.55671684046,1677.08136488291,203.986089753689,3379.11420670259,5045.13751312117,1.08024747706314,0.620055524584956,0.916783457373311,0.295508013913839,0.366148622778756,7.4167449001287,5.43139778036341,1.61728284651442,1.85807378860579,5.15085302224219,283.841739298882,416.86646941213,162.223176279182,518.526654251536,374.919598920503,1174.25257270834,17167.7663539612,266.603115154609,1751186.48726037,1795991.48160281
100,0.215,0.825,0.553075327915399,0.0957972524877735,239.123435652302,924.869251041088,141.877032223114,241.321481188715,250,0.774982675871186,1.62555255896219,1.31681437028881,0.8413621736285,1.83356195336413,1207.14974208608,667.65630989441,235.785367365966,1234.39412739364,485.96046641563,0.501225152486926,0.943346019669301,1.04496163387656,0.530343757445482,0.974736239550395,1.26059076055776,3.64709522267835,1.76684001956704,1.58228363053514,4.32944583021435,477.602586105799,341.911188633439,182.973522864016,415.443754074551,285.853882216951,6783.94418754856,2546.95671402783,317.665281146165,8400.41513128777,1970.55258884128
100,0.215,0.825,0.356446462328954,0.140393708864946,478.246871304603,924.869251041088,192.551785564447,326.781948325596,500,1.72125617960408,1.0265488347265,1.25898300734597,1.35651324315231,1.17870088871564,839.10092727588,1006.61326585209,463.910088503525,806.468154852481,1263.33139044854,1.03370391256286,0.615086121270264,0.835281659490839,0.589404931396087,0.637211257006568,3.11284133169516,1.56226457251635,1.85501607928366,2.45366992472038,3.19505662906933,491.304683009156,536.487886313105,335.058918375722,448.489090259846,511.256624858255,2961.7974145717,6478.3156843522,850.826344803241,6819.02167700758,18840.3275036423
100,0.215,0.825,0.356446462328954,0.140393708864946,478.246871304603,924.869251041088,192.551785564447,326.781948325596,500,1.20060572062281,1.31363445741518,0.98642080135095,1.4732894464423,1.22526129264903,1298.80401496812,775.074260358951,762.950913532953,916.809790538328,1046.01241447103,0.671896940346884,0.893247918098384,0.776606515045575,0.776173397835536,0.628211587896833,4.64710272389593,2.15413723464412,1.30813527876968,4.37255198692801,2.71653555001912,467.157144480623,494.625847051355,475.239929905351,444.470584056088,480.100257404408,13412.2766989811,3075.19840505049,1776.63403308232,5693.73902180534,7798.22376376091
100,0.215,0.825,0.257851105105913,0.163013034765382,717.370306956905,924.869251041088,216.991020822759,367.829941016634,750,1.780865170256,1.37592935454993,1.44070186613254,0.918867459864449,1.58394120276109,927.267975616325,714.772888740299,600.136169488954,926.455114670369,500.169382394806,1.23008288893021,0.895140320532057,0.833384004667707,0.526758913124701,1.14771035052655,6.55210245890195,1.79973987136368,2.36377157008823,1.47380419122574,2.37047471662988,450.341490495368,472.607434406765,420.788882689012,514.945799958666,378.846077837088,3259.44145022402,1988.84352706793,1373.81330681088,6685.27483889689,882.880866326618
100,0.215,0.825,0.257851105105913,0.163013034765382,717.370306956905,924.869251041088,216.991020822759,367.829941016634,750,1.06941028634685,1.12169094314121,0.943928309021747,1.35537216922795,1.24639192619068,2791.76436286502,1218.8277928676,1138.00402437356,569.302758783548,569.582057041573,0.815608193970162,0.770296470592132,0.662376450198823,0.867392949270087,0.855931385718018,4.71925912528525,1.83462244117854,1.48357975096673,2.17638601474504,2.07473791259804,772.567086779703,624.421104085771,575.517017521019,392.19023064415,405.329018266562,9550.00704264548,5804.61828439195,4263.77481378686,1202.73605109143,1097.89046057007
100,0.215,0.825,0.199949825732212,0.176362016848044,956.493742609207,924.869251041088,231.101477737775,391.477054325248,1000,1.33883737162747,1.13546803574442,0.749806720686907,1.56088266758269,1.27545840269516,682.608486823473,825.787192775965,1995.45179454145,872.93805527401,568.73882098271,0.854814881537477,0.761065138146321,0.528142571834233,1.15021271875913,0.808797424495171,2.68463671373747,1.80363299559113,1.20958925398364,2.51682951753813,1.78814400160928,441.813660904711,501.789022003999,791.250429633936,520.715592342402,405.990182281772,1716.8335592568,2130.11361479945,20858.1737610941,2258.9432194842,1462.45611145837
100,0.215,0.825,0.199949825732212,0.176362016848044,956.493742609207,924.869251041088,231.101477737775,391.477054325248,1000,1.1416778163081,1.25433593101656,1.24449762378419,0.544269228165473,0.88843077242761,1100.56429244832,594.119830475536,612.288178003171,33402.0669052228,1154.27158609503,0.883821347686182,0.938821322772745,0.908407144767863,0.313386810535148,0.615081901255881,1.53894838054081,1.5994130482416,1.90883481207443,0.998135310609474,1.40034977320474,605.162625910378,403.324975719408,417.565900738214,3015.95707575844,602.771087705754,3757.48505474431,1113.52518444883,1172.22363821708,15264704.1081305,4668.96144163048
100,0.215,0.825,0.162265605156944,0.185073900675987,1195.61717826151,924.869251041088,240.198467236649,406.701271141681,1250,1.34647659778499,1.14264374081768,1.06158594858543,1.37274713113165,0.932016935461617,1473.12915310481,734.599868819744,1158.80205209949,1034.83161846904,1139.58421647788,0.735637761579363,0.780437437874105,0.700423699113212,1.070062008416,0.639064083866317,2.61740558612418,1.74783533349087,1.60628551368454,2.18642001268768,1.4769080034906,725.138327072294,498.167521594107,638.028390861779,584.83059791602,629.762316174372,6754.11360304993,1726.25482368157,4221.15845863161,2399.61905558434,4429.93168627328
100,0.215,0.825,0.162265605156944,0.185073900675987,1195.61717826151,924.869251041088,240.198467236649,406.701271141681,1250,0.917975488860417,1.22995437449018,2.28299820107766,0.954928039421095,1.55400891936925,1120.4062680756,706.241585045581,741.540213381736,1539.5043051057,968.830833106554,0.638405251259041,0.846887729241334,0.998750669545561,0.622579268562699,0.695129475367858,1.50993056045706,1.79819326751537,6.56916533774577,1.61435163561196,3.77224465079684,612.369903847297,468.995562806956,479.342567850509,706.694274251549,506.226760121053,3884.88109406562,1478.47509231685,2572.17775227894,8478.90365019897,16617.6319677754
100,0.215,0.825,0.1359512118419,0.191167880250941,1434.74061391381,924.869251041088,246.512720866686,417.258528720743,1500,1.34445249490688,1.34760510037133,1.16355031679704,1.43256448184201,0.956446440563796,655.141009882178,601.728775325171,1693.53276226791,680.595041852164,2664.85127629735,0.818345707411667,0.935089132433375,0.660178734167114,0.887433179732999,0.406881455352751,2.30686085227454,1.86218113645818,5.25408538997875,2.3109150895001,1.75500606472254,461.951594553537,419.079963183463,569.987335440421,480.765874213085,833.656442682024,1885.00091505071,1124.92048603623,31715.6417578576,1813.34217306148,1567647.20728657
100,0.215,0.825,0.1359512118419,0.191167880250941,1434.74061391381,924.869251041088,246.512720866686,417.258528720743,1500,1.39939566968797,1.7608410391108,0.981617116120958,1.06824052891553,0.803958283064168,796.335677808418,802.972154209396,1812.03278265546,732.280477167621,1114.59438003852,0.882544006680663,1.09862078877487,0.782449975142568,0.676702883038982,0.573733505826,2.12167504120741,3.08308067211942,1.48608240375938,1.41510859762257,1.17406014372651,491.110797355082,502.673522681939,839.2717035266,469.297391946474,598.464953575642,2043.40532440228,2563.71562612761,8865.28731011061,1982.49016411768,4102.15360335024
100,0.215,0.825,0.116617315361724,0.195650660072703,1673.86404956611,924.869251041088,251.132776990115,424.977968864722,1750,1.31455251742941,2.01755487583218,2.15655278579217,1.00062036180501,1.13221186942942,990.862953339232,731.927129650128,790.066383263224,1297.93752055549,869.491770570617,0.892615083524691,1.01509874196953,1.28372659096069,0.608429639627998,0.710023339476699,2.12129778759611,6.46285016080907,10.7420070466363,1.4258720760612,1.66453306042576,586.23517966315,490.369638499083,486.725109444875,721.932990638878,549.310012497999,3185.91214932992,3501.19129041386,2939.30688161539,7423.8772166772,3132.38661116419
100,0.215,0.825,0.116617315361724,0.195650660072703,1673.86404956611,924.869251041088,251.132776990115,424.977968864722,1750,0.930415201295494,1.10193871417473,5.13146447204148,1.00242320812344,1.350273291517,994.445474706794,961.140822716861,620.390186235474,1136.71456810565,730.019373167084,0.586438951825321,0.710039153369992,1.06365578041217,0.625815546510199,0.924594802672515,1.35092700149679,2.50170033721701,49.2649146175831,1.89002239807063,2.54945745254027,570.170323691965,541.405251102488,437.75974006785,602.990706003883,499.548135382176,3724.77284723921,3383.10114661536,1642.10866855564,4193.44759215162,1541.24010289483
100,0.215,0.825,0.553075327915399,0.0957972524877735,239.123435652302,924.869251041088,141.877032223114,241.321481188715,250,1.40277683663859,0.777075054924107,0.972023886040748,1.24854643448954,1.22698104941961,407.826425414162,5926.80031505228,278.035982613515,692.138935953301,1133.51573865955,1.02845946001856,0.440488757807708,0.768188733537165,0.615686806213549,0.646613126949278,1.9577868509538,3.59679842712489,1.23082833776967,2.3817111094886,17.6627228870006,280.639152415297,419.677062649826,202.873740161994,356.438953786287,267.797954914227,816.00416407616,111466.604751803,474.32437446835,8889.10038640972,17094.7818037723
100,0.215,0.825,0.553075327915399,0.0957972524877735,239.123435652302,924.869251041088,141.877032223114,241.321481188715,250,1.53905763036813,1.20223754433542,1.13044214834914,1.04247070583916,0.926486701264531,1366.55672780448,1585.16248279247,220.062862747312,1729.80833481529,1861.00619379278,0.734798136107428,0.722335577137853,0.890198789906089,0.57270868320988,0.330017074518915,7.90330586785,6.66804041229732,1.4205483563709,4.15892593499721,5.63348023416304,373.48544064394,366.213762977365,177.202467830595,446.127857049747,304.066012606384,5928.89919999346,25282.1132278377,299.177447704712,119473.394508331,537014.149265608
100,0.215,0.825,0.356446462328954,0.140393708864946,478.246871304603,924.869251041088,192.551785564447,326.781948325596,500,2.47331671587602,1.6409829923567,1.84685590975243,1.22952554828318,1.02106735092424,748.723488419783,698.274902094977,448.063369737744,571.549735911849,1152.58930466286,1.20500486651081,1.07737000471688,1.33743056729204,0.833965567674015,0.710596429497951,6.53904936798316,2.57616837918909,2.58322529694083,1.86527754554016,1.48049819570533,431.459438903327,425.82076690865,350.500912035781,370.229009566857,589.33018006552,4226.22219912762,2222.31615563684,695.195016893501,1163.57309343678,3680.05641378022
100,0.215,0.825,0.356446462328954,0.140393708864946,478.246871304603,924.869251041088,192.551785564447,326.781948325596,500,1.11703734688059,0.853879164145738,1.16586966131172,1.11792070928781,1.51340019855238,1053.4312823381,2991.7889956064,360.969209426754,846.058564975327,713.587006952359,0.658204421511454,0.499522575302466,0.971735867051158,0.643867886812516,0.989539761388471,2.22642692489096,2.12873012496571,1.38551067545804,2.05336711882294,2.13446055345741,479.369021603365,748.357782288087,265.556183853325,446.449402492324,409.263726838801,8132.25480263987,56792.8749021745,596.113714564352,6442.97424752526,1796.46311122154
100,0.215,0.825,0.257851105105913,0.163013034765382,717.370306956905,924.869251041088,216.991020822759,367.829941016634,750,1.12689966347189,1.09296622602806,0.977120412326871,1.41790794274933,2.22339629244165,915.582983100616,1037.631486866,942.308605612559,835.549519806226,605.168710187638,0.75980166656333,0.620578874092851,0.60911988601546,0.570729785839859,1.46939453044988,2.37613050972201,1.69012866367209,1.44442056565712,2.4262119513124,4.01597179029995,518.080012563767,554.130374949972,533.796567485458,496.954674497242,426.510272320634,3307.77173006228,6999.95741234308,5412.38402084788,9899.71725668839,1182.24728071077
100,0.215,0.825,0.257851105105913,0.163013034765382,717.370306956905,924.869251041088,216.991020822759,367.829941016634,750,1.67503981839957,1.41878764333862,1.54638108081451,2.27284796146985,1.57968120055385,837.362359808368,685.028516643427,615.433800905558,655.327727540746,752.165840176976,1.25001617258863,0.874814603835048,0.920076715409592,1.31444624393794,1.24446028822976,2.33771605188859,2.02643151714306,2.77238501069378,8.51102217012366,2.78368626749551,529.651143599407,462.567373380998,424.35365297367,431.613726124578,469.14811011677,1813.69876459415,1879.87791847002,1595.66094107266,1518.91601988252,1693.98571149475
100,0.215,0.825,0.199949825732212,0.176362016848044,956.493742609207,924.869251041088,231.101477737775,391.477054325248,1000,1.14055331312547,2.25420148295377,1.00237326311153,1.88747198398117,1.01401423377771,1156.091073379,545.454169386541,1634.82883682352,848.617925380397,1600.4982330999,0.778655037800321,1.2862173223156,0.737226335673508,1.21915717116029,0.581461705494406,1.83730548184774,3.89302809685557,1.48906041817937,3.63511518958125,2.3448477866173,641.137195704874,433.686778070403,783.156452224429,528.026886288619,687.002986031507,3549.01113465223,862.376801955823,5940.89174297516,2071.05871221832,11383.1396095864
100,0.215,0.825,0.199949825732212,0.176362016848044,956.493742609207,924.869251041088,231.101477737775,391.477054325248,1000,1.39038068418842,1.54029599046076,1.28156967841532,1.14788221687647,1.00751709560247,727.554701162118,590.986779648424,1486.45270301853,715.877993474079,1458.56126670487,1.04828914638529,1.09293425272867,0.812615943913349,0.910207888981918,0.61551689544206,2.32227263678519,2.49981373180403,2.9851997086495,1.53391583659049,1.6053991970706,473.895201183938,423.986186655502,652.285972747562,473.570618647479,677.213642008605,1609.65543085865,1128.13475741722,9019.60257681761,1431.404281938,7868.09220310799
100,0.215,0.825,0.162265605156944,0.185073900675987,1195.61717826151,924.869251041088,240.198467236649,406.701271141681,1250,1.17174871896238,2.58388477271545,1.0769149816302,1.00220732983296,2.49702416188219,1096.77155463966,600.288661810401,1619.64950973664,811.753449323246,482.950941934247,0.554538895209412,0.706519983264145,0.521391318517012,0.771350812209143,1.21550441547196,2.37588187247194,4.73366899529717,2.20778960753148,1.2939340863744,4.58450105012333,560.350536326913,447.616013314162,625.083176674809,505.369448400949,403.071616665772,13926.0307975891,2964.09391161121,42267.2078213725,1837.86073330436,814.641297454679
100,0.215,0.825,0.162265605156944,0.185073900675987,1195.61717826151,924.869251041088,240.198467236649,406.701271141681,1250,1.98768778262783,1.14015828582223,1.44680758156204,1.21451012074409,0.824285874777749,418.026627462528,687.161244270496,591.756316431783,894.758587690203,1527.65409560368,1.46310051858545,0.708464370153989,0.894739907155615,0.819532454713167,0.478870666733522,2.71832148062666,1.65298409309664,2.5385712153634,1.92359852153558,1.29294763771867,330.547451165862,422.468923054624,417.724852900919,506.720272220072,659.865279778963,592.236865302258,1777.34832073952,1597.24940403751,2892.79954670563,36259.7097956466
100,0.215,0.825,0.1359512118419,0.191167880250941,1434.74061391381,924.869251041088,246.512720866686,417.258528720743,1500,1.55096649359568,0.926798153317408,1.00793975652038,1.05413489589775,1.97176448720519,609.509606214696,797.463942453528,862.490210473626,1317.5105195484,661.81636132858,0.982838693453905,0.593621214557896,0.777126259070663,0.620578382395657,0.895382999918083,2.66596008342023,1.51019802103575,1.5258914609355,2.95566413135615,4.28656684834711,429.606819554411,453.901345055399,497.513565442593,544.049007903623,449.826374965008,1419.08798124856,3544.01399365105,2368.49692067422,9232.66564495116,3175.69343489779
100,0.215,0.825,0.1359512118419,0.191167880250941,1434.74061391381,924.869251041088,246.512720866686,417.258528720743,1500,1.33586958515941,0.946319407504837,1.27278126369657,0.78444745618592,1.90487177675669,888.842960385542,1014.2624730474,1530.20043750753,1867.1118818292,631.202487463879,0.894490670746773,0.652923484246397,0.652157732579423,0.617666103196813,1.21708411093481,2.34970058401879,1.39959951987207,25.1614694757241,1.05816517133661,3.99474692155509,542.11256156364,620.226004143187,445.47988667049,873.20759693602,486.669709657674,3365.46394251859,3053.52657458841,22305.3686462129,9265.93790777871,1283.05758601701
100,0.215,0.825,0.116617315361724,0.195650660072703,1673.86404956611,924.869251041088,251.132776990115,424.977968864722,1750,1.08229751631746,0.959412604501684,0.998653541778867,1.17168210883113,1.15646458391689,1195.3797007123,1274.82957679384,1871.44978222655,821.927715157103,1054.72050713672,0.675752166962784,0.652317923456696,0.486522682524004,0.868366966335558,0.734504670313597,2.83153206275619,1.70429370107707,3.20757804146536,1.88705432163226,4.6876565925425,606.839094265732,640.400634749819,641.99346866444,512.734899943935,547.351625159205,4802.17718889629,4504.01846955164,183609.051269129,1845.62604221862,4538.71667471242
100,0.215,0.825,0.116617315361724,0.195650660072703,1673.86404956611,924.869251041088,251.132776990115,424.977968864722,1750,1.88531134883064,0.84157617868808,1.42028322999579,1.32749893277332,1.16066734312245,618.352126120058,1025.83422252859,1615.00738227287,654.844675962055,1041.22054701119,0.801238782052648,0.519977741322921,0.683334107271354,0.896661643651967,0.70751254437327,3.02742955775843,1.65505789847788,6.22959721174677,1.99537731864248,1.82437229455824,434.182884149378,499.299295562954,501.081219839137,430.837363190658,596.598986961861,1530.71039426054,4668.40978781524,22414.6193585914,1246.53290036527,4173.26907709127
100,0.215,0.825,0.553075327915399,0.0957972524877735,239.123435652302,924.869251041088,141.877032223114,241.321481188715,250,0.75545172970049,0.922689311527386,1.29603659417099,1.17695280528596,1.64805455906819,3954.75421824351,1248.91955605869,234.485091939357,1053.10031197692,558.948189116454,0.503555101577154,0.42654185295966,1.01960726693937,0.639418838249709,1.04620330140621,2.84319144265842,2.28270568591753,1.61098250521493,10.6848717418763,5.49452528454137,906.90793260263,385.598302236863,186.161928987439,287.156386100819,300.934394672441,55434.0356101053,54826.8239812024,316.448095781235,21680.471504825,1941.97451832784
100,0.215,0.825,0.553075327915399,0.0957972524877735,239.123435652302,924.869251041088,141.877032223114,241.321481188715,250,2.77528595880601,0.765178205964173,1.13645349110786,1.33320057476302,0.74170199405697,446.930674214175,2663.37718651365,242.790696529297,567.165929641219,3689.09957222543,0.645862213223962,0.410947980941337,0.867880303239001,0.865625804156695,0.391544812110678,7.81295306229105,3.23053749463358,1.4784809515295,3.39747131658435,2.29091141895501,288.933893350824,359.548866357889,188.908431985797,311.204401427978,634.320640304965,5080.12379322945,432117.204371349,361.598132370044,2191.22987745991,472967.451815289
100,0.215,0.825,0.356446462328954,0.140393708864946,478.246871304603,924.869251041088,192.551785564447,326.781948325596,500,1.13321644643529,0.817873812181386,0.982766928508293,1.61889794911608,1.81608996034156,1338.56963049918,1275.89889687228,534.417312677775,1788.3180182799,799.095540671068,0.428745250744188,0.355273925606938,0.790155746941008,0.725745026198887,1.28397650169106,1.97548970836095,1.58371423357238,1.22456116882515,5.43629606378087,2.79543010736459,614.272383515385,597.774439906799,371.731399346223,764.528148589177,509.594829606405,26221.1284565003,108408.463762205,1022.88521461821,6585.46620733112,2848.72247361635
100,0.215,0.825,0.356446462328954,0.140393708864946,478.246871304603,924.869251041088,192.551785564447,326.781948325596,500,1.54296971783606,1.1205409884233,1.43490750691492,5.48020574134214,0.993196101646634,483.993900342574,916.459247161624,507.459398144834,3504.54489629018,524.303043803019,1.10783971923523,0.667868082763322,0.849756753869349,5.47784361150478,0.747759259831268,2.24028373089067,2.32500612222673,2.6489199423917,5.48058677604947,1.36560338460305,346.082850488154,449.663708982425,367.390234787998,3503.85370451797,338.735257510952,869.784904139914,5409.74876021865,1150.06403484596,3504.65401620021,1086.12825502158
100,0.215,0.825,0.257851105105913,0.163013034765382,717.370306956905,924.869251041088,216.991020822759,367.829941016634,750,1.3101807379132,1.40909993778081,0.954285794566075,1.26873620074807,1.0939155629224,823.5927592203,1002.95908424605,857.960894398889,1031.99108660495,618.119149553128,0.719756264401994,0.613947183433625,0.745955325105968,0.829009440767652,0.841186073402136,3.35809738518651,12.834964896791,1.38728194895371,4.40967125225894,1.50842057270889,469.082451512635,420.961565149075,478.386898721228,510.860244432473,416.192948697696,3918.67730836857,33455.4866267842,2370.56438998629,5565.95677027155,1332.49721644614
100,0.215,0.825,0.257851105105913,0.163013034765382,717.370306956905,924.869251041088,216.991020822759,367.829941016634,750,1.99343445181629,1.13947871507584,1.46343271460764,1.59210035199313,1.0175290975599,478.120454696302,1926.59528197718,821.439120324844,818.836026735168,791.198727221245,1.49054494720647,0.578953820997734,0.921999333151842,0.801614269788341,0.680682505703563,2.94499933746212,1.94509750403082,2.77127705293442,3.70275365017511,1.69261449024342,367.935534110205,776.589171094897,496.527016051583,464.06773692116,469.670569368621,684.006942670427,55234.7970201725,2359.82340122721,6237.34837818862,2415.67760971707
100,0.215,0.825,0.199949825732212,0.176362016848044,956.493742609207,924.869251041088,231.101477737775,391.477054325248,1000,1.08565892371545,1.5176482329627,1.83391612062726,1.53379048866139,0.809286604212127,889.43380843546,849.487342334572,1244.3896494053,633.387121884972,1585.57401172221,0.759694442920506,0.813854917564173,0.822090890485555,1.02196701719508,0.477097755424098,1.61400896677193,3.91790695154151,6.76504611883156,2.42605652503174,1.34718222847262,525.037964852145,483.483246405525,507.665689636884,451.206971243985,732.176413691524,2135.75935884538,3127.72307453889,12425.3982478614,1133.83851341332,16718.8544700536
100,0.215,0.825,0.199949825732212,0.176362016848044,956.493742609207,924.869251041088,231.101477737775,391.477054325248,1000,1.2186517726386,1.06854582605495,0.879047597604828,1.59359953452018,2.05153989436844,787.762819504324,1307.21549554058,1707.64568966361,867.14482007159,690.229770112346,0.834769142626238,0.708774628422021,0.656839111741407,0.818170650202039,1.06549516864408,2.90746379180563,2.00484290420765,1.24850995143977,2.79904877190512,5.21645428754585,500.615813373237,656.54504210745,792.341138978555,548.234616753777,491.940107091861,1819.62183911684,6293.2474680477,7596.55277878918,5405.93484416514,1700.98170794144
100,0.215,0.825,0.162265605156944,0.185073900675987,1195.61717826151,924.869251041088,240.198467236649,406.701271141681,1250,0.898468712422588,0.908220006243756,1.46351044067996,1.08385429818163,1.48441758506979,1210.75485552262,1222.90824187096,779.239446367487,1059.17447786296,1041.30735394833,0.674746750490041,0.692228479954058,1.0398133546048,0.860331649340764,0.912330153481035,1.39667534394217,1.32293199415999,2.1101423601055,1.41825396418446,5.33610802983116,609.189274962944,632.812986428749,519.162722623109,571.103656876046,545.992263893503,4270.43456519918,3265.7481979657,1710.826522578,2341.9653650459,3811.0005601222
100,0.215,0.825,0.162265605156944,0.185073900675987,1195.61717826151,924.869251041088,240.198467236649,406.701271141681,1250,0.954123893077137,1.39542511597981,0.912108224591998,0.906264906464941,1.81841147700367,1052.58852852171,864.452482334699,1969.75658849489,1343.23299159933,662.324480289828,0.635743325333365,0.846321045081548,0.409520866800247,0.49020787659847,0.632165926325615,1.45462006612558,2.77573612503217,1.504683283994,1.75185628172567,3.55955661826188,584.459503003507,517.583796181452,836.291348721373,630.114470059591,459.593609689988,4412.802759802,2972.8337541251,68495.1483585953,11156.8007855042,4044.088793001
100,0.215,0.825,0.1359512118419,0.191167880250941,1434.74061391381,924.869251041088,246.512720866686,417.258528720743,1500,0.955932046200009,1.03692941756814,1.10265530937499,1.75230606419018,1.05981186889681,1249.34371199497,1121.37342882946,1742.58477850918,1115.6033258705,1004.56369514081,0.601797230454477,0.602619011905331,0.535192223110866,1.02433439400379,0.627277374743873,2.05054636696205,1.82427669234384,4.22703035381259,23.0883319476415,1.89191462470588,634.629700077408,614.491876191379,580.417276047119,460.844414141672,571.69883894535,6423.38607896536,5381.41928243593,23421.2240259612,4291.00785677413,4105.84717667439
100,0.215,0.825,0.1359512118419,0.191167880250941,1434.74061391381,924.869251041088,246.512720866686,417.258528720743,1500,0.950177355506821,1.061335456731,2.38844704535521,1.37463265963235,0.998679500630498,1077.11192412774,1465.94812633114,592.664887734099,792.971133963384,913.475536239689,0.67921905653147,0.595875568793972,1.57587932310571,0.919885342014542,0.65220418645076,1.33097232065518,1.98931166374619,5.42967338403376,3.27673585304626,1.3757556108072,581.461723023314,671.105249923033,444.452892326536,486.964386798005,548.763510814979,3203.71525445201,12492.2832298123,1135.59867118284,2490.9978048559,3145.02037451728
100,0.215,0.825,0.116617315361724,0.195650660072703,1673.86404956611,924.869251041088,251.132776990115,424.977968864722,1750,1.24414090133712,1.14184795443346,1.47373415988129,2.3350707749814,1.36477286544836,1160.56722628174,593.343221983682,2848.96125083419,792.926154563573,978.553973530256,0.711728049556748,0.873392850858629,0.959992800131812,0.918636739725784,0.852989637137298,3.06618564866113,1.51900341981742,4.88447145906837,7.37365329994904,2.35464886928041,576.936202882968,439.273331770944,462.775743540271,506.757330224061,574.888520756876,6799.09157173387,946.531886771834,6889.56499128235,3117.33125216413,4270.74971828522
100,0.215,0.825,0.116617315361724,0.195650660072703,1673.86404956611,924.869251041088,251.132776990115,424.977968864722,1750,1.44264646632632,1.23099865844618,1.06110412433783,1.12127747602329,1.57928818916861,825.331838603425,1037.36252970053,2267.60131619845,753.066946311228,671.605750801766,0.801346332817486,0.732920547605354,0.627571612227572,0.619156584399307,0.720655966080263,2.1503950920243,2.21996837785292,2.54325990358321,1.73009828899221,3.93332930378064,532.308185562716,569.340470892666,884.325286684981,505.594728682404,463.778804615387,3495.97005911102,4944.31615155394,25427.994099094,2843.19107212273,3201.66060115921
100,0.215,0.825,0.553075327915399,0.0957972524877735,239.123435652302,924.869251041088,141.877032223114,241.321481188715,250,2.63534393316807,1.63431942955371,1.11065260782792,0.905438374386879,0.744637111882871,410.248275480557,569.728360272231,254.029724147838,4232.11238212703,1335.17031439567,1.48401556305034,1.14277515897973,0.790817350477602,0.447956198936046,0.532132114213652,5.46046197328456,3.80793545009788,1.46772826448568,3.50809870397883,1.11273307132945,290.408381239821,324.19399870814,190.81281430652,454.480753563766,531.171028709168,1535.46279556353,1829.91657518294,392.740536440967,267511.568042443,7691.86517841373
100,0.215,0.825,0.553075327915399,0.0957972524877735,239.123435652302,924.869251041088,141.877032223114,241.321481188715,250,3.32773601469767,0.774328830280056,1.2104535310119,1.26310583081821,4.28246853751983,509.879610657778,1815.93447506482,223.400141269259,497.55830307248,364.229678857863,0.601137836262828,0.319885247371794,0.798414458452747,0.894962167533771,0.626481157191273,8.63488437550767,1.67792610416798,1.69133977805387,1.75274114687424,8.82448803609216,306.870895775333,439.503340166961,177.672035005482,302.799636172282,280.624913807049,1948.91780523269,708346.715112067,306.847162963494,1378.77351100762,1265.96830984913
100,0.215,0.825,0.356446462328954,0.140393708864946,478.246871304603,924.869251041088,192.551785564447,326.781948325596,500,1.15422806124825,1.53802623341718,1.12392900241018,1.15278670032373,1.26684746554585,801.178440241373,593.4373072656,410.043620853838,796.22409778111,838.401673779704,0.769063974202369,1.19769811684161,0.868954456739487,0.667773949796575,0.988008446962856,2.02918212219043,2.68327896391206,1.48521560821657,1.94638695411708,1.67217825434934,409.004139421079,379.194320697425,294.57436350257,420.122003078606,456.820635547379,2676.66430033184,1305.1016973719,700.783669767298,4077.51789983279,2263.69051788942
100,0.215,0.825,0.356446462328954,0.140393708864946,478.246871304603,924.869251041088,192.551785564447,326.781948325596,500,0.998637993410806,0.946835107933167,1.30444092171957,1.65838453102976,1.33844356925277,1004.35160254323,1024.45371336035,520.640569196692,814.692254823755,664.662926940521,0.737035087731252,0.41898108318306,1.04069924416965,0.756362543096757,0.916797547484832,1.35834397239211,1.69283063018547,1.72078684817862,3.84125277322393,1.97948670348047,529.004274952216,473.489408609938,359.183813267245,432.542853442618,428.768928545368,3522.90756221367,17286.1877187402,921.461694899072,14245.6591715064,1543.52196006818
100,0.215,0.825,0.257851105105913,0.163013034765382,717.370306956905,924.869251041088,216.991020822759,367.829941016634,750,0.759663010513148,1.46488510503253,0.923954917888781,1.56845857820995,1.39290785492218,2109.65573192162,680.202113253713,663.583988371717,787.548234117047,1107.22798678929,0.434104979949744,0.985146571154857,0.472657627524113,0.441505070580251,0.620041901747347,1.25454965101488,2.50894337242409,1.46992458099156,3.02920355685002,2.53406295108394,803.074841638255,444.634923080655,418.301675322832,463.364593380133,569.487547072609,64565.8900926199,1753.93690312298,4483.07922593415,13515.3718759554,20213.9227436069
100,0.215,0.825,0.257851105105913,0.163013034765382,717.370306956905,924.869251041088,216.991020822759,367.829941016634,750,1.73629542422378,1.59367855982445,1.1171834560389,0.995800019884885,1.13401074338497,547.0780417685,512.805320569455,816.12988876913,1694.6662388645,1448.30199841838,1.07867951296676,1.28614347006316,0.726258002708005,0.535113009650068,0.658592026088236,2.89101776525938,2.04512781398132,1.78719906341762,1.67521792706563,2.36155901151801,410.108059786059,374.688450947849,484.049563081873,727.355339877729,636.925798708711,1073.26160200291,824.159151211622,2573.56008229295,22840.7280182867,13871.4992015703
100,0.215,0.825,0.199949825732212,0.176362016848044,956.493742609207,924.869251041088,231.101477737775,391.477054325248,1000,1.08043402752551,0.981462637002277,1.21578231752247,1.50079724290164,1.70631454664871,1969.15673826127,840.87595690372,560.735572276907,596.625925087813,707.568835711882,0.569155280398468,0.721725830380778,0.716207294496698,1.0212709920982,1.03608936346743,3.95938406938205,1.64139810723651,1.76296683119521,3.87909406044923,3.40980626519569,515.334527298292,475.843298654712,376.882005093691,416.515556289796,452.248964654732,33459.5194846235,2237.36593935733,1311.83834321293,1492.19525672879,2364.34218545176
100,0.215,0.825,0.199949825732212,0.176362016848044,956.493742609207,924.869251041088,231.101477737775,391.477054325248,1000,0.937702532562417,1.5324141803572,0.749269539934868,0.77518362033791,1.20932392335685,1650.84648381247,651.175358025008,2575.97440948708,1769.06932890717,1047.11162330592,0.54950409472917,1.0834509446728,0.55484613230175,0.458700061954545,0.599741899825425,1.92526538894738,2.41342606391133,1.19306634872598,3.08427219751633,5.41125868095645,667.109068048558,474.942361009376,1046.07935624286,559.673474120355,466.014064028172,15832.9107468396,1317.19471146124,17485.1287925419,26586.546741628,5747.87574633539
100,0.215,0.825,0.162265605156944,0.185073900675987,1195.61717826151,924.869251041088,240.198467236649,406.701271141681,1250,1.61951364162076,1.20438249907496,1.42590204805849,1.05511193074827,1.26517416663746,683.723413895757,985.031913154089,1329.63371917128,823.658597471887,986.813261914348,0.745962272514418,0.612188039377095,1.05272674436366,0.6823989728697,0.810175188944822,2.98885503463871,2.60810730594552,5.5235863953788,1.56298442670849,1.72608122751717,471.389246698571,542.034023091935,567.693176222661,535.744234099503,596.05400497738,2491.01995618528,8187.08499642717,4165.30739792495,2371.1117017686,4438.08631368074
100,0.215,0.825,0.162265605156944,0.185073900675987,1195.61717826151,924.869251041088,240.198467236649,406.701271141681,1250,1.54253069190082,0.936454057106351,1.05525534529549,1.40053745771708,1.35641826017337,756.886162280722,1479.0956386602,1193.71298931023,1229.70745203418,629.848372295241,0.635973841007588,0.719448865885906,0.709347192798936,1.00914270548658,0.775560885511713,3.39717966808822,1.48155683600974,3.21014477496745,3.20772518562163,2.37779092859961,467.526046816052,676.699467391408,562.091044711483,682.144245156258,440.498541126225,7622.5730460291,6487.33356227152,4968.14072830604,4841.34667154145,1652.18029912611
100,0.215,0.825,0.1359512118419,0.191167880250941,1434.74061391381,924.869251041088,246.512720866686,417.258528720743,1500,1.35768221020035,1.60650264547575,1.46147817501472,1.83531174778742,0.871007164511591,634.773932969438,646.636920902469,903.810257074743,848.422451876831,1731.35777005343,0.994455891181555,1.08794228782573,0.899619334709166,1.02391440286558,0.517126848775787,1.87773885447462,2.78497702449242,5.0885458964702,6.64429118829581,1.46071511316004,456.525237744457,452.687146674531,537.832864596052,523.760534313197,781.168566096419,1225.88353829983,1154.19303559815,3826.74431287849,4666.53896060976,19064.231533579
100,0.215,0.825,0.1359512118419,0.191167880250941,1434.74061391381,924.869251041088,246.512720866686,417.258528720743,1500,1.22617157748165,0.975469870746372,0.547380699879821,2.2656459074421,1.39465844558894,770.74238187352,693.399149974609,34504.0431824802,499.466103735715,914.704530383666,0.875328155984982,0.720618362008574,0.246216923656536,1.48804553923467,0.554778310621668,1.69551820249247,1.28634262165623,0.985077198961687,6.47535144672456,2.66409384922458,478.765760247635,460.502594720863,2478.83718503688,415.913763487761,509.630342024554,1532.67522254721,1462.98635168812,242433804.530124,829.351524644556,15070.3323755537
100,0.215,0.825,0.116617315361724,0.195650660072703,1673.86404956611,924.869251041088,251.132776990115,424.977968864722,1750,1.06657332045471,1.02968364915952,2.05864287108766,1.02965625112852,0.751371609506524,1023.9631108453,965.446902829896,1208.17421035356,1047.63125171447,5734.58942759356,0.733371220846545,0.648342628480368,0.667723383214187,0.674613617736335,0.386699549523227,1.48352552754886,1.4549604168884,8.37495092645484,1.85983640971383,1.32832620752306,634.026771666469,586.118148780756,559.976310857069,595.901487354881,1364.61430731941,2492.59524540521,2665.0610369277,11558.303948288,4045.05248985233,203007.096589477
100,0.215,0.825,0.116617315361724,0.195650660072703,1673.86404956611,924.869251041088,251.132776990115,424.977968864722,1750,1.68580454771055,1.31363060324807,1.03902382471274,1.46277219077809,1.98052468134325,752.238358829067,811.781445361507,2996.22491955918,747.411113756749,682.412635363681,1.09071190252008,0.915523230494465,0.601827639701559,0.801976457326834,1.32681155882562,2.8452635646512,1.85316552990862,5.48639128780688,2.82936773454589,3.39537293589096,538.240343896453,523.571306208955,581.817556864656,504.995383512624,496.846144984017,1460.87119741099,1783.43785958019,81351.8329980459,2090.11367636896,1280.29174307924
100,0.215,0.825,0.553075327915399,0.0957972524877735,239.123435652302,924.869251041088,141.877032223114,241.321481188715,250,2.04720348491616,0.713785113218393,1.2011712528075,0.762962863447089,1.71797168622279,531.926674773977,1325.77424244524,262.021276014345,5282.57760955833,635.396016373382,1.31688824894759,0.483737299989175,0.869390833523453,0.298268863313029,0.964861033560564,6.74720879988776,1.14296750394236,1.79146421933356,2.98103605798381,27.310669075881,338.738403168046,479.809242829874,205.175812903839,425.234180605317,290.917602171034,2021.85413975411,8289.52592214314,396.771907415041,7830018.00557707,3397.22599166273
100,0.215,0.825,0.553075327915399,0.0957972524877735,239.123435652302,924.869251041088,141.877032223114,241.321481188715,250,1.50063084667508,1.80495279221206,1.21304254705409,0.749273754505985,0.737534965893524,714.76836894704,539.739848039349,219.499473090984,14992.6022094199,2819.7735988737,0.943086058177972,1.18437711620032,0.981401735395496,0.321955265535773,0.441593589956232,15.5153322608208,4.89549662126899,1.43315775040172,3.00620903075217,1.15446422467595,330.056175559534,334.340042812282,171.983740203165,1513.40364372153,820.950629104707,6338.92280238089,1526.76283646971,313.604271970943,74874.317659016,83084.423942717
100,0.215,0.825,0.356446462328954,0.140393708864946,478.246871304603,924.869251041088,192.551785564447,326.781948325596,500,0.965908759850172,1.64571630027939,1.03833064885697,1.31311664896177,1.55229280164196,1623.66019384291,527.175669700933,697.480622142163,699.025942790124,710.039129181368,0.579467105175452,1.14096533821891,0.68280123662872,0.890874479896839,1.01754982993313,1.45162045666735,2.55855318339892,1.67653075619231,2.29384730710872,4.89669512818366,674.833061856028,374.567689712465,431.834886397925,426.456658446982,421.57230260692,13034.5585267232,1096.88953365558,2416.65201116846,1862.04659879732,2061.95061670257
100,0.215,0.825,0.356446462328954,0.140393708864946,478.246871304603,924.869251041088,192.551785564447,326.781948325596,500,1.18226617556711,1.28855370959573,1.17340670493186,1.33147438606007,0.81040616958991,940.546750601242,593.583899563861,550.8508297915,730.115594351615,2752.69382050303,0.891137548117324,0.977646315369052,0.915466355671715,0.67501663745724,0.403161499646302,2.03128745971947,1.93860970274408,1.58476556892733,2.07828689740499,1.62478439337157,514.077706725931,392.816721979092,359.050753278653,439.351354102381,608.631628633221,3663.65768939576,1203.4112481678,1027.15391133763,4804.12180127199,440220.547882579
100,0.215,0.825,0.257851105105913,0.163013034765382,717.370306956905,924.869251041088,216.991020822759,367.829941016634,750,1.34855355486811,0.999040864925329,1.40178173701993,0.898280277544034,1.27223978921173,1075.24704587688,908.964508757043,817.928970302915,1367.30643743951,1324.20208201002,0.777823361736441,0.635281515768293,0.76652535166846,0.5738069002042,0.60413368902432,2.17748855950251,1.72188259228126,2.34194613071929,1.38842323443432,2.28229838982951,605.227102953647,526.868281690726,504.751560307559,685.570060121258,653.230200854428,4315.18020537911,3819.25760494936,2560.57088798704,6869.13280365548,9287.11004865204
100,0.215,0.825,0.257851105105913,0.163013034765382,717.370306956905,924.869251041088,216.991020822759,367.829941016634,750,1.61515140648123,1.37149190518534,1.09029746862042,0.819611305444694,2.00648463589753,647.807278666682,732.903051834938,787.726203341929,1622.60172246833,596.282808217364,0.911051869535672,0.804101867911781,0.765198744964817,0.402624563705606,1.25841967797781,2.92601540416114,3.99466630371283,1.6014527400452,2.60526628613036,4.35617933871774,439.752659143539,449.234743720404,475.292543915486,496.491096396545,421.333655454099,1981.50183475791,3079.58524174393,2336.23947661647,245449.624198156,1287.60098990842
100,0.215,0.825,0.199949825732212,0.176362016848044,956.493742609207,924.869251041088,231.101477737775,391.477054325248,1000,1.02051712405887,1.25165396396669,0.832676750988801,2.00547414165381,0.967896314310422,905.406979298346,1031.05907771601,2004.59580200345,538.260356453795,1090.07961482051,0.585627653157146,0.479860087022396,0.412021529647371,0.913546610927444,0.734559048601306,1.8982331497664,2.73602748475241,1.43440355030928,4.19359020645578,1.66718703036943,523.675320322942,504.679382795314,808.795856103449,405.409131923978,545.479756301761,6948.37559167728,29301.5967060422,55873.3807026001,1221.37894256022,3687.80393853108
100,0.215,0.825,0.199949825732212,0.176362016848044,956.493742609207,924.869251041088,231.101477737775,391.477054325248,1000,1.12898650749769,1.13691638181041,1.19542652034897,1.17711939877176,1.12959401592481,989.853760525137,648.069940502425,1844.47001740611,1163.32672625165,627.902959839148,0.678906811587643,0.798240935109219,0.803752124207673,0.560086157680467,0.776979344382687,1.64041927362359,1.57049985149447,5.04246101973056,1.97639465625857,1.64437983500759,511.356686339096,431.792029716794,604.028264459209,558.743062774179,418.707416661584,3411.01572683665,1566.1053948446,6293.00100428471,6047.87654617576,1340.81335911297
100,0.215,0.825,0.162265605156944,0.185073900675987,1195.61717826151,924.869251041088,240.198467236649,406.701271141681,1250,1.2423896038579,1.63393558894113,2.41546167437424,1.15109956812202,1.26236782972321,1043.8600093992,624.515962380749,693.481741991779,1269.47412394247,685.248582609292,0.764922946432959,0.768530230643854,0.7229088399306,0.732235696971098,0.78779964937154,1.79808318134789,2.44090792967615,20.5007406749632,1.74620620605665,1.9267260682624,604.830350373394,448.53373699,434.288429308021,698.022633875727,475.312218918235,3694.28763807194,1592.4634366877,4271.38985308104,5919.55632753418,1677.70728286779
100,0.215,0.825,0.162265605156944,0.185073900675987,1195.61717826151,924.869251041088,240.198467236649,406.701271141681,1250,1.18385167095064,0.995452675761828,2.43498721218855,0.731501779240244,1.92068625043138,1348.46652553039,925.590075818156,563.117589320903,2793.64870846242,759.071432015732,0.517207867114507,0.635195347992144,1.70304356880792,0.405575776263557,0.562053750266795,2.43187261934938,1.50566465929378,4.75340409755159,1.24596250428587,3.8937244000183,620.176888624942,558.778442055551,438.492120041857,874.149453924555,486.68390439402,23469.8045623163,2658.33931776244,901.828708805923,67730.3656308679,6172.93937752534
100,0.215,0.825,0.1359512118419,0.191167880250941,1434.74061391381,924.869251041088,246.512720866686,417.258528720743,1500,1.19451708822218,1.04930450199521,0.608955359702642,1.09094259644814,1.73052679626697,1754.67660558852,1185.08754926573,7464.87045306505,933.049893155769,731.059653967689,0.587036832173158,0.689617773556535,0.360271933549767,0.610719512118014,1.11916741415026,11.4197870479824,1.73351004990603,1.18597369037536,1.61599690828078,2.49613318561536,571.231440784316,650.698358572522,1384.6856923974,564.132114897915,500.993662874612,82814.2492807983,4835.58882613846,655299.867225224,3318.90935930836,1567.22154683132
100,0.215,0.825,0.1359512118419,0.191167880250941,1434.74061391381,924.869251041088,246.512720866686,417.258528720743,1500,1.45874913748219,1.19702652866054,1.07924193043394,1.08756658342078,0.80856419051171,1179.21237881235,784.391822141062,1873.0820688734,655.307984763985,2849.92752772044,1.0579920675496,0.851992193412556,0.778569391105153,0.844821681646451,0.457149144684475,2.39658075227044,1.69581334713679,3.48624706009677,1.45318095061365,1.25466200345184,639.44631660806,510.660767475168,745.289019366198,458.374929373706,890.356391755454,3367.20071090855,1841.58144903693,9644.60571390387,1255.46924342917,75429.577278333
100,0.215,0.825,0.116617315361724,0.195650660072703,1673.86404956611,924.869251041088,251.132776990115,424.977968864722,1750,1.224902325439,1.19601990200387,1.38943705357324,1.10504457122114,1.30892508217327,1158.7605012732,949.020382921739,1204.82045746529,1154.5117855824,728.025185797901,0.619302606242708,0.649091756193894,0.578370261300332,0.580745416500487,0.948706397424174,2.11580138758883,2.52775801504061,2.36863940065891,1.92717490346693,2.08900893412378,606.861709743495,548.028970031185,637.357970653849,604.513264935176,481.939753421765,10846.0004884507,5664.10010184419,12319.3376511814,8734.50404383956,1553.35383312865
100,0.215,0.825,0.116617315361724,0.195650660072703,1673.86404956611,924.869251041088,251.132776990115,424.977968864722,1750,0.876840665587859,1.50226165918225,0.937923478228333,1.40521543164913,1.66445770785842,1854.41734591076,797.187065398033,2135.95811089235,749.643867313372,1881.5284744671,0.653750659433229,0.94600783935946,0.662934243608379,1.00150044337259,0.839551840958396,1.21799073017509,2.14906642292442,1.60577983050482,1.99966228103482,5.66848409538306,857.165897351941,534.821211722566,941.896629865237,525.967408038834,557.176967597458,7082.99248659291,1783.19591660471,10167.799392862,1388.74036875142,6591.64556617134
100,0.215,0.825,0.553075327915399,0.0957972524877735,239.123435652302,924.869251041088,141.877032223114,241.321481188715,250,1.21453002162482,1.10945837145117,1.20214165823486,0.979890569735197,1.25548315659921,1456.98823969547,1070.80927254858,253.589340467091,1064.88824678477,1749.35966390118,0.687449881644985,0.496502328349458,0.930825337520899,0.629860687348876,0.426628874657517,4.78077976521937,2.0112402308614,1.57726233959786,1.46451127710987,12.9373035565196,456.67202300914,466.61991391155,197.414509949839,513.658411156532,268.475637283157,12102.8767928588,20817.7903873722,362.138665079805,6838.67224147821,35612.4198329098
100,0.215,0.825,0.553075327915399,0.0957972524877735,239.123435652302,924.869251041088,141.877032223114,241.321481188715,250,3.02197056005793,1.38232642046585,0.954116646953178,1.32881560301521,1.59400590687868,428.307986103178,672.684483312265,308.628927556935,709.943723878789,712.79918101509,1.52861151087523,0.99544902909856,0.729429176139092,0.897263315628627,0.861641072607994,4.40629456437377,2.33293722182886,1.26196368557344,2.06048268299281,5.30524238035795,299.034710328607,363.886631865329,226.642765746324,393.245419932341,337.22275928433,1112.58344415673,2484.05450703897,520.502977481365,2335.24486297415,3142.00131782481
100,0.215,0.825,0.356446462328954,0.140393708864946,478.246871304603,924.869251041088,192.551785564447,326.781948325596,500,1.44096313583969,1.09564999948765,0.964606850076185,1.6205901378636,1.30286668663129,864.432827359432,740.063041054292,683.994595683402,626.877473752553,968.235286968366,0.545665636264739,0.592684161686399,0.514563112709474,0.725523593471532,0.779541376114338,2.52723549970071,1.70395070949675,1.79045024326783,2.94317449129478,3.78086324815495,461.707154269238,441.458539016181,392.753210770452,389.296444111257,438.795632395381,8765.26979901448,3867.86801196691,3107.18961073763,2440.156951761,5352.46507767028
100,0.215,0.825,0.356446462328954,0.140393708864946,478.246871304603,924.869251041088,192.551785564447,326.781948325596,500,1.69215870886697,1.70969895261281,1.28197047729278,1.71207806071479,1.60039890295435,1020.1410672011,479.510175807613,416.036348186575,524.944624390251,1409.88586799498,1.07610487041916,1.02954597296999,0.95674980467422,1.21557215672537,0.898692228331631,5.64341933565502,3.03083722075554,1.61417697309751,2.55435668163447,5.33766426706242,519.171988585827,357.809373089971,312.072618633646,375.21504756004,488.112467090421,3638.46679076007,1047.24008071458,662.512134020656,1034.43493892065,4265.53783079798
100,0.215,0.825,0.257851105105913,0.163013034765382,717.370306956905,924.869251041088,216.991020822759,367.829941016634,750,1.13037361517639,1.43984394750589,1.06985686873569,1.52749964713911,0.644730588489825,1096.30505100289,622.533755468413,670.477716598286,799.547367755338,12161.6104174241,0.661957918419255,0.765494683623709,0.829374781333419,0.631161010620652,0.254767203371111,2.31757994807751,2.11784740520054,1.44674742082008,5.0828492230677,2.29406839508484,558.037343446988,433.541064315109,430.669732295429,429.607368631406,880.373992018316,5818.96613638482,1542.54472744617,1341.36803697967,6722.81524272791,23132584.2883273
100,0.215,0.825,0.257851105105913,0.163013034765382,717.370306956905,924.869251041088,216.991020822759,367.829941016634,750,1.31067515390421,1.38714097584175,0.814645662675899,1.03261226359616,2.50257919105935,718.279379414797,758.215368526848,1564.52437276257,1072.35176527743,583.230863061606,0.913483675724269,0.979522768578261,0.614871601181948,0.644493743813836,1.11390974376287,2.47797444620648,2.85642351547422,1.24857448664607,1.66463043964015,6.86749730295836,462.766030769281,468.271160718374,702.938149857817,565.228069028066,422.330324936823,1802.29393305918,1854.16251159401,7103.03886277127,4927.79347181187,1558.76475959001
100,0.215,0.825,0.199949825732212,0.176362016848044,956.493742609207,924.869251041088,231.101477737775,391.477054325248,1000,1.01812787781433,1.01868266259952,2.00725474811986,1.33460547504104,1.01827038818798,1342.04093474602,804.013926995588,557.458009536531,972.252856150484,1138.18758532605,0.716199009333794,0.742785713903887,0.909136691327023,0.961637026210553,0.513009035891452,1.88944294779759,1.53481682983179,7.60842720502934,2.31628418340892,8.42175414436836,620.72184019236,499.796528439372,411.776697023184,585.100587293837,451.949845726946,7248.92476247989,1910.3671174672,1490.96779892811,2506.84874718976,39025.4508249992
100,0.215,0.825,0.199949825732212,0.176362016848044,956.493742609207,924.869251041088,231.101477737775,391.477054325248,1000,1.18336841177361,1.3757483475125,1.04212889929691,1.23970286147046,1.02326068957782,1248.3901485452,641.649969427544,1603.66512899866,1045.89172235782,1485.15472557647,0.800647200527105,1.00578887365268,0.725134357531424,0.988039791064893,0.693315659310594,1.74896688983845,2.02925489033799,4.75154637708052,1.73145780312966,1.47515310107315,592.933116402362,469.951375614975,665.576085321751,633.323231192077,768.769671935706,5306.76700497662,1171.77163941526,9179.52852013483,2456.18590942206,6583.20394228901
100,0.215,0.825,0.162265605156944,0.185073900675987,1195.61717826151,924.869251041088,240.198467236649,406.701271141681,1250,1.31656406009151,1.08081692225543,1.73465404332018,1.37367490982241,1.21684262507252,655.131462260943,929.46348558458,1135.11226768691,541.804907843475,1237.00686350848,1.01368146078443,0.789182329789982,0.675388916297806,1.02969164754485,0.690886201584614,1.73207429205254,1.46765257058587,5.44469791207458,1.93557366259439,2.08760357115905,445.917181484215,523.629749998065,548.585724337676,391.233819109405,605.63722344025,1342.22483292319,2257.77967149451,6302.90822224195,924.93143132028,7325.34075024908
100,0.215,0.825,0.162265605156944,0.185073900675987,1195.61717826151,924.869251041088,240.198467236649,406.701271141681,1250,1.95492037236745,1.14990413869546,1.60232963948834,0.909302184790315,1.32536094565553,541.93246651077,850.824920918851,835.631348351085,1724.37233298794,1025.57549219844,1.37111700962313,0.869504284470635,1.16089987740435,0.588665191075106,0.915087941965503,3.04098687572018,1.82955656015275,4.26814558632209,1.48418653883024,3.07559744305322,420.031705912196,526.063719784396,522.763294113237,753.692233247788,529.126512986906,840.366675513039,1858.99322266317,2547.11950173926,11733.3605267888,3743.93813680874
100,0.215,0.825,0.1359512118419,0.191167880250941,1434.74061391381,924.869251041088,246.512720866686,417.258528720743,1500,1.55376249067111,1.42199716028716,1.34591725933749,0.834536856420971,1.37510406315874,660.387546344473,765.911679254463,1998.49683297099,1244.70229560413,583.67455564441,1.22492500141144,0.896375747058451,0.76225899137919,0.522844787316469,1.14245937621273,2.08543609602086,2.34501306258768,5.10324674789746,1.35648728075165,1.73556374382552,452.702386891377,482.087302922677,641.255030304285,584.872562152916,411.411493642291,1349.42738859917,2022.95753709445,13161.3209218991,6053.63220145717,946.209407903557
100,0.215,0.825,0.1359512118419,0.191167880250941,1434.74061391381,924.869251041088,246.512720866686,417.258528720743,1500,1.1293557014846,0.913685668081022,0.473442324333494,1.06266767864566,1.32996300296375,1177.96493832797,1591.72723415323,41394.6994812358,1677.24639457546,629.578203299081,0.5024436207087,0.678371937100128,0.292557612594719,0.662203921487391,0.831943282547222,2.28167934565877,1.35400934302841,1.59662713603989,1.76767065025763,2.02964958668821,615.690771486911,757.484333972186,1578.12535291314,833.110935947942,463.444693954219,10282.1451666204,5300.39289712511,25381710.4894603,13883.6882506014,1362.81272072214
100,0.215,0.825,0.116617315361724,0.195650660072703,1673.86404956611,924.869251041088,251.132776990115,424.977968864722,1750,1.323252462685,1.35300990241553,0.999374247964868,1.00175196340271,1.24517415730966,1210.52862708405,1101.54875016334,1973.04242839458,855.723180217407,673.667240421726,0.860896906243832,0.864690631557539,0.737526470244627,0.668574599089759,0.85163935105625,3.31036829097097,3.14229942977351,3.2774656384099,1.55068213585946,1.91122321787536,575.774418837014,608.292038125504,642.57838649299,528.096956636445,458.916994005003,6077.61064326267,4481.8357456589,7929.35043184882,2752.84965471352,1466.95299130215
100,0.215,0.825,0.116617315361724,0.195650660072703,1673.86404956611,924.869251041088,251.132776990115,424.977968864722,1750,1.48856337838749,1.47990367172315,4.81304896082923,2.01505908568717,1.18385811119574,1114.6514718633,654.633689646299,720.394981354086,481.443320789917,696.76857806354,1.03828860249291,0.976475589445749,1.20108667493782,1.3127991715636,0.726263257014384,5.90162032291215,2.81531604969945,9.55778012774364,3.14386390582908,1.68691370419428,497.129533873177,450.316534088284,476.754322953288,402.238598695833,464.284332218237,4018.7937878707,1290.5675437843,1977.9030209469,720.055531105389,1878.10008406289
100,0.215,0.825,0.553075327915399,0.0957972524877735,239.123435652302,924.869251041088,141.877032223114,241.321481188715,250,1.17433977941935,0.937764435449725,1.10553760867218,1.75298246248125,1.04793275050606,935.716609345726,1653.76520385496,251.382948799154,621.710362157067,1056.52840223123,0.694039495650145,0.654924781916342,0.861490347705398,1.03967179901303,0.728342707305467,1.80827063820669,1.353587078965,1.42413528270018,5.9714870790258,1.69189211522957,471.838056546194,643.402996035557,187.126388622052,295.794648143617,489.333305321034,8607.77029275178,11790.6126132898,376.145335993084,2683.95441921723,4867.03995444261
100,0.215,0.825,0.553075327915399,0.0957972524877735,239.123435652302,924.869251041088,141.877032223114,241.321481188715,250,1.0446134306343,1.95762403043349,1.22568394405112,1.30202745042173,0.840051631163882,1249.25175745073,486.156908361259,220.743552199295,1139.62868464236,6571.51956513805,0.675842292135273,1.03808824405155,0.993795750652791,0.745502147048598,0.580963532715332,9.33557221275051,4.39842421274049,1.50622294243797,11.0898465569853,3.09918054203137,306.445211521727,301.532971185981,176.548422168327,277.51257440159,954.184187792086,8664.44723541668,1824.18573681641,294.482710819672,6836.89489392953,40168.4846398067
100,0.215,0.825,0.356446462328954,0.140393708864946,478.246871304603,924.869251041088,192.551785564447,326.781948325596,500,1.63636385173865,0.909154843356461,1.13455194419099,2.03710104430247,0.658208339118487,1155.90867351666,772.469013104958,532.749112157543,602.312650548119,4146.3530686924,0.813898315106658,0.579177346614057,0.739973630824298,0.946525782231777,0.313924570373199,20.9150306993713,1.25923964513068,1.76406557883503,6.15418263202854,1.31020061093874,338.449810161483,461.291916710719,367.538555227426,412.217270293683,872.969616014976,17988.5205529935,3725.44125003938,1247.27756388315,3139.22413031848,1217842.62900848
100,0.215,0.825,0.356446462328954,0.140393708864946,478.246871304603,924.869251041088,192.551785564447,326.781948325596,500,1.5162122904221,1.33391294118627,1.14323718583873,0.988480086735401,1.03778029006312,575.383764681898,839.860689789726,386.002156453288,1697.66970799377,842.081774719183,1.07301450420888,0.871629419294044,0.726421086148041,0.430390442189641,0.767620461565769,3.20168654502214,4.64087901949305,1.57242329556514,2.24417798849978,1.68744958275287,364.762830288619,450.128751980049,286.953268260176,564.469149384331,441.3616552321,1357.24487256482,4531.40734648161,758.919984965791,46486.1153196996,2669.71812972163
100,0.215,0.825,0.257851105105913,0.163013034765382,717.370306956905,924.869251041088,216.991020822759,367.829941016634,750,1.0282756471823,1.52956143732787,1.38013837948738,1.58502629631009,1.24397071837919,1150.87392569216,886.536878991566,529.072273587827,728.053407108717,1247.31805067473,0.787308682846022,0.838774316188183,0.992129138845478,1.04939637998446,0.608198411939341,1.39314608930494,2.41309168339013,1.89195956531798,2.80597698842526,2.16525814663546,611.584591263778,515.708922091102,395.376921752224,471.539697831293,621.440236612455,3407.44490034299,3097.36905886625,920.930577406326,1675.62801126565,22998.1350142412
100,0.215,0.825,0.257851105105913,0.163013034765382,717.370306956905,924.869251041088,216.991020822759,367.829941016634,750,1.85565239321756,1.04092681511015,1.46526301648515,1.50093575374862,0.978132672762185,627.61660292545,843.817846311033,528.905126665779,646.797626366365,2473.59896996027,1.21472047947271,0.723031090631246,1.09369302707327,1.065904510108,0.379950434291386,3.82563000791498,1.45381457509558,1.99713792657461,2.26777974941838,3.89807279589224,430.37315672625,491.075999820281,398.132365021026,434.29199395348,697.209480096468,1359.36808866319,2255.95688923406,918.244333278937,1203.85791551266,1163362.36586427
100,0.215,0.825,0.199949825732212,0.176362016848044,956.493742609207,924.869251041088,231.101477737775,391.477054325248,1000,1.18496637991742,1.04067025207117,0.990693847747008,1.52048091827893,1.8974306168092,1029.71818596508,850.393812278125,944.249821312324,538.84513849194,555.564215141502,0.617428857261515,0.729206669125656,0.709503845502863,0.943131833706132,1.41396225414209,2.22427611424434,1.48432993590291,1.43928169771365,2.05106003654823,3.09697498717464,519.612924628248,483.626196447671,492.61575248489,370.360695053261,406.197146201242,10786.034828013,2891.69030577737,2986.26149209675,1025.06362271303,1026.59889497219
100,0.215,0.825,0.199949825732212,0.176362016848044,956.493742609207,924.869251041088,231.101477737775,391.477054325248,1000,3.8748253620117,1.06647770240972,1.00124519005459,0.913228194863571,1.56382563160023,627.943193747308,1154.08575524043,1262.94534379244,1536.53679085736,596.423948985589,2.19254638835928,0.621187616852416,0.649446077999719,0.660579909336378,1.03849665706488,23.5907799767823,1.73508073538587,1.68246400301323,1.43983522283831,2.83891084117471,422.974713463301,643.391935104003,658.148797268212,765.205489362984,447.134704279683,1554.71138265949,5545.71389657768,6500.05114860648,5304.74889541748,1098.24531487544
100,0.215,0.825,0.162265605156944,0.185073900675987,1195.61717826151,924.869251041088,240.198467236649,406.701271141681,1250,0.823230133288595,1.17656173950043,0.769905437334621,0.962155740069946,1.35234885948771,2585.09619600814,626.8077062105,12743.1657022742,1384.9209605171,668.243752449019,0.387335254182394,0.834185763167267,0.576976306666421,0.521280393228854,0.976517565171962,1.48385289747417,1.73871699259603,3.24036082433645,1.46024793189401,1.83508690839832,861.389191944915,443.083753598934,2373.62034278151,691.633311245649,457.997604029248,95008.0747931994,1206.01028231308,77589.941655396,8349.96021166168,1194.12947412829
100,0.215,0.825,0.162265605156944,0.185073900675987,1195.61717826151,924.869251041088,240.198467236649,406.701271141681,1250,1.75351770526461,1.33087966214285,1.86616484693712,1.5178044058904,1.07072591244433,859.279307933744,678.86602377899,781.486660564434,575.491042926694,969.43797596195,0.844243027810335,0.870473868722634,1.02745104395177,1.02590682245972,0.747870617730595,4.53097591851935,2.10208822162225,2.95319492816175,2.11538232482222,1.46476778795397,507.253563236749,468.70737938859,510.577663248065,411.916075328532,550.03993414631,3818.03344233418,1757.02846626308,2870.4597009465,1035.92674164158,2834.12144135339
100,0.215,0.825,0.1359512118419,0.191167880250941,1434.74061391381,924.869251041088,246.512720866686,417.258528720743,1500,1.10384374836422,1.76561125492013,0.879839220717488,1.38265500086627,1.51333338835962,1089.82658188156,659.924006836854,1391.13665585897,778.520955047249,615.685909618288,0.660192314704931,1.28185166842764,0.58535361069883,0.972763860022822,1.17379323298227,1.71131417930894,2.56686482408431,1.25578563476043,2.10121521955996,2.41304903437092,612.933092106868,453.865412675223,660.486864429367,502.349104203955,443.589896742827,4706.80667491951,1280.86038772198,7036.76425538275,1684.77487076916,1116.84416862531
100,0.215,0.825,0.1359512118419,0.191167880250941,1434.74061391381,924.869251041088,246.512720866686,417.258528720743,1500,0.929006516968092,1.35345233260113,1.017465877562,1.58403947341255,1.81094597426979,1099.35754762146,650.393506088168,3041.60353582095,705.599489359295,575.190747777913,0.658153176973643,1.03326744191932,0.605379254347943,1.20766645768289,1.26540651706056,1.32085643620473,2.29892420720016,3.1218350055073,2.19725261837137,2.87825985265745,608.753691384102,464.745638606067,841.601102464119,485.440161877682,422.288464802675,3496.21197791239,1210.90865162398,26701.7143299563,1358.68020477895,969.205395028145
100,0.215,0.825,0.116617315361724,0.195650660072703,1673.86404956611,924.869251041088,251.132776990115,424.977968864722,1750,0.900578241027704,0.998040543031341,1.60322915032847,2.92232236888631,1.2307193437784,1487.53467514747,1007.48767380867,1066.33528063664,731.46726434323,729.645478249986,0.637727423968619,0.67600323144913,0.939726332884577,1.04088585547486,0.924764406946391,1.6459492006851,1.48395094283315,6.61748048139212,22.4703530194158,1.77788482928095,699.584142099087,577.687768623342,500.95263953378,452.08656854713,491.277624369835,7722.02446526126,3016.86771461939,3444.38887958324,2408.0544676919,1351.53767215896
100,0.215,0.825,0.116617315361724,0.195650660072703,1673.86404956611,924.869251041088,251.132776990115,424.977968864722,1750,1.11195380454399,1.31959456030008,0.81637977593318,1.11586158623602,1.20028833730683,1130.5097081719,635.326652077537,4832.28003440416,1267.69471559121,899.689845706142,0.808300268745042,0.956894835024668,0.426146724807464,0.749273297677903,0.892425178012637,1.60152356138884,1.69523461657523,4.59701336562792,1.80154797029915,1.59455634228287,640.705834393635,445.805416847013,544.7133500064,640.385991404723,553.77561396653,3993.2985815029,1140.76187216213,305314.994114122,5562.92229270952,2035.74672002891
100,0.215,0.825,0.553075327915399,0.0957972524877735,239.123435652302,924.869251041088,141.877032223114,241.321481188715,250,1.46694152185014,1.22579165076975,1.33212454069452,0.582361695897497,1.48898135948245,708.983447489624,576.398482040183,284.229371973319,21766.5383702593,490.474237935208,1.14803148917903,0.676342354266989,0.980080072366139,0.283529427670459,0.628339805101142,3.11049568556826,1.86042566634233,1.86409226488422,1.06261374686374,2.836929873201,394.080508090487,348.211005144091,224.286882001719,1504.18663849583,303.503202060858,1930.43908588225,2112.30756320738,410.955892530614,7940294.05163354,6197.14168409324
100,0.215,0.825,0.553075327915399,0.0957972524877735,239.123435652302,924.869251041088,141.877032223114,241.321481188715,250,1.9610764582265,1.26339254375774,1.24817482962461,1.74324649649398,2.15562344080647,670.415612437244,779.860677387977,212.210356002121,1135.73030434471,553.572049537819,1.35727449269966,0.915556113351474,0.989813772410841,0.431152404823434,1.50961540662337,9.42307306674891,2.10452133383707,1.55131656916018,5.96013723152464,6.34352175435712,292.587302019189,401.8161375229,171.711977106258,337.852134755018,347.969550417101,2636.4855108612,3300.18788829897,274.791501921992,2835.09242009581,1804.20619116245
100,0.215,0.825,0.356446462328954,0.140393708864946,478.246871304603,924.869251041088,192.551785564447,326.781948325596,500,0.7782359449733,1.7858775987895,1.19355855550249,0.969041449627344,1.59274590209011,2053.15353259469,645.906981738151,517.760243432173,1276.82877405027,874.983925732197,0.298368780233074,1.38835911547499,0.928233335029718,0.600997162935502,0.546252235381633,1.75068051429118,7.29217111257656,1.58494141635584,1.3662488627947,9.56781561361002,599.417580176578,412.404496637325,364.981518967963,632.094814889018,421.102688905289,1637363.6069217,1440.53380664809,962.211606732563,8787.79744829688,13452.5598207747
100,0.215,0.825,0.356446462328954,0.140393708864946,478.246871304603,924.869251041088,192.551785564447,326.781948325596,500,1.51794061212308,1.26618681390891,1.22576585174268,1.06272856524316,1.35804046523439,525.697379801615,1017.86238434394,416.264125871252,829.546176987751,1027.75706451065,1.01172551911681,0.718273553249224,0.909584984267334,0.7226900090819,1.01607716884527,2.5022082293868,3.73294431535839,1.6423401761753,3.49043842630968,3.83032286796661,371.628649305986,426.465894649499,297.224143091235,408.631289114997,458.2334817637,1327.70130600117,6697.93669744621,689.883961657526,4819.62969257156,3106.26528065157
100,0.215,0.825,0.257851105105913,0.163013034765382,717.370306956905,924.869251041088,216.991020822759,367.829941016634,750,1.07659808277598,1.23174903305911,0.945129035095775,3.21757437515425,0.967692778079652,1180.20273965115,922.19196318065,521.837611549498,492.290222752477,987.166248288949,0.596466038259751,0.45852841994816,0.700906581226778,0.604074994718365,0.657434186176611,2.66956280274969,2.39746410030485,1.21327661397778,9.40874589416723,1.28936266688711,495.139455807541,457.519783216147,337.899612922879,391.502737580588,544.897703241158,19422.4699393717,60512.5403232105,991.462600587683,6521.34936270012,4534.59060289775
100,0.215,0.825,0.257851105105913,0.163013034765382,717.370306956905,924.869251041088,216.991020822759,367.829941016634,750,0.880218983685498,1.55522842183847,1.42418572495252,0.950504200832499,1.6998363634289,1694.9885193555,639.67194817388,529.304244585644,1537.64884801296,620.63452220487,0.563386436361064,1.039787556286,1.00216912382867,0.626919640530871,0.693594885724948,1.61665407379822,2.95207913737943,2.21960598667101,1.39644785281302,4.35281814829054,678.511907234377,446.466853644201,395.625436440686,642.335200042928,419.398157360187,19931.5002581556,1713.48408185074,1077.42309061695,11496.1285775907,3921.983901667
100,0.215,0.825,0.199949825732212,0.176362016848044,956.493742609207,924.869251041088,231.101477737775,391.477054325248,1000,1.68922821862722,2.27895458288883,1.25874698228378,0.677341603110833,2.46092920364853,920.492545602399,647.909903630042,796.461565255237,2191.215267069,667.554756610475,0.706182851343965,1.21939140461633,0.799722945542482,0.344585737982613,1.51542390450791,3.60853195549929,11.9663334258935,2.02483605376868,1.22481892740523,8.58661050858348,555.91490800426,440.224434433408,527.094784000572,765.148396353569,477.426622691,7729.79675863307,2173.60643054261,2071.52548368754,154194.178991557,1917.82824754225
100,0.215,0.825,0.199949825732212,0.176362016848044,956.493742609207,924.869251041088,231.101477737775,391.477054325248,1000,1.1198483939854,1.04919437658019,0.788689595992207,1.06570426294839,1.9002511263538,1535.24065501058,612.974176346346,4679.65928348802,804.630524648274,580.947794234159,0.641617943738987,0.74545849714598,0.475655744452403,0.705367038444892,1.1635668179832,2.10880081963821,1.55129554015752,1.52918610310384,1.76548467172098,4.15749845998984,697.777299051399,415.775122414452,1183.35461097366,475.681079611513,427.396707697741,15555.6630113197,1287.24567376281,98589.1923504698,2125.46409676249,1077.06162604231
100,0.215,0.825,0.162265605156944,0.185073900675987,1195.61717826151,924.869251041088,240.198467236649,406.701271141681,1250,1.29079307546884,1.0470475543309,0.967612007692033,1.28446829789254,1.43200471611012,839.808021905134,991.579388577228,1394.69851185321,714.840316663191,1089.99756023287,0.863859000012302,0.663266311275065,0.706497186898207,0.812085658164259,1.0430728916441,3.50573631515693,1.67628851160801,1.30630711401051,1.88393984007122,9.47199714682858,507.262399789828,582.656014309789,763.22601767447,476.29724550924,476.069937402398,2439.32709952099,3358.74213898986,4432.59442018133,1679.34753378216,3326.93176374664
100,0.215,0.825,0.162265605156944,0.185073900675987,1195.61717826151,924.869251041088,240.198467236649,406.701271141681,1250,1.18453726331726,2.49407847122016,1.16132554170107,1.00406020461299,1.27510524881022,746.007586444741,513.565005363577,1375.35425127127,1262.67540996231,630.022690178489,0.80555737997693,1.53152009375621,0.602206179692531,0.645085443183617,0.907400829486273,1.72479218438561,4.70872529000155,3.47529874847749,1.93129728016082,1.8698831328375,482.196979410024,399.005659197511,556.397131893386,585.745231372598,414.016624428803,1863.49244925357,958.529331235933,17789.6689417008,7060.90742307054,1317.99453353859
100,0.215,0.825,0.1359512118419,0.191167880250941,1434.74061391381,924.869251041088,246.512720866686,417.258528720743,1500,3.00859168385827,1.07041237403238,1.64702828213943,1.56044402498498,1.06976688071304,765.019756783119,1067.08954837974,844.83417283291,604.935028035474,864.451652355317,1.6145458729001,0.710482851844512,0.772676007365716,0.882232265955915,0.537750104784173,8.31005259031311,1.61521745785138,2.26721715838569,2.28638413343377,1.72118357448278,503.052873301184,575.485438943951,531.062161557724,431.747908510901,534.428185051663,2339.16859373653,3558.31331114652,3367.38853213699,1360.64664853888,4155.32144896687
100,0.215,0.825,0.1359512118419,0.191167880250941,1434.74061391381,924.869251041088,246.512720866686,417.258528720743,1500,1.9019577014554,2.17428249613143,1.75704820793046,1.00648016896285,0.662157176825036,781.827022932881,533.80605511443,799.041170482048,1309.42722826062,1827.86479148558,0.605503278189008,1.4033387661201,0.857761563629486,0.74681485500851,0.406711467302589,3.83105713307206,5.56833074549347,6.13487334052992,1.25750602820583,0.903089765390985,497.835842059596,428.320604425759,494.701413236901,700.15503383587,848.748578812673,21630.5432180351,929.987638959245,3620.36778756512,4386.51498848855,13960.9818464122
100,0.215,0.825,0.116617315361724,0.195650660072703,1673.86404956611,924.869251041088,251.132776990115,424.977968864722,1750,1.6085474338998,1.34504131978432,1.01443731693876,1.19985407181043,0.956293932578324,920.200602547428,591.236213379263,5314.19905227803,1219.44001547377,1030.21783226648,1.06452002547528,1.05618224165243,0.689754686432594,0.905797028519614,0.64499089636823,2.65486392363913,1.68964428925157,3.89716875203782,1.64121478799059,1.36179587684668,555.443396983168,422.0206730638,1173.96746877085,682.253194087366,596.321367393631,2467.56752456726,932.97923245945,15021.3243194076,4403.40245980256,3190.53671443602
100,0.215,0.825,0.116617315361724,0.195650660072703,1673.86404956611,924.869251041088,251.132776990115,424.977968864722,1750,0.983862783464068,1.38539412219555,1.42628846686026,1.13498222952648,0.991934026312408,2019.72635163847,787.484756834537,1855.80622754071,730.229354536316,853.655862207931,0.653508403023538,0.812039610772988,0.777835284321441,0.706810138726193,0.690339694460031,2.10038414381085,2.7918233749216,5.61938205899113,2.27091436951391,1.36137653700869,741.46342401006,524.828722636516,576.983626746084,480.25352863783,534.200971745831,10335.2593021688,2162.33385738169,8298.99791234494,2007.63728036638,2166.7970678518
100,0.215,0.825,0.553075327915399,0.0957972524877735,239.123435652302,924.869251041088,141.877032223114,241.321481188715,250,1.16767436238929,0.748949658620903,1.44030783128103,0.921491911471774,1.94717095296413,800.875015612007,4965.3558432299,181.479023543184,1370.98845825783,458.154393601916,0.673249577706363,0.510942476526441,1.14137735828644,0.559224335643012,0.879294897782728,5.12170792822943,2.87436422351958,1.74141757179772,1.79251385855197,12.2328085277779,308.766015819545,605.211622370876,152.912271720332,485.027943159843,270.325181658184,5424.42149923922,23878.4025510862,224.111986635806,19802.6826144016,1886.96525006993
100,0.215,0.825,0.553075327915399,0.0957972524877735,239.123435652302,924.869251041088,141.877032223114,241.321481188715,250,1.26686619701825,1.48702490656514,1.58355730317301,1.54394010650574,1.37338410977038,737.171801285247,657.618830101243,265.927048657693,505.231571874111,639.620142856184,0.90212226820074,0.771817534342112,1.20648794532213,1.02342477225175,0.823257995343877,1.90396954532467,4.63722864384064,2.19493743964564,6.15174540214598,3.27391458333029,414.33755635722,312.37641302332,215.170743669832,293.060188033565,332.751650348692,2755.2109194608,5576.10262685975,364.072057188949,1551.07578607881,3796.41405634097
100,0.215,0.825,0.356446462328954,0.140393708864946,478.246871304603,924.869251041088,192.551785564447,326.781948325596,500,0.869406589480773,1.02826697898568,1.12883102566738,1.7876014237739,1.38878262040649,1880.64780503313,935.82004131128,579.667431155134,602.664634938621,605.683707176225,0.474113549756801,0.3667799730445,0.665688762737119,0.727351903038477,0.879780538580895,2.71977144805333,2.40271737945757,1.81395789496661,4.03302771256927,2.15830141366053,500.762742975294,404.50195028437,384.473343360197,376.021140787387,388.509357340822,44074.8693666769,22190.6291769218,1628.36067495584,2931.82552149675,1562.21923103658
100,0.215,0.825,0.356446462328954,0.140393708864946,478.246871304603,924.869251041088,192.551785564447,326.781948325596,500,2.36736255665821,0.642866637451915,0.857743319114555,1.15870988796429,1.65236763137253,599.025081083889,8682.15030203693,548.686993134736,675.687251102287,524.499948862618,1.43850702164841,0.429119429052975,0.686795406657685,0.828361074015823,1.07291893374542,9.49005330179516,1.08581548558635,1.06842899131906,1.73837398826036,2.90211124291134,393.911153810298,1885.012528577,332.859334511252,435.938016937597,373.824354757999,2468.99247276306,274294.339738662,1033.63603731082,1651.01109802802,1105.73883059038
100,0.215,0.825,0.257851105105913,0.163013034765382,717.370306956905,924.869251041088,216.991020822759,367.829941016634,750,1.29413295039199,1.05120549698182,0.887690403270858,1.28224590468821,1.67477207373193,915.542736662898,1670.46734149653,644.769883444907,631.685162885238,526.527884186982,0.764712000409773,0.699144087547823,0.641991301361448,0.953041169260986,1.23705064574665,3.02814128388291,3.07029920974878,1.22385960024265,1.89427501941535,2.34991903289038,476.356025409473,630.166529010499,401.871902979255,403.443965936171,377.404445831044,5154.02753633317,7407.75977378277,1578.82451785492,1697.68576632538,864.240137732875
100,0.215,0.825,0.257851105105913,0.163013034765382,717.370306956905,924.869251041088,216.991020822759,367.829941016634,750,1.00347173823524,0.962871751206993,1.64452496033189,1.69389002696835,0.812518145240487,1591.44629907917,1126.07056864259,445.479095894751,756.262685593647,1204.82851836004,0.717479167266623,0.565862008179477,1.28986872085925,1.08437493969018,0.371999240121259,1.30332717765502,1.75306409185007,2.17665378364489,5.80931433955704,1.65874608969862,753.733473473634,525.34486122366,340.90726577105,454.464971800174,520.339241474526,7201.01296529873,9608.17711355573,687.168970181967,3835.58736694344,43598.8974397594
100,0.215,0.825,0.199949825732212,0.176362016848044,956.493742609207,924.869251041088,231.101477737775,391.477054325248,1000,1.40058488250811,1.45717379897105,0.715266523546199,1.77473767673067,0.954086533334455,859.489228279088,785.648714976701,1468.07423402828,668.891423726037,2145.33260827785,0.853028244940762,0.905890530972845,0.514394972578324,0.783153151355898,0.496260345764375,2.22466784678202,2.27896781194431,1.12060753562613,3.56029233137938,1.54361419784837,553.927558744979,502.286157838264,696.4360975166,456.892776162908,844.795463048784,4064.78644773788,2187.23311701517,5886.5074222439,2266.98951259928,19670.7588433968
100,0.215,0.825,0.199949825732212,0.176362016848044,956.493742609207,924.869251041088,231.101477737775,391.477054325248,1000,1.2743361160589,1.15455995908387,0.751494230676542,1.77989223744601,0.942358234143958,625.346889699009,730.574592034463,15221.2169341036,667.499728102047,1191.50102864036,0.986265733649976,0.804065155625113,0.460517552927925,1.0938136003064,0.569565196646766,1.68521522930334,1.66735524516158,3.23937671798867,3.7346526482475,1.37068694053843,430.992480085128,457.899103342811,1078.24471844408,453.521555538923,610.178997036497,1174.43836204277,1758.80045761673,118561.142797684,1678.04379531589,5021.69061208239
100,0.215,0.825,0.162265605156944,0.185073900675987,1195.61717826151,924.869251041088,240.198467236649,406.701271141681,1250,1.52893279704202,1.44362260672552,1.17280833151983,1.12095196028454,1.01869201219473,619.192337940486,820.762222002755,1169.92573350742,612.058849433323,864.038973762317,0.982410803446978,0.648257759590834,0.780694964879648,0.69189479245344,0.716627871258746,2.17386651276957,3.8601664694938,1.75554105460173,1.80975042336408,1.56038020077448,426.074046132469,449.127644877422,629.578363949942,394.297827193115,499.028980880522,1651.96684062022,13268.2423852679,5159.66939934684,1416.29769527263,2723.45001995013
100,0.215,0.825,0.162265605156944,0.185073900675987,1195.61717826151,924.869251041088,240.198467236649,406.701271141681,1250,1.77784990245255,1.52145394271725,1.26522012511132,0.817044028623985,0.915021875226902,960.491084895654,650.231630777797,851.84658827074,1749.89808944219,1360.65561222357,0.84810558229616,0.806438445090311,0.477801997431722,0.493441199122249,0.595480973250143,3.8987933467531,2.40674582185931,2.19206478139679,1.18080391773994,1.4191267090357,536.737040167931,448.097756437657,520.751950338759,782.871474254577,704.231362913542,5046.75894973308,1561.33111569492,18487.9490547342,11630.3356949711,6005.06689140015
100,0.215,0.825,0.1359512118419,0.191167880250941,1434.74061391381,924.869251041088,246.512720866686,417.258528720743,1500,1.0127817165478,1.22767242398342,2.94899545593443,0.973848948181029,1.92033829626566,1273.83449476132,700.078204393511,633.402903510107,1166.92578932365,879.682575935916,0.690366235585711,0.818255504316561,0.955643849659238,0.654669686071606,0.754559739552173,1.66643481746046,1.91413856228504,7.00664446044146,1.4250494546013,6.42940053564956,646.716259253223,477.268717121838,477.6462831059,652.816621018175,522.736122243688,4929.709425119,1483.0649017197,2602.2972598547,3765.29634336861,3930.33322856091
100,0.215,0.825,0.1359512118419,0.191167880250941,1434.74061391381,924.869251041088,246.512720866686,417.258528720743,1500,1.34962252566597,1.25278409878396,1.55810194459796,1.3963456977014,1.03920246234016,736.309419566605,686.343793182364,1265.15630525781,823.799820508794,1769.37968946011,1.05321550130754,0.945107963502258,1.02182970112263,0.991648945494734,0.288842026953801,2.18516667784674,1.60560599749542,9.98179141947073,2.12626471656909,2.09102277079114,492.63500364845,472.747799213308,472.893009105332,546.257673299768,695.153855536164,1532.50899815254,1297.17723760696,5216.47649584726,1939.28233241787,13374755.6126793
100,0.215,0.825,0.116617315361724,0.195650660072703,1673.86404956611,924.869251041088,251.132776990115,424.977968864722,1750,2.41173027721557,0.949083881938198,1.2957760147002,1.12373999416682,2.13888489516022,672.937361616699,1338.04795286998,1189.39928316529,897.5063543512,608.196187703993,1.24948176698167,0.412945961437638,0.807078155165589,0.758568038132907,1.14323013375051,4.28725555747991,1.60439740411738,3.2607061159904,1.84165363198746,4.23199283239897,494.920405787214,627.369533681267,569.932906078292,523.193124179266,462.308776564149,1894.88671408826,32095.4734657361,6248.66884848127,2647.31401420386,1509.59674597686
100,0.215,0.825,0.116617315361724,0.195650660072703,1673.86404956611,924.869251041088,251.132776990115,424.977968864722,1750,1.20940026156543,0.728859681509104,1.11473960469036,1.07469448264618,1.56644826196072,933.1846288358,2864.88443311691,1329.04047693332,1162.1365120065,690.073905330052,0.72075016545666,0.450859709964568,0.769585865366688,0.752277595521923,1.15484750103301,1.93411513651747,1.00313953240301,1.88256346612912,1.56749824233054,2.45378712982867,564.493122365455,1137.20925387035,702.691351174603,653.924199599205,471.435405399904,3490.95131856627,64028.9855428267,6323.02294327837,3697.66107879509,1417.98935419834
100,0.215,0.825,0.553075327915399,0.0957972524877735,239.123435652302,924.869251041088,141.877032223114,241.321481188715,250,2.13994708699758,1.63488484703782,0.859489836176653,0.9372998616005,5.6477281097155,398.151925390157,619.970933340503,389.188736491869,3927.24903578059,3010.26294982127,1.23517265938909,0.984115562092331,0.614962069626082,0.365479309517561,5.64515615188558,4.2603538678493,3.26785791355834,1.24820138225034,3.9489199093886,5.64515615188558,295.434592425533,355.863036570037,265.371246058377,490.441319024678,3009.94081267534,968.042200240304,2465.32535918572,830.179679421091,131169.456753753,3009.94081267534
100,0.215,0.825,0.553075327915399,0.0957972524877735,239.123435652302,924.869251041088,141.877032223114,241.321481188715,250,1.16643917340382,0.879390856978043,1.18199895380791,1.13870101875031,1.10877304461853,640.531644204959,1383.87803302435,278.875728077156,2032.00922094619,944.617568649082,0.692258441946098,0.581849911743236,0.842554347575257,0.582116332130013,0.542761807913922,3.40417209134841,2.35646521182816,1.84129539557212,4.89816492608162,2.41898966886582,323.822046017561,496.620418591297,211.978466187856,322.412638168477,377.722987654077,4479.36567029035,11716.348632483,449.636683397831,59873.7680661845,14407.9232190578
100,0.215,0.825,0.356446462328954,0.140393708864946,478.246871304603,924.869251041088,192.551785564447,326.781948325596,500,0.698529365586392,0.949430500790703,0.686826558139126,2.04444989881337,1.31891143098222,2513.14627124613,825.436330453059,1283.69723429554,508.603360635632,991.044118573838,0.405036329008774,0.69765244331875,0.488472527291639,1.15936049012679,0.492395962593259,1.54293834246466,1.41415819462046,0.988313445534124,3.29184433607158,3.09200176304229,739.348516527841,450.585833259675,611.390531464427,369.831343252872,448.751294864545,46477.8454321453,2273.09599427947,6160.48641274646,1096.41023305209,18206.2580134531
100,0.215,0.825,0.356446462328954,0.140393708864946,478.246871304603,924.869251041088,192.551785564447,326.781948325596,500,1.79166658739856,0.793891625323132,0.920277383342535,1.02736811344059,1.29396912264398,530.493217256578,991.93692918504,616.503730499565,1308.96905402609,1149.11862997316,1.17781805063582,0.574382096181543,0.662099603801436,0.588566868294825,0.89811339296374,3.13243924995372,1.22157283880951,1.27926205788996,2.53063031513219,5.40589848479875,369.811826251939,490.405521053381,370.36084147013,502.550534039085,478.200338622746,1132.11197965879,4447.04606136033,1790.23123377921,14335.0678131308,5427.59352892468
100,0.215,0.825,0.257851105105913,0.163013034765382,717.370306956905,924.869251041088,216.991020822759,367.829941016634,750,1.6130711648381,0.87868205827795,1.7414430719944,1.2799508140961,0.92539098324544,615.815799904281,1645.21468298685,652.790549491545,768.493813290809,795.953098387169,1.17963816928692,0.504395228187898,1.18745566263728,0.738028211045188,0.539695658015364,3.36691004901,1.60702454583532,2.96241674383961,2.50972552127108,1.58724557084301,426.531637896135,611.933410000659,436.039128723927,449.563751151838,450.727779385651,1268.07815500554,41023.6013301078,1265.98163899225,4123.90874915299,3665.80580549483
100,0.215,0.825,0.257851105105913,0.163013034765382,717.370306956905,924.869251041088,216.991020822759,367.829941016634,750,2.68124697360216,1.23615374348524,0.985345508758021,0.865745170542454,0.936610603738314,762.485969017256,752.0128712071,808.342962503477,1467.49788962888,804.736591539586,0.704816672645739,0.815936955621293,0.706241762394533,0.606566849812023,0.679492487327159,23.4414336931311,5.50237408813792,1.96476609231586,1.26304356642779,1.3739797024086,387.868120594329,405.257180834136,458.565663394152,691.347345683545,494.92323708042,3289.22522988268,1926.67043432798,2611.24065418763,7280.35254793829,2051.58908841689
100,0.215,0.825,0.199949825732212,0.176362016848044,956.493742609207,924.869251041088,231.101477737775,391.477054325248,1000,1.07967772216719,1.46260170196893,0.776371415015683,1.03881651410583,1.28829726857936,1023.18663676153,671.546826749401,1224.20863974665,882.970583408569,785.387821107797,0.661092479329583,0.776850858814393,0.489078040742894,0.617081687328112,0.749818370277396,1.49714813726068,2.54155694997856,1.36808824218615,2.24502545840687,2.42435793180939,543.480031558474,442.07734744509,560.611253090563,473.259044572428,468.402899358787,4025.12056843837,1817.51183241488,6794.06435539526,4279.48689128537,2956.48256403745
100,0.215,0.825,0.199949825732212,0.176362016848044,956.493742609207,924.869251041088,231.101477737775,391.477054325248,1000,2.06978446197032,1.26010525521017,1.34725356385344,1.04897251871771,0.812324661372484,594.785012648925,1224.36702685722,700.860000004153,939.769196545733,1796.00522552914,1.46767597813709,0.60761577544748,0.743611804497908,0.778393788298243,0.459499291750042,3.45534429545106,4.30046145977251,2.37222432075583,1.74235193202069,1.4487511317364,441.308682604655,507.091949252579,473.356633969798,522.516077196381,747.652617177554,1022.10666005068,19185.832538743,2048.57710268688,2312.04246765266,37031.6336807465
100,0.215,0.825,0.162265605156944,0.185073900675987,1195.61717826151,924.869251041088,240.198467236649,406.701271141681,1250,1.38703830224037,1.24995516137638,0.796506586702405,1.09649101971528,1.35382722967916,786.335094183273,711.874239822792,3644.49607713481,873.052558004666,956.80092702378,1.01686482240171,0.833057588714373,0.270911526732756,0.643668884828037,0.856544509276743,2.13951040052644,2.08344917473804,1.59427367576584,1.49375142831597,2.28509826559884,518.459610563685,483.119084027209,913.090695462523,550.837949776903,574.111663811834,1680.17940554986,1640.03209382329,49506663.1498418,2514.89175399243,3503.29272039907
100,0.215,0.825,0.162265605156944,0.185073900675987,1195.61717826151,924.869251041088,240.198467236649,406.701271141681,1250,0.930890769524046,0.977547254115765,0.833206675467635,1.44890543742147,1.39358212968654,3354.81002882499,1201.0129746168,2536.52218380711,531.152334047562,709.32170074931,0.551333740632603,0.741690512952814,0.393827353047494,1.04773722695469,1.0529809154249,3.76651830496701,1.52693265518084,1.70135262672589,2.29395025750267,1.88892783309255,936.989662272002,613.796611454116,807.687560891275,400.175706013628,471.77558227509,25455.3682132142,3547.6326419643,300387.572669104,813.546596360512,1401.39863594238
100,0.215,0.825,0.1359512118419,0.191167880250941,1434.74061391381,924.869251041088,246.512720866686,417.258528720743,1500,1.89461437675755,1.16401718472614,0.739574988524816,1.24032226678995,1.52074470699307,571.019554711957,792.798968021992,8437.01171547573,671.1126736925,1166.63825160987,1.30783912616408,0.733541211523564,0.247388997185625,0.928777561687291,0.980615080333235,2.9056645147552,1.71174146169752,3.59312820470814,1.63951406307814,12.7911832003431,436.53301488798,491.617818511466,651.095108061685,468.733526359205,545.927314278833,1050.38914981533,2198.74474871417,588888859.802791,1285.29523541865,9175.43185091413
100,0.215,0.825,0.1359512118419,0.191167880250941,1434.74061391381,924.869251041088,246.512720866686,417.258528720743,1500,0.974732133853538,0.842463117634289,1.69135103859101,1.28823486738786,1.23749247429298,1458.09006067702,1547.05726128746,966.062294178296,1182.47274739037,981.749346476631,0.649829341593632,0.405101803176434,0.824221408363958,0.65521280091801,0.658214484251765,1.42648219036208,1.46492936151354,4.46707117402181,2.4926380937473,2.54227334331688,732.596104101332,662.330617167516,549.013603529538,614.882197201067,606.142994441084,6878.79178916678,48089.8265563746,7286.34842678228,8423.40983354449,6185.27059191843
100,0.215,0.825,0.116617315361724,0.195650660072703,1673.86404956611,924.869251041088,251.132776990115,424.977968864722,1750,1.04012724472339,2.01789376665391,1.00852955876474,1.03697339080212,1.31427195556943,1516.4128630829,492.404400627054,2978.6347920107,846.206986528895,662.593782499735,0.571024417913517,1.36459177891815,0.488546647544329,0.769716514120965,0.822997824540805,2.03361034727792,3.20294303634878,4.0380107731356,1.46677225139956,2.01079469225732,670.517850006422,386.990145789121,815.909708591125,500.9379958451,446.084210342743,18404.018077566,749.036067505879,103669.10349851,1800.54848976361,1430.32692583529
100,0.215,0.825,0.116617315361724,0.195650660072703,1673.86404956611,924.869251041088,251.132776990115,424.977968864722,1750,1.74159567742501,1.26131276077006,0.629021261137662,1.08379645667961,2.33417985067357,780.977834821095,985.940452723857,8275.52038637419,1638.8998157398,961.806122501249,0.930267530695327,0.777535594374262,0.347956680935026,0.739571561611921,0.794080116992474,2.88250807721669,1.89715650656079,1.14017702254118,1.69039488663644,15.8353949504055,536.850096028501,613.511801689968,1749.22774249664,795.394120917893,477.72527438941,1779.9897761227,2560.92771190401,850249.757539403,5573.94509399386,4737.83514655152
100,0.215,0.825,0.553075327915399,0.0957972524877735,239.123435652302,924.869251041088,141.877032223114,241.321481188715,250,1.08582201900991,1.5918084872147,1.32027706686557,1.02008722536731,0.851715825500464,1651.46499674257,467.987603545274,194.481797186579,970.339017938587,2587.0628503013,0.628871312463203,1.09161688404509,1.05248625480073,0.649383641645505,0.407963872306972,4.51038399652226,2.47153500363771,1.6146370850322,2.06747914701426,4.55782091047455,506.982527582771,298.904286957843,158.591885340284,455.981711511127,359.312628923441,38617.5085648649,1183.73124731973,260.385954794146,10247.26424235,755051.191052166
100,0.215,0.825,0.553075327915399,0.0957972524877735,239.123435652302,924.869251041088,141.877032223114,241.321481188715,250,0.964327821983416,0.805787984304481,1.19732635413268,1.02328523572271,1.91892219384717,1920.3648491394,2744.54551306566,283.616945677099,577.541246526209,537.070819719356,0.479163427839216,0.501844695173544,0.847730735017264,0.625683826465474,0.896281863753032,4.74672841098199,2.62890515624685,1.55458835988297,1.56297129748556,9.27572154477616,296.858207973848,704.358735461145,214.552708376595,349.187778016357,284.68941714604,133326.353755218,101972.490849014,436.621550358786,2499.96041385587,2221.46059429895
100,0.215,0.825,0.356446462328954,0.140393708864946,478.246871304603,924.869251041088,192.551785564447,326.781948325596,500,0.894459215810838,0.744062947330212,0.981380791651954,1.24809777396288,1.83363651191038,1099.569462838,1388.20691453978,635.455152944412,948.740540649973,795.043832985722,0.614836336073329,0.528027659151696,0.578694002473051,0.675902799977878,0.693261096488258,1.38176540741899,1.30363052204434,1.48850942839887,1.98092642870581,17.5319893911948,541.809560223539,563.132090727392,391.127825297387,475.107002152616,356.622920205535,6081.3715062556,6843.95986084743,2411.3200047599,4735.45355869871,6590.47953551054
100,0.215,0.825,0.356446462328954,0.140393708864946,478.246871304603,924.869251041088,192.551785564447,326.781948325596,500,1.48928599094574,1.50997717176834,1.29152399658667,0.788172408954582,1.39716824282051,1128.68092855268,683.685146887993,603.841463811144,901.114693784682,757.685397209413,0.661278691804759,0.7102132329787,0.794192741008284,0.510511469677357,0.719627245749153,10.9264875111654,2.89150768525127,2.46275402365717,1.14934008330619,2.68123453568648,378.866722441034,426.317378150961,403.254298235382,474.362272343496,441.975645103043,24528.5319391899,3263.47362262551,1472.35038680583,3764.07880139087,3736.97200705225
100,0.215,0.825,0.257851105105913,0.163013034765382,717.370306956905,924.869251041088,216.991020822759,367.829941016634,750,2.32378814330007,1.07168145892363,0.73763439006374,0.962201253952124,1.26197370546229,445.48015595274,875.433847676437,1316.02301917429,1122.10128493796,627.388620464111,1.28201779279582,0.857379772873305,0.444450616979104,0.294636688351953,0.886275178814995,3.67562006131983,1.43144200878743,1.24732455911184,1.87968369747878,1.61510238262534,349.803444949305,480.423068184756,531.705776685164,462.78646512775,394.142222987788,743.797346893181,2421.37905026931,8114.19638927578,52475.7698726999,1375.15834302027
100,0.215,0.825,0.257851105105913,0.163013034765382,717.370306956905,924.869251041088,216.991020822759,367.829941016634,750,1.24218563575194,1.72368238742766,1.33684320610177,1.60874387995566,1.00612348926455,1034.44702846676,772.63789076938,608.775226467414,527.961468253891,1079.96845817072,0.942901047710405,1.12090169301882,0.715927532104369,1.03626388736643,0.458158915875853,1.71229665413833,114.482935717924,1.91077838868512,2.93310515189288,2.15370851233411,581.186472516861,389.268455917494,380.710951742313,376.204305128404,489.162002431964,3148.87467339797,3091.8787556981,1903.81666668171,1109.74490281384,15213.8498568104
100,0.215,0.825,0.199949825732212,0.176362016848044,956.493742609207,924.869251041088,231.101477737775,391.477054325248,1000,3.24742137415452,0.934465626177231,1.49716647836588,0.701748346136759,1.1834834301386,689.726979849332,988.881491304487,544.55696057795,2214.98007504117,849.453947742507,1.48021481115873,0.683522831006655,1.09794362069885,0.449355128185847,0.668618451544372,21.0914361108882,1.25242443006466,2.07335412588549,1.04232973617347,1.72608003885559,426.413454149753,564.396890523947,397.87274577316,855.004868617634,520.637076196684,2512.60394669283,2715.0294724782,923.253596448026,17839.4408269265,3310.55148309753
100,0.215,0.825,0.199949825732212,0.176362016848044,956.493742609207,924.869251041088,231.101477737775,391.477054325248,1000,1.15816577999154,1.1890015231766,0.79165170709205,1.52049252993349,0.922993533944023,1111.12812973405,715.159448199843,1936.3743498676,678.874050076086,1319.73978646263,0.694786072481557,0.796628019553674,0.610623961483292,0.993885125909471,0.553513873832279,2.48451136839511,2.0705138196513,1.07513117268507,3.73176291099753,1.61510240891887,552.120956408531,468.605747781868,807.49481981005,461.574431164377,608.068608431969,7096.56420306819,1757.08242534442,10861.3775120099,1513.88359430027,9943.75843337296
100,0.215,0.825,0.162265605156944,0.185073900675987,1195.61717826151,924.869251041088,240.198467236649,406.701271141681,1250,2.12862689978406,1.75988871319219,0.903852238459405,0.987098768232133,1.4457283469687,623.882203325491,663.089144736277,2753.10742455976,1462.78301189741,638.630052620265,0.779731103777685,0.999460004692165,0.431985905801114,0.568465431130695,0.767576429502792,6.00263051744511,3.9034203270304,1.62388255559027,1.6212198232739,2.92403896433796,447.76632672434,452.163361675733,941.994096299744,654.82277358239,443.032422471628,2880.95539446202,1562.39771160376,143960.696889704,10817.5874621537,2106.28990703258
100,0.215,0.825,0.162265605156944,0.185073900675987,1195.61717826151,924.869251041088,240.198467236649,406.701271141681,1250,1.85572851203612,1.06221428538526,4.42890363221921,0.845823108552504,1.06534594592182,493.71343339648,488.700727056763,527.752868242625,1514.76744520175,1226.66703215604,1.13887193093434,0.860838869779777,1.44344998819271,0.458250117912382,0.805907440326032,2.86690648260248,1.32195286386004,32.4485202008953,1.51011044092825,1.34568937581079,387.868598767939,329.226942592686,419.48480531073,620.776444624045,616.871762502523,804.046870600434,787.662340648589,1460.99289668404,17018.059460797,3133.29548740028
100,0.215,0.825,0.1359512118419,0.191167880250941,1434.74061391381,924.869251041088,246.512720866686,417.258528720743,1500,1.38010408458615,0.998141368781971,1.25330606768947,1.20142924925568,1.13826063452493,933.592222240412,591.904027516138,1189.59378095301,725.195346415862,815.906956606161,1.01372734227059,0.724102699579038,0.801644441603189,0.870064660750943,0.721508555473718,3.72307086924146,1.26920925152348,4.44665683501634,1.56375696160466,1.70468949076204,483.507619796999,383.712556096796,570.636488264538,448.929894307313,502.476752268626,3487.53052840589,1308.3079083255,5855.8822630518,1801.5684568597,2562.51346106744
100,0.215,0.825,0.1359512118419,0.191167880250941,1434.74061391381,924.869251041088,246.512720866686,417.258528720743,1500,1.50869748312364,1.71948024033165,1.52707327489049,1.05914483379499,0.811180849547915,887.769390227473,653.737441564923,1225.05014605162,1114.38360305791,1305.36198113756,0.885839014167601,0.922315695593899,0.548893406541077,0.66580480612174,0.588319668098455,2.61666836134455,3.76537345621932,3.46244734720148,1.52824494552383,1.1629777863421,563.997186965729,470.263241828745,591.854527422515,633.221800759644,704.990036109229,2653.54170425313,1789.50092510585,82425.7846711076,3951.08431454689,4596.14499228606
100,0.215,0.825,0.116617315361724,0.195650660072703,1673.86404956611,924.869251041088,251.132776990115,424.977968864722,1750,1.07966116651539,1.2254738379855,1.11510615149002,1.07034441992473,0.995858733716166,1178.2259809902,906.917201645086,1022.42087179969,1714.24890348098,776.9693677233,0.687655835038858,0.920602853760223,0.583951237958841,0.681487708618553,0.77700715781062,2.57452859707281,1.69688090694529,3.77880471962254,2.35182798392398,1.45597459193513,582.973555005655,571.400367687781,525.332721765116,717.759053644544,503.793725581074,4089.57991847668,2183.43324205331,6812.96068118009,10636.8406566131,1606.13789838784
100,0.215,0.825,0.116617315361724,0.195650660072703,1673.86404956611,924.869251041088,251.132776990115,424.977968864722,1750,1.10825024612143,1.11242725727291,1.19362885270252,1.81029928028738,1.18379184446142,920.529573337053,811.314478836979,1446.32737269816,694.255070675981,846.342461840611,0.732780612778154,0.721355284780265,0.597942058155077,1.20943392162142,0.783763810704237,2.09770961848541,2.0299501319122,3.9940120669343,5.04779059265368,4.36157290948499,535.201114285444,476.460519585588,554.133984672139,477.703246833143,498.122316023781,3054.72153099622,2108.91772096974,35883.9667500771,1435.22933134122,2306.59953856389
100,0.215,0.825,0.553075327915399,0.0957972524877735,239.123435652302,924.869251041088,141.877032223114,241.321481188715,250,1.65649301315021,1.77541969206034,0.982463829281323,1.5845904728298,1.1879050469506,568.554828100182,558.167801325066,254.321408293265,663.304516607363,1559.01456214598,0.852846544866833,1.29341525006377,0.78137789067416,1.19519869143083,0.510387251693464,2.65780639988903,16.3092545429329,1.23698051035581,5.8723602367524,8.30355495397162,355.278839119838,280.374991804917,188.40222949868,352.97183968169,303.532536208119,2244.90185546162,1850.42793771117,376.247920974834,2422.63947171059,62034.1065086464
100,0.215,0.825,0.553075327915399,0.0957972524877735,239.123435652302,924.869251041088,141.877032223114,241.321481188715,250,2.57016985490391,1.31302073487384,1.246884921693,1.26775979192117,1.22927740188975,483.145392615699,1376.24750613203,267.078624248665,509.295166597231,507.078186603332,1.39187731503376,0.580982994166495,0.971491513700764,0.959685630284891,0.885334889589825,8.11035426286309,4.65727453258305,1.60296273066835,1.78410650716702,2.80874491403017,290.722016669049,312.112211820224,201.24483339552,311.756678394342,308.984725670931,1422.40167692482,4750.06759306628,403.796124369445,1139.66431810048,1516.56663409283
100,0.215,0.825,0.356446462328954,0.140393708864946,478.246871304603,924.869251041088,192.551785564447,326.781948325596,500,1.21672906326197,1.40931803974855,1.30790271932829,1.34489734701645,1.45064696325413,1470.87022616288,761.790399772759,424.148675062195,765.015970952991,485.220035796054,0.676114566210327,1.02441106216073,0.963711196528759,0.93303213387075,1.0118529158394,5.64811515950107,2.41907638385147,1.76625614767485,2.21363202988848,2.18585295443713,436.053500721046,445.530287841888,318.882320762611,443.193902338617,344.896934466631,16267.4689818785,2285.75356918086,749.752146203931,2549.69662130124,852.388142275605
100,0.215,0.825,0.356446462328954,0.140393708864946,478.246871304603,924.869251041088,192.551785564447,326.781948325596,500,1.71618585906526,1.73256463596464,0.934991712239063,0.9361016809549,1.20162570382197,674.31190216805,563.114206739195,642.451185028733,907.859488393074,759.946266089555,1.19133404145299,0.939828550149473,0.549710620482118,0.615188309762974,0.873105905018999,2.74322180789971,2.74195399025226,1.33772394521475,1.23134344452775,1.84160611528579,403.001094950125,388.28368328912,392.905657684731,475.009404610824,428.340559743395,1868.14802257674,1541.74029190238,2151.27054267532,3480.75679714913,2081.5258686965
100,0.215,0.825,0.257851105105913,0.163013034765382,717.370306956905,924.869251041088,216.991020822759,367.829941016634,750,1.55231217761176,1.44131975928,0.974856305929284,1.52830061716301,1.97041328088177,806.551019540385,558.315465789309,1070.48887087177,724.768294480154,507.105767186245,0.733441366355954,1.06409529524633,0.606588332147691,0.841785106536497,1.06615094791889,4.63026996115795,2.01210784730555,1.57919229503587,2.50799714461407,3.09401080166549,435.587524335539,385.46584804514,577.409178751872,452.808166799436,384.858126780781,9009.51238308659,1028.49331925432,8827.14946036546,2275.57578608653,1045.69523928998
100,0.215,0.825,0.257851105105913,0.163013034765382,717.370306956905,924.869251041088,216.991020822759,367.829941016634,750,1.39488263205567,0.89949752731167,1.37092225476094,1.00803499065384,1.06276824621258,883.655198691919,1722.45721181093,545.167944024189,1510.72431403223,1068.05348499908,0.817281496384032,0.569880958837726,1.09224837677197,0.735471534113738,0.793757503180669,2.57565587541456,1.3775455370144,1.91497020312873,2.39568853214293,1.67345003262308,513.250855714198,751.764265563105,384.12913056735,624.594733655196,594.17412291046,4184.35247211009,12668.2742433233,1014.84310470311,7766.76196648637,3487.23053556346
100,0.215,0.825,0.199949825732212,0.176362016848044,956.493742609207,924.869251041088,231.101477737775,391.477054325248,1000,1.35052692370945,1.09412501296047,1.10823985835728,1.11669764436914,1.5564142573969,551.507402685446,904.454998355033,1299.45656409516,1048.07094209726,906.469928360252,0.942370746625206,0.768981496165582,0.523765106425258,0.771912834848727,1.02656594933705,1.97317328047549,1.61854296871426,1.95236368238282,1.65003284544967,17.8243649798841,391.181985524419,544.605045134289,596.550755015483,558.95938756571,440.502459925463,967.472923914557,2446.93986888096,53129.0575758621,3833.59626224222,3631.81897709408
100,0.215,0.825,0.199949825732212,0.176362016848044,956.493742609207,924.869251041088,231.101477737775,391.477054325248,1000,0.971885353998842,0.964896601672459,0.978409493417844,2.20151866776534,0.838391128437564,3207.00915558366,1699.52332617223,1046.71678565,461.787305834915,2286.93707910187,0.332561885286873,0.539167316675698,0.667564050109849,1.12165087330992,0.541695370419337,2.30377633567497,2.14089444876464,1.31080341597351,3.12001188920445,1.22970358471982,822.294916849175,624.803046990897,591.672865153507,376.845693501433,987.297529787722,1895584.91978606,15543.5087599523,3008.13742718299,707.825885386026,20402.1887862098
100,0.215,0.825,0.162265605156944,0.185073900675987,1195.61717826151,924.869251041088,240.198467236649,406.701271141681,1250,1.88072845591384,0.636339469067963,1.71519397576678,1.2978881541982,1.40652513363848,616.32670599864,1574.28886530966,805.846381786949,671.660945960912,558.640955488069,1.24123986003782,0.417322765803616,0.926084651155854,1.01409362863953,1.00979058958295,2.66955998571975,0.899888806955457,5.17314872312142,1.69736671286266,1.86704036052367,432.770539345719,685.078456415734,471.052036387241,429.171959959796,409.556325382922,1251.14418897,11631.4321803127,3928.24117994108,1427.49331203028,1146.04556226483
100,0.215,0.825,0.162265605156944,0.185073900675987,1195.61717826151,924.869251041088,240.198467236649,406.701271141681,1250,0.958200749531676,0.741375682241775,1.00510419371898,1.60619518166744,1.67788318027748,1305.32567254285,3346.62941963892,863.945494683816,707.209298078264,639.935589547838,0.651407692668735,0.503004186797923,0.619940610995938,1.05924335453225,0.939230760990332,1.54503485805404,1.16969273907247,1.66888309748741,2.52810931654319,3.13542813100829,648.050786975604,1044.61093139748,492.610016300725,458.860071767804,465.813067279154,5275.64525128705,47819.898082318,4028.01009416343,1418.23588467748,1836.94082499514
100,0.215,0.825,0.1359512118419,0.191167880250941,1434.74061391381,924.869251041088,246.512720866686,417.258528720743,1500,1.79594903564975,0.781832081638443,2.60894370507214,1.1742583372638,1.01100334666198,670.126192806383,1463.45200780516,626.610538590471,744.42995252167,811.902990470736,0.482329450451303,0.368362158280292,0.850234968151502,0.797431920874856,0.572940641626614,4.16661171309527,1.23149483935112,84.304907365341,1.70703328001613,1.75911240671433,472.920451806833,661.890210903703,422.763410335822,482.994710363723,475.497139050336,49540.5329506641,34866.1848148117,2885.20259575514,2129.96359280386,4715.36580637345
100,0.215,0.825,0.1359512118419,0.191167880250941,1434.74061391381,924.869251041088,246.512720866686,417.258528720743,1500,1.01941512658846,1.31376924678589,0.861261866080791,1.02596663466907,1.22021789791883,909.944089694822,673.779441775359,6066.64526552709,2142.83888751062,883.288025499693,0.831165674491582,0.938038640749152,0.701074412051486,0.835635294372511,0.964679524692753,1.30649247835608,1.78955465984512,3.89636687364224,1.44662006680326,1.57580751553075,576.879723168468,479.019002019331,1536.65890812547,904.097362747284,550.241596399657,1989.75923656401,1392.92283296448,25566.4609559356,9089.32646177916,1772.70902931696
100,0.215,0.825,0.116617315361724,0.195650660072703,1673.86404956611,924.869251041088,251.132776990115,424.977968864722,1750,0.656385565096472,1.4116324842939,1.63913320003845,1.69821968289138,1.56944982912448,3091.63097245369,879.693801551565,961.265176900544,677.870988633306,693.619680225664,0.401862578227212,0.945862737142226,0.902755271731232,1.20876692661709,0.999703906938477,1.20485190596751,2.1353855731627,2.88470884035048,2.40129525486342,2.49337337642505,880.774656116134,574.14707188041,572.413994581599,486.188223818076,482.944571942026,53863.2757609346,2268.92552752668,3742.92456343806,1242.89293147178,1285.12160063947
100,0.215,0.825,0.116617315361724,0.195650660072703,1673.86404956611,924.869251041088,251.132776990115,424.977968864722,1750,0.952469069734776,1.91756148061032,1.63025427743279,1.58241169525166,1.12091328437231,2121.99320176414,658.88580993142,1049.76479624892,860.547944374437,1116.89698099511,0.56482896306834,1.06219474354266,1.25507816674942,1.09329579158746,0.464719555668064,1.24259767340808,4.12679090305515,2.43865146973862,2.74453284234756,2.76108737610727,962.819241064888,474.017888782809,656.395303017262,560.512839027403,555.452971811501,13167.7492398331,1392.59501395195,2181.61159669179,2022.52517278306,18551.5815769111
100,0.215,0.825,0.553075327915399,0.0957972524877735,239.123435652302,924.869251041088,141.877032223114,241.321481188715,250,1.27609071488157,0.9118771873772,1.12867387299902,1.95274112807998,1.80792929929664,957.630889247491,1200.46485707268,199.682477140786,421.344503057117,551.47996727312,0.95489242023893,0.298542281873275,0.90808741591958,1.01962510555242,0.759425615702214,4.68326665213759,1.52930067257119,1.41230074650972,4.25333790874398,6.89029730657058,423.09680243278,468.16881767803,155.223924092605,271.633492274657,263.530768382509,3009.28690563247,158584.764134163,269.887715299509,1508.58648211079,4341.47376264651
100,0.215,0.825,0.553075327915399,0.0957972524877735,239.123435652302,924.869251041088,141.877032223114,241.321481188715,250,5.01647626939523,1.01162921925764,1.17209002744819,1.43312390615878,1.07076110026805,362.495701307457,1379.25791679633,275.437329205459,563.816039825634,1135.44331355587,1.85255367217427,0.56159920135993,0.882689800328421,0.927837604865884,0.589870681045379,10.1883534460479,3.5478963018372,1.55819784557541,2.09045572696173,1.54209012735674,272.001532897947,545.393591988652,211.619039871141,341.573419953752,538.982611234732,930.366905022754,11878.9449854737,399.760749237615,1474.09893657557,6403.9353532008
100,0.215,0.825,0.356446462328954,0.140393708864946,478.246871304603,924.869251041088,192.551785564447,326.781948325596,500,1.09351486074655,1.26170698081362,1.08483065502054,0.944924873846297,1.46089387904925,1624.94714091043,642.195593118586,460.948193076222,1072.36674316909,1514.99883404538,0.712239305345781,0.961141039806758,0.800078698690814,0.589538914090347,0.844616011607445,2.28711286787135,1.71446640457733,1.42688436139346,1.52342657833855,5.37973344442595,670.266117456341,416.249970569997,326.872063541121,486.811663449112,490.071854368832,11692.3264231939,1298.21036131752,793.687170593802,5784.82687106087,9270.67825950052
100,0.215,0.825,0.356446462328954,0.140393708864946,478.246871304603,924.869251041088,192.551785564447,326.781948325596,500,1.00973054033453,1.18574058060358,1.16767472823089,0.972567236151164,1.13593346929288,1126.76165549917,1170.3261266454,362.642545628027,2009.12775228554,1499.4640248879,0.735003998733144,0.779654417385637,0.93017340246271,0.639608250107536,0.63818996141584,4.59270028749218,2.51566377740034,1.49844753253523,3.21309759567379,4.97524612699959,487.807918999164,535.383412557583,280.525655825516,667.358780216128,459.870469298821,5423.73191453407,10013.3148384997,531.00124954775,21337.7135698503,29070.1722330666
100,0.215,0.825,0.257851105105913,0.163013034765382,717.370306956905,924.869251041088,216.991020822759,367.829941016634,750,0.716461833776961,1.61403383122389,1.51604102536507,0.983326924434098,1.58333889674565,6998.08616744752,635.061570679888,617.365660879269,1176.48962984487,671.368750262956,0.475187171478825,1.04425417496041,0.929494103000923,0.614272615517541,0.809312219356673,1.44678712070342,2.55723363190396,2.78392608918633,1.82688497008955,2.99030646201145,1465.9743176665,431.010586717621,424.917999657433,569.478147501943,458.79918961759,198528.847771951,1228.3266236382,1586.2135019632,10813.2389106151,2243.11381053358
100,0.215,0.825,0.257851105105913,0.163013034765382,717.370306956905,924.869251041088,216.991020822759,367.829941016634,750,1.39561712449221,1.49965501970127,1.2900024059007,0.879019838554995,1.32078042927479,864.232136489166,847.864584834221,470.904742158065,971.28163150641,907.821490310532,0.810967324173609,0.691400690045931,0.955653558344227,0.620192452081585,0.763115639855632,2.94743845899422,2.37650539465244,1.72974039249423,1.23782974721212,4.18678281641099,478.838948974114,480.952625170668,333.080010474537,523.048262879305,458.716077151575,3583.6852425183,4588.32189765256,822.08108189528,3220.76590178967,4407.88920866296
100,0.215,0.825,0.199949825732212,0.176362016848044,956.493742609207,924.869251041088,231.101477737775,391.477054325248,1000,1.5965037880357,1.33753838453931,1.08398695289779,1.13832452263473,0.994339338012844,909.231031847588,781.751284399859,1209.89357805375,1994.7163956033,941.608669450454,1.07046822804016,0.914420422165001,0.663270784392323,0.659368144638734,0.732395470104039,2.91599730039379,1.97268537098042,2.18531723046719,4.2486896133049,1.55705604574083,558.352365968497,512.021870400338,622.299906097663,672.508643019227,554.107000254248,2545.16451684459,1895.84508595466,5446.02512729133,21610.8452689365,2402.42236156527
100,0.215,0.825,0.199949825732212,0.176362016848044,956.493742609207,924.869251041088,231.101477737775,391.477054325248,1000,1.29934178968052,1.14918311353865,1.18726974184232,1.54366099929707,0.93149412971937,723.350888968407,1040.59078337034,1379.77854423988,723.516144654792,1157.69691315518,0.81965220033636,0.716561990162893,0.460015377108036,0.939229063462153,0.707182209108519,1.97652086394168,5.71779267376705,4.13459339048082,4.34097124721601,1.26861206759876,486.809909184893,484.988637862735,500.730264462892,457.176220844413,642.611039041795,2016.95415075825,4597.28321522743,55904.5173341409,2525.60031521744,3985.28007153233
100,0.215,0.825,0.162265605156944,0.185073900675987,1195.61717826151,924.869251041088,240.198467236649,406.701271141681,1250,1.14603743935471,1.14657447582116,1.44675651478701,1.80779224321853,1.186882504442,937.89188811241,964.932612688251,1133.64778920895,629.067357715747,1162.90589490088,0.88257101033656,0.689541113979067,0.880155558550548,0.978980983553277,0.901265688292077,1.55273461584235,3.1074810727852,8.23125359852368,4.77405975691697,1.69610356092672,544.531361667778,554.888013513512,491.485928962088,466.515517967985,632.964920446066,2141.84478998459,5911.82930012325,5316.88600087023,1648.48956693171,3524.91447331338
100,0.215,0.825,0.162265605156944,0.185073900675987,1195.61717826151,924.869251041088,240.198467236649,406.701271141681,1250,2.2972660607319,1.47183388253576,1.80227939989592,0.974471775209244,1.7446144119673,566.791669313523,751.685205287574,834.416600966437,1346.60764686619,643.788811503122,1.67404236713874,1.04387334544241,0.821608671068759,0.534878603393708,1.22809098413775,3.35810468849361,2.29317944718482,3.69121916039186,1.54912004796296,2.45773268329665,445.506606315546,492.724375661421,508.84593568731,646.769046320576,451.490897830389,907.716270471069,1560.31578338789,4408.93002667468,14570.816498608,1247.97344058057
100,0.215,0.825,0.1359512118419,0.191167880250941,1434.74061391381,924.869251041088,246.512720866686,417.258528720743,1500,0.858992183455418,1.20236042998908,1.40783266185258,0.947230147710823,1.34299184543347,1416.02757061502,791.18115669433,3020.71294974146,1482.74298766937,957.107288521497,0.550360129712619,0.722262571607884,0.75057446422347,0.658770947192978,0.805407990235922,1.2820618746928,1.88828045722673,4.63660544202757,1.3901366330058,1.8662233216203,742.316621383604,509.059249103864,886.745064138176,712.180201710021,617.019159471087,6575.82559816677,2087.18045876912,8121.3369651461,5165.63475978056,3048.78939209433
100,0.215,0.825,0.1359512118419,0.191167880250941,1434.74061391381,924.869251041088,246.512720866686,417.258528720743,1500,0.764815946322085,1.24228914858175,0.732981994219073,0.825994159196603,1.69097688999056,2546.09579967831,1169.31769973869,4887.36362966914,2393.83445393742,582.935162098782,0.407912031283087,0.83759786643435,0.495813581723,0.546680196026356,1.22348257522213,1.45610527545818,2.33967361975182,2.16185226511067,1.79705445714291,2.26263901818441,894.971830505162,619.034951228938,959.17501473933,956.082207997255,433.342485252191,37131.0828697868,4152.21145343493,127590.230776805,18950.7042239686,857.332092590053
100,0.215,0.825,0.116617315361724,0.195650660072703,1673.86404956611,924.869251041088,251.132776990115,424.977968864722,1750,0.9867244369914,1.12150275249676,1.48898869447273,1.39250249974816,0.810797697053283,1074.1187932288,1966.27295057259,873.934460903462,569.215885476854,2031.69654951771,0.61099521037067,0.575235755532207,1.00529853195395,0.961364307740463,0.486998617102312,1.32347312356944,13.5591349534391,2.30209421805162,1.96019434430083,1.55755985220236,614.290591538959,478.869038140026,574.950598621444,427.438574660797,777.580859615267,5704.34872027879,55494.3846103627,2184.29825774752,964.311492245711,26385.2906126216
100,0.215,0.825,0.116617315361724,0.195650660072703,1673.86404956611,924.869251041088,251.132776990115,424.977968864722,1750,1.01433562723047,1.04573908741848,1.95575077573767,0.910098711592899,0.83062843281109,1123.02961526941,806.909317252242,894.290258753839,2347.11502189122,1917.39461310624,0.719241184600206,0.569483177719208,0.596893202800785,0.393223524822247,0.326485349412535,1.55719481026026,1.78769265990814,5.98683157342468,2.20990288730373,2.16334804695424,632.636715997119,488.915483168926,528.701122456072,779.987799014364,664.462737846046,3579.46890952129,2696.60753306686,10853.1808473308,480465.892908066,287552.701890497
100,0.215,0.825,0.553075327915399,0.0957972524877735,239.123435652302,924.869251041088,141.877032223114,241.321481188715,250,1.52214450788632,1.31550239316989,1.13133562340534,0.942279866503994,1.20184207890581,938.284444696349,597.421362840862,287.514859978367,1369.83263700931,1632.71981795463,NA,NA,NA,NA,NA,NA,NA,NA,NA,NA,NA,NA,NA,NA,NA,NA,NA,NA,NA,NA
100,0.215,0.825,0.553075327915399,0.0957972524877735,239.123435652302,924.869251041088,141.877032223114,241.321481188715,250,1.28236805835895,1.86904264166735,0.825133519639636,1.09793657556471,1.46397819874043,682.993659531672,386.994598065046,313.709664108287,683.419888177759,525.663305419808,0.81368868771675,1.037790246398,0.618269471970947,0.758372073701682,1.09295412986389,3.05190669078649,3.3939409490584,1.12062509399425,1.95837886962583,2.57344459422495,328.959297906788,272.903406311917,212.29413900698,339.484443849686,326.220536005465,3024.64014412123,1067.73154659759,681.80592767078,3008.06955185584,1527.07894260549
100,0.215,0.825,0.356446462328954,0.140393708864946,478.246871304603,924.869251041088,192.551785564447,326.781948325596,500,1.82874176163654,1.13657231957079,1.0884505554037,1.26136562181081,1.08713135786161,547.546100266598,1258.75402364425,465.966903783923,697.782058941611,1767.77132993395,1.16500208930411,0.888698420593348,0.82112291432315,0.937150493413376,0.556885751252878,5.32437993473576,1.52763656624916,1.41264049578412,1.75983588992863,5.55327030496541,381.063770020106,615.446754872136,321.71738001558,447.958916768698,461.445400561789,1249.50285736022,4938.74466061566,828.460939054203,1805.79096359641,67189.5573762096
100,0.215,0.825,0.356446462328954,0.140393708864946,478.246871304603,924.869251041088,192.551785564447,326.781948325596,500,1.64231661971811,1.92069900929271,0.717603882641919,0.90985275807218,1.51875199682548,591.169536349755,437.73674880394,1201.36298011265,823.783699894855,600.685962584983,0.389237419366695,1.29223453285886,0.339169176015379,0.609810389027451,0.895183417886991,2.54767266872447,2.66400745728782,1.15808050212886,1.26644607909625,4.83974509972628,381.227407434143,310.544740552661,519.568746265934,443.196898068012,370.211068633212,2744.59213710026,802.736001113572,19102.0989661941,2598.44486269731,1860.65748580888
100,0.215,0.825,0.257851105105913,0.163013034765382,717.370306956905,924.869251041088,216.991020822759,367.829941016634,750,1.13689650714342,1.23050733579464,1.02771571823226,1.13965836710928,1.21478237761981,1218.73350584239,782.336213646728,695.875200050854,1994.75457987214,871.577271382831,0.856883828742179,0.67575535218742,0.488776468677544,0.549445005962678,0.856660997461621,1.78351621971834,2.02274722617265,2.02837716179315,6.43009234665121,2.45175383225735,624.18692264254,493.272148095873,428.499926247471,442.257655429826,498.893074704442,3631.81970716292,3447.35129718134,3394.04847640247,27014.4928485228,2815.9989295965
100,0.215,0.825,0.257851105105913,0.163013034765382,717.370306956905,924.869251041088,216.991020822759,367.829941016634,750,1.28491933167769,1.33610800973645,1.3465523412737,1.96635608964828,1.40490287099216,1146.88491630836,834.667416759332,630.675116439804,536.602893588994,970.913401980682,0.920942088525271,1.06423006659627,0.896764497389706,1.34675791001393,0.825697509132291,2.33716529465025,1.64807125834773,1.9740602770938,3.09088183694288,3.52276638418136,611.587355073071,515.970478893206,425.536461766982,410.078411522654,505.003576301526,4764.24317742906,1833.80356362828,1235.33275881669,961.942866275638,3903.51045577078
100,0.215,0.825,0.199949825732212,0.176362016848044,956.493742609207,924.869251041088,231.101477737775,391.477054325248,1000,1.21961377640873,2.28772446447404,0.953723756599954,1.33161699810888,1.1722116324768,1056.67584229971,898.935222402129,1347.65853805602,659.731951174506,608.835187593306,0.844089727477428,0.739182848167503,0.553205340660771,0.911086545277517,0.829632440750089,2.71073910061308,6.82366379429275,1.68033574524841,2.15965137358072,1.73414743946352,583.761563122226,520.760905128031,617.688026624146,448.081275067713,423.543184742872,4220.29377013242,3620.23677642665,14758.2163523924,1466.31018455121,1135.10968137309
100,0.215,0.825,0.199949825732212,0.176362016848044,956.493742609207,924.869251041088,231.101477737775,391.477054325248,1000,1.08743110264045,0.996588734818179,1.15387376137702,1.90723456319355,1.20848623618875,1991.81903834086,1377.48030468748,982.645089813917,625.09577780064,618.228982809808,0.601149021426427,0.562381777579901,0.629917210560746,0.908346141286795,0.878593761239535,1.90205403803723,1.85067736104682,2.16038948095605,4.16934329467932,1.9607500070895,880.040050690441,633.115254897175,549.124462508584,448.611913478545,445.193098437717,23542.3074491851,10910.8091017735,4224.38252648208,1709.39462077791,1299.09610892414
100,0.215,0.825,0.162265605156944,0.185073900675987,1195.61717826151,924.869251041088,240.198467236649,406.701271141681,1250,1.30840763538864,1.65185489755274,1.0198625011438,2.84238732314447,0.720146734295672,718.493377730301,710.258250760327,1236.52243793801,581.650917928641,2007.92551460157,0.762126850005229,0.887906695000681,0.81178895718846,0.967403934331955,0.503581260537984,2.37540988127911,3.00449881199014,1.33439289452284,9.21483847399792,1.03706441952159,475.412539275234,475.817660272265,678.676531267248,437.539576760399,839.706305393698,2076.11214568517,2231.28853772019,3638.20041411228,1762.37567930282,11773.8814692256
100,0.215,0.825,0.162265605156944,0.185073900675987,1195.61717826151,924.869251041088,240.198467236649,406.701271141681,1250,1.51459493050844,1.20684902581235,1.07420424617937,1.80865486571051,1.17184704694242,605.938857246691,1459.21639903833,1692.14662765885,801.03560328628,725.201279881813,1.10616710469052,0.565276631327277,0.76946682532115,1.19270994526378,0.75460866410082,2.36091711004439,5.68606980584669,3.06698683834082,4.06651697054062,1.8845719836136,458.431533670826,544.907321340811,667.031911253368,508.298314099573,484.232097888566,1021.29811503411,24364.6896102635,6963.79536983826,2019.66596058621,2162.00418151572
100,0.215,0.825,0.1359512118419,0.191167880250941,1434.74061391381,924.869251041088,246.512720866686,417.258528720743,1500,0.834927363629555,1.19613803436212,2.08470823063346,1.05437417722237,1.25483581490312,2817.20315669732,829.58089948294,733.559963784995,1083.9003695791,859.388434792914,0.323452776905575,0.866206688543541,0.939605355149282,0.534569598081442,0.967400564899996,1.63725224841725,1.7165894836063,6.47776298952506,1.64602523252326,1.7576018991286,857.309363316964,548.654888043563,486.820008763638,582.341689609129,565.990619024867,1934876.10793517,1782.49172056355,4089.05677535211,6400.73175808551,1687.58130870147
100,0.215,0.825,0.1359512118419,0.191167880250941,1434.74061391381,924.869251041088,246.512720866686,417.258528720743,1500,1.5038515373343,0.940133710290204,6.26118044591989,1.10685194588392,1.31235303759085,707.524279038293,1051.21894519348,548.000764324451,585.503402839876,975.541941607665,1.08824101742375,0.645351596586982,2.55072466877719,0.747704111431618,0.612922436062679,2.50545197633682,1.21994982683982,20.0686106579402,1.61406784503545,5.67752173951558,484.561023371423,569.430106684995,433.25966631637,403.095680197515,463.412408601143,1486.9352210725,3836.14734841256,1307.03307869894,1255.50984912336,24754.1514956641
100,0.215,0.825,0.116617315361724,0.195650660072703,1673.86404956611,924.869251041088,251.132776990115,424.977968864722,1750,1.45293359111068,1.07965207216391,1.25837112156239,1.35352240421586,1.10345248517639,833.927128751941,1471.74542147602,1653.87662814717,733.405450074638,1255.92301268921,0.953719427465905,0.62686164526566,0.842036152351461,0.826480487951596,0.749391078343735,2.72365637880123,3.11729074661192,3.52879891852366,2.13841796393784,1.65084319241879,545.435857200281,615.545914376338,692.861331109698,500.875804136464,669.561903216743,1928.81554464554,9126.63966412996,7584.99389950648,1630.82892810158,3769.85024931173
100,0.215,0.825,0.116617315361724,0.195650660072703,1673.86404956611,924.869251041088,251.132776990115,424.977968864722,1750,0.96046898920234,1.2357230676094,0.725310505279117,1.17430965481706,1.72280432902031,1029.46483470309,822.822159862713,23223.4257959457,1280.90664189272,753.73612870141,0.524490395844973,0.671086407965205,0.298730131220769,0.759338325348169,0.674053272093739,1.7279840817571,2.54295754833761,3.17133898178895,1.77398415899715,3.04620070068396,564.413645298674,534.98265562389,604.710171554326,655.152872374211,501.587930948261,6909.09528149154,3026.53670720338,80953359.9814785,4542.46676965117,3161.03402162594
100,0.215,0.825,0.553075327915399,0.0957972524877735,239.123435652302,924.869251041088,141.877032223114,241.321481188715,250,2.04806996760425,1.30258992538073,1.09894179097844,0.794045493111441,0.907605422902177,614.172091289846,662.20932761627,291.063153617624,14004.5682901044,1139.89856192892,0.595439658703494,0.716857335009305,0.858586058326159,0.412451244516884,0.494760954609155,13.4632131119954,2.87983568108096,1.41766445083546,3.07462162218811,1.57316899302462,295.776794480784,353.976576342251,215.79379358134,290.710891447893,487.642516971026,5494.36684395284,4702.37694478055,456.007582405191,79828.459647768,20525.2698356703
100,0.215,0.825,0.553075327915399,0.0957972524877735,239.123435652302,924.869251041088,141.877032223114,241.321481188715,250,0.697703303855529,0.947162418189281,1.0602692253157,1.42765920315555,0.818170358110289,2389.62678466632,1403.61461105156,239.279713938511,735.154954727947,2242.08809561146,0.500528793387298,0.392832941933658,0.853607321518299,0.939621173135649,0.322840060645942,1.57122380814514,1.75314599038254,1.35186968166363,7.58274098898916,6.63173775936917,711.43034067861,467.068737027891,178.882552606757,351.258192527552,307.748244620166,17909.205670401,140753.837379414,344.613211285758,2984.62060504179,1787949.94614173
100,0.215,0.825,0.356446462328954,0.140393708864946,478.246871304603,924.869251041088,192.551785564447,326.781948325596,500,1.70521707485882,2.30376608331686,0.801697286415628,1.69511840596801,1.0175390145832,631.031835405014,493.041036192152,530.986246240348,713.182650342781,856.889043382689,1.09074218762701,1.40025384944835,0.558379370787946,0.493984700842258,0.683050960670034,9.91600644261996,15.065689766644,1.35190404248343,12.0890337835106,1.64844757057269,370.668464009415,359.898451156612,349.481674918361,346.829799518482,459.818898422514,2933.39415446162,1337.36249621362,1426.24297779369,12459.4602592408,3448.99669413504
100,0.215,0.825,0.356446462328954,0.140393708864946,478.246871304603,924.869251041088,192.551785564447,326.781948325596,500,1.18925418824204,0.842003451806281,1.17444339661311,1.39748667553995,1.07013183240745,1051.29760805985,1824.73851822509,681.838710856217,729.790947815582,1325.4916947771,0.619112823655981,0.555558848125744,0.760544847734493,0.945065230729799,0.599150240634983,3.92050070401207,2.25355312271274,2.37696061713271,4.32342645709942,5.74391643522146,457.547645298431,577.349101984948,425.990718701395,427.068501035923,424.342109530295,8040.60054239647,10240.4173485313,1802.2822965903,1579.60001967586,12899.8298985057
100,0.215,0.825,0.257851105105913,0.163013034765382,717.370306956905,924.869251041088,216.991020822759,367.829941016634,750,1.21457951472603,1.16289710477176,0.913736586495972,1.4760251166908,1.26212690642601,863.91226400052,739.738974336725,965.008148774629,643.342089540319,706.737320979395,0.864164851574008,0.799340699605185,0.622160399429753,0.923210524590295,0.904170130661181,1.97140274033995,2.16699091948243,1.47642225015259,3.4519840480506,2.03389613862239,469.746351869582,446.734552283449,516.406791533777,419.833972519068,434.526230202697,2381.78682092085,2306.46740288133,4041.53907246589,1910.89552020852,1703.13299192419
100,0.215,0.825,0.257851105105913,0.163013034765382,717.370306956905,924.869251041088,216.991020822759,367.829941016634,750,1.07191160866847,1.02200479110144,1.06149153641059,1.10818103643065,1.5273460464108,859.940146228654,1572.23438816203,687.202909007274,965.453306644688,945.20629015571,0.725549480171445,0.48886959627893,0.685902088997271,0.606651033732821,0.712698094388319,1.77233241474083,2.12635427812594,2.04419259815491,2.3650273536904,6.13006077941635,492.691493398077,610.571757097544,454.731482759311,509.826273790307,462.4073206349,2401.36739753312,56054.6096383128,1813.78701602663,5261.47409067763,8796.23713332005
100,0.215,0.825,0.199949825732212,0.176362016848044,956.493742609207,924.869251041088,231.101477737775,391.477054325248,1000,0.777441346610938,1.78637787083759,1.11399592764972,0.793884183022918,1.07845226974997,3508.3112119437,746.055297201983,1138.47249865417,2377.72652978618,1132.75337775757,0.402198053430874,0.553294924003105,0.677703817436573,0.328897780822076,0.61693176784419,1.6301239229668,3.77532332918848,1.91481131203709,1.89193597344765,2.3959689154426,1023.70494058035,494.478854775847,629.778142979949,652.039283232096,577.033146950167,160986.606455295,5345.16727885973,4034.48666052422,264311.275431419,6096.5698514508
100,0.215,0.825,0.199949825732212,0.176362016848044,956.493742609207,924.869251041088,231.101477737775,391.477054325248,1000,1.10098036794418,0.987795158556707,1.84276834796206,1.48010450114986,0.889172898470251,759.857364030334,1346.27235817161,647.041549724585,939.39629066481,1010.48493244001,0.766268270152906,0.574634742900675,1.01615104582199,0.881776046034511,0.665090775224097,1.57239503695093,3.20092222012102,2.76717934181738,2.55739922677414,1.26026507773692,480.801899099586,540.824020040364,466.266195579441,540.666629068164,563.215643980601,1717.99369770697,13757.2550160585,1453.36242030928,2732.73252680685,2899.20315959125
100,0.215,0.825,0.162265605156944,0.185073900675987,1195.61717826151,924.869251041088,240.198467236649,406.701271141681,1250,2.01208373991086,0.847757545847613,1.12622955330292,0.88809195962247,0.934732303239995,725.541820148722,1421.63710949117,2042.90558338331,898.91946265852,1178.12370515186,1.44370625384598,0.623733675127441,0.556568722131907,0.662248242960141,0.765710352339078,8.98491654829246,1.3209483043034,3.46786048523677,1.20736972593904,1.22064839513342,467.007808931166,627.520246165412,633.027975379622,526.826768308936,613.736731587407,1581.60412483539,3916.29749742733,49880.778632546,2263.69140882647,2909.42891017611
100,0.215,0.825,0.162265605156944,0.185073900675987,1195.61717826151,924.869251041088,240.198467236649,406.701271141681,1250,1.41904191253053,0.983632488016009,0.991000974152662,0.910066003633103,0.937965143165063,561.923382759175,1267.04957880248,1138.53620430411,1064.84142125984,908.264337863778,0.939815105639914,0.753975203908276,0.677984924269625,0.668103814842142,0.668328323712537,2.85087342073651,2.85198830007578,1.41035483533516,1.29820545191401,1.23874080662991,390.631658556305,589.528632298792,534.006852474989,536.148508906457,487.145233927245,1155.26932748295,6086.1771886306,5910.28937470911,4895.67868260845,3206.7145495961
100,0.215,0.825,0.1359512118419,0.191167880250941,1434.74061391381,924.869251041088,246.512720866686,417.258528720743,1500,1.48988801450712,0.89195169203478,1.89383036013359,0.889331661024384,1.44629944811349,1023.04590885367,1288.4168866691,674.922244651379,2009.90999788038,647.460569921172,0.9735678690307,0.467042403215539,0.770950687395946,0.482098464635985,0.768479034489856,4.05900051614953,1.91945745046423,3.49916464638325,2.52451152846037,2.41051374434685,529.267356794794,598.69161082833,477.761009123455,622.971610589571,453.483777532105,3077.58058011882,16671.5112507853,2439.843430591,37732.6087885131,1536.90828375279
100,0.215,0.825,0.1359512118419,0.191167880250941,1434.74061391381,924.869251041088,246.512720866686,417.258528720743,1500,1.43740466781588,0.94825743201645,2.09982438673785,1.52485274795648,1.25087862671682,1008.14732609553,1293.45843697592,1008.92112189375,511.855133449975,1281.77029002256,0.926977711195846,0.661724583790623,0.521066723421236,1.06698350854072,0.40378237598055,2.39045596593133,1.4458391634265,15.6490441752497,2.23206446247345,3.87040267927396,590.79405908442,694.556242793846,463.772789112248,398.703166254456,540.364450452017,2955.14603859022,4620.81183008171,94089.0426929379,844.523635263741,292956.466570914
100,0.215,0.825,0.116617315361724,0.195650660072703,1673.86404956611,924.869251041088,251.132776990115,424.977968864722,1750,1.38711456279001,1.13319487498571,1.2156004299494,1.53217142936896,0.976162310250124,754.71659002454,1024.84428385482,2645.46421126262,613.346857390508,647.027939602981,0.896366098260443,0.584605879682244,0.812107449105794,1.01760053036692,0.69330696161363,2.27260694414944,1.65985199237677,4.93185946478939,2.32762606006541,1.23159317891761,483.857084859195,572.579501736352,752.739005082099,436.47674805242,420.963877197521,1905.61016866659,8456.65830408544,8687.22973211588,1388.99967067407,1408.067093388
100,0.215,0.825,0.116617315361724,0.195650660072703,1673.86404956611,924.869251041088,251.132776990115,424.977968864722,1750,1.92958278997573,0.988284190460776,0.917937991938133,1.30465360430475,1.49480873279533,1141.89815073411,928.991298915615,2230.33778191212,901.027621202846,646.277752952712,1.25951695799395,0.814959105848862,0.441382666942141,0.838231243934256,0.911757007181326,6.58956660677052,1.21452590687563,2.36265998686213,2.24720270376281,2.53377819164644,521.793477788042,551.598789116311,725.890199069727,546.012377423063,462.095778798854,3998.46617102159,2028.04306743355,75050.5946249465,2576.84768705361,1477.84455446624
100,0.215,0.825,0.553075327915399,0.0957972524877735,239.123435652302,924.869251041088,141.877032223114,241.321481188715,250,2.41583170719721,0.957090756501368,1.20364901879727,0.843916660612682,1.06795078472093,314.805261583069,804.246371030388,191.465425219479,3795.80505666224,1726.00952545818,1.46516836945362,0.556181563118072,0.945232956153175,0.405158960726566,0.539436496148184,5.31049078612681,1.41891196730995,1.54382560076088,3.32492658152485,3.94711494661445,243.368843831339,379.156328499128,152.595254852773,768.238644951045,351.884412045743,641.686511067823,6497.0073695349,261.626498643837,20631.5584803174,11432.7078455052
100,0.215,0.825,0.553075327915399,0.0957972524877735,239.123435652302,924.869251041088,141.877032223114,241.321481188715,250,1.45763881866607,1.48282288652062,1.06777167254054,1.01090027849626,1.62700461939146,912.691032913085,501.003362704627,313.216384089815,1116.63678596355,600.177741954272,0.941336074549204,1.1086412517864,0.796059810644063,0.558887319797279,1.21671342072456,2.73543095081948,2.64561908578654,1.38521043187938,1.66581126308699,5.27379112093616,455.602118709892,317.951564391891,223.988381142477,514.525608978338,344.623591051518,4298.04066399167,1641.59340803087,517.648426534715,13956.6665952965,2336.65477398454
100,0.215,0.825,0.356446462328954,0.140393708864946,478.246871304603,924.869251041088,192.551785564447,326.781948325596,500,2.39743980904763,2.19325705812058,1.57629240471633,0.902521365079465,1.03432792389563,713.789883943645,641.427216513818,385.941540701199,1232.25372283205,1248.80151056911,1.17539712453684,1.30172213656918,1.02084709696192,0.569037651225081,0.613158992710297,10.8286051629661,6.7475659070374,2.15086128799973,1.28922600104839,1.92191384406879,381.595113126188,410.761213054773,305.721828792767,611.987160535118,589.800789035304,2710.8444972751,1913.18308308471,576.396519105354,6597.12821331955,11036.2783355745
100,0.215,0.825,0.356446462328954,0.140393708864946,478.246871304603,924.869251041088,192.551785564447,326.781948325596,500,1.14756845281427,1.08432285812747,1.10655893786337,0.860621328084022,1.15240346342122,695.163524095297,1033.94313541149,445.605098208359,2663.75842049165,1206.44199203253,0.886963549422394,0.760049519737912,0.81465524015192,0.50518882738616,0.775330438773267,1.71690926340427,2.1661956835238,1.51516997698333,2.31232611642735,5.36148271398588,410.758312618876,488.831233163345,318.885949059568,818.768525353679,468.878826990613,1818.05532479515,4223.1936440843,821.494809671228,68030.2528363838,6081.88827551294
100,0.215,0.825,0.257851105105913,0.163013034765382,717.370306956905,924.869251041088,216.991020822759,367.829941016634,750,1.66204053301073,0.845944263845261,1.02793571893287,0.882921125254956,1.63955080174325,669.387238841469,1431.85379614472,826.54413949998,1275.77335568822,644.201471795769,0.866736339286347,0.476297121033893,0.622762293368015,0.51411453144883,0.876016583101053,3.45251153057137,1.76792279125592,2.18380170616029,2.06766043054239,4.96858631466295,428.680701862113,573.204214756802,465.101327333102,566.965164062265,420.850423258028,2602.53182734824,22080.4600444645,3250.32276336788,16616.9635026527,2579.63426717411
100,0.215,0.825,0.257851105105913,0.163013034765382,717.370306956905,924.869251041088,216.991020822759,367.829941016634,750,1.69818242696296,0.987987174508898,0.793915383186462,1.45830914549672,1.88522465712853,740.313122974866,1102.47571356839,2145.78234011835,686.884122921319,577.561683097454,1.010890145218,0.657649892906859,0.381250961280171,1.08980523252006,0.964105360736283,5.28089337036864,1.47392143703749,1.13261310251116,2.39189490240789,4.09841166103087,445.714399345137,587.019971137848,839.369584476097,466.231666121184,420.337048458425,2419.11737542986,3780.35227299587,48679.0306392662,1246.02618098118,1450.70393586344
100,0.215,0.825,0.199949825732212,0.176362016848044,956.493742609207,924.869251041088,231.101477737775,391.477054325248,1000,1.38857501687371,1.00079541646855,1.28571356822588,1.3961682745441,1.02934386079682,762.567241253081,1028.3060857985,900.953761917817,1039.66430798933,1671.5042567373,0.603139923676525,0.688967376951986,0.783141093349723,0.863232207672097,0.51098465938723,2.59913196449499,1.55249013013236,2.42391429542017,5.10194955321196,1.82473665934417,498.637957660112,569.295946472827,564.215508523585,554.223841570944,716.608465897968,5453.97190880038,3132.61714645969,2900.61884097538,4245.11465622975,29806.5207369933
100,0.215,0.825,0.199949825732212,0.176362016848044,956.493742609207,924.869251041088,231.101477737775,391.477054325248,1000,1.23367162236294,1.43658734034977,1.38054923447489,1.15169119048161,1.09785047237412,1102.49960962153,691.188751391556,676.600487223533,806.027866565103,1605.37344339129,0.663884654876569,0.959650649659478,1.03969855714593,0.684143447146449,0.375683007252371,2.08560281494731,2.18903884846874,1.98344990857492,2.00658551462337,2.17669820728395,563.216257288114,475.676315730483,466.33411357673,501.966172116588,625.844326407427,6157.20574311324,1613.19529773576,1301.23215125684,2838.85918352795,2221927.94012117
100,0.215,0.825,0.162265605156944,0.185073900675987,1195.61717826151,924.869251041088,240.198467236649,406.701271141681,1250,1.28850491681433,1.06555355390994,1.55497918104585,1.1158320976022,1.25905492345528,762.886061116172,1202.54136033158,824.167506810802,1201.85410009059,900.217167633714,0.849291120316896,0.556245833049757,1.02325132902558,0.593731729041635,0.727794803307134,1.83583181353687,1.48268266729812,2.88353730239184,2.52935674268767,2.07920683744611,490.256422336678,685.838730911637,503.034245769588,617.349485441801,541.79876220671,1702.86904297474,9874.93815838123,2329.85977419517,14165.1993737991,3480.09808597989
100,0.215,0.825,0.162265605156944,0.185073900675987,1195.61717826151,924.869251041088,240.198467236649,406.701271141681,1250,1.54775722196688,1.37014398474211,0.903666296056881,1.094380339164,1.10911092998396,679.736041116207,562.058734131386,1721.19986786395,1269.07434288571,1183.74270286537,1.1086997643801,1.06995788656481,0.545033616813281,0.708270310483255,0.513849824324712,2.31991314501909,1.88878215544968,1.5531853140893,1.8391028670748,2.50979416257993,475.872095928318,412.376477032593,665.647372368515,612.273881782318,550.089752908661,1423.96125001927,914.146023327386,23811.8396982281,5975.52170142546,16179.9522189886
100,0.215,0.825,0.1359512118419,0.191167880250941,1434.74061391381,924.869251041088,246.512720866686,417.258528720743,1500,1.19091949313498,0.982128641045853,1.70014122008847,0.769735454374026,1.00205449353315,747.741263014034,1232.94746700888,811.362237915966,3358.70188820855,1513.13343781489,0.757477590886857,0.678850187178036,1.03537168473149,0.586921379687129,0.581469986711119,1.83210826130702,1.31697604493209,2.7305015155228,1.12318155777526,1.99616496089705,495.806366289789,691.68630057323,542.747300325818,1240.29472479705,674.66347455106,1960.89040702276,4149.52769617587,2172.30073317618,16896.7863541558,11344.3243355869
100,0.215,0.825,0.1359512118419,0.191167880250941,1434.74061391381,924.869251041088,246.512720866686,417.258528720743,1500,1.41741079771365,1.36789586374288,1.01755857974925,1.00354752562754,1.10507192134875,838.544980358996,614.672780565979,2679.75089705554,1326.56562123494,1282.87865309174,0.891238793411507,1.04782760034981,0.458405819203559,0.61575375171977,0.673567722372366,3.12371640298112,1.9724877832551,2.07802249851715,2.98260672457595,1.86028151456859,495.007611440002,447.509718167985,781.204897705498,587.605274195722,630.550911870402,2529.15103685905,1005.79206999597,190363.554791305,8741.11346556521,6848.37972720421
100,0.215,0.825,0.116617315361724,0.195650660072703,1673.86404956611,924.869251041088,251.132776990115,424.977968864722,1750,0.975746390444741,1.07156056344015,1.9221460597118,1.87000129659552,1.35482567180584,2100.26408481958,2444.61567413553,717.348284645052,722.122758267785,701.024139731322,0.526868392496039,0.616510016469773,0.993738597337946,1.10360027714969,0.933164694284711,1.59959502172166,2.54625137352509,3.5446593065123,2.73070318960403,2.22669597392025,937.490031725792,843.897120473185,512.482352521088,516.637086100545,501.42992033586,36336.98422358,34963.432761335,2310.11598755903,1508.62764289116,1324.00853273017
100,0.215,0.825,0.116617315361724,0.195650660072703,1673.86404956611,924.869251041088,251.132776990115,424.977968864722,1750,1.76585027450077,1.24229208973673,1.10039419946421,1.04826839749875,1.21222279673432,841.109251484285,1241.56265751385,1954.76878031044,818.929454210505,804.512668189972,1.00239909730307,0.665150340123127,0.54789873359621,0.798288196817345,0.807841702306431,4.24557717979669,3.27315944563097,8.78055788156481,1.5152706652516,1.92362593154345,537.336073230427,601.037695448966,502.674683850635,541.132892704258,518.53574432043,2671.40333809492,9685.33338871438,26873.3756862549,1915.67545155287,2291.87178946987
100,0.215,0.825,0.553075327915399,0.0957972524877735,239.123435652302,924.869251041088,141.877032223114,241.321481188715,250,1.04255224505192,1.35533476653416,1.25535776726,2.03312925491006,1.14724048870981,836.135119885781,608.289570216887,233.927667871903,756.513888909976,954.869341940741,0.800210843967291,0.86615537203827,0.957038629076799,0.833819220052234,0.5933125621514,1.66798187100587,3.30395656412636,1.59283573544324,6.77867322311665,8.3032440385514,431.017995477326,326.100983876895,186.330368256893,386.620043647139,265.591502683337,3538.72892625589,2944.89099936456,319.016361037922,3814.93001637189,9397.24631908127
100,0.215,0.825,0.553075327915399,0.0957972524877735,239.123435652302,924.869251041088,141.877032223114,241.321481188715,250,1.16540531821756,1.86726371705308,1.11029458359994,0.995729766038171,1.70946466437537,1252.73469752445,581.499185703472,257.24441863481,1173.74495076419,876.215342535449,0.675515885939493,0.942952073991616,0.881670883769563,0.698730588783716,0.83805356064296,4.40725889339866,134.449520382247,1.38650437518037,1.33376648620248,6.54785912359111,497.552670174534,247.770047357949,201.763827515729,537.084905348645,351.033988592803,13021.0680990919,4286.0705687089,358.508947672103,9327.05690103475,4208.73106147767
100,0.215,0.825,0.356446462328954,0.140393708864946,478.246871304603,924.869251041088,192.551785564447,326.781948325596,500,1.15281467488654,1.65483723105626,1.60148534268891,1.11951980920575,1.4015603449984,1522.09259867819,723.55061465585,404.363475964073,726.930249730707,1191.04884382578,0.745810122408688,0.952120309411217,1.11341994675074,0.801118794698796,0.586953359959971,2.42997513390805,3.28518990557969,2.4863095767291,2.12707579750074,15.7899067866804,676.565538683166,435.56518871465,318.797814507131,437.733180587163,358.73553364806,12460.3750318645,3345.53476414895,620.759290960872,1960.54711254148,49821.6642162898
100,0.215,0.825,0.356446462328954,0.140393708864946,478.246871304603,924.869251041088,192.551785564447,326.781948325596,500,0.887419387667916,1.25206217441557,1.24295309980895,1.59345329316355,1.08634956772415,1862.97416833509,828.325667373004,352.975449190484,1058.75155335296,889.947896795236,0.619730633304795,0.773851325643395,0.976959924609684,0.865054710646905,0.703596557234237,1.30017545312623,2.07704481383334,1.61600045019835,2.84947932328539,2.0933362980478,737.291001154194,487.308942136983,269.833682380575,546.587107348798,480.254803457963,10779.3593301352,3389.55726654459,492.770574741798,9166.17099316547,3637.1214647945
100,0.215,0.825,0.257851105105913,0.163013034765382,717.370306956905,924.869251041088,216.991020822759,367.829941016634,750,0.882032619618788,0.995140618675479,2.40348662578764,1.00022856644022,2.02561436926245,1721.55579964784,1137.24007463456,640.28349880439,871.763694755747,611.389421404876,0.517405405943374,0.648720250776608,1.06957294650688,0.53962931500299,0.97485063548059,1.44524499310785,1.69814074909336,13.5175019061969,1.79043458964137,3.51928596339954,702.379545117923,572.096846371753,408.532994589077,507.754963299174,431.476111010353,20973.0557910043,4544.82939014032,2841.76829585721,3954.2942028098,1444.31259295495
100,0.215,0.825,0.257851105105913,0.163013034765382,717.370306956905,924.869251041088,216.991020822759,367.829941016634,750,1.79291731013852,1.05695275744628,1.40118384696842,0.952972441868899,0.755178782047315,741.086126207464,980.102726470749,596.856075637371,1181.48126985993,3604.7284136444,1.18443728098857,0.776934453987035,0.926541293725566,0.718264659973656,0.406174606662723,4.16657865078098,1.79301164028734,2.06453662396729,1.37273121093927,1.0938278930373,479.458493397215,568.492545339252,427.170762783778,636.155667830878,1200.48773371382,2122.61771296405,3095.45178970942,1214.39444127529,3533.78757613316,120387.835724134
100,0.215,0.825,0.199949825732212,0.176362016848044,956.493742609207,924.869251041088,231.101477737775,391.477054325248,1000,1.58724252590592,1.02798070596917,1.28884345648047,1.37365232993196,0.827081397926772,742.528644235476,936.050808811648,1251.29484786412,922.511894711801,1594.36711559965,0.799993933666634,0.683809204906683,0.849087751601139,0.799756769514669,0.465808353520262,3.60331284681222,1.49087071245205,6.66348515159467,2.08997929197823,1.79633327958227,486.384560520332,533.926292328392,502.662717825258,556.688785056508,598.625738739536,2117.50384422238,2954.69859422496,7056.14411664147,3246.64096669586,17707.6828719879
100,0.215,0.825,0.199949825732212,0.176362016848044,956.493742609207,924.869251041088,231.101477737775,391.477054325248,1000,0.820074279464337,1.37321911372414,1.33059817508628,1.68121434119452,1.34872475340858,2852.01213714938,637.900215468084,684.247853276762,609.648917698638,1523.58839115789,0.483616726512089,0.829521097429646,0.695536086520212,1.32143821445729,0.742821683968203,1.55957595374872,2.78894171837322,2.23431242804989,2.29773167240173,2.23788482509162,888.652625509339,443.497704825908,463.734440729656,432.067667639105,707.81006130603,46204.6991176785,1759.63874213335,2479.51149777691,949.216321931405,8285.41415035547
100,0.215,0.825,0.162265605156944,0.185073900675987,1195.61717826151,924.869251041088,240.198467236649,406.701271141681,1250,0.885398376270747,0.960839423357538,4.79066025188321,1.55987677676601,0.981337701707607,978.648546363354,1097.9816887292,576.328574636113,773.588366865445,1057.79709522319,0.50823226809053,0.598078960514853,3.01506669393604,0.565030602203844,0.639547160449294,1.42976356608566,1.57869949145347,9.85255992979941,3.11783704172006,1.46600153922003,506.275805503877,586.169148880026,427.756783677836,483.081922948792,563.655995256803,5407.05466528376,6585.50063878509,1502.54235800881,5875.49961276133,3882.14116976221
100,0.215,0.825,0.162265605156944,0.185073900675987,1195.61717826151,924.869251041088,240.198467236649,406.701271141681,1250,1.33454624517967,1.846714780257,1.19224611710793,1.31232298925327,1.30764609288809,811.377752347661,426.607484760566,867.257566124858,454.404074681035,622.49217198914,0.874137006292426,1.13167177455735,0.79667968051247,0.884327882155112,0.919930874876358,2.54492898193485,3.7630746623743,2.05298369280651,1.85350684006395,2.09892743188971,429.569153576254,328.199692642289,470.384096658169,340.44931404461,399.943378141625,3506.25274469934,726.860916109745,3461.16840781909,903.223427187392,1378.04892685353
100,0.215,0.825,0.1359512118419,0.191167880250941,1434.74061391381,924.869251041088,246.512720866686,417.258528720743,1500,1.61617089635237,1.19235354092313,0.92632644188796,0.961274973701053,2.8004929140124,828.713994588076,563.18232451396,2191.27752118529,1210.51713585985,565.162036550954,1.04120078729441,0.870376510607554,0.577952259605931,0.607342624305426,1.19144459595083,3.74043059734012,1.7222453806142,1.82009486159903,1.78217396918728,28.7327769598661,518.216587821718,405.86684549787,768.501077733729,596.713279524413,430.465003706729,3299.46996643487,1004.95705350928,33491.6957011349,6375.3269194802,1664.35440504891
100,0.215,0.825,0.1359512118419,0.191167880250941,1434.74061391381,924.869251041088,246.512720866686,417.258528720743,1500,0.9711625279832,1.31366229676941,0.985363429141247,1.62413571727309,1.41357896282173,1281.33694682553,699.358110462451,1959.87146056517,691.937214378752,608.551395520804,0.678269423935673,0.96977092249305,0.392890844012546,1.1828449172845,0.988624650519688,1.4401877424704,1.86339130524582,1.89860710096811,2.85946120978347,1.90956050862613,647.627514389862,460.034514880875,736.235372203368,457.112249344164,428.588473145989,8497.00002596594,1445.00389004905,117931.985297843,1575.98284390625,1165.97536425253
100,0.215,0.825,0.116617315361724,0.195650660072703,1673.86404956611,924.869251041088,251.132776990115,424.977968864722,1750,1.26704167549497,1.36649065903429,3.09472434092077,1.36086870990163,1.77417538048272,1483.94734692139,565.929904436229,683.354339743448,599.379921261372,587.154008618698,0.793953358153405,0.811026073378489,1.92226429465833,0.925910334050895,1.11820424922658,1.98414016925856,2.67454469983304,8.6517702184106,2.25256045695794,2.81014669063387,708.647153140574,423.973956302477,434.056332930696,412.227849193427,443.47574140379,8978.71745309243,1499.03241987982,2168.95906043437,1235.59923063606,1039.8892943078
100,0.215,0.825,0.116617315361724,0.195650660072703,1673.86404956611,924.869251041088,251.132776990115,424.977968864722,1750,1.87508633892049,0.963361481581668,2.36281655365314,1.65644356727204,0.891209857245626,957.497943792134,848.834425780719,862.282406810753,1104.47966001401,1488.06200788408,0.697228679040991,0.615870510474551,0.548838369361491,0.75092318717618,0.557514166303122,4.2567886582536,1.7046004129867,15.5844072982826,7.64396398518741,1.35128166366344,591.372845797105,524.618196550903,480.604358594251,539.296600976939,800.821385872945,11828.2080344759,2194.19877360575,14282.7912847732,13645.514578659,6118.41064960215
100,0.215,0.825,0.553075327915399,0.0957972524877735,239.123435652302,924.869251041088,141.877032223114,241.321481188715,250,2.33649105724837,5.81557330356917,1.14413515055947,1.0652928049972,1.10829789296861,476.391674258339,3446.71176877778,245.319956815916,1910.47073444905,666.310474162452,NA,NA,NA,NA,NA,NA,NA,NA,NA,NA,NA,NA,NA,NA,NA,NA,NA,NA,NA,NA
100,0.215,0.825,0.553075327915399,0.0957972524877735,239.123435652302,924.869251041088,141.877032223114,241.321481188715,250,2.64370036116094,2.49635143756913,0.988769106918236,0.838524493291578,1.24340787613963,453.361335842242,445.5550197123,327.637051382216,1533.58290521357,585.617813538515,1.27430932394928,1.80208525338657,0.662501174631059,0.512401808182971,0.583237164130516,18.9193545613314,5.26631968572339,1.36259603280623,1.68681705306496,2.47439343370448,260.818608812867,319.519329810154,228.319070557538,486.546326843873,318.283287506267,1412.94378420635,1506.79515436829,608.459470850051,15866.1092528697,3928.21423414213
100,0.215,0.825,0.356446462328954,0.140393708864946,478.246871304603,924.869251041088,192.551785564447,326.781948325596,500,4.42495846834133,0.775220788769001,1.26481986002227,1.49785692887632,1.07787784921987,441.962607940298,3178.44409292481,414.934618647513,478.224996435497,880.862512891591,1.85597371710019,0.588911674451389,0.943188358965144,1.10573273672546,0.785898802631786,9.99705893957653,1.7282784126927,1.6472786804848,2.1901009169023,1.49191374108488,360.664816164147,752.133631621324,299.454511400681,338.385231546338,481.165432473997,1325.08861066025,21167.3226227951,680.816051547051,834.958768427723,3279.17527663803
100,0.215,0.825,0.356446462328954,0.140393708864946,478.246871304603,924.869251041088,192.551785564447,326.781948325596,500,0.968957248588015,0.825419398552185,1.41395292613046,1.14302110878617,1.53042214404094,1589.10462130426,2902.26279885879,446.629526655313,1409.2668724621,709.763060715285,0.442849046706218,0.386986470265328,1.00394447656304,0.58289417958477,0.556299034845167,6.76567312410946,3.0546787026347,2.43481906384704,5.25600572809307,3.32788092150601,384.573308035276,496.771869393193,344.366049517891,416.407419146261,426.141944494861,54723.0929518507,372437.914539348,753.171745080873,15967.1989198764,5765.31397083695
100,0.215,0.825,0.257851105105913,0.163013034765382,717.370306956905,924.869251041088,216.991020822759,367.829941016634,750,1.16085914690221,1.6557446560166,1.27661380713559,1.13324505374955,1.11799653433951,1173.83111968102,668.661398445577,573.918809748252,1226.10776787575,1479.63074681377,0.893164681248375,0.920258188356498,0.821707200742483,0.614558352213454,0.658760254125427,1.70671285049316,4.1384132022475,2.14775272153731,2.19424350724455,2.93376704756861,623.70710822671,444.513189430857,400.125882093955,568.631740850793,579.460305779435,3471.00025814709,1862.03785406972,1159.83812811319,13248.5515958393,13591.9484104157
100,0.215,0.825,0.257851105105913,0.163013034765382,717.370306956905,924.869251041088,216.991020822759,367.829941016634,750,1.51216952231393,1.21877781057567,1.52715701456262,1.18864334709101,1.56435372490424,787.609482480524,972.289032753995,641.136063135823,856.619436501872,575.403717416771,0.840199384040371,0.625987867953121,1.07448170881222,0.876037464624455,0.991302934423274,2.96410061405419,3.03044211384672,2.36329162728238,1.81315447979961,2.33694819738475,456.114481988276,457.273230882101,441.023276595731,512.576404326823,416.999239693986,2896.20744186755,6354.22408824999,1280.76591668525,2283.08963109325,1257.99699234541
100,0.215,0.825,0.199949825732212,0.176362016848044,956.493742609207,924.869251041088,231.101477737775,391.477054325248,1000,1.79491002248592,1.23500286941793,0.964829492200257,1.35857435625113,1.21572524590167,807.620570050573,685.74542366335,1000.97602161405,836.783878523772,808.241058530477,1.34024779066905,0.826385743652108,0.669410461708259,0.911765645664748,0.711767477978116,2.59618628525674,2.46032133968996,1.48106696401621,2.09945885175272,2.44530701927455,497.962742803781,442.077331805818,521.332831438865,472.656889637832,470.618244875118,1784.14539121037,1638.55768863253,3120.17934571092,2289.53031939514,4497.39930288497
100,0.215,0.825,0.199949825732212,0.176362016848044,956.493742609207,924.869251041088,231.101477737775,391.477054325248,1000,0.867996352202691,0.74168809054576,1.51370388016373,1.62522940946771,1.46877070124404,2213.37248139485,2329.7690204974,887.255315680063,749.812295931578,783.137129145279,0.600183870908981,0.497583128714832,0.901755728177112,1.19207294640182,0.997828165926976,1.79647096901503,1.18463899082614,2.24988077265099,2.75999705701796,3.29698821787505,763.427414058595,853.903144580877,542.851993452908,521.146267988697,516.19662825163,12891.2197928412,25230.189743791,2503.44651223178,1353.96678319082,1759.13228724507
100,0.215,0.825,0.162265605156944,0.185073900675987,1195.61717826151,924.869251041088,240.198467236649,406.701271141681,1250,1.01977139523142,1.08715904680542,1.14142524943411,1.51723128662279,0.995522100587005,736.685129278854,546.74371521143,1858.91455573211,783.066499781172,1757.19275384502,0.748592114822065,0.815142255177339,0.720517301300308,0.833015046868698,0.520013099072017,1.3996558773703,1.54196971266246,4.57112233434694,3.81509929374405,2.06664602628142,476.60508969234,385.06695088153,641.530681916499,486.053369596328,643.365982037694,1463.33735528142,995.955216423201,19675.9939220422,2870.82294386723,22663.6616374898
100,0.215,0.825,0.162265605156944,0.185073900675987,1195.61717826151,924.869251041088,240.198467236649,406.701271141681,1250,1.12471127747112,1.94509458966798,1.63664773391992,0.959323494869725,0.937264640678022,1130.33956438475,651.480558771335,856.326363419562,1588.36353753126,873.078765148913,0.432252459501604,0.792920844462322,0.666213128483319,0.728978884567562,0.661428882768442,1.89218866815446,3.6946009467059,5.14658013858957,1.29100259260767,1.31798091754306,626.40991247398,469.369545835711,503.548318394942,803.252317375947,505.683629676466,182570.546906305,2466.73629312952,5865.49066279314,5813.37488444897,2293.67873325652
100,0.215,0.825,0.1359512118419,0.191167880250941,1434.74061391381,924.869251041088,246.512720866686,417.258528720743,1500,1.33585280316062,1.0156649343677,1.63541985503155,1.65308883167419,1.30822315628066,835.185666724856,1073.72740481982,1144.78818079067,818.580708279148,785.350840208615,0.891928682827181,0.741476523509888,1.15529204265577,0.799736851804966,0.912020770483575,2.1828754552136,1.69432394550062,6.78554493955544,6.04541972906535,2.94201698161166,569.38960682191,605.662560526337,535.057510020582,488.188097370133,515.400687159324,2094.17925751329,3274.54440246233,3784.33287361924,3278.76074269892,1693.42911099863
100,0.215,0.825,0.1359512118419,0.191167880250941,1434.74061391381,924.869251041088,246.512720866686,417.258528720743,1500,1.39917146705168,0.957170912822249,1.14734844254465,1.20660362667761,1.0326250139788,905.649241974433,959.980260885841,2092.35795398017,1114.78851963996,933.49448086386,0.856708857848954,0.591274806290427,0.323554116550245,0.553802920759172,0.789771385611397,3.36866423976897,2.24832391398203,6.31475306434484,2.69204468658062,1.57758853395503,507.820781417892,525.59725276397,508.388585854688,583.079752680508,594.93358851079,2463.1364792534,4542.07858152584,1686615.83311721,14844.7267430333,2181.40313427933
100,0.215,0.825,0.116617315361724,0.195650660072703,1673.86404956611,924.869251041088,251.132776990115,424.977968864722,1750,1.72462351899442,1.25973351470603,2.67138241570077,1.3574371374238,1.19621942218082,773.939050303041,635.25526952129,777.771317689806,680.281657803886,827.286464874916,0.899547006933314,0.837393111038269,0.82901624403335,0.844152484695667,0.829741399410568,4.28408195410257,1.91860544797401,26.8946626804273,3.55572767563199,1.76416098613158,468.526836677182,437.208030930017,433.600587686316,454.977132637127,507.131528577253,3727.62764781435,1359.08192414966,4136.47877427206,1959.54311570655,2317.42600122934
100,0.215,0.825,0.116617315361724,0.195650660072703,1673.86404956611,924.869251041088,251.132776990115,424.977968864722,1750,1.42332925280637,0.814365065962903,0.868474859910081,1.29608729218231,1.22581920544088,1644.13789626459,1397.13370601322,2924.97255487707,855.483689540724,855.606181759314,0.582693690789212,0.428033312575583,0.556261650617813,0.773787113070498,0.820435753538135,5.35823616324749,1.21596778473173,1.3769367768821,2.00281614563475,1.6593903320755,575.566420503817,662.275534154255,1119.82996873034,523.547268936075,563.44132920863,106551.234836153,14171.1840900742,43740.0274071787,2299.33156388988,2031.04593088681
100,0.215,0.825,0.553075327915399,0.0957972524877735,239.123435652302,924.869251041088,141.877032223114,241.321481188715,250,2.09111698281165,1.3200702703282,0.995074680124343,1.21047990978615,4.39991734206303,304.3522809181,736.828878391976,262.436981341413,2022.84752780321,2413.68587608356,1.34120385398249,0.859828367272052,0.780055675782404,0.918360492217257,4.42639273619363,2.88062498230859,2.01625372446033,1.30877461435379,13.3783743126852,7.22342264687269,247.315772546492,390.696568773416,196.766297613203,604.562034398668,2419.99997163422,485.921868821223,2941.89224035313,399.130830384422,13290.5423178077,3079.06686107045
100,0.215,0.825,0.553075327915399,0.0957972524877735,239.123435652302,924.869251041088,141.877032223114,241.321481188715,250,1.05847534237666,1.49097743505971,1.32299815286473,2.45166208047693,1.32793751060809,2063.17365181502,777.230655923166,224.23435559066,444.403774246473,910.357120223911,0.655763474546961,0.73203959389998,1.05900462523636,1.3022360808531,0.68456368735657,4.26870665066384,8.74188024251185,1.69245171065127,13.3897805935156,5.02977374537302,317.334788929763,284.792689613489,182.606099282566,263.44593608309,313.158680688667,22884.3293875777,7398.37693777256,300.046380072937,1383.70308944563,15814.3130751318
100,0.215,0.825,0.356446462328954,0.140393708864946,478.246871304603,924.869251041088,192.551785564447,326.781948325596,500,1.98330008900168,1.49547130937736,0.932053287127372,1.09760697572516,1.18988959245069,467.970202177135,607.67972307113,696.173233662079,1516.59628969505,1288.00600341913,1.38344913926892,0.938851431855838,0.700745855389838,0.724784788918127,0.788967259356105,3.7701876891903,2.73959615043688,1.26722724150251,2.06093564448166,2.23196109799721,365.388200471328,418.228308837073,431.432751756657,629.049038842008,597.870392449106,774.302265323568,1396.0566374352,1805.63077167634,10220.6569851922,7297.61922857838
100,0.215,0.825,0.356446462328954,0.140393708864946,478.246871304603,924.869251041088,192.551785564447,326.781948325596,500,0.69564557157666,1.20831073919018,1.03416393000754,1.30691935676095,1.23775184900898,25032.6739019669,560.799617646574,643.915147645374,1128.47287921335,1051.24831093765,0.441568670596009,0.904443830127533,0.761613902047173,0.986551662647785,0.713983039037653,2.68792779393763,1.62979682986613,1.47762425988919,2.51325223735045,2.40637950755333,1610.74626994319,375.851227266213,416.067441383277,571.433663096265,541.171172898156,96238.2282324952,1035.60783186794,1267.98289073384,4268.4341120238,7824.17459060774
100,0.215,0.825,0.257851105105913,0.163013034765382,717.370306956905,924.869251041088,216.991020822759,367.829941016634,750,1.79389156661324,1.78860499799956,1.27907278520037,1.86281883509807,1.14669603618664,961.419292959179,476.903033692367,519.946009793996,535.289321164814,728.01245435536,0.635449578579752,1.18670285049455,0.9467285267395,0.913243038084503,0.368414767131967,6.52219333711552,2.38454985438818,1.92463832299791,3.10199297524442,3.06955917197016,433.987355416787,350.053735083816,362.593971708752,378.313037312763,371.824000834444,9975.1922619086,764.818462305057,1035.34572186998,1795.61403549764,113784.740011942
100,0.215,0.825,0.257851105105913,0.163013034765382,717.370306956905,924.869251041088,216.991020822759,367.829941016634,750,1.33481736643818,1.19030151777545,1.26362546700209,1.85487554273424,0.862270690390965,841.986784715637,919.512259003324,612.141045165712,603.325552851358,1028.53260773983,0.905941175042847,0.829484551054656,0.886653891749829,0.98013662935376,0.631280582020458,1.96745046422388,1.77895355119868,2.10828922535342,3.16706977031318,1.24587963338337,515.254005441539,540.455852681759,412.837411602144,428.458064095077,547.401606312992,2887.77815506648,2827.30583544035,1276.28150125577,1450.18384770468,3183.83734228965
100,0.215,0.825,0.199949825732212,0.176362016848044,956.493742609207,924.869251041088,231.101477737775,391.477054325248,1000,2.38859160959523,1.46924038117238,0.961331250559132,1.15680990638128,1.02861587164868,576.220549021076,729.958749937234,1275.62338047143,1128.14798025715,1513.85546898617,0.925193935425866,0.871307666240814,0.676533260498585,0.636536107243451,0.678635982414379,3.91471053221449,2.41215916935265,1.39448556328684,1.96871205350633,1.69228523455494,440.68544657539,490.131204643655,692.21571045791,631.819303307301,718.845614397572,1680.39866512576,1804.13953430859,4835.08329466446,7878.58732675822,6714.92008819095
100,0.215,0.825,0.199949825732212,0.176362016848044,956.493742609207,924.869251041088,231.101477737775,391.477054325248,1000,1.91705243303669,1.15642459108159,0.926486180511796,1.74939640575152,1.73843327893746,849.425443535636,1027.6213035091,1340.10373992645,815.575422966934,672.975662322792,0.607196216281214,0.817299805024956,0.555995473363679,0.888287455932969,0.946320776283368,4.79044372509621,1.97678742573584,1.61088309498914,7.48032435529482,4.16039694613678,504.715116903174,588.861134710255,649.507958114737,448.630266598439,464.16358184974,10643.2546082573,3295.87727461888,7729.26024989335,3447.77861240224,1955.21363060286
100,0.215,0.825,0.162265605156944,0.185073900675987,1195.61717826151,924.869251041088,240.198467236649,406.701271141681,1250,1.96873680845048,0.756774554881383,1.35551480634499,1.05018493865868,1.39659308906813,711.372220051588,2573.84138744085,1073.70688758236,859.725756237221,730.346729919811,0.758158165100577,0.466520449083228,0.560277989101768,0.773406392415504,0.839772373884823,3.50948620958744,1.2453343596844,2.0262310907212,1.55667415523657,2.33731606106668,503.996124752239,865.863459611142,611.061774312622,527.812797378083,490.233018029866,3476.7606431583,41858.2436047561,9486.96508159001,2227.29174539886,2069.1118729022
100,0.215,0.825,0.162265605156944,0.185073900675987,1195.61717826151,924.869251041088,240.198467236649,406.701271141681,1250,1.1364115618793,1.45557095673823,1.12976134451842,1.1059051355846,1.66190375378687,1205.94901904529,654.25464139701,1559.16976953381,939.289483292451,682.1854351059,0.605355263569226,0.88232348444699,0.418407797487036,0.596126617975326,0.98508681098485,5.60136244617062,2.79431568263341,5.24129974513853,1.84119583881471,2.89762491531087,502.333620463022,453.711860823452,502.157308634034,542.576014715606,465.601332087911,12160.106116662,1562.96834815923,225563.892816172,6257.10789214747,1560.66575662863
100,0.215,0.825,0.1359512118419,0.191167880250941,1434.74061391381,924.869251041088,246.512720866686,417.258528720743,1500,1.2104213229765,1.87084678540302,0.66315559010012,1.07807687567515,1.16646616491798,971.151893045552,522.820606802457,7147.70802210243,1246.13159637881,1067.88754564596,0.806688273338393,1.33590288817587,0.380362729451374,0.661423032473726,0.555765083608143,1.81429494951509,2.56304622350165,2.83906283923061,1.68411339505643,3.11156887756591,560.1513608585,404.073066681055,702.972482684126,665.079528917838,527.75099983148,2360.4339128457,772.921307640533,205810.671640796,4803.7927734156,7954.42505149672
100,0.215,0.825,0.1359512118419,0.191167880250941,1434.74061391381,924.869251041088,246.512720866686,417.258528720743,1500,1.33558741160599,1.24982440157094,1.29769215551806,0.822137231505387,1.98664173619879,653.889288256431,855.973194049504,1325.14380809632,1195.8667681456,627.968193439937,0.949677355881327,0.870297232696295,0.870805895408569,0.612971026857247,1.21771661232532,1.8324661851775,2.19052237869585,2.21023111944756,1.12624664545773,3.19481058950269,455.694884997651,532.26410664527,696.51279926002,633.734871543727,468.732192432679,1247.66846753356,2401.23286712486,5169.71801435242,3891.64342297256,1261.25132998556
100,0.215,0.825,0.116617315361724,0.195650660072703,1673.86404956611,924.869251041088,251.132776990115,424.977968864722,1750,1.52891410562933,1.46554762453982,1.19155594602241,1.18736923362484,0.919674361870107,809.389161372176,637.579311934029,3315.48784667309,821.600671770042,1027.89702408741,1.01304554648648,0.874258636103563,0.787449862659209,0.835890675439693,0.674772018295566,6.86639079927549,2.54368294149378,6.89485194393831,2.38773599212836,1.24903956843045,496.176202899947,474.532682241167,474.666609517097,497.988606025797,595.517823363386,2113.74755208418,1630.92240524161,11099.0750761522,2405.55016585818,2786.83327445185
100,0.215,0.825,0.116617315361724,0.195650660072703,1673.86404956611,924.869251041088,251.132776990115,424.977968864722,1750,2.07686235791295,0.892012953261032,1.26148657932216,1.30191158070872,1.08505718758356,729.222524266347,1397.74370390005,1167.8207696243,741.307931051117,1293.04786441699,1.318451562618,0.681146393659698,0.893547360544108,0.941430663718755,0.798280619969471,4.0577350149358,1.15055932723204,1.77603053572373,1.76492200683043,1.4521905398504,512.067613310432,735.665493012254,682.982770051333,492.231458094277,652.568791217001,1755.35129019521,5099.34046133309,3214.49354330554,1558.20054359066,4615.61565550705
100,0.215,0.825,0.553075327915399,0.0957972524877735,239.123435652302,924.869251041088,141.877032223114,241.321481188715,250,1.69806496133618,3.00500538657422,0.839573634570193,1.58542742030774,0.912307392402889,441.962572476919,429.647974610028,310.353904004926,475.429565625386,2519.60579025065,0.965397786790355,1.74494098841614,0.633396456065855,0.974054319248033,0.357057678663234,5.10224100298875,18.7579760475036,1.10007495487832,2.8722851116314,2.36044666627017,280.292742597742,270.699954725553,208.077284723043,302.770947129076,568.556841434591,2251.47488300267,1985.41638311406,524.009857944467,1464.19324130204,2241511.93182637
100,0.215,0.825,0.553075327915399,0.0957972524877735,239.123435652302,924.869251041088,141.877032223114,241.321481188715,250,1.28474519083382,1.6232857956427,1.0992842211871,1.26415501330085,1.03378460724274,1292.71236040141,489.484593925923,259.316807535911,709.260835463123,2679.70443062098,0.870779445708138,1.03495363874782,0.804950226125374,0.807323494552568,0.778392639539369,4.34688990670133,3.01518981979836,1.48340097772752,2.5606944550738,4.22540526114038,483.843775887331,300.938444304771,197.465517065093,367.063669863516,749.155627796899,4275.15089955665,1326.58652999472,384.620848440252,2807.23577531224,8236.05598968764
100,0.215,0.825,0.356446462328954,0.140393708864946,478.246871304603,924.869251041088,192.551785564447,326.781948325596,500,1.2683635650054,0.925061398000394,1.09096059380876,1.00174299232086,1.36628618654945,1074.46321838936,1396.03123463137,477.432709905875,2178.484136976,655.080968327227,0.804787097996653,0.591578336242824,0.729828958967096,0.669604054032316,1.10245074387767,5.18803163922631,2.27446632772302,1.66203442719875,1.58747131753509,1.7527819249813,446.059439790795,592.872481249677,341.290165340771,783.529918639655,424.404619858572,4731.45052485297,12713.086620691,989.659330945816,12383.6714302268,1411.9098050621
100,0.215,0.825,0.356446462328954,0.140393708864946,478.246871304603,924.869251041088,192.551785564447,326.781948325596,500,1.48865700002276,1.88725133352942,1.0623065035369,1.00453695257396,0.892342846363046,678.587968779135,1011.44263628079,489.254158692893,1603.92839290477,2672.33531641023,0.896253825328718,0.646572881089132,0.799805226796211,0.632417767729085,0.458244895763646,3.12480215000715,3.76379849659413,1.34524889648439,6.20277087405287,2.37573067564435,422.349490593105,527.662260003036,358.269544603658,438.381620019142,811.373949903766,2000.71505406739,6546.29223570732,872.990095723836,16125.6716607317,122227.961588597
100,0.215,0.825,0.257851105105913,0.163013034765382,717.370306956905,924.869251041088,216.991020822759,367.829941016634,750,1.13691745844562,1.20527034956119,1.27243048974868,1.20251199300857,1.15603480288437,720.859187094839,1165.01200432133,717.079579650642,640.660101023582,1219.96671730312,0.913554786163168,0.91838731349765,0.938500029394602,0.929930592265151,0.798658538384749,1.39775545999327,1.92189562268944,1.94718429580229,1.64614196025695,4.04529527537494,447.69200108657,624.838389531215,464.380903650505,409.165962868702,555.057347002825,1421.23877193664,4102.53563926085,1630.03184536907,1263.69544453368,5215.32706258867
100,0.215,0.825,0.257851105105913,0.163013034765382,717.370306956905,924.869251041088,216.991020822759,367.829941016634,750,1.39422298378317,1.32003502839588,0.81777703193982,1.68010933845328,2.02848550376722,1033.71087667566,636.221089932836,2008.29567366222,625.252483385426,673.407036940104,0.926267757058464,0.928247942557972,0.605603694668243,1.06737964152482,1.03528226574606,4.11520081128242,2.05268554102706,1.07990143847989,2.81598537782088,4.32491972367873,557.723809194852,438.451586931105,901.601977814584,439.149394964563,461.144961330898,4724.85983502547,1346.98942710116,11410.8506464135,1366.54955948424,2051.17113849718
100,0.215,0.825,0.199949825732212,0.176362016848044,956.493742609207,924.869251041088,231.101477737775,391.477054325248,1000,1.44001520492676,1.21884090560004,0.81493532941773,1.42862427141404,1.08888124945724,731.382845145352,888.885249139719,1871.33484973386,599.346375069232,855.420861098573,0.930265937395264,0.774214601378023,0.537178087230922,1.00541602243905,0.600744163000477,2.44506501966117,2.55619029549575,1.43615539656817,2.80297627633837,1.84262161078252,457.772138307964,495.646876330546,712.589611872384,416.243265380992,467.294411470205,2335.6234089919,4168.10655192773,11471.7118326935,1236.01069032973,4076.74956435879
100,0.215,0.825,0.199949825732212,0.176362016848044,956.493742609207,924.869251041088,231.101477737775,391.477054325248,1000,1.46270022275384,1.04590421468306,1.32487294218191,1.34117831481574,0.965348299661738,734.813423880372,731.489753956582,1655.56526817322,800.339238039066,1875.3450750459,1.03739717397474,0.779078493572966,0.849067815669299,1.02615029129399,0.630312409592874,2.11872884658614,1.50867916878526,5.62759818443512,1.93540552118707,1.5462727328341,494.381735645713,467.264245910911,554.959924289735,513.939295025676,789.859532588019,1819.28312071535,1497.9869330795,9883.86327177649,2055.759815937,13167.97883118
100,0.215,0.825,0.162265605156944,0.185073900675987,1195.61717826151,924.869251041088,240.198467236649,406.701271141681,1250,1.75226766882752,0.981325435570621,1.3863790627326,1.46510848760083,1.75390606401363,599.065958242046,834.423775612158,907.802569550719,977.126784322679,691.953580870553,1.11782030797874,0.692540933892063,0.868993112323089,0.888025831927691,1.17785139499707,4.14986838397936,1.4263481348127,3.34613452985267,3.55674509883609,4.58493956259908,444.770197217785,502.107720713539,493.820512457637,550.91918854975,476.619537216119,1171.7854929284,2337.83295522889,2834.04659533093,4441.24795500559,1599.09623681382
100,0.215,0.825,0.162265605156944,0.185073900675987,1195.61717826151,924.869251041088,240.198467236649,406.701271141681,1250,1.06475534334246,0.9790663687902,1.10864544507495,1.57178857733072,1.18983352808199,1728.94055063754,1275.23091276097,1206.97131219239,777.336115941244,949.917255202839,0.609033373525568,0.618726301400409,0.543790092855514,1.01910476336041,0.823559594605206,2.28823835187574,1.81979460177261,2.27616435456946,2.43500309099622,1.52397990984288,691.945094681097,645.372146770408,610.344531910987,507.075315394969,571.756759797383,18013.409214036,11826.2651710072,57658.0186251305,1761.43133439025,2181.80564063526
100,0.215,0.825,0.1359512118419,0.191167880250941,1434.74061391381,924.869251041088,246.512720866686,417.258528720743,1500,1.00984521830919,1.38391833969071,0.583065921320672,1.28371556632398,1.15324820627877,810.337457458225,759.00565230199,64459.6632247416,1355.75087704163,710.576022261675,0.740018802366793,1.0435673892679,0.363789443315953,0.918460513411932,0.89391772792534,1.34016205869881,1.88800751181072,2.477740980452,2.29890687395089,1.58489432745507,525.421338234845,503.980270772862,3338.20091783509,712.773455557413,483.617848150467,1839.7073269529,1466.18596775236,8981553.17859295,5933.18690604925,1350.38973560061
100,0.215,0.825,0.1359512118419,0.191167880250941,1434.74061391381,924.869251041088,246.512720866686,417.258528720743,1500,2.01701276978431,0.993838282839041,1.73128578890815,1.48639300786498,1.10688587694747,740.81453635811,1047.43038354494,797.62733586195,682.806745030031,885.526430991122,1.15806693197496,0.636879958431345,0.956333385287418,1.02610321061094,0.482322267587751,6.32326547646487,1.90469090802139,3.1470916967713,2.06399432917857,2.03947383112141,470.830416874872,552.009937926305,512.464001793593,475.26551720488,509.445549965104,2512.56150668818,5161.79711378182,2983.33406168635,1412.2985273407,6874.69704495767
100,0.215,0.825,0.116617315361724,0.195650660072703,1673.86404956611,924.869251041088,251.132776990115,424.977968864722,1750,0.746528198024964,1.35436207746285,1.46441783723124,1.26942404444956,0.963131868018379,3323.34941500925,877.918027842422,1500.38102489186,839.037080553917,936.867714186638,0.379461232304009,0.587244959720517,0.599901402374528,0.840240876580824,0.71559754439559,1.53847081141508,3.27222806142539,5.49177948491694,1.91696981632627,1.32730592456227,910.528290317898,529.174655114236,602.744780559429,542.323884119464,558.433928867689,300590.258967879,6138.17553998602,8928.80674316463,1723.47351551875,2394.06997239062
100,0.215,0.825,0.116617315361724,0.195650660072703,1673.86404956611,924.869251041088,251.132776990115,424.977968864722,1750,0.950833723486758,0.890959051795976,1.50614858646181,0.960145409363892,0.865748498519816,1443.73736573022,1176.97394571155,1715.9438082961,1209.88442287356,3815.10060152726,0.629462160808535,0.696544523229329,0.746792083826251,0.712682586720871,0.496451301992208,1.6797233518368,1.14272773587754,5.52955375003725,1.5038580073035,1.73200832987806,739.299782894079,658.430576177692,564.884427812758,676.692112187861,1054.98713594974,7008.75656555064,2897.68894286382,20134.9285946256,3014.29294278279,38560.6995804322
100,0.215,0.825,0.553075327915399,0.0957972524877735,239.123435652302,924.869251041088,141.877032223114,241.321481188715,250,2.07972595835376,0.978760013064578,1.16843644336304,0.885698974100011,1.45434848718207,691.39778552125,1419.34374221846,261.742016912897,3430.09905952383,429.460017318659,0.836662151908977,0.591288836987867,0.881895807654904,0.442426927506538,0.935112885644007,6.47810090118749,1.76927635088257,1.50015917708365,1.3009058820649,3.10265360564429,293.908640749684,527.788029299269,203.642448529008,872.035424300971,289.80705241411,2410.19007546883,19285.4682643534,375.150040679444,30969.7551535427,968.376237176207
100,0.215,0.825,0.553075327915399,0.0957972524877735,239.123435652302,924.869251041088,141.877032223114,241.321481188715,250,1.37485506267307,1.51671166699365,1.22315987527072,1.12882501123298,0.782663199975922,602.968415906399,658.129803980269,252.018251270432,666.7092991471,3726.83691551441,0.775558014274753,1.04837072076008,0.86372092870644,0.789303936340376,0.259975544494112,2.52343704863404,6.19008417738753,1.54480978760348,1.73977090230761,2.62707700866104,338.862290792507,365.194361469318,189.279314589544,383.586169620326,447.646693472814,4341.80616667151,3441.49295789767,368.21380249277,2322.70457149412,75633619.7500421
100,0.215,0.825,0.356446462328954,0.140393708864946,478.246871304603,924.869251041088,192.551785564447,326.781948325596,500,1.38850805219412,0.90849502532249,1.28510882991797,0.733682446989625,1.20292874138536,1065.28246784369,1464.80984855084,489.991716476504,2352.99346916718,1230.55645509542,0.578992653445293,0.60280850539813,0.958872238101407,0.314148642473615,0.595610653496411,6.7156424916994,1.51618598889898,1.86073566226777,1.86436921831887,4.55119004293239,471.308457248883,628.61224389935,350.99674413982,602.854140038199,518.910778467019,11847.6165569461,17430.3885555949,835.841972466955,410165.4161931,11936.1380851594
100,0.215,0.825,0.356446462328954,0.140393708864946,478.246871304603,924.869251041088,192.551785564447,326.781948325596,500,1.90151685981586,1.61056111188832,0.992605739942646,1.05539009975069,1.80030722897765,610.04504565793,541.260564569079,610.586154724139,1277.04581199934,952.919178147988,1.27691290404271,1.1612653738373,0.729525053817626,0.693466359661327,0.851617991266957,2.62184126547539,2.25172504192443,1.29692283169641,1.73291278444038,6.55377276171522,424.410319256533,388.26143362604,412.978966211491,612.864929460022,422.228057298006,1182.09499346678,1016.09891834357,1215.3364275711,8104.51113204057,3643.22621909879
100,0.215,0.825,0.257851105105913,0.163013034765382,717.370306956905,924.869251041088,216.991020822759,367.829941016634,750,1.20086846394149,1.2280118628839,1.07419403058897,2.24725398754089,0.750654719188107,1020.89076548219,1267.84899624036,824.037545651886,657.727506621567,1150.39117912475,0.608544697207589,0.581797389571405,0.679053456184511,1.30903616552265,0.467015390638014,3.04514771226769,3.17639609837706,1.89583287677056,5.90374647324589,1.23149117091547,534.423441868376,514.104555976673,511.648779294235,431.11895922745,557.429386197881,9368.88901749597,21993.0493361579,2427.49001470372,1942.49156075422,8139.54011260024
100,0.215,0.825,0.257851105105913,0.163013034765382,717.370306956905,924.869251041088,216.991020822759,367.829941016634,750,1.97386254390918,1.04340013736295,0.760141096075324,1.20109848016811,1.85866429999104,600.258407565671,994.346323092331,1686.33282752671,669.67275747204,644.73109923839,1.13121396193991,0.786681418075098,0.475667642085862,0.805591092898273,0.61387820555126,6.73059983132987,1.48666709629791,1.27730757411862,1.82430264915025,4.68327805974141,413.391874942993,554.450212374462,657.623369882285,441.726973325709,423.684857612759,1443.58701254455,2550.96733506968,17751.4827082127,1496.17405753176,7398.29969879534
100,0.215,0.825,0.199949825732212,0.176362016848044,956.493742609207,924.869251041088,231.101477737775,391.477054325248,1000,1.23952043955402,1.1764388875449,1.7189870679889,1.19297061292398,5.94951644470607,1024.06878187071,782.350760876184,584.107018694611,665.837213656245,3905.12071726941,0.880930415014516,0.860097662866302,1.13923416494292,0.840839477533541,5.94467626534346,2.00660978771975,1.63877338753789,2.39315050868405,1.74446069113198,5.95036374450953,588.68682031495,505.492729896354,435.722310400983,444.938299725877,3903.76470610502,2939.11454840857,1631.53198729755,1059.81680305147,1223.11920122754,3905.35303036186
100,0.215,0.825,0.199949825732212,0.176362016848044,956.493742609207,924.869251041088,231.101477737775,391.477054325248,1000,1.12565068254497,1.11198408582147,2.1419473882016,2.25129467702267,0.740513957510825,771.095002229227,705.465506828783,618.403975221607,499.424125283941,2435.14545297675,0.756662535556315,0.738430061973504,0.940989668350412,1.56912867475478,0.460096123357099,1.70545712428023,1.6257823657281,4.78420114932236,3.60935397101396,1.12943234444643,502.914484854069,437.640445382514,433.631543611412,393.477065316908,906.277657414961,2474.09265412905,1726.7156630249,1587.55852833278,791.70317570801,22114.1778516199
100,0.215,0.825,0.162265605156944,0.185073900675987,1195.61717826151,924.869251041088,240.198467236649,406.701271141681,1250,1.14354032661308,1.75700986590852,1.02604153994586,1.11242446095436,0.996231306123248,733.723376658862,723.202700629607,1030.75697851715,860.63776107316,1210.22451107263,0.775757499301371,1.246907934216,0.742994775569952,0.711295088631951,0.533553522760254,1.69704696467085,3.3709468059838,1.49479894249615,1.58627626562504,1.58510246370079,456.290170641992,478.705839775174,549.50932696775,517.061641712335,610.392302848382,1735.56867254278,1599.80300501736,3158.65892346326,2763.31545598865,17565.7487383735
100,0.215,0.825,0.162265605156944,0.185073900675987,1195.61717826151,924.869251041088,240.198467236649,406.701271141681,1250,2.1995678141369,0.904390603862531,0.909604698609307,1.16661547120144,1.02444555540539,563.798936828629,1656.74103896528,4982.9264493706,1080.79112705244,1069.23436014777,1.06290768635499,0.580144575658117,0.646348703996127,0.726227868147121,0.719465781671139,5.11465567941232,1.68465664466279,4.02258567476183,2.09825319814346,1.45186649002679,442.976059653792,712.339109722744,1093.89345971219,593.846422265168,647.0280001978,1018.64124642375,13821.4815944179,26910.621853062,3442.15352176681,2630.96259561643
100,0.215,0.825,0.1359512118419,0.191167880250941,1434.74061391381,924.869251041088,246.512720866686,417.258528720743,1500,1.27083896559447,0.932433263586006,0.924201072688225,1.40748786531861,0.99563687473367,1119.77420087621,2793.20238340162,1060.35596115973,906.020396404635,1387.19810143453,0.796665761933907,0.651977226640427,0.494004276275085,0.940533426260032,0.596914964109109,4.00716499720952,1.93922746998931,1.51827054870369,2.26101824639628,1.59399713200827,557.734109064541,1090.48517357239,584.155042639927,578.663231595462,711.763067117111,5643.52095050254,13829.4338144148,6454.48335713186,3106.38839491626,7577.76322295571
100,0.215,0.825,0.1359512118419,0.191167880250941,1434.74061391381,924.869251041088,246.512720866686,417.258528720743,1500,1.71672356779861,1.11048548775745,1.38148400926098,0.753387086319763,1.257978145271,771.71463743455,1142.18525983331,1410.28257471967,2107.67043948338,836.341419253936,1.16611000042908,0.5426259249405,0.763285722314322,0.438105166404556,0.851354560962838,3.13791826429244,2.48115647307698,2.55608103060614,1.247130678295,2.08565575513124,507.932597271007,564.137210066878,667.416211974012,882.684972472026,534.996903207354,1647.63110695551,11936.1933491369,7623.27374990322,46452.7783226688,2116.69307681697
100,0.215,0.825,0.116617315361724,0.195650660072703,1673.86404956611,924.869251041088,251.132776990115,424.977968864722,1750,0.884495484006435,1.17049595383073,0.954849290631892,0.829678241188357,1.9396166786092,1984.23922923622,1122.20227641913,2573.85531930724,2446.42803355744,695.322680770599,0.622752515422582,0.822227022929455,0.445478838008798,0.553277471952851,1.3279584178461,1.24660108913815,1.89772207382679,2.37437122129198,1.20721815774539,3.04045311749406,938.282126543433,660.016621901234,741.920436808487,1080.56736627634,505.99696810645,8486.29247489655,3332.87777867258,174301.90605067,17975.6963199598,1201.05638535291
100,0.215,0.825,0.116617315361724,0.195650660072703,1673.86404956611,924.869251041088,251.132776990115,424.977968864722,1750,1.51701609739285,0.986006069403772,1.55123122143972,0.994020063404169,1.28084667170813,701.78496004651,1193.52794906408,1400.68819483749,1125.66535878342,1479.31379748796,1.13692981674039,0.656765506119376,0.744771188363932,0.651482638974688,0.71629707574815,2.18862176671493,1.45915177050989,5.81977985358369,1.68492700755089,11.3376167564633,493.717241499526,686.560396570159,638.165977551984,621.130253821568,494.971393680463,1264.50165483162,6610.46603960481,5853.9904034358,3561.02137199231,10349.8202093364
100,0.215,0.825,0.553075327915399,0.0957972524877735,239.123435652302,924.869251041088,141.877032223114,241.321481188715,250,1.26782531538199,0.709354127180993,1.17503334814981,1.53179601671057,1.74562039606276,979.849623090878,6864.39617533684,208.553788859223,572.594226253457,574.316902546047,0.674137749091948,0.267795183312627,0.938564020796763,0.888039015805863,1.27394993184698,8.39705745148814,2.95957635250304,1.48541802173551,6.76180318931334,7.7116078475181,305.897254586882,362.367161040528,165.378803301686,277.55060342396,324.380772830149,49449.2110792018,12462577.7907773,275.551146192399,2724.50183429709,2121.41204408357
100,0.215,0.825,0.553075327915399,0.0957972524877735,239.123435652302,924.869251041088,141.877032223114,241.321481188715,250,8.86524324284881,1.37451830626916,1.00132313142244,1.25954157401691,1.17407448191277,339.772018673137,594.413348265617,278.16798300743,740.554533625472,718.977923532356,1.08282826075741,0.981762625324199,0.767502394486108,0.738850541908714,0.778802869441754,14.4818500509242,2.46634275040428,1.27886950840764,2.52270160953826,1.98209329318033,253.288327701113,340.608775983647,206.939341800022,350.816391433392,366.362691205028,720.566009036343,1645.04818593168,443.192434892076,3316.19756041849,2797.76737107874
100,0.215,0.825,0.356446462328954,0.140393708864946,478.246871304603,924.869251041088,192.551785564447,326.781948325596,500,0.944609259945247,1.16526079074067,0.992187115738422,0.890963282504899,0.966399846837027,3220.8880179305,747.75654061979,702.148747806606,898.96533870254,1288.02124166869,0.533818518939618,0.853758419570291,0.730464883911876,0.528705370743864,0.626709082189652,4.2240905281084,1.71285027387092,1.33971681507764,1.53685436126546,1.63271829954907,815.02725081459,444.697280624282,425.461721509184,488.096122784532,581.578029013602,42993.4677799345,1792.74329206142,1840.30440094406,4326.54530075642,7362.39487442889
100,0.215,0.825,0.356446462328954,0.140393708864946,478.246871304603,924.869251041088,192.551785564447,326.781948325596,500,1.57408889112684,1.06127351054691,1.02705458535023,0.942936885747575,0.779225355231922,823.568264263904,1437.24386595411,429.873532130682,1152.16071072256,1968.40411813754,1.03678910493989,0.677905881308351,0.777752812731516,0.701168578707053,0.55205583133548,5.16489376268341,2.04790515182852,1.34757212985247,1.42158954893037,1.06869842891109,413.511757169274,623.037366880757,312.512104110208,562.845892358095,745.781053882511,2605.05145237197,14531.7410274119,791.970725764136,4187.73852681566,17653.1601790812
100,0.215,0.825,0.257851105105913,0.163013034765382,717.370306956905,924.869251041088,216.991020822759,367.829941016634,750,1.27898125353172,0.831128759712915,0.988665763834215,2.06844983739336,2.19602442200113,1190.32002829287,1145.90956307798,715.140679627495,525.606789118493,446.175909638857,0.818600380603939,0.602531526831973,0.74247187185242,1.11813245711315,1.47210070662146,2.47185403447864,1.14081604725805,1.26087720044387,4.62332081189843,3.9627499899488,559.684149664404,537.390349634213,441.144202595602,392.118787234472,360.405954485984,8249.44231294501,3881.11846735627,1519.56068259851,1152.32505873735,676.300301421964
100,0.215,0.825,0.257851105105913,0.163013034765382,717.370306956905,924.869251041088,216.991020822759,367.829941016634,750,1.57262909241528,0.856759075604223,1.26222119903693,1.42687678347427,0.810230804976085,887.43355635702,1148.95326081169,608.942908335238,1147.74905365592,1550.61840356085,0.994784002109083,0.490824207203993,0.692753618108875,0.689449526809881,0.541271968351553,2.74762847415944,1.54791116442451,2.45944460095566,7.47168369164079,1.28734353883858,538.64366085531,538.623342511657,407.438891069813,432.308853493437,669.11520868521,2308.5079118933,13040.0680949416,1695.86116858406,20327.3167732997,9477.26649924257
100,0.215,0.825,0.199949825732212,0.176362016848044,956.493742609207,924.869251041088,231.101477737775,391.477054325248,1000,1.3981424928042,1.91590760431195,1.07593172798663,1.09712691332748,0.897147679809843,815.877755588925,669.361940913422,1495.16149008914,1248.31624883791,980.190040976316,1.07108796379504,1.04505123682807,0.498081253432456,0.71243512114214,0.691520514911192,1.86524237711283,3.42094401321095,1.55709630254604,1.72059957580296,1.20101949348452,506.087948497796,478.342114798766,739.548541400759,631.972623605141,564.463550715392,1813.59089391223,1745.97744299255,73668.9489557093,5223.8873253857,3185.10838789228
100,0.215,0.825,0.199949825732212,0.176362016848044,956.493742609207,924.869251041088,231.101477737775,391.477054325248,1000,1.42115429013936,0.819867658210551,1.62930037773109,1.01092076259241,0.976893086236636,1641.67062669534,1592.4688584822,603.140672526718,1260.71845507295,2050.69420729037,0.422972873095973,0.431967161244797,1.19424882247712,0.661857226316678,0.328566481225744,5.40590570511556,1.52092451078291,2.43678714410192,1.99120787057037,2.01718031348624,617.631152383984,741.632618571884,448.48703909262,630.657515524386,703.591157566075,43249.115653171,34681.3580681809,1019.2914860538,6236.28541868814,223098.757402317
100,0.215,0.825,0.162265605156944,0.185073900675987,1195.61717826151,924.869251041088,240.198467236649,406.701271141681,1250,1.2988744260165,1.28677682156686,1.7478951429415,1.32398921242235,1.45818994857293,1106.44171060951,1078.58577853611,614.651131101964,852.093683184007,728.056702214909,0.906986691295185,0.969495067097648,1.16423935271311,0.582466686848622,1.07185200031613,3.36328162254436,5.8555509536914,3.25942316356541,2.43814519189868,2.79322095972249,567.105957264871,542.76409390113,454.77236997082,523.1979892452,493.569855060283,4762.01359954619,4026.25592140562,1312.64160212967,9471.61910003763,1509.08518981983
100,0.215,0.825,0.162265605156944,0.185073900675987,1195.61717826151,924.869251041088,240.198467236649,406.701271141681,1250,1.50654040547039,0.929680753015658,1.41937709749774,1.11682919186103,1.76889768022951,844.074205833201,1222.79183531016,607.836390605481,1030.40391003463,671.032755219864,0.82833820587365,0.644551116376969,0.94722872568685,0.637525835805358,1.18590168234807,3.09046979593661,1.58148899580928,2.2699379917556,2.09434181845915,2.81759703611082,500.54956992671,631.315241507238,424.984005601348,533.679886068886,464.433937006412,3799.12451616986,4937.43057445753,1344.08155266486,5272.99757516834,1363.45936406707
100,0.215,0.825,0.1359512118419,0.191167880250941,1434.74061391381,924.869251041088,246.512720866686,417.258528720743,1500,1.29834948916666,1.00545634179121,1.82217066183975,1.00471974451676,1.20836586249136,1066.70801347821,1078.0183838224,919.898399693593,1197.21559208319,744.108910655223,0.866086900338561,0.726219907005329,1.03172802360052,0.611914968826883,0.724084455447984,4.42615039000855,1.49628803711405,6.30692919846568,1.89542476748046,2.10875148727133,547.949567471061,598.576395962366,547.857292447021,632.135608180363,487.097416975493,4303.62492914047,3664.97787722929,3645.68801416254,6735.93626331178,1990.03474694602
100,0.215,0.825,0.1359512118419,0.191167880250941,1434.74061391381,924.869251041088,246.512720866686,417.258528720743,1500,0.939325552867826,1.50445174303208,2.2440261470182,1.94472659741876,1.66722210549459,1229.41510308135,638.937038222278,522.544721176411,586.436144941914,681.615395484365,0.5662366941433,0.9573334455669,1.31726927008822,1.12977002080529,0.93124068705073,1.35920644876368,2.16906623064807,3.63188376683161,4.71516703453691,2.98896760724033,642.114833048325,456.496794592609,406.133235417617,440.527831022169,443.428033412208,9719.448962443,1430.49042812785,827.618702280746,1274.69501359349,2003.22424954431
100,0.215,0.825,0.116617315361724,0.195650660072703,1673.86404956611,924.869251041088,251.132776990115,424.977968864722,1750,1.11280579717327,1.17895532472059,3.48033634520556,0.699689733554126,1.16367427808155,2195.71414622315,773.172617515721,632.341211507683,4576.33646243802,652.32686848226,0.578899422592685,0.740736097317682,0.70978349883814,0.513582314675366,0.811605356821519,4.2677384040444,2.71912414473165,8.86864387620436,1.24404272133808,2.33635264642672,592.203973681696,505.572168162778,481.576196036272,1260.35347268373,469.653368250187,40284.6373492967,2137.96459008025,5269.26821364674,43329.105244474,1215.10343690949
100,0.215,0.825,0.116617315361724,0.195650660072703,1673.86404956611,924.869251041088,251.132776990115,424.977968864722,1750,1.34307714552322,1.37281475371899,7.54680664368985,1.53200126453825,0.926943682974492,694.097599896153,631.341855073716,568.196611203059,621.252329352704,1099.46576619367,0.95508545033597,1.03835867768513,3.9584644051171,0.820336506087538,0.674957272038534,2.18158157723791,2.07866969951154,14.3892486350079,2.70595708847627,1.5066835391385,484.67303314627,451.610018609761,433.817009110222,449.47048426664,582.407502216066,1423.43135129883,1207.91656435293,1239.68829292729,1760.01058127966,2948.98759351128
100,0.215,0.825,0.553075327915399,0.0957972524877735,239.123435652302,924.869251041088,141.877032223114,241.321481188715,250,1.88802849226482,1.92520905575909,1.14592376986366,1.08303031714032,1.80136786028259,527.84483603055,466.565715059809,261.829834739764,2335.94380812939,378.549653259275,0.841309548244416,1.2735775691591,0.837885322136204,0.399127319345864,1.15043697183791,6.88866774918019,4.135840358171,1.43575792149126,3.75189338077264,3.7003757236438,317.882288939924,298.691206202868,192.579643524145,537.994677475731,272.748197108791,4293.70725048928,1568.38131906185,429.389199143508,69336.5881431008,797.288783740707
100,0.215,0.825,0.553075327915399,0.0957972524877735,239.123435652302,924.869251041088,141.877032223114,241.321481188715,250,1.53990692139213,0.81100605592754,1.01142757582402,1.26549567061215,5.23054172789176,720.16474687003,1099.95124385553,247.249492780929,639.484029055041,2647.47960397855,0.480030418071791,0.338692331066012,0.801333484860927,0.815416445022865,4.32303752489277,7.68092130528433,1.61840713912302,1.27420864579876,2.38774531326339,5.26711979378865,285.235119821821,429.429267480695,186.749667378907,349.650088907791,298.856781256973,150082.977726327,91916.2337352617,377.668284052334,2648.158419927,2658.05428396094
100,0.215,0.825,0.356446462328954,0.140393708864946,478.246871304603,924.869251041088,192.551785564447,326.781948325596,500,1.82056555751239,1.19949602989498,1.5655242316244,0.994020089738336,0.788463708081199,588.305549610207,854.277347064474,368.280261120704,871.779186310132,4499.99163396321,1.24351098855986,0.838719006964793,1.16849096382584,0.684590462152513,0.306376414729892,7.3559834695624,1.78214609203134,2.2040739521575,1.64374635292858,1.45136069477789,386.55898080868,495.753814763465,291.944295843835,488.369697374495,925.892829773943,1378.30842257791,3112.76596740183,525.680169003821,3607.44959007617,35641231.7645038
100,0.215,0.825,0.356446462328954,0.140393708864946,478.246871304603,924.869251041088,192.551785564447,326.781948325596,500,1.16770959588631,1.03464156438094,0.999105350540849,3.28464799587729,0.961057131830518,4641.85309083898,816.870747043706,539.915639750308,466.866339963097,857.657294869598,0.738928625534904,0.754050065262084,0.746131572947116,1.4289884453742,0.61454597051289,3.93363083615789,1.43205245364727,1.33837430233868,10.1071430493225,1.37273315490626,931.247719671432,461.561054708109,347.595716537601,358.861101539041,475.657740919305,10144.1264263187,2177.17073987468,1039.76773874529,1089.21000036047,2955.19413483902
100,0.215,0.825,0.257851105105913,0.163013034765382,717.370306956905,924.869251041088,216.991020822759,367.829941016634,750,1.37203754147451,1.0245459916647,1.39918911316543,1.47893147120219,1.04032469852474,1063.9942291798,1196.68970692532,575.224748651306,640.797768646533,733.242520095336,0.877668700000545,0.493917656242784,1.01635911705648,0.824722057424807,0.630102965211071,2.95319282494277,1.86922871743305,2.26565891655307,2.41147764903611,1.60934458604533,549.295537960702,608.275768057413,412.819299622708,418.704149466094,450.723617824337,6127.46545855404,19539.1456270877,1048.79184995398,1912.13596299426,2360.99999191291
100,0.215,0.825,0.257851105105913,0.163013034765382,717.370306956905,924.869251041088,216.991020822759,367.829941016634,750,1.00071590053599,1.6965584905149,1.11530934206332,1.88890423973805,2.0796648217901,1027.71274071424,563.24010151889,474.477348371118,711.725869484364,596.054611434432,0.735381735425087,1.23079315726769,0.860255936915081,1.29206523123618,1.17052197717027,1.42911202398113,3.20848193442451,1.47008222354338,5.7154614065187,3.71844074450167,532.361679263027,394.322174219872,326.78868794907,452.516906678172,407.626085541553,3558.02306320432,1266.56865301546,733.76947470645,2450.81029511039,1767.58665357515
100,0.215,0.825,0.199949825732212,0.176362016848044,956.493742609207,924.869251041088,231.101477737775,391.477054325248,1000,1.11345221432138,0.772455123169946,1.02192770886658,2.78894403776781,1.42246518421948,1121.02840782065,1207.75927841281,1466.15524469323,588.243534135274,687.195752652006,0.751041817367124,0.508869947039664,0.570310926100829,1.16777155248377,0.994117319554663,1.73935149032182,1.13560660255932,1.70339515417884,13.1146817250655,2.33394664720628,633.500823500796,597.956181587913,685.935125736046,420.121276299414,460.277189685388,4234.6524241087,6785.83129364383,9871.48006842191,2061.25734619967,1573.14142375587
100,0.215,0.825,0.199949825732212,0.176362016848044,956.493742609207,924.869251041088,231.101477737775,391.477054325248,1000,0.998255259699326,1.55729954460092,0.790687330417985,1.29803351144439,2.23770315080682,997.802153024223,846.355887607071,1411.53052328116,815.865832171704,897.593706791819,0.709873992407929,0.791710715660627,0.495264997069513,0.809246576493515,1.44959646492788,1.68698942703017,3.62535392756109,1.28220590422333,2.00598039122232,7.34151677770099,556.300300789881,503.399627781826,695.863722288206,524.498498971031,502.616691740414,3202.14456228985,2746.57600888172,12265.5166616806,2763.2043841101,2617.69401064366
100,0.215,0.825,0.162265605156944,0.185073900675987,1195.61717826151,924.869251041088,240.198467236649,406.701271141681,1250,1.08284702034919,1.3451296750896,1.18924058559043,1.6903190343179,1.1278288845207,1108.91457122658,634.158074542101,1035.05130234762,857.716027153271,1079.89840554193,0.734921566030368,0.758947703699347,0.847084110933092,0.845740611300173,0.66122406079294,1.94668805131899,2.6232152505217,1.66475668698664,7.26524669365767,2.92803664775026,620.924291390592,449.552321054783,596.350429478514,481.858715640035,549.287901836638,4591.69899317484,2103.00227671061,3780.84433675915,7267.39623588486,8535.90249176803
100,0.215,0.825,0.162265605156944,0.185073900675987,1195.61717826151,924.869251041088,240.198467236649,406.701271141681,1250,1.27266136830271,1.01484024767138,0.960311590236924,1.67420530225898,1.62541307661838,1167.00092230042,779.891906080169,2765.60607206269,534.832200254093,624.329620317426,0.776364913985148,0.700721096225723,0.385774086396915,1.1705760117063,1.12311765776526,2.07639043063959,1.53775707688412,1.82375840791393,2.38603624020839,2.69334326756535,577.683974598297,484.748157915344,868.334196214767,401.69491406426,440.328463267141,5637.68149318856,2034.33242524251,990619.325282256,896.684434860151,1387.61518793014
100,0.215,0.825,0.1359512118419,0.191167880250941,1434.74061391381,924.869251041088,246.512720866686,417.258528720743,1500,1.04816241853949,1.10886635258673,1.47937397264245,1.47107937205079,1.09849221740207,1029.68129911181,1155.77922677288,647.610747529825,581.56720281375,767.619612051771,0.634566455902404,0.829041429842454,0.891181914041038,1.01357691614216,0.747138254537368,1.87890659918518,1.65674532382214,2.16941613938512,2.16762873687739,1.65270652058303,546.6020606511,569.449708754627,424.110173261637,400.509054518757,485.500657373167,10543.5631159779,4001.66394560826,1611.42059026848,1047.0972441696,2722.71459820196
100,0.215,0.825,0.1359512118419,0.191167880250941,1434.74061391381,924.869251041088,246.512720866686,417.258528720743,1500,2.66115325717185,1.17718812098291,0.818213492938455,1.25444274555396,1.14646863075693,596.208898844027,842.289755050353,2252.43357128519,1070.9179818138,1331.14902070071,1.05294064139969,0.614426297483106,0.510525265270808,0.809700181424305,0.709299603903033,15.6560016405732,1.8307447905242,1.21732649719694,1.92063880837853,1.89373352093333,451.821636174677,530.586640306992,969.822427359293,616.943614791787,687.427073432107,1575.00459933738,4701.34444564347,33635.8094979516,3722.73958505056,7041.6686214332
100,0.215,0.825,0.116617315361724,0.195650660072703,1673.86404956611,924.869251041088,251.132776990115,424.977968864722,1750,1.27338092177529,1.23542872342079,0.794552126227616,0.835276454891833,1.67245345237942,832.940201184826,1059.09436781188,3648.33455696784,2515.34493323907,602.646503306337,0.889641442762025,0.837091929761253,0.32532961032973,0.514598007346971,1.0693508132003,2.44507559907982,2.15291241670002,2.7017123035072,1.60598375169826,2.61904152561785,544.555567197156,592.031277694602,889.319383109728,873.246176562006,448.215841070438,2030.01861571276,3309.81577547257,5245217.8845801,33722.8279405239,1055.34832447121
100,0.215,0.825,0.116617315361724,0.195650660072703,1673.86404956611,924.869251041088,251.132776990115,424.977968864722,1750,1.0138088556231,0.941046942390374,1.71059233087733,1.41580044766016,1.48472247973246,1624.04170674775,886.201526539405,965.114649354224,884.063657482007,847.385503365704,0.428800860850315,0.702273963033685,1.02686734438175,0.76052440489599,0.843039350466544,12.1364574033903,1.35207245613022,6.20741189196475,2.75217125851407,2.54679361796554,466.629512807118,546.267424502047,558.683142033331,557.158614407867,550.907077979089,299780.492666516,2269.10971604671,4188.3672659255,4815.19930210186,3581.3086453652
100,0.215,0.825,0.553075327915399,0.0957972524877735,239.123435652302,924.869251041088,141.877032223114,241.321481188715,250,1.11882785583095,1.51907607453303,1.2746507566571,1.14827462343303,1.04392217464753,940.178851376881,598.999244538832,256.033309136165,1480.54080263737,2473.82987492225,0.534894980172649,0.88775655314431,0.989865412814009,0.673842346319109,0.643908044009081,1.66560693513229,2.44656546111826,1.66471137623397,4.72121784006102,4.12154322415871,449.542692768113,357.792185639273,201.712560136219,518.625347343373,519.305166587524,8603.25968481753,2544.4266999428,347.182450726358,13279.4405988702,28565.0315670589
100,0.215,0.825,0.553075327915399,0.0957972524877735,239.123435652302,924.869251041088,141.877032223114,241.321481188715,250,0.915246031022311,1.19506427959234,1.06749412378337,0.956918315743425,1.01514115298547,1681.95421786436,553.543942915316,217.733290372914,1116.60586937057,747.537899547668,0.582198009554335,0.722683283699086,0.815956746754177,0.602749051008888,0.337269355133725,4.2065071838883,10.4318215936649,1.40699280734953,1.6477787887367,1.89233975031513,429.681929410686,277.862071104067,167.439728911244,420.410038511986,323.50823216597,30900.878535086,3663.92542143755,328.632244432411,11709.3959742525,118691.190913744
100,0.215,0.825,0.356446462328954,0.140393708864946,478.246871304603,924.869251041088,192.551785564447,326.781948325596,500,2.09508416027981,1.31435899107979,1.12151369031616,1.22272014215434,1.18264366243808,614.791380300619,591.260610578059,763.256925963529,1170.43914876464,937.90645516987,1.04568179758438,0.844410042514289,0.690558881733765,0.826350910902566,0.694681021848978,62.7351326812195,2.33648756902688,2.48328284089941,4.67037676911773,2.56740158893111,336.685322719375,401.962510435204,449.324519309435,493.640559728161,495.405674390248,1744.18564746745,1371.36253989043,3100.94127695717,5609.10529711086,6271.84328208591
100,0.215,0.825,0.356446462328954,0.140393708864946,478.246871304603,924.869251041088,192.551785564447,326.781948325596,500,1.65453423968085,1.14005624616377,1.00140201868643,1.06426369467689,1.20152587304574,561.816797120821,1026.13198352217,486.430189035007,841.07815001957,890.487445904626,0.819496103139797,0.709193276111612,0.667110083159841,0.661175491800506,0.504479995877792,2.69562436607903,2.45945639208476,1.34389398592853,1.74409004592973,2.14509624458563,371.974882414745,481.972738746789,318.834830487575,468.905432996327,464.293801053324,1837.4024462209,4680.13413227283,1175.62202136029,4455.98992962205,10100.1608141396
100,0.215,0.825,0.257851105105913,0.163013034765382,717.370306956905,924.869251041088,216.991020822759,367.829941016634,750,1.01995394495648,0.897180363858046,1.14942788159815,0.893090886002657,1.2973364229623,1237.37236157364,1977.08396822732,581.369387925853,6333.09560353826,755.561099261641,0.762762623147121,0.67178516573277,0.906741781923089,0.500167568827997,0.92642879988241,1.66581897133935,1.19677634342303,1.55130717544549,3.63686901613275,2.01875578099449,654.919847069421,797.751435031409,403.187795473887,956.82980801409,482.840127795997,3954.31454009759,9575.65994870618,1057.29297578964,289339.93097318,1811.50485137295
100,0.215,0.825,0.257851105105913,0.163013034765382,717.370306956905,924.869251041088,216.991020822759,367.829941016634,750,1.02970112331922,1.10765841404434,1.35938037245104,1.34865408176733,0.873534260354427,1377.05710835266,1111.33627809054,578.629879578968,697.730287577065,1330.40282544687,0.712727566550998,0.856302243791377,0.996983018610279,0.849155584088009,0.47377451684595,1.74551412195146,1.48036920559215,3.58221380213558,2.09323318541456,1.32612550296878,667.801347657733,577.758446477804,413.993396677699,454.934489649299,612.794632888504,9125.84515210504,3002.628264797,1144.38776287461,1899.16023035418,13092.5635320076
100,0.215,0.825,0.199949825732212,0.176362016848044,956.493742609207,924.869251041088,231.101477737775,391.477054325248,1000,1.20126009091925,1.32370618693548,1.23383324789065,1.7980521133644,0.808462903719176,879.710948260601,1025.10997769876,686.031391329947,569.904692249146,1274.7892546682,0.558932761361813,0.921179839511939,0.772218515138612,1.22467174179724,0.557595346568546,2.04132682830595,22.5376708902991,1.67769561655497,2.39465304097887,1.16236936777991,504.400614367725,417.93575521572,435.845717654048,411.037560418584,600.640994345482,8804.93972369789,4619.00061776654,1467.48735314304,971.563785719955,5347.2344116557
100,0.215,0.825,0.199949825732212,0.176362016848044,956.493742609207,924.869251041088,231.101477737775,391.477054325248,1000,2.2538054816701,1.16738664711959,0.990047659522342,1.27289226088509,1.41817044746101,627.985126026087,1032.76497321054,923.590345284496,873.245741713639,675.108517578809,0.954368333160828,0.691716355580345,0.679366389657276,0.703022361357684,1.03045292368148,15.0789911624297,1.87477070786121,1.75326531581866,3.63793775079935,2.40564970348655,414.269638417643,576.741926419396,523.535601999194,483.70677486261,468.344399964847,2002.52205715697,4383.92693596236,2947.38151241949,7645.02721860532,1351.82775824673
100,0.215,0.825,0.162265605156944,0.185073900675987,1195.61717826151,924.869251041088,240.198467236649,406.701271141681,1250,1.31893677006631,1.23155234316065,1.64870746850565,1.2584112392919,0.920534781979294,896.622179416513,792.384966405381,844.486247606181,946.891052839423,1307.03242669726,0.801885211855979,0.763605403809843,0.914497582502473,0.892435220595491,0.644435016259961,2.53103228675889,2.82160112322371,2.74337561016978,1.88909789476405,1.40459555040626,521.552582327694,478.111993022922,511.399497679773,579.801410336061,617.935244975148,2611.3148988284,3316.45072678138,2818.50507186181,2468.9439827005,5716.08342027043
100,0.215,0.825,0.162265605156944,0.185073900675987,1195.61717826151,924.869251041088,240.198467236649,406.701271141681,1250,1.69052208580502,2.2703358523274,0.975465545066398,0.958567442498012,2.27056752099901,700.689882586832,502.879547936689,1587.02536856016,1072.75614780381,578.631749377178,0.561668386110247,1.39272377298899,0.637086132581937,0.348699708679277,1.38095435689533,2.58729842343446,4.2783072273899,1.7852824951639,1.79837174580054,4.7694894974642,490.435830854618,390.755651641204,677.338393854333,526.084419634605,433.106068367068,5116.24290632312,839.104084663217,9479.83654921049,44570.1816216167,1141.02207875157
100,0.215,0.825,0.1359512118419,0.191167880250941,1434.74061391381,924.869251041088,246.512720866686,417.258528720743,1500,1.20224449823894,1.19783305676722,1.35919302531113,1.55495253342922,1.30057348839966,1057.42534721116,903.195068899395,1501.72648742873,543.650533757194,1103.16177537465,0.723030222313909,0.779287449689257,0.886054907980774,1.19506242851325,1.01584653804946,3.27821508877907,2.13095642646303,3.39391227150604,2.09148847597704,1.89324835161028,542.524571485571,545.658122915418,707.533563393767,407.587770182092,659.789786366245,3983.14891298753,4260.8286217361,7250.91947513034,803.984461579861,2962.46061402256
100,0.215,0.825,0.1359512118419,0.191167880250941,1434.74061391381,924.869251041088,246.512720866686,417.258528720743,1500,1.85788993969356,1.00281493813995,1.07668190440224,1.15191287958265,1.04849661287223,897.947771329897,1036.22894271285,3895.48187018302,802.516380167603,694.201920991421,1.18788534673572,0.624112031079032,0.648953700484465,0.681725845150762,0.740190021294543,5.98037556733851,1.71262916896085,4.24515277504966,2.07946257919189,1.56520253077129,543.262891517443,539.186656544423,697.262749899008,508.435215769191,458.728940012904,3720.61708271589,5757.9651577582,12307.943431571,3563.12063679654,1744.75319126342
100,0.215,0.825,0.116617315361724,0.195650660072703,1673.86404956611,924.869251041088,251.132776990115,424.977968864722,1750,1.09462726622916,1.08087580469198,2.12812657136511,1.5997119671154,1.34011810130966,1195.52773335341,1137.25716883017,631.535013506817,713.739582766351,703.643732123505,0.551652281433883,0.724718879900467,1.08950033944806,0.885604440451342,0.699656478574281,2.31171464100614,2.43504624636498,3.28908601784716,2.5789375521615,2.3316687925924,588.127468329583,547.947288236319,455.03816293293,485.597532328632,458.825944035537,14587.5963112181,3760.35688087748,1331.19557667092,1859.94836987786,2470.321727889
100,0.215,0.825,0.116617315361724,0.195650660072703,1673.86404956611,924.869251041088,251.132776990115,424.977968864722,1750,1.42805398488972,1.01509314673919,1.33681159505707,0.821806783376513,1.9189096525294,834.771018155327,935.307093087138,1498.72278021854,2601.87699727887,583.760711635908,0.953113555722505,0.780872127128494,0.845258975878934,0.548553949867566,1.31750111569746,2.58283771010395,1.38166350944665,2.97130958439387,1.51646301881195,2.95916899390581,526.502904531411,593.891121146833,665.834341202135,887.843975470523,451.051990406975,2202.90572445976,2111.07393550899,6115.66105506717,17364.8756136901,994.895216357612
100,0.215,0.825,0.553075327915399,0.0957972524877735,239.123435652302,924.869251041088,141.877032223114,241.321481188715,250,1.00032020099401,2.10699070550616,1.04178768287768,1.21127511969499,1.68799464147347,4137.52423192758,435.253429822529,220.876870043192,790.60376125071,543.882153121658,0.706168565487663,1.40229392148359,0.820416907763089,0.766553851098664,1.13443127568331,4.01997843994536,3.63182668810626,1.31053920277877,4.89632888213243,5.08238204444988,494.827637140698,295.489372583317,168.859148432328,369.173153714418,333.354362301677,10092.6642793091,893.176286901429,310.392470480083,5719.40447073959,2299.06215249222
100,0.215,0.825,0.553075327915399,0.0957972524877735,239.123435652302,924.869251041088,141.877032223114,241.321481188715,250,1.67560562197101,1.0209811031871,0.992960806154215,1.6592689862203,4.7895675320146,1055.57997023695,1549.70279060279,234.657147717874,498.908989089129,2785.2162785057,NA,NA,NA,NA,NA,NA,NA,NA,NA,NA,NA,NA,NA,NA,NA,NA,NA,NA,NA,NA
100,0.215,0.825,0.356446462328954,0.140393708864946,478.246871304603,924.869251041088,192.551785564447,326.781948325596,500,1.49680846979973,1.36295646663146,1.0719570264773,1.63804029641688,1.10585027551295,1054.67524286981,660.833706801817,500.939578693997,865.702692530231,1511.15113076501,0.761206220785283,0.755224339516419,0.828121681293305,0.653944338661851,0.608707626978718,25.9750924252345,1.775685068997,1.46180914404667,3.66017540396112,4.24845527626969,348.050236962757,446.236938839483,354.313304778504,452.567798386305,530.856958101451,10956.3746843246,2330.86362652811,854.846729412445,20456.7335661428,19540.8619681851
100,0.215,0.825,0.356446462328954,0.140393708864946,478.246871304603,924.869251041088,192.551785564447,326.781948325596,500,1.12370680518392,1.32851369884305,1.10571712366016,0.913168842122408,1.90629273692249,1158.33286817835,1350.22922628508,493.255023960294,1170.41148103856,688.44757856316,0.496194044818862,0.861635274844652,0.799514510143608,0.654476613112088,1.0093182017625,2.95406084974865,4.51611253017858,1.56360135125454,1.31485956659915,8.26752399281061,480.107559713559,593.956553307538,351.265324475561,608.25229539288,391.432135476042,34344.2214592016,5818.22322741681,893.549075707621,4598.45377839555,2506.20378661177
100,0.215,0.825,0.257851105105913,0.163013034765382,717.370306956905,924.869251041088,216.991020822759,367.829941016634,750,1.26754058396807,0.765594262240098,0.985300152898883,1.42501974271097,1.2584716563435,1132.04951122594,3881.28322465338,545.825922180849,839.650382343715,707.872270656914,0.538260118298588,0.338695671741743,0.711714088728039,0.905267386386092,0.784841029474189,4.54208301283939,1.26127114921308,1.33655806286494,5.62335329881602,2.34400777129323,516.655665116027,1115.12244038805,371.457016579864,443.024139550664,445.841907662895,11749.5457019768,653406.319980806,1168.56723858764,3290.75138740054,1772.62079205271
100,0.215,0.825,0.257851105105913,0.163013034765382,717.370306956905,924.869251041088,216.991020822759,367.829941016634,750,1.69253956869091,1.94722513941743,0.674794228477306,0.786829176140947,1.56893968182709,954.21331006272,425.296967659584,2195.97778458443,1968.55415835737,635.73876186864,0.93914762079702,1.19455175204235,0.466562954406566,0.523455572484797,0.735826085117854,6.63064908270802,2.63531527201062,0.942897690877883,2.91414053105475,2.94770974379197,471.207377405863,344.831114845398,859.691345973499,524.354993514658,420.778160936821,4331.44796759722,598.238943813468,9772.18754895907,11625.4792265187,2246.50417123836
100,0.215,0.825,0.199949825732212,0.176362016848044,956.493742609207,924.869251041088,231.101477737775,391.477054325248,1000,1.48719100286351,1.22266238128127,1.03799956273275,0.941035737522166,1.08665774641402,929.416141051205,810.527834221375,1814.86500443662,3327.56212446325,847.399157157748,0.981729622870988,0.860197092412694,0.554547394466595,0.683522565253874,0.777956770018411,2.32902990619897,1.86896876438363,2.7280774205181,1.82925183916766,2.06802611737122,582.137456212565,502.659932536642,601.894832102131,1165.17921314736,519.729760323094,2648.35267940637,1731.06440644368,26676.1653049068,21423.6338612759,2130.11470415719
100,0.215,0.825,0.199949825732212,0.176362016848044,956.493742609207,924.869251041088,231.101477737775,391.477054325248,1000,0.951622783957644,1.28279771957854,1.61162310204221,1.68291953896364,1.46339585638673,3260.05085654702,889.705601761784,676.727836582238,644.764783026689,680.079178989655,0.530600671784711,0.802643588074142,0.760149943895414,0.969060560663243,1.01753723243995,2.65923154458267,1.90209573738241,3.4826856792876,4.34188188166354,2.24781901874347,819.342368133069,564.645801881445,457.068371446383,456.84388439035,464.573810482957,35415.6047783118,3880.97575915875,2972.1987035259,1749.17769074949,1315.0790407833
100,0.215,0.825,0.162265605156944,0.185073900675987,1195.61717826151,924.869251041088,240.198467236649,406.701271141681,1250,1.67939435502485,1.27375297982258,1.49661662272381,0.834213638254217,1.24553803182995,820.421282724986,841.011862141164,765.454638015442,2850.3093115714,755.847825866267,0.968637208197799,0.859720338403287,0.841705760341429,0.465920615208041,0.677058555549708,2.51699515969234,2.07258275404938,4.02348091717784,1.48731011185277,1.9755138309521,530.715469184566,530.439626103504,482.37859248736,891.299800993792,496.427855889918,2119.62445683015,1929.20134122528,2414.31450858052,46749.1333705541,3651.65994089483
100,0.215,0.825,0.162265605156944,0.185073900675987,1195.61717826151,924.869251041088,240.198467236649,406.701271141681,1250,1.0348534624638,1.23547687660572,1.5172393367121,0.887959243715478,1.11118362348807,956.775844644571,623.519083439872,903.048562734795,1953.96347064157,1055.23182504945,0.754304159884285,0.914002866627512,0.544727134697113,0.487259297530646,0.514175527045147,1.4335673672922,2.0972439432877,3.16821345580403,2.02712729228057,5.41774204049996,558.706215863051,435.889197549582,510.87890533317,742.828452220547,487.607209327631,2965.50825386533,1202.03532505959,10416.8813005885,39652.3589436587,19925.4319088583
100,0.215,0.825,0.1359512118419,0.191167880250941,1434.74061391381,924.869251041088,246.512720866686,417.258528720743,1500,1.0869507678727,1.28752486596359,0.848746964682891,1.10260703211171,1.54776140621802,1041.71009626908,774.707700555634,3075.49521764107,598.757020437152,943.48584920209,0.588825272661408,0.71693062527252,0.296827922309738,0.812167988832147,1.12128566422874,1.73549276461849,4.72278533237335,2.05676347517522,1.43271717876209,5.0894900535122,542.481494631078,483.215352825195,718.698950602729,416.33119281511,519.534603278543,6830.68460521323,4315.92014974293,82386344.2540415,1176.13914426822,3398.74063618999
100,0.215,0.825,0.1359512118419,0.191167880250941,1434.74061391381,924.869251041088,246.512720866686,417.258528720743,1500,1.1076233293539,1.55148373639202,1.32673988284337,1.04172863088473,1.01361030397443,897.141842246188,596.973815848116,1010.75039124943,1398.73800150636,1274.19021720605,0.787978354326855,1.00492798915668,0.983418286736757,0.709686526662342,0.70625308772978,2.83451191925195,3.24160153319161,2.97163161047504,1.75672355953399,2.06830314061592,498.043056316775,433.737375593475,576.506483038743,639.717233862902,606.713099055948,2389.90914558689,1165.31011909964,2744.06280900008,5216.37962402638,4811.87296098327
100,0.215,0.825,0.116617315361724,0.195650660072703,1673.86404956611,924.869251041088,251.132776990115,424.977968864722,1750,1.33069695693216,0.875891204421982,0.563760909495038,1.24830560437208,1.69461741041518,1066.93678913884,882.822974867664,43080.4279690977,696.169013693389,649.69160773305,NA,NA,NA,NA,NA,NA,NA,NA,NA,NA,NA,NA,NA,NA,NA,NA,NA,NA,NA,NA
100,0.215,0.825,0.116617315361724,0.195650660072703,1673.86404956611,924.869251041088,251.132776990115,424.977968864722,1750,1.34087378375528,1.02832650793764,2.20261514505512,1.37180738942798,1.17782402921608,806.36733146807,1268.43738716727,758.442927176438,743.415195446581,1301.82183071849,0.965785882917057,0.704252672470178,1.47128278567932,0.954501124266132,0.760828476916118,2.09236746359826,1.69203910278093,4.37437741207031,1.93069328527482,1.85673495168243,532.22997219923,673.616182554779,505.284454692976,495.421281273151,725.333074662624,1759.60452490811,5404.94718034978,1657.94961322255,1369.5039001832,5162.76722382496
100,0.215,0.825,0.553075327915399,0.0957972524877735,239.123435652302,924.869251041088,141.877032223114,241.321481188715,250,4.30185348145829,2.13808654315862,1.2051486149565,0.910952206785648,1.60722037963159,377.451918548596,435.673822805641,257.623478936423,1616.05464669735,520.95854206423,2.73932180973597,1.09043795478666,0.89478608305848,0.59967051349764,0.870606434057741,9.2454193717122,3.9917381222422,1.52489421790541,1.42922001121961,2.5604350891444,281.170554266934,292.169637314352,201.173215049705,581.783803720449,329.800286478012,967.191184526131,1278.31905498837,373.863975102355,16381.5171172202,1987.61693662162
100,0.215,0.825,0.553075327915399,0.0957972524877735,239.123435652302,924.869251041088,141.877032223114,241.321481188715,250,1.40846228801838,1.85054177872458,1.31550039969875,0.969601095948052,0.976879641126874,1082.52204080258,604.142664810537,200.649774268839,881.678817403176,1228.27951533343,0.660425160091062,0.665806610036211,1.04489391227188,0.514119247231467,0.696968006905979,5.47924544054872,6.80466199372912,1.69757068927446,3.08989070615151,1.55827354811699,426.70793150251,300.947209942996,165.130530067882,338.374957232399,494.283382733035,4523.34484179566,4052.37286385623,261.685355538323,26471.3487968485,6955.87869595632
100,0.215,0.825,0.356446462328954,0.140393708864946,478.246871304603,924.869251041088,192.551785564447,326.781948325596,500,1.13663494191526,1.7510891818803,1.21470505521774,1.3699621048283,1.21736944389311,767.287543566079,995.282213987799,450.732631191431,732.875309355459,626.217665416025,0.717581777673725,1.05777681980553,0.874460453188848,0.894267981265425,0.822166998287127,2.62858881413925,6.38499216853655,1.81253473524158,3.04379575794951,2.17764217033163,394.72639522685,423.063005876477,325.933596883116,411.149641143755,377.741299825936,3846.57998130653,2943.47050662813,794.370512544956,2568.62395785856,1591.78162441222
100,0.215,0.825,0.356446462328954,0.140393708864946,478.246871304603,924.869251041088,192.551785564447,326.781948325596,500,5.80370816091105,0.927301495110305,1.16124636537115,1.14615269296978,0.852879084116032,552.879933017352,711.708719956416,342.954393772974,2248.8623694608,1503.95943538251,NA,NA,NA,NA,NA,NA,NA,NA,NA,NA,NA,NA,NA,NA,NA,NA,NA,NA,NA,NA
100,0.215,0.825,0.257851105105913,0.163013034765382,717.370306956905,924.869251041088,216.991020822759,367.829941016634,750,1.35821251800225,0.605404480562452,1.27782662269769,1.35744682896328,1.23447274691643,602.848535607268,6584.24370841803,690.75377376737,681.264222456702,1045.62938245487,0.908291248590406,0.421130318434729,0.69409980678206,0.963858968953355,0.838447931180208,2.13935086978628,1.13025808112374,2.18737521046028,2.18043823598539,2.16436244074552,419.719757734724,1295.27528527051,446.153480727845,448.338320913171,569.085247485954,1459.47353622723,152207.930105002,2543.40999207914,1506.82977136574,4316.73394120544
100,0.215,0.825,0.257851105105913,0.163013034765382,717.370306956905,924.869251041088,216.991020822759,367.829941016634,750,1.35530205206709,1.55514042376626,0.815017859119071,1.57411087476089,1.20288047434928,575.544768367727,628.276679987483,1143.19147178029,611.235977534742,1107.55323159982,0.807974787045979,1.17574643667587,0.604420211932356,1.1528630489091,0.775303863615813,1.93004955351674,2.39355753499212,1.22849594409736,2.18098813889155,2.62135641574822,387.049719170475,424.378897463888,521.623911725752,401.286048581457,509.730283602726,1362.3469672057,1407.59500288792,3493.1888045682,1301.19271374383,5489.48289847249
100,0.215,0.825,0.199949825732212,0.176362016848044,956.493742609207,924.869251041088,231.101477737775,391.477054325248,1000,1.41693714337387,1.07206921332091,1.08115511958374,1.18257806326625,0.647363385641235,621.468991484182,1479.43807055387,987.677102808483,504.691074970952,6805.21474130083,0.990813257459735,0.619828064004717,0.650771736117155,0.805209795219804,0.264400714631526,2.5429477393543,3.03638757276686,1.96795435353949,1.6903876143956,1.51557897385524,436.031283538615,550.940736761068,534.569281689172,360.890763893694,1016.58329501245,1214.16026415863,17679.6785176937,5548.61150760518,884.203352696946,13894324.8886875
100,0.215,0.825,0.199949825732212,0.176362016848044,956.493742609207,924.869251041088,231.101477737775,391.477054325248,1000,1.36873035352944,0.942299298323202,1.0449178602739,0.997578459482956,1.43612650960768,954.955436402909,659.321394968091,1078.88667350036,1493.25226905832,915.115232441783,0.924596169769601,0.724159506314103,0.581197446747014,0.687669769473362,0.8689059025535,2.53842220560985,1.31842272846317,1.69421719978789,3.12137284061773,5.86103866547874,556.146975959985,425.522484452809,579.3967729246,671.976393708906,481.789244993692,3152.27812764386,1182.93269190019,8902.63389010679,9011.49851251399,3633.55516470452
100,0.215,0.825,0.162265605156944,0.185073900675987,1195.61717826151,924.869251041088,240.198467236649,406.701271141681,1250,1.29342402927905,1.5492712347789,0.836281511532719,1.01578995765411,1.7101724734858,617.081429984125,516.658065840777,2183.17869038734,3291.88212446887,595.931319378333,0.899033589498193,0.905539944860118,0.613154850105356,0.69689720474984,1.23452278697789,1.83630368699903,2.77495713542995,1.33613266594259,3.45641784368639,2.80037864667166,431.413778020123,396.055568518697,854.946156088605,1027.60097056851,415.873330570052,1257.23785864631,911.367452584723,13191.6873713902,19020.5935371831,1078.43235926546
100,0.215,0.825,0.162265605156944,0.185073900675987,1195.61717826151,924.869251041088,240.198467236649,406.701271141681,1250,1.16787155241643,0.966716114298094,2.423906440549,1.29149263637682,2.01360047478051,1010.18106162395,929.068869511417,697.803283047728,704.713531600498,681.680617712639,0.683647313001182,0.712556656653664,0.678396772117831,0.805833022248761,0.931394813888252,2.25141272468647,1.50164016113576,5.35828886979106,3.15594826703033,3.55204502082474,546.72118893187,542.992321014983,435.35796940709,452.374513222209,478.3748075079,5611.80351426386,2339.06248230085,4400.41849915713,2339.2754918387,2648.75355038798
100,0.215,0.825,0.1359512118419,0.191167880250941,1434.74061391381,924.869251041088,246.512720866686,417.258528720743,1500,1.04333310160427,0.885845651268182,1.18734339587067,1.01881764853139,1.74113307820011,923.453457366938,1598.19635770649,1231.84007590176,985.633905193277,638.186945934515,0.594821507357999,0.582788726126267,0.559077275909116,0.705889415587839,0.694989313335667,1.63479665174667,1.27016805188043,4.01067162149503,1.70098969850059,3.42500279292556,569.550610211905,714.252191254142,528.135224137412,544.758422994713,452.665123256453,3329.40045487009,14207.8681137999,25082.8557620141,3542.98927162676,2279.26668039359
100,0.215,0.825,0.1359512118419,0.191167880250941,1434.74061391381,924.869251041088,246.512720866686,417.258528720743,1500,1.26422330053502,1.27674725365068,1.12039733853685,1.04189537148745,1.46607483002413,1034.83039624001,1213.26258288106,1963.12642538783,679.58395479607,928.720614045229,0.875465536614438,0.799974861446958,0.618994463835229,0.75208477368294,0.773344694357437,2.14719311532842,3.09768959466407,3.04725800211439,1.53952355611109,3.87727203968846,619.702370086674,642.734270668627,698.954174043968,463.813951482326,535.999893994122,3680.45049149572,8091.93934149985,26969.2911772278,1327.72869875803,3900.04275277874
100,0.215,0.825,0.116617315361724,0.195650660072703,1673.86404956611,924.869251041088,251.132776990115,424.977968864722,1750,0.986954913760471,1.34737243449481,1.96035500632591,0.881498135180377,1.87195335670291,1657.81177376754,690.812037090082,700.503478994003,2706.61990026783,549.88172625538,0.61255612473508,0.902635179991057,0.927727109027298,0.519536576901838,1.4137358358453,1.91841302943569,2.04824999730987,4.16891462850325,1.38911251037112,2.82603278443597,682.5743357235,479.137257665733,473.234336691232,980.925170738877,422.212361466693,9450.9931092457,1537.44843974802,2657.40176890754,50187.5688057737,849.879884621081
100,0.215,0.825,0.116617315361724,0.195650660072703,1673.86404956611,924.869251041088,251.132776990115,424.977968864722,1750,1.35695680087205,1.13032272203751,0.668613515536956,1.00723329573347,1.07198034727247,798.929028626865,1022.95778924119,14144.6371870427,1606.46666677181,1473.01350050501,0.811980218574869,0.767675503583347,0.395762737804606,0.644779113299945,0.788253896787393,1.97618437854961,1.87005702208462,2.57471959492221,1.58514309823958,1.75136099179614,555.189125036758,647.304594225672,2366.05047161687,761.088559980566,755.345428411086,1774.88535231752,2864.43219701687,263905.394344947,8374.09918937517,5712.38333153707
100,0.215,0.825,0.553075327915399,0.0957972524877735,239.123435652302,924.869251041088,141.877032223114,241.321481188715,250,2.32579768919812,1.21191996143963,1.21004362370729,1.89894994164558,1.19525839432683,574.159632590348,822.531923003509,194.176495228852,553.504647149577,813.915065918651,0.960147391354627,0.713918990471124,0.995876682076955,1.31788031134786,0.774277031508194,8.29208383450938,6.28414410001814,1.45683031599786,5.39313353506749,2.52891617487697,273.92501103301,299.157307633661,152.946110928509,313.070278101054,387.085056160065,1795.98325687687,7414.37988942411,261.455983288832,1597.86942524892,5597.05934062193
100,0.215,0.825,0.553075327915399,0.0957972524877735,239.123435652302,924.869251041088,141.877032223114,241.321481188715,250,0.886388153348874,1.30350387646377,1.28638739954146,1.22385217845729,1.04998360522572,1685.41922259363,875.490697217471,223.089107240457,1299.48864741328,637.186943613279,0.476131446422524,0.695224957738501,0.969378007033085,0.649687881938739,0.643641011737438,1.51170695378998,8.38080729416525,1.90181313242682,2.17885131404748,2.05701349428909,624.221063960714,274.214142172253,181.943666938744,562.43957202097,319.551005195391,70882.7370227685,8383.58476855075,303.159196386227,25362.7074837431,2660.38045489082
100,0.215,0.825,0.356446462328954,0.140393708864946,478.246871304603,924.869251041088,192.551785564447,326.781948325596,500,1.38236510838234,1.22063989037476,1.4174666637519,1.17727282159113,2.20938930934055,1041.01125606597,751.834232469706,593.678287471788,1062.40897648735,598.97871324786,0.991024745714663,0.694527516835454,1.06732691172017,0.802821688182707,1.07183082827968,2.15041749179513,1.9087516091863,2.01416423985931,1.86899195598921,6.17732959050834,566.414209562366,449.832554481952,415.938956674915,546.808246838719,395.027449653593,3150.19478924836,3214.14585597068,1243.21375870357,4363.56991333898,1895.68613522925
100,0.215,0.825,0.356446462328954,0.140393708864946,478.246871304603,924.869251041088,192.551785564447,326.781948325596,500,0.969247270620497,1.22689466357935,1.21687880700134,1.92519197973493,0.742462290687804,1707.88284478348,551.12977884696,395.444593328627,692.851042321749,1531.71066304287,0.68872708689965,0.870383182964875,0.919978202811238,1.16801638151319,0.570809030409272,1.58090891783588,1.88521474715259,1.59185207842309,6.55866312739929,0.957804813759565,635.444086484525,356.283741704631,284.848241328182,395.166796287811,679.162110346403,11492.3549870634,1293.91905954221,640.621106615911,2412.97813383684,7698.67674066074
100,0.215,0.825,0.257851105105913,0.163013034765382,717.370306956905,924.869251041088,216.991020822759,367.829941016634,750,1.06062523944918,1.27165658084903,1.18348662340723,0.885679381190452,1.55027755987877,1297.66084696985,600.250776170738,1042.92715802671,2427.93216346424,494.187162988246,0.809383666394836,0.812037103195742,0.743950769563661,0.438282105586544,0.933754971892177,1.77718323154345,2.0291821896867,3.39109589819002,2.15233790104087,2.7488502695133,686.337235000763,400.90492092137,475.357961703915,717.138087293972,369.287864506268,4754.60088586346,1382.16088190414,6972.62880290596,84479.7422982561,925.770337593686
100,0.215,0.825,0.257851105105913,0.163013034765382,717.370306956905,924.869251041088,216.991020822759,367.829941016634,750,3.08809601960963,1.15154873953355,0.879455370733601,1.215121169039,1.58199300779923,574.042093010898,798.558087507415,1050.91912276963,654.697887223896,664.777539849305,0.698031163556619,0.715400429356406,0.547295780621353,0.758871272871089,0.891930666345387,8.60391368340078,1.9590227992927,1.68804100409086,1.83728667404262,2.40640960115305,404.204089613863,472.858934201174,476.680766200091,434.14991272082,441.494156007533,4139.92508888001,3446.88703016017,5002.96593518129,1474.1593221009,2230.71889336662
100,0.215,0.825,0.199949825732212,0.176362016848044,956.493742609207,924.869251041088,231.101477737775,391.477054325248,1000,1.55352689422132,1.02245993436032,1.28959051655483,1.16731206091828,1.22250034359174,848.639274871735,921.532526822238,1036.56872819417,1281.35467590922,1136.23334640708,1.00047234524483,0.701645020699742,0.719927516534583,0.784433603933419,0.651612779099068,11.7444845781819,1.49379868169381,2.19146244579512,2.0428501988993,4.02300789647556,465.186832437991,564.335810897428,568.175039987917,647.879799031515,516.532761172358,3194.30910851551,2745.90599812211,4649.71837872616,5616.5301371421,10074.9748003126
100,0.215,0.825,0.199949825732212,0.176362016848044,956.493742609207,924.869251041088,231.101477737775,391.477054325248,1000,1.21367216328989,1.71464268150379,1.39138289497278,1.02417250450563,1.50955677289707,933.756934590834,608.487154665164,718.402125216135,3326.23442050404,558.109767881293,0.767871279123436,0.799719800595788,0.953772385581746,0.499898352847201,1.13720555644797,2.43638733267822,3.92407620181864,2.01886011725243,3.71337076452231,2.20261307653256,511.895791744485,424.064779823757,474.611390061909,695.360013849265,416.075539147402,3074.02795972982,1914.97579680629,1580.9444050976,36458.2564402041,934.983189638993
100,0.215,0.825,0.162265605156944,0.185073900675987,1195.61717826151,924.869251041088,240.198467236649,406.701271141681,1250,1.23836628997022,1.02992655174637,1.1534806041285,0.78412287452214,0.94585586822013,927.251390260972,769.3739439995,981.237819562783,1497.4418075585,1801.48188321108,0.853464070477249,0.704738831690928,0.756430886943952,0.553919330796324,0.56303948500316,2.20038608498715,1.57416723644102,2.65186063199465,1.07574328201892,2.72815203715609,505.428910275085,483.065680400472,564.595697646023,710.163384996686,619.58956497206,2728.84780994509,2318.40259192918,4523.12166965579,7568.1460941763,20577.1047815407
100,0.215,0.825,0.162265605156944,0.185073900675987,1195.61717826151,924.869251041088,240.198467236649,406.701271141681,1250,2.06231018362651,1.03392605563942,1.17841896362716,1.15563458413486,0.975533370057871,646.504085012686,939.08293253034,886.236318821847,1706.73471452181,1755.16870081813,1.37764454199527,0.614419164430747,0.732245246792717,0.75271684468242,0.566812349242782,2.85163612970391,1.70576990275944,2.48012269584313,3.96962259730259,1.75101017352116,470.544351229922,519.971871049711,507.438524201565,704.97926923129,735.292372859457,1125.31800193843,3962.14213410576,2623.86164039296,7492.01814123912,10895.2609269164
100,0.215,0.825,0.1359512118419,0.191167880250941,1434.74061391381,924.869251041088,246.512720866686,417.258528720743,1500,1.38617349190521,0.923379645559117,1.13783115852821,1.01117214529845,1.15878070086335,1059.00434290577,978.011496879583,2204.97905245247,1356.38371892339,1154.30508768991,0.807059416817249,0.671461066027471,0.526326979623434,0.648768751794468,0.913701580972893,2.63811995578354,1.32241488538893,3.36839137835079,1.59347638435061,1.68704935415592,590.207243945497,563.111462848168,724.723571726121,701.69357077716,642.210690644911,3971.05688839183,2601.23101183518,55849.4270606721,5844.65911934337,3611.00985461246
100,0.215,0.825,0.1359512118419,0.191167880250941,1434.74061391381,924.869251041088,246.512720866686,417.258528720743,1500,1.11596057305722,1.08873111382154,0.544553230631823,1.62766916853003,1.4476565592922,1232.47797549567,613.444478932737,11730.2603716593,704.294422328046,640.468812415225,0.869823029552235,0.666306720611439,0.32137911680699,0.77426865746056,1.07624891300083,1.81977177022475,1.61990036489182,0.931748837050457,4.69172000096108,2.27010006288082,610.2778431673,413.276140855121,2083.2390760146,463.817259931627,447.536921220002,4510.23465240156,1808.18949185817,2174093.94421647,3245.27901291942,1190.81810075563
100,0.215,0.825,0.116617315361724,0.195650660072703,1673.86404956611,924.869251041088,251.132776990115,424.977968864722,1750,1.61983055467959,1.42231191377701,1.42336435750796,1.43353737371096,1.09261865556242,735.908323336914,600.37851555809,1694.9564215537,1345.96980246315,841.742091378137,0.991294662430898,0.951906146088828,0.505603584487083,0.734168130929442,0.80802049843253,4.59201797912098,1.96341608740042,13.4620501838173,8.50116679035305,1.59596756204338,492.705255358216,453.909963947485,467.183377663256,489.334890307226,524.185965914936,1893.17398744165,1053.44875784055,32025.0578910242,13930.6964205711,1878.39949771749
100,0.215,0.825,0.116617315361724,0.195650660072703,1673.86404956611,924.869251041088,251.132776990115,424.977968864722,1750,1.31954069934873,1.12006056242304,1.060822795141,1.21239704369325,1.10968485074563,1907.81098811369,1307.77677352566,3269.50276141826,1000.55474772837,1429.77436816202,0.629218654391182,0.688599860633698,0.656805820268727,0.872505719414386,0.746547640861242,4.63217888124319,3.07839403989871,5.30292643883729,1.84890881541949,2.03728148746817,785.673687537412,635.697643827766,626.02082542607,643.257319657443,750.068285613663,13814.5067959401,5837.2738095634,29961.5682490173,2072.61137857343,5706.69842313423
100,0.215,0.825,0.553075327915399,0.0957972524877735,239.123435652302,924.869251041088,141.877032223114,241.321481188715,250,1.73447282363032,1.22864790964144,1.01756112894065,4.90962207681764,1.07249769296099,458.017230842747,1595.98170143522,332.805765711327,2615.21360773228,653.851254568714,1.05156800299387,0.385777377790728,0.656016802761118,2.72353781028431,0.63324614088606,3.24628374143495,5.10379789320544,1.37650677504528,4.99783415850549,1.86613833462358,307.405789759948,391.298827633209,240.613049228382,272.893172758099,361.773097332534,974.37272116382,390804.615314211,685.424617966646,2650.33759702703,2650.34605504676
100,0.215,0.825,0.553075327915399,0.0957972524877735,239.123435652302,924.869251041088,141.877032223114,241.321481188715,250,1.1853259647196,0.744821404858723,1.45759313538997,1.215586613372,0.911117889033693,527.639001053647,2295.9206471645,262.219122774725,781.474066753007,1441.16308333519,0.736722644498155,0.483474277685699,1.10435295905569,0.590191224019293,0.537999753841341,1.63307301709051,1.02061810944071,1.92103255445455,3.59076564947617,3.60291044281099,330.215033170339,813.486928245834,207.322518302533,323.004134407348,429.952929723015,2057.61810645704,58629.5417899145,376.618274898406,11497.2039879384,27852.7687996907
100,0.215,0.825,0.356446462328954,0.140393708864946,478.246871304603,924.869251041088,192.551785564447,326.781948325596,500,1.60952053697996,0.739397773308671,1.01376348858628,1.02945961797688,1.39858026552308,927.076873188527,3448.00405298267,548.66520788276,964.294722452293,1014.32756133478,0.619314463201032,0.45620674233726,0.736002119520874,0.653943623797705,0.69554522356481,9.11559614638404,1.95554864169342,1.37992176717663,1.6847776760583,4.26719263939929,393.268242387894,907.64659855736,378.266432985479,529.009460259814,485.5794071308,19203.1554421507,88623.9427151598,1194.0084040245,4216.14824821592,7165.07396943106
100,0.215,0.825,0.356446462328954,0.140393708864946,478.246871304603,924.869251041088,192.551785564447,326.781948325596,500,0.929210648079159,2.76230714700711,1.19309794127809,1.10307342468729,1.09983240223425,1302.89148500218,416.026475316657,451.689794266482,1928.76139270168,1884.88242185798,0.592733657384185,1.98172486225226,0.844838789552383,0.424413169594897,0.61034574258834,1.33255738931422,4.52075101174849,1.77286922465865,3.67758515769064,5.26837508453046,633.810409677433,339.418121330782,326.154309535732,485.845410549217,450.875014705866,8209.81769595278,575.361978537781,719.274636631901,594849.682855698,32510.5434820613
100,0.215,0.825,0.257851105105913,0.163013034765382,717.370306956905,924.869251041088,216.991020822759,367.829941016634,750,1.01661949422615,1.24470169197853,1.47915248925471,1.06290818996644,1.85823864049027,1101.32836341734,715.196095587624,549.969391680074,2010.11190734972,763.072047895408,0.625121134743355,0.780286050087017,1.06182317702577,0.721757999480528,1.12331575678213,1.87220702024183,1.89999428193787,2.17252858171998,4.4716639846546,6.64131461693648,526.399964416323,457.477220748906,406.266385044051,579.636037697865,442.584491759518,7616.14804304332,1898.16653556172,963.788568832745,15208.8438896134,2447.45196089904
100,0.215,0.825,0.257851105105913,0.163013034765382,717.370306956905,924.869251041088,216.991020822759,367.829941016634,750,1.84012534521218,1.37089726155558,0.873426892049215,1.51408578595137,1.48907010628547,570.614368539823,1418.55351207901,1483.86489093677,678.481699295238,556.969017646591,1.07161026943314,0.978758216554456,0.652001424576374,1.07826390149975,1.13616447237652,3.02887864382079,3.82874677320847,1.29455366845593,2.17697403392085,2.00495727472797,415.523041718722,622.198077581936,681.470135741384,427.57425557264,398.52905163724,1373.01045770058,5686.11627642534,5444.18461504161,1450.63204505904,897.29140131818
100,0.215,0.825,0.199949825732212,0.176362016848044,956.493742609207,924.869251041088,231.101477737775,391.477054325248,1000,1.23286024730919,1.17459806982663,1.1623859307645,0.850155520999613,2.02371151393795,936.22265127058,1109.39032279257,838.236879481067,2271.97855928611,914.235807920467,0.739045536637667,0.649162791980914,0.521138997236095,0.312435311241553,0.83058650974477,1.88325939110643,1.92905900471468,1.65857929519418,2.11556650124742,48.4875708480302,576.446721467092,610.918937779464,525.698005365018,636.442030084251,419.863925531065,4260.93291471882,7081.19595431079,4553.83742462947,411228.762822191,20965.2538737558
100,0.215,0.825,0.199949825732212,0.176362016848044,956.493742609207,924.869251041088,231.101477737775,391.477054325248,1000,1.26984618463744,1.08778499386447,2.17294026246944,1.20747698216671,1.23738082558071,770.538989807164,1451.0621109727,882.951505942937,762.634307807641,773.897964604658,0.977191465103219,0.710288850449018,1.09823298021629,0.733313538886217,0.984287950129081,1.70768551831154,2.63816601538252,6.61728664570555,1.83925435180474,1.8511030961348,468.016704970555,677.21428770461,548.544300411753,499.432621422466,487.053706667226,1533.71929273815,8022.56543349338,2627.12719740142,2193.65741643637,1482.90480931562
100,0.215,0.825,0.162265605156944,0.185073900675987,1195.61717826151,924.869251041088,240.198467236649,406.701271141681,1250,0.978555583920909,1.28091383091556,1.76492754976565,1.325000072899,1.42189233312262,2057.95307695843,733.384296229485,975.807893296181,900.403300707681,1005.73280692896,0.530011722952539,0.983692185832357,0.932809815667499,0.926307349453897,0.929707387209234,1.84990758456277,1.8204255275109,3.20808113912707,2.22168625739721,2.2841200219102,779.436162674235,507.81875755212,593.496530548338,530.410388020758,604.315133185245,20520.6865709595,1384.33764735211,4015.3807366076,2073.39716587148,2710.87945120144
100,0.215,0.825,0.162265605156944,0.185073900675987,1195.61717826151,924.869251041088,240.198467236649,406.701271141681,1250,1.75668691211499,1.23056227222226,0.910209274636401,0.786830790906132,0.862269945517124,674.25532176148,1060.07946945494,1550.59598268405,1273.20276734262,2219.06165620922,1.33042963386593,0.828387346176488,0.622477393640101,0.439572992977309,0.565718718694845,2.90745892278616,1.980241975814,1.45264225932646,1.1050058748462,1.77539105741511,470.379866230206,627.769927609625,757.400803726334,671.095074710293,876.625227384641,1197.01850546836,4111.97007272838,8280.27048251827,8888.89337549689,29263.5456361911
100,0.215,0.825,0.1359512118419,0.191167880250941,1434.74061391381,924.869251041088,246.512720866686,417.258528720743,1500,1.1492661811961,0.828761028800597,1.10379887563801,1.12975550038497,1.65031960872271,867.824014886894,2296.99701541407,1164.3769699988,693.347379716754,957.85024702034,0.737707466952252,0.508004242228963,0.69870656769661,0.853240687884834,1.0840026899777,1.99614124616383,1.38186263621764,4.80420599759198,1.58462411270891,6.66009454094309,519.695284534881,832.578021628439,517.774879610604,466.635831690834,573.64545239114,2600.8100452786,19747.0012283054,4625.48676657833,1299.43941231218,4420.37393718375
100,0.215,0.825,0.1359512118419,0.191167880250941,1434.74061391381,924.869251041088,246.512720866686,417.258528720743,1500,1.08487224740979,1.17733944876944,1.83396913529376,1.11479484335116,2.07799405427659,1716.91737623508,876.848862153698,1034.56438932863,749.038651515457,561.36071305193,0.615116304757585,0.84579014187228,0.962799471373562,0.841608684526531,1.56413509984592,3.37755660322269,1.70325182240057,7.00900502995631,1.42481929108569,3.14983622307095,635.57331343788,545.080528439423,533.478833339114,487.827468445158,432.679847333568,28452.5031712084,2620.67669618621,4051.66719258874,1597.09382211533,839.308562056513
100,0.215,0.825,0.116617315361724,0.195650660072703,1673.86404956611,924.869251041088,251.132776990115,424.977968864722,1750,1.05323171292702,1.30179884756706,1.50769957344914,1.39564316271141,1.01024950891779,1911.0117789473,760.300118311923,859.140939539683,708.934961185339,1041.75805842819,0.512030452832722,1.01235914933845,0.9523077870006,1.02114034836979,0.70952479351164,1.72263547743587,1.86836333023043,2.09221128382137,1.98768260686711,1.66106223385702,761.379603117924,499.649930871712,550.900095461447,491.112683812847,555.238261759668,26007.3490204155,1388.65624892216,2106.65705525951,1412.51112096079,3288.63010278389
100,0.215,0.825,0.116617315361724,0.195650660072703,1673.86404956611,924.869251041088,251.132776990115,424.977968864722,1750,1.64041717242643,0.915139815781627,0.894543102759258,1.70612994478015,1.92022075551164,664.599918831231,851.9117748389,1429.23219985572,770.669663095158,986.811672894599,1.18259306714649,0.525987179941561,0.673119145997447,1.05074267130919,0.75537598729306,2.50370558480197,1.56267249114752,1.21740480745414,3.32253074735592,7.46184897852032,481.364724334162,508.160196072401,739.472066792965,533.377714692329,521.95555193158,1325.11567854994,4266.90876749211,5002.40012794569,2544.67793800785,9146.15186047291
100,0.215,0.825,0.553075327915399,0.0957972524877735,239.123435652302,924.869251041088,141.877032223114,241.321481188715,250,1.70478353241395,1.04503130266863,0.973804919227522,1.3550214567477,5.67138373240494,526.744283990139,683.469184226602,327.186200024249,497.121419956338,3139.24776278023,0.676033179590834,0.638023710073245,0.766503440066398,0.905323178640115,5.65757459838448,3.49842636829063,1.57219260259213,1.19495049957419,2.09947784299225,5.67187984190517,324.318255352075,379.973119972688,227.615526192849,318.563881138561,3137.0689786485,3263.78214507117,2847.38445741064,572.868143380168,1276.58852695376,3139.35533778708
100,0.215,0.825,0.553075327915399,0.0957972524877735,239.123435652302,924.869251041088,141.877032223114,241.321481188715,250,2.83393991799413,0.909514642137048,1.32116392748121,0.880562221859005,1.54547058014271,501.574314766795,1751.84022777059,239.581387933978,787.590369832359,637.796445451758,1.58935999705254,0.443355303961095,1.03971545127806,0.541540484697864,0.934180520471006,7.99871304636831,2.47623283266955,1.69666482262263,1.36345816767925,3.42670794839863,332.847742749706,423.976862044165,189.321602481735,407.758913526797,346.27397107375,2131.76160554321,99549.3269301422,337.281772401252,4549.0768779943,2762.42781657946
100,0.215,0.825,0.356446462328954,0.140393708864946,478.246871304603,924.869251041088,192.551785564447,326.781948325596,500,1.10950688554313,2.27440826930034,0.954290823414104,1.47628932281239,1.06004435144868,860.736986633977,481.075361945308,454.296414578412,757.076632358921,858.07476837415,0.81906458674573,1.28673346945245,0.731397083454636,0.64311697901314,0.753327626387216,1.7749037818688,5.04691779100045,1.31238330451965,4.6878123947875,1.68843697026978,449.856586269649,345.20665968861,311.493404519858,387.335432712248,486.516856995853,2791.34258858363,1173.14382772357,792.194949154708,15708.1661651598,3106.14121267674
100,0.215,0.825,0.356446462328954,0.140393708864946,478.246871304603,924.869251041088,192.551785564447,326.781948325596,500,2.04447266386295,1.10539181530779,1.16977738205372,0.95127786648706,1.64564896703513,846.738252630386,1012.41611951942,589.106199839928,1231.77294311021,619.071284500113,1.03427283193491,0.760146730900779,0.912972900628498,0.674050939372436,0.887649514284795,6.57610815197228,1.45167030351188,1.60120180338926,1.64048738671297,2.98772553898524,459.643556540526,536.506098498007,398.382137804509,594.099739759348,405.382405201974,2891.71444496151,3012.30858567784,1104.98302065075,5069.87094727976,2031.4282504024
100,0.215,0.825,0.257851105105913,0.163013034765382,717.370306956905,924.869251041088,216.991020822759,367.829941016634,750,0.884022409178553,0.966130648204986,1.22496654649667,1.97398916492971,1.1682506121807,2622.00985403451,1010.51846123323,589.444301825139,565.250091413328,648.306898170491,0.422443139656008,0.516687283890114,0.86134490383957,1.00957234554661,0.752959153342475,2.63748200442457,1.6133552400937,1.82924781871785,5.21213856141307,1.97129906978621,615.249912685656,484.634285573533,411.443775097964,403.778463933705,398.602979967743,419778.496818388,8451.50260548618,1390.1882110089,1948.33499151056,2296.59524886696
100,0.215,0.825,0.257851105105913,0.163013034765382,717.370306956905,924.869251041088,216.991020822759,367.829941016634,750,1.95879231632269,1.43895153510604,0.923665521037141,0.867192420113544,1.27670986209339,773.576105641828,725.139793342384,771.346650844012,1022.25789293865,592.552230073263,0.896301945377948,1.01562736998536,0.564040619441257,0.505135843910203,0.900637967179303,4.3511078403797,2.3584436528635,1.49377254565184,1.26887516639539,2.80883422200608,470.419328120139,433.514610442778,450.955517112556,520.63275886462,393.646753622015,2991.14499087651,2090.24883840633,3048.4356359886,4919.00892257855,1392.52119121511
100,0.215,0.825,0.199949825732212,0.176362016848044,956.493742609207,924.869251041088,231.101477737775,391.477054325248,1000,0.918627238975689,1.31857121160252,0.768837250326429,1.25644764633444,1.07883248890586,2319.59144179599,749.692850649295,1486.79108350267,1113.47528528563,1278.34395039416,0.475333313827748,0.964006435952002,0.591536658663594,0.507937673481522,0.779976222263539,3.68963453637407,1.93185722228943,1.05104112482669,7.41603228087701,1.46996693232324,646.934288478132,510.668069997808,753.369480850371,462.856543156857,677.510141252199,86025.1879559491,1514.18059456387,6749.3526685258,94531.8636501102,5482.46495018563
100,0.215,0.825,0.199949825732212,0.176362016848044,956.493742609207,924.869251041088,231.101477737775,391.477054325248,1000,0.99160751557866,1.21863220205805,0.887695758041481,0.943049684961911,1.37872851980317,1751.54298617171,869.830680010431,1168.37029253763,1233.87561297577,769.296163278451,0.637587926326713,0.850960261415014,0.593306198346288,0.552584584920897,0.869871718415242,2.48212101366251,2.94023698621179,1.67066151366991,2.08999225449074,2.6087251642562,705.585120735258,505.790291893535,596.777945526573,554.161905030512,497.223431585694,20667.6360876006,2650.26325055613,4896.25930882112,8149.05063191154,2076.19833913825
100,0.215,0.825,0.162265605156944,0.185073900675987,1195.61717826151,924.869251041088,240.198467236649,406.701271141681,1250,1.0923918562823,0.889820278503175,2.25626189299146,1.3626287800507,1.81606541253016,1184.29656441268,1182.34546447745,552.944639271599,632.849679792334,563.188555035638,0.586660529989549,0.650687332253468,1.17941506255096,0.974096185145928,1.09168975609563,3.77072126371172,1.33033830502743,4.51649341015544,1.8958479116486,2.97548706931791,510.546610744045,604.420599236997,422.763561418957,427.975849690195,400.709627812002,11188.4624874749,3989.37391376573,1291.93570166367,1391.5261792783,1140.32469902345
100,0.215,0.825,0.162265605156944,0.185073900675987,1195.61717826151,924.869251041088,240.198467236649,406.701271141681,1250,1.1563246379681,1.16165845411807,1.23320676712137,2.342947399517,1.07056219368521,978.467257567115,1326.39324005313,1020.1927269918,634.868899607418,899.541187415283,0.673212561981898,0.678104668091722,0.699662100773006,0.824670314104038,0.631089137269784,1.81449527229927,4.13887469798486,2.36316547495436,6.39221568307287,1.93000725937496,561.379666821863,539.210153417385,551.923967251205,465.330742478523,538.540272755572,3669.96733163529,7402.48422681297,4981.90129116654,2244.64002677558,3501.26132926563
100,0.215,0.825,0.1359512118419,0.191167880250941,1434.74061391381,924.869251041088,246.512720866686,417.258528720743,1500,2.4112529403101,1.01886426444258,1.42021263930293,1.05186984671066,1.67870689772262,476.198484209736,1097.77168911189,853.092382936945,1831.90741832936,689.089201853737,1.74628715295237,0.681538225070314,0.895405002459832,0.832135040246899,0.76636071472498,3.53444779234354,1.47497532499338,3.0262026241132,1.32130796673719,2.9132422500345,391.905831232646,617.222081489894,530.38937107613,839.213564878956,479.907126162721,631.735056842937,4755.22075684369,2527.73823720666,5545.1948008779,2498.8155515831
100,0.215,0.825,0.1359512118419,0.191167880250941,1434.74061391381,924.869251041088,246.512720866686,417.258528720743,1500,0.855539243715679,0.997672793118814,1.44825735920136,1.8958133198323,1.30419735318675,2484.40293989815,788.32286083331,816.055379426704,644.893725602498,1086.65511250048,0.417256994219848,0.465983967272227,0.748651496930612,0.733717561113689,0.386039863102823,1.56785806588421,1.94524632417138,3.60672683052601,3.94057943233042,4.31964181385657,847.329468021823,464.629919187408,487.872634674872,466.642507357416,474.056682283842,81277.7770226445,4445.31540903788,4920.67906544654,3550.75414469486,822245.399414521
100,0.215,0.825,0.116617315361724,0.195650660072703,1673.86404956611,924.869251041088,251.132776990115,424.977968864722,1750,0.963117979944049,1.63693936988459,0.748448504286569,1.51450798922712,1.01430347562477,1209.84639954151,573.973848536875,13090.5453049364,641.641129437175,655.805643764471,0.625294323430352,0.911265676212212,0.394039011588238,1.03733811767415,0.631773018573418,1.79903500017239,2.91075652605575,3.1806204804627,2.34095895501573,1.56032223235629,523.871506538245,410.285488522156,1253.8375391133,452.109732111476,426.436461694749,5652.91386161194,1296.63293040462,1550657.51907311,1186.37037831899,1701.96892700674
100,0.215,0.825,0.116617315361724,0.195650660072703,1673.86404956611,924.869251041088,251.132776990115,424.977968864722,1750,1.1010495022584,1.23980718571218,1.17347805971616,0.961144886055971,1.11414424448645,1016.83929227067,999.695731399634,1808.91017679187,1912.63497258633,1081.9999911912,0.756860186423144,0.784699550726636,0.662297788722549,0.672583724270438,0.892169717892981,1.69267853820675,2.22006728911676,2.14330439778527,1.42842983954459,1.53579134686372,608.12554222565,607.372966408212,834.466776152476,897.53368913591,668.892804912767,2781.67126033474,3523.31192518583,17173.8915465292,7953.94669428337,2781.6672184631
100,0.215,0.825,0.553075327915399,0.0957972524877735,239.123435652302,924.869251041088,141.877032223114,241.321481188715,250,1.51969977984682,1.34744919009132,1.30528047400866,0.98033224847936,0.681384025934336,808.162305317797,651.396489180001,213.064817272863,1231.13996514288,8368.96160928624,0.993120793127101,0.864973538795639,0.930263085126004,0.662981094247655,0.331302797404583,4.73618728294322,2.19598654978211,1.88969006165397,1.45960332235434,2.92516298692234,437.09799758525,373.982725928625,177.395919618797,508.790479525869,398.224504076249,4161.2756044336,2163.04648532387,285.355799789669,6462.10396251983,1939435.06274549
100,0.215,0.825,0.553075327915399,0.0957972524877735,239.123435652302,924.869251041088,141.877032223114,241.321481188715,250,0.831515882735234,2.03809074973671,1.27449065679837,0.968126575032084,1.26884610569282,2847.97652887235,385.628363243632,221.398070151496,1595.25073322088,968.369717027472,0.405975812732663,0.981814301485843,0.98623723281752,0.727432722546645,0.886819685728601,4.11913589768782,4.4374274700766,1.69351501031467,1.33495801942091,4.50650965725421,360.191639779556,265.244475132781,177.131982599943,642.897634395368,420.915732943807,184063.378695645,1101.18674364799,292.601607250185,5749.58124225725,4679.2647286555
100,0.215,0.825,0.356446462328954,0.140393708864946,478.246871304603,924.869251041088,192.551785564447,326.781948325596,500,1.16400070162657,0.859793028122964,1.7351941909352,0.991370697631321,2.14772908737719,825.38145448967,2486.66820414401,489.551224858946,1031.82545940123,536.594307213266,0.750932733416511,0.574517580751542,1.04487476498354,0.693810577778254,1.34272570399377,1.77493634676297,1.61551026316847,2.52802382493805,1.48699075425009,3.77766685501569,490.815153472354,769.556834661362,368.500496765329,548.541058665871,378.939014422437,2831.950911826,33532.8692100842,1020.76128824195,3685.78194390538,1052.60650932528
100,0.215,0.825,0.356446462328954,0.140393708864946,478.246871304603,924.869251041088,192.551785564447,326.781948325596,500,1.1649269720091,1.21765255988989,0.968005960679202,1.12025918711057,1.61426023627412,1173.92008314497,1358.65137369435,506.149233990245,680.273641445107,481.689825249807,0.450195491679216,0.680278154493657,0.62908182657439,0.803767259246481,1.08950107303921,4.93553931276293,19.560892152382,1.54654828535565,1.72291398085755,2.94203557299169,409.931919979147,350.609028924743,329.74301476653,423.916898951591,356.488088555981,19567.207932396,11631.6278100746,1142.52943025935,1936.12780227892,979.875000403043
100,0.215,0.825,0.257851105105913,0.163013034765382,717.370306956905,924.869251041088,216.991020822759,367.829941016634,750,1.31291668844275,1.67618506010603,1.80804776448463,1.19727593432357,1.14783144881014,671.265657968829,626.62130776623,699.688015854399,969.599000379153,1140.67854085511,0.912481248550153,1.21394221546128,1.16549829316105,0.794922661605835,0.714095068014304,1.96112222573908,2.8929639890039,2.92241035914738,2.12970706346074,2.55518908072033,447.417249669597,443.959418583311,470.536556719084,532.903263606137,539.451805587747,1495.6748901645,1212.33879632725,1891.06556305257,3053.25820300668,5788.66164796556
100,0.215,0.825,0.257851105105913,0.163013034765382,717.370306956905,924.869251041088,216.991020822759,367.829941016634,750,2.05824336102342,1.35191125571299,1.12336922476843,1.9551710442455,0.804616112202626,727.543198914638,684.127065993105,508.306126290786,672.619379775766,2594.88199034039,0.339997641134611,0.61930411682516,0.469033978782198,0.651797833900009,0.408932815989498,40.7882812746443,1.93101891950156,1.84363228041723,4.13714803162207,1.69572414064436,373.063639777951,457.059658803709,366.831399575526,431.046109784321,743.556916241957,638388.630197125,4674.05924954544,2910.46172522882,4755.00396955372,733486.510144874
100,0.215,0.825,0.199949825732212,0.176362016848044,956.493742609207,924.869251041088,231.101477737775,391.477054325248,1000,0.826341674895033,1.79435889650315,0.874416021371692,0.894004107143849,1.14804804200083,4673.52834631412,564.945986795503,2029.64037895125,1172.05646269455,876.540805308832,0.510211780695417,1.23994703990284,0.518478747427703,0.628400675581844,0.885551630989805,1.24115897916052,3.95615381372051,2.49491282563867,1.44354467498411,1.81547156622345,1297.18476084262,430.208150899597,717.330321558915,609.511526866342,557.804222396351,79779.2115888654,987.906761057382,22841.7461195513,3706.4738779052,2181.24554238259
100,0.215,0.825,0.199949825732212,0.176362016848044,956.493742609207,924.869251041088,231.101477737775,391.477054325248,1000,1.53487541106989,2.03324395737556,0.940625216423479,1.27947063524478,0.921208835135667,728.266756482416,731.960144355832,1255.9598956075,787.949746204494,1249.54229854419,1.03692603789775,0.845948506391112,0.583442556409313,0.863872677152231,0.618768948763978,3.89980880975875,6.42103788954919,1.61178675824959,2.17084883883335,1.52175136670684,463.522828283833,468.528369463651,602.307674822808,505.471400969146,632.761036813297,2299.17415934269,3060.45107508509,8531.74995609905,2064.60373173687,6402.94332247379
100,0.215,0.825,0.162265605156944,0.185073900675987,1195.61717826151,924.869251041088,240.198467236649,406.701271141681,1250,0.913447086523774,1.12159562329278,1.05683449504706,1.09603211548841,1.18571234661759,1303.41711666787,878.636123693889,1557.77290753981,1363.75380390487,1604.46923058731,0.633402044991302,0.899793427448913,0.756514022856006,0.642865225997052,0.641012995995659,1.66467728304995,1.4568725415977,5.13236679429396,2.0912694795113,3.52004252372095,657.529754647594,571.379467094687,640.68528833833,648.381821420224,610.184530231018,5544.30563586679,2021.31831089629,7286.9166392721,7264.78326312393,11356.0650352836
100,0.215,0.825,0.162265605156944,0.185073900675987,1195.61717826151,924.869251041088,240.198467236649,406.701271141681,1250,1.58199268570613,1.47793619402402,1.5235567236262,1.33700285438433,1.29657890026116,818.116786008878,621.806515251702,906.63196273774,880.474262652833,692.266865779667,1.03583489028668,1.02565761860798,0.716584267496267,0.827466549401589,0.980552621968219,3.29271831436941,2.12331265415475,5.1254628106835,6.33711466043895,1.67406473220047,533.722671045948,445.15763982172,488.214835353594,462.074341705187,462.029714865458,2327.12600826906,1229.91678351243,5756.44554202936,3067.26903056081,1253.02761412838
100,0.215,0.825,0.1359512118419,0.191167880250941,1434.74061391381,924.869251041088,246.512720866686,417.258528720743,1500,2.04940628619775,1.46224722719138,1.11897861001841,0.661282041953218,1.22887260972901,655.11640644017,461.278109037999,1095.75486568404,2758.04987197135,1044.78423421545,0.67297604882391,0.9969631074583,0.461235703267873,0.452332249708815,0.723977193674213,3.57464443193352,2.06101416133955,2.74110625209959,0.961393020872019,3.054410963359,452.435184916612,356.742567090597,494.497060716607,890.098677562499,512.711963272121,8677.3495115208,723.766461933486,84227.3399565452,28140.2389646282,6361.92509241787
100,0.215,0.825,0.1359512118419,0.191167880250941,1434.74061391381,924.869251041088,246.512720866686,417.258528720743,1500,1.57290883240085,0.959867381860269,0.988994823452435,0.748878795853663,1.24874774161898,789.79118584867,1158.1912711943,832.924675012251,8887.77451480768,1254.48188455258,0.795992164187372,0.682592392565522,0.75070795599654,0.475595614196703,0.693807790356985,3.28114975677305,2.57071087423581,1.60157894716896,3.30068858321311,3.32616000202491,511.084777076807,593.316440604424,495.836432789883,720.965624720484,555.211731370237,3692.87881982298,4142.35423489093,1934.12785461745,103355.274741621,12920.0132119696
100,0.215,0.825,0.116617315361724,0.195650660072703,1673.86404956611,924.869251041088,251.132776990115,424.977968864722,1750,2.08365343331566,1.37237663977965,0.851626888577632,1.40990082941567,1.27579909380773,974.983519479562,676.545996283355,3354.82824727874,617.872200256984,1118.12524189687,1.12940361702969,1.08742166210597,0.441586084583509,0.920348791246333,0.736650648360708,91.0042928602707,1.86665946815268,3.85661873215999,2.22786660421855,4.27739323932276,430.358116633312,464.455071033383,723.8159333581,463.791631860224,558.603757652954,3923.03745967255,1084.30927700804,134818.459636663,1249.50702961707,9371.84497020275
100,0.215,0.825,0.116617315361724,0.195650660072703,1673.86404956611,924.869251041088,251.132776990115,424.977968864722,1750,1.44934213478196,1.21338270244599,1.65308326527076,0.88737393249188,1.10876108867244,709.158747603462,931.559087252025,1556.00159883574,2053.13791386408,894.940997138536,1.08405247727664,0.892223380810428,0.877853012963562,0.52140242943102,0.803125378152767,2.14645715165621,2.05584734724016,4.6530851233611,1.86578017031464,1.45408949113522,506.97424683865,569.667331874197,777.540502646139,756.155000810064,533.484012087446,1326.83218925341,2635.17474300675,7667.92584522088,33031.6990970491,1895.42172738855
100,0.215,0.825,0.553075327915399,0.0957972524877735,239.123435652302,924.869251041088,141.877032223114,241.321481188715,250,2.44639422130433,1.04221478273894,0.880629068128724,1.53549230770759,0.853740035224001,576.548220944682,921.365237629836,426.134134350855,458.308215195443,1540.83629420906,1.42377992468072,0.680774363214935,0.673840003660896,1.09076979274837,0.241664823935142,7.94403479196043,1.91031718739413,1.22758518291443,2.20906803782563,1.75321885115402,343.471251411689,455.762679439685,276.688115002226,309.304665181159,470.0939220133,1907.42932256071,7650.11361397774,926.01417308094,898.09404113655,32518731.7952881
100,0.215,0.825,0.553075327915399,0.0957972524877735,239.123435652302,924.869251041088,141.877032223114,241.321481188715,250,1.58910690701092,0.63680598146748,1.01628927724835,0.954657787560009,10.7780309480437,435.556213742799,8968.88307436737,231.677358449023,4925.97245850876,5464.41674443933,1.04029912161009,0.407498621079802,0.749585661749151,0.601644149359994,10.7780309361365,2.59642014374939,1.14966847580839,1.26370496775121,4.35571682215844,10.7780309490123,307.356153712603,1735.62185098473,176.443258031346,850.671480496536,5464.41674248937,972.208761278388,742752.808921155,336.592973873031,84047.2410818802,5464.41674459765
100,0.215,0.825,0.356446462328954,0.140393708864946,478.246871304603,924.869251041088,192.551785564447,326.781948325596,500,1.03553836100472,1.01555552602625,1.23470003281628,1.24125177377022,0.921411938651452,2061.76937317454,932.472228402494,429.538623688467,3423.79463003186,3422.55333773865,0.567136511662496,0.663819947918802,0.947722753524707,0.901383657621273,0.618091580404004,3.43876021924059,1.5896988338777,1.67624927178259,4.63191573317071,3.91937018183699,660.752427857828,514.509383424645,334.367090827907,907.76830727402,979.173622074612,72226.9520393355,2717.00813759857,632.849849830829,9129.22893241325,19255.9293602509
100,0.215,0.825,0.356446462328954,0.140393708864946,478.246871304603,924.869251041088,192.551785564447,326.781948325596,500,0.960902132036245,1.33175384785813,1.38191182938209,4.79331554938187,1.73954701477362,871.03119309113,627.626204720279,396.371139190919,406.454785169931,665.120637716687,0.577628374023494,0.980156813319389,0.785594571576862,0.848952135548003,0.881992220839833,1.72241180847143,1.76687724864753,2.11409374128213,34.5621740877215,3.35502336933979,440.112181049678,395.669113205362,295.582462291295,336.474836181879,388.498941705017,5939.04960744141,1331.44820655791,835.911292549907,2684.32357169075,2878.56391621371
100,0.215,0.825,0.257851105105913,0.163013034765382,717.370306956905,924.869251041088,216.991020822759,367.829941016634,750,0.97788736588233,0.880442130623419,0.747366438194632,1.40949570485285,1.1610350101657,1939.5182604265,1366.98854464227,1028.40970307456,918.691920347512,1162.43544880945,0.630672702226839,0.636647850535193,0.543755109969793,0.687470821980705,0.567527550471384,2.79240898660138,1.70382435870251,1.06508185097201,2.52575523631203,7.01160035548303,647.935852242178,650.031106453183,548.90349099756,526.560776941326,471.52761071565,22130.401100575,6306.39886018229,2711.99697783686,6283.85298441349,14595.118688811
100,0.215,0.825,0.257851105105913,0.163013034765382,717.370306956905,924.869251041088,216.991020822759,367.829941016634,750,1.34867247565835,0.954407686201497,1.37031194726291,1.38823618123652,0.71838262033359,709.952387411885,796.75916569561,705.737933390289,1472.49374776302,2708.75251344232,0.854223536385855,0.600393466400279,0.736309343296651,0.431450198098875,0.32519894991693,6.94175984933364,1.41109139831167,2.42402366649214,5.50283076675361,1.5826617036918,430.197855257136,488.204428480165,466.049506100407,601.709319184098,728.160434182276,2055.7099384411,2585.38567465883,2515.17149450323,16630.8789266856,893644.385211924
100,0.215,0.825,0.199949825732212,0.176362016848044,956.493742609207,924.869251041088,231.101477737775,391.477054325248,1000,1.35758955818692,1.55064421631587,1.04378186307461,0.810025972492289,1.08360645698986,710.433685337708,1083.68439082368,1510.28755518713,2669.8186481254,1212.75218721345,0.912832303655456,0.846171820000597,0.764670081764331,0.45032379874769,0.724105699853076,2.70645002338005,4.05189103690301,8.4046272425354,1.70041108863183,2.09453427386976,479.151600947295,568.839006818935,614.313469426346,823.293246649324,618.974772103971,1581.18381203758,4273.50171310301,7676.41847168131,66097.1410133883,7114.71979053423
100,0.215,0.825,0.199949825732212,0.176362016848044,956.493742609207,924.869251041088,231.101477737775,391.477054325248,1000,1.23243251587602,1.07076137912674,0.895239396675477,1.46027874378467,1.38775935032367,1499.23234464909,790.141743033676,1245.48357206438,952.722669757811,589.273192462491,0.750016245233016,0.62579876125027,0.597803936453696,0.925945803842292,0.933782032091182,3.68338388100332,1.59631225675567,1.43674989426657,3.42774997950551,1.96893874620998,604.717654501761,474.571288271585,610.437016089789,547.15464394518,423.060349376272,6269.38372142565,4230.78664103692,6330.41605689715,3821.4026107862,1104.54306218061
100,0.215,0.825,0.162265605156944,0.185073900675987,1195.61717826151,924.869251041088,240.198467236649,406.701271141681,1250,1.06483544421434,1.11786622618526,0.768238968911345,1.31589500390031,1.29353844300308,858.461538268709,842.708369619692,3126.81576847762,1089.54176371874,789.478392064779,0.509334838952264,0.515700766819196,0.505251937965892,0.732382970960321,0.868914272372099,1.73286442918102,1.66263378822283,1.58698886970514,7.27936833435728,2.35216971760402,516.032585015684,534.909486868259,845.466470640385,515.955567592828,506.18611003034,6467.9104059944,6276.26473020755,51804.9808199019,5789.22136943558,2081.96227867446
100,0.215,0.825,0.162265605156944,0.185073900675987,1195.61717826151,924.869251041088,240.198467236649,406.701271141681,1250,2.11428887922164,1.06833977984285,1.00089083857987,0.978678149902069,0.950911407988733,668.333236171407,1800.29911293463,1298.13247587048,1038.9464176714,788.043993073926,0.99678729594345,0.443608789392203,0.647032615270125,0.71821766396798,0.706380343066154,5.86059287776318,2.32139375713523,1.83466005660725,1.75598081329703,1.27483437013775,458.350836334953,667.065729480618,618.348982392076,541.097413610227,481.057021171041,2290.90441037426,182415.468227452,5985.35850621806,3477.55557260588,1639.62578558571
100,0.215,0.825,0.1359512118419,0.191167880250941,1434.74061391381,924.869251041088,246.512720866686,417.258528720743,1500,1.30622774968022,1.152783074058,1.15095472961187,1.56297704469252,1.5374709519729,923.517430855243,1033.43891837866,1397.0068316142,710.029093706803,648.6470782758,0.901145175468907,0.894844305976149,0.790851007213172,0.923507340252073,1.09281626034689,1.81912092731016,1.49303151208975,1.68934263648458,2.48200184195909,2.04049932017206,556.667205831592,618.76102895277,716.825786624951,488.707756337083,449.880606455042,2656.41626615449,2800.64694541226,5057.46029266079,1839.50882677677,1153.68194952328
100,0.215,0.825,0.1359512118419,0.191167880250941,1434.74061391381,924.869251041088,246.512720866686,417.258528720743,1500,0.912788393730625,0.765916763659092,1.03055270549971,1.18039362201751,1.11830965809948,1417.53926644721,3355.71679702466,942.886970948808,791.296920705868,1042.37927613204,0.570956285403961,0.482670345546745,0.76202316021908,0.808817932258952,0.577682125282571,2.18145737783783,2.05700520798397,2.12476683020322,2.26970846166444,4.95725604416457,610.867354776049,852.69075497346,553.579630346613,488.798005708595,495.391684020994,7801.43401358934,73429.1354255453,2741.196824271,2157.77250892676,12636.6994049628
100,0.215,0.825,0.116617315361724,0.195650660072703,1673.86404956611,924.869251041088,251.132776990115,424.977968864722,1750,2.32624497837142,0.977681142063718,1.82559542501105,1.26122243481214,1.48287466968229,851.077781046245,777.240086167876,889.692542700605,1099.9357140556,707.367187282882,1.11039321370288,0.771800552582087,1.08789760930508,0.747044728964099,0.972112496246222,17.4417910281651,1.28033373869402,4.37441768690977,2.27147032562055,2.30611749896499,461.238159497617,499.565823715473,555.952555617729,599.620442073249,486.996894386857,5752.10505782578,1622.7689367529,3358.82254465356,7475.07980287613,1540.90653572918
100,0.215,0.825,0.116617315361724,0.195650660072703,1673.86404956611,924.869251041088,251.132776990115,424.977968864722,1750,1.11036734586416,1.22581645560586,1.06712582170357,1.11380086963942,1.15570554332847,1206.60218970918,916.510476377231,1502.22035532502,1017.24305545427,937.036248089079,0.790880608760978,0.859409713491456,0.65130097156901,0.876161987732424,0.881348285211773,1.89423450736402,1.81174097020399,1.83735489525179,1.61926922806685,1.8455460899829,662.244055147264,571.024490947027,693.733983641194,613.209066679917,558.08802505232,3633.39880882797,2436.56315174251,12381.9256102532,2596.39309898439,2074.12717254107
100,0.215,0.825,0.553075327915399,0.0957972524877735,239.123435652302,924.869251041088,141.877032223114,241.321481188715,250,23.203070450184,0.70380936409859,1.12621789930528,1.42103263569125,0.665984150096397,12060.1695694908,11852.9796694588,226.142589337437,421.019169372598,15995.2354578707,NA,NA,NA,NA,NA,NA,NA,NA,NA,NA,NA,NA,NA,NA,NA,NA,NA,NA,NA,NA
100,0.215,0.825,0.553075327915399,0.0957972524877735,239.123435652302,924.869251041088,141.877032223114,241.321481188715,250,1.246775271665,2.49653766894442,1.30785394692657,0.777788022423335,1.12458601571782,547.832284212721,361.607065390949,267.438494356494,3036.54501697828,2159.99836324401,0.758081412110756,1.32269059777865,1.01908648426112,0.511821616901621,0.838937209815651,2.0378309452355,4.0498693788237,1.71493731657439,1.3134135493137,4.57819293747179,333.097522525326,270.162498602743,209.144319308245,869.936802057189,459.959044190558,1829.49337028813,714.768512470586,397.497882979307,56535.3358693495,6786.43408397628
100,0.215,0.825,0.356446462328954,0.140393708864946,478.246871304603,924.869251041088,192.551785564447,326.781948325596,500,1.08569711728791,1.28179519989244,0.853998083716582,1.6281101503384,1.64978138602126,977.361898058859,653.161986013943,827.45525071255,547.731125689251,618.797821798844,0.519477931652578,0.886499119995984,0.632579108227697,0.980833265580221,0.698413299007265,2.98759518272591,2.02274788547363,1.09503335197222,3.09173820295784,4.28095589725251,397.561761938753,390.699342556391,474.870201525789,364.08343580944,395.045611299344,19858.7961836112,1569.80200389046,2237.610642746,1353.09685374905,6692.26539296184
100,0.215,0.825,0.356446462328954,0.140393708864946,478.246871304603,924.869251041088,192.551785564447,326.781948325596,500,1.19835801917311,2.51397429265567,1.02206287588896,0.818481633272676,1.67552208412772,686.154399803538,610.247610667973,601.201895988873,1968.20482103014,568.961550365273,0.750892136307686,1.17280150635507,0.710865590968304,0.534377340520027,1.06779763953652,1.70133250991252,22.7507048997591,1.31019513449762,1.35446360501567,2.50677558686693,417.133242633758,362.463420663969,380.615816479033,703.706310240289,377.069427807766,2344.76369351804,2102.12595320069,1358.22442199383,20453.5247600365,1091.4898138608
100,0.215,0.825,0.257851105105913,0.163013034765382,717.370306956905,924.869251041088,216.991020822759,367.829941016634,750,1.05256100616932,0.973161482405583,1.22335075460695,1.40187353413894,1.00093980718504,1060.02893521086,1156.71002997157,602.432561228493,901.388087225333,1448.7617720402,0.430697768184756,0.754053204476001,0.765637227775,0.999417469091459,0.618303961085808,2.10789985508068,1.36795278001052,2.4552159781055,13.5575443336651,1.56600421345661,514.897690064268,615.763668316988,406.001897122554,457.948307895742,649.437109068777,15866.7337154654,3770.80940076266,1740.32237103539,3381.12271741413,12284.3540758244
100,0.215,0.825,0.257851105105913,0.163013034765382,717.370306956905,924.869251041088,216.991020822759,367.829941016634,750,1.89149773027493,0.981997796838302,1.06354213415061,1.33598781873444,1.31451846956396,772.088253366388,1125.04451011009,793.182653228542,526.813072918675,694.848812356486,0.61793825146171,0.521427118738897,0.707114574208612,0.934893842574479,0.971299676212559,6.29075295085533,2.02004329888309,1.80101139436855,2.10201105327138,1.8178178821644,438.376842448398,537.330832670102,468.47540498338,377.263322110963,455.772100876315,4532.98161932408,9364.8298136656,2565.83600405669,995.605359002049,1395.44657118124
100,0.215,0.825,0.199949825732212,0.176362016848044,956.493742609207,924.869251041088,231.101477737775,391.477054325248,1000,1.26007022360397,1.36996548297886,1.44384929767079,1.1011436910058,1.63817908153486,830.521782397757,891.289271147073,683.085201565506,812.365187329101,556.62138998111,0.918388309793542,0.875107857980182,0.899105182992282,0.807745177625125,1.20614651266845,1.80505962342801,2.73304935649401,2.35316838019062,1.60989283237462,2.32255204329882,511.9580619806,502.329841032486,441.009775071349,484.559108493083,408.346230291617,2255.72423442419,5378.68412309194,1723.64407833816,2213.32710506962,988.129037033925
100,0.215,0.825,0.199949825732212,0.176362016848044,956.493742609207,924.869251041088,231.101477737775,391.477054325248,1000,1.41332868972244,1.16854544772887,1.11783125039093,0.8901801444832,1.32721364512125,1372.90879414497,876.340138910601,1412.20423515263,1694.47138091727,722.114882916845,0.901902923378497,0.877773664468339,0.840053308265465,0.406687149416511,1.02794773477997,7.21037235830766,1.7543349005919,3.83558910955566,1.2976978371167,1.92545464395253,547.016333503124,549.550468757482,665.888042207321,731.848041468058,501.268568506221,7507.20419500726,2138.4888857053,6176.05687757166,23058.353608747,1380.14205522439
100,0.215,0.825,0.162265605156944,0.185073900675987,1195.61717826151,924.869251041088,240.198467236649,406.701271141681,1250,1.58247140396165,1.29192345910358,1.25613164867777,1.56959381516296,1.01740403211846,2095.83148894797,708.100029976184,1070.50597355069,577.501197489275,657.544066913161,0.954159067921819,0.86053599613185,0.778977010335992,0.845985587569826,0.654875298642147,5.62089569520426,2.05177935317445,2.86001502479343,2.97088766314991,1.33798579236993,446.048238393471,478.91493199981,552.041894982488,423.233194275292,437.759628750372,5363.3540992038,1617.542240538,5105.36557401473,1383.43873561767,1438.42300745673
100,0.215,0.825,0.162265605156944,0.185073900675987,1195.61717826151,924.869251041088,240.198467236649,406.701271141681,1250,1.23065867961965,1.1257222688682,1.04290311517257,0.937133442659353,1.43603290845542,1188.34420666442,893.160225392174,1379.35879684498,867.522693847471,698.453413521047,0.846959783172999,0.738097906781381,0.447266259757921,0.608864149644234,0.938512873161842,2.18387077939483,1.51495907460713,1.95395993504514,1.29553248944353,2.18666255066496,623.963118281019,521.389811012777,646.665736372045,525.179476712384,465.733584976399,5029.59872880813,2235.31666400112,18294.7454180477,2708.13672917899,1466.05064421738
100,0.215,0.825,0.1359512118419,0.191167880250941,1434.74061391381,924.869251041088,246.512720866686,417.258528720743,1500,1.25197049216052,1.70040815909801,1.45417928434413,1.41413771987234,0.904621872410975,967.358839143111,518.525698041871,1589.34245075374,1371.83551103486,2433.20240858037,0.832079327473516,1.32966871500878,1.12622929239592,0.986451976347111,0.688170578229354,1.77319306834971,2.32541733156469,5.07319221470949,30.3979192868713,1.35372904010184,615.269640564437,414.930689467271,767.242452063188,452.304902447791,1037.14927819073,2866.70290502815,715.440326327482,4557.22748674157,5170.2025217962,11509.7575885052
100,0.215,0.825,0.1359512118419,0.191167880250941,1434.74061391381,924.869251041088,246.512720866686,417.258528720743,1500,2.04091579463143,1.02626711581845,1.35993904976945,1.30275045233619,1.34583848212891,700.947576185661,732.366029863162,1239.14648528191,1161.93528827528,948.445226042953,1.56035259567078,0.742905612041201,0.693110489051518,0.804582811878642,0.784166611851823,3.112019410338,1.43606468576093,5.14817368401719,2.02808103173191,2.52762722122387,516.081751961365,488.217387706778,551.99060277169,647.925362791878,534.313841625859,1406.95289598489,1669.46065935625,15628.0001529713,4276.97106862758,3301.95968868185
100,0.215,0.825,0.116617315361724,0.195650660072703,1673.86404956611,924.869251041088,251.132776990115,424.977968864722,1750,1.18857598187797,1.31154740971849,15.1374984186978,1.91480125267302,1.8763452070724,827.430261215436,839.458150823383,490.770711080027,580.277366949551,571.861547127255,0.769259884272045,0.796625686755677,3.78024273014832,1.05028396227774,0.866224096517475,2.03985227389587,2.05944590673662,19.936325306821,3.42040911930054,3.03273028649829,518.696661097204,525.617743660866,440.619476127407,447.232982367497,430.834764047768,2216.95218881437,2741.03504554142,1100.54262871515,1177.10537643148,1588.53235993331
100,0.215,0.825,0.116617315361724,0.195650660072703,1673.86404956611,924.869251041088,251.132776990115,424.977968864722,1750,1.71152700763327,1.19623910223353,1.8068223566051,1.51605223248611,1.12855319986701,788.849988741814,943.233338586073,983.249201388806,922.001521405934,740.045438825738,0.844705481941359,0.793074772496966,0.788200267785265,1.05609390548245,0.732942008724784,2.8076628439788,1.80501557489727,17.9446148304908,2.45808102119531,1.58196033143196,520.472573699963,573.753037473272,481.964324293883,564.763451800923,496.510672090653,2742.79466391135,3444.21007678333,5120.71029983035,2801.27545863165,1826.19084498431
100,0.215,0.825,0.553075327915399,0.0957972524877735,239.123435652302,924.869251041088,141.877032223114,241.321481188715,250,1.40336735058527,0.818071385188996,1.33089961055121,0.685437744161724,1.9950868755842,1291.96194669242,2283.55833757536,200.540090191738,2676.87905150187,563.848176763521,0.385312941598974,0.430457077974049,0.936429845833757,0.338490948631273,0.952410777761162,9.13363575614139,2.83601091747497,1.71997589188965,1.23906963884971,11.1424697321692,291.685529034352,466.236019610926,169.088304046365,707.507569992917,315.134521204849,94681.8428451103,299918.502148761,268.821257096512,1858248.91250712,2656.36746203105
100,0.215,0.825,0.553075327915399,0.0957972524877735,239.123435652302,924.869251041088,141.877032223114,241.321481188715,250,0.838222945721342,1.04283182371379,1.11497749895751,0.998548056357431,1.08585158217442,6949.10908279773,1608.03672534444,302.31297289477,1336.86364734213,722.076735548348,0.3980980171233,0.611589955000727,0.821559663591926,0.429321616163335,0.664864783018102,2.7880088710962,3.90937687278743,1.67709582171409,4.13831636566049,2.0013862670084,647.815706457296,419.799648531652,222.390222380052,356.166700984457,399.112932929871,46725.7564219734,15034.2380142245,466.566552865604,179084.68606314,3752.72590052154
100,0.215,0.825,0.356446462328954,0.140393708864946,478.246871304603,924.869251041088,192.551785564447,326.781948325596,500,1.44453331238106,3.16264802204314,1.25599117730944,1.78908905778001,0.933909732685506,953.824739070005,453.992759268899,348.826928519475,494.375325905532,1147.474889992,1.00083910888556,1.06618862577229,0.934299764063533,1.11880868500858,0.556031097649165,8.1139589581143,6.75789338582505,1.64174227785422,2.96407741116528,1.66927068012955,361.689051685145,344.358401739387,268.542015838292,351.350621744758,496.871491378577,4241.85921118269,1903.84444538265,527.192251946021,924.968811284366,15409.6546334103
100,0.215,0.825,0.356446462328954,0.140393708864946,478.246871304603,924.869251041088,192.551785564447,326.781948325596,500,1.30066247056867,1.23681120972978,1.2122688333228,0.895009824756032,1.2190820630494,945.531130737251,643.596062915508,462.794162541874,1624.33432248469,956.763179998425,0.899835627238208,0.863705784424635,0.844584106144863,0.61596993642541,0.8756347930845,2.63824495130524,1.73216426759483,1.87260559598435,1.78836068162825,2.33793569871841,509.957276041688,397.714800735511,334.453962089452,635.768039053061,481.829701853365,4679.16875324402,1519.44777647944,946.825865593471,8654.41438579959,3605.89417536822
100,0.215,0.825,0.257851105105913,0.163013034765382,717.370306956905,924.869251041088,216.991020822759,367.829941016634,750,0.852370547249051,1.25650338407474,1.11585995007274,1.46786111106114,1.72883061464433,1629.77804888676,1123.98880605375,855.879930593778,623.015410221513,616.066251071547,0.415056328378382,0.713182020218429,0.590558597343792,0.912823117766133,1.01304974688268,1.5459772178033,2.19189921220672,2.17124919089515,2.57931701517856,2.61706761612498,624.579806102994,556.487377528365,460.80245098091,409.882886622581,431.118724590821,56763.9466755954,5513.11406127295,3642.64307093037,1522.08599080812,1463.06271109564
100,0.215,0.825,0.257851105105913,0.163013034765382,717.370306956905,924.869251041088,216.991020822759,367.829941016634,750,1.64902072266755,1.29951660014935,1.31270686022422,0.768027035056507,1.01837691558574,671.039095104066,576.924309930009,753.997442951299,3506.52761524424,1027.7961141253,1.26970629535213,0.976952249113633,0.963835967074589,0.341822319294767,0.678118589887386,2.20534284166977,1.87859905609751,1.81739803503286,1.27683401922565,1.38997686319466,440.16204346385,409.087912894782,460.138553875015,1121.97741247211,524.227978862634,1327.31493883822,1116.82112241951,1787.62095026332,153632.262992048,4020.07095211156
100,0.215,0.825,0.199949825732212,0.176362016848044,956.493742609207,924.869251041088,231.101477737775,391.477054325248,1000,0.955828812573128,1.06976800026248,1.1055519585136,1.40741601887126,1.52796954116591,1657.17519403958,927.93069410255,827.983217230193,1079.10232264643,645.096567895782,0.572260242281587,0.740783681173623,0.762851021198531,0.834159071004327,1.08684605792601,2.707803009646,1.67854453054133,1.62592708231762,6.71377772224907,2.27672304286667,576.111330635144,535.608263599661,507.465681910933,453.123132601873,444.356890910512,16805.5751607833,2994.63274248321,2051.17441874047,6503.71361728946,1264.46987213772
100,0.215,0.825,0.199949825732212,0.176362016848044,956.493742609207,924.869251041088,231.101477737775,391.477054325248,1000,3.03033711737554,1.45958971574685,1.28957298921394,1.04703934235536,1.16685312371947,599.962260916093,535.981124414766,1018.48638873585,847.627961461451,845.999377674054,0.753698506113215,1.02019545426162,0.924657846785284,0.720136463157713,0.715224413891011,97.9338399427922,2.13317561831901,2.56243079171193,1.81105984933666,2.05475813703114,399.709271794018,394.570463392009,545.874477564659,521.261928329384,494.155432767883,2910.77223759905,890.1424559489,2959.52569185323,2212.05475816591,6111.87975094639
100,0.215,0.825,0.162265605156944,0.185073900675987,1195.61717826151,924.869251041088,240.198467236649,406.701271141681,1250,0.693715701823586,0.967542556711231,1.19966499132973,1.88172896376991,1.90418316979828,8346.87019424731,1158.77532581591,1549.5155319427,464.87412427506,632.540962468205,0.445054597171706,0.582413339216482,0.62120892053805,1.4047937929272,0.739344747349906,3.05650719795391,1.76679673752737,2.80266966768118,2.48114122234525,2.98125906657818,1370.73412744879,582.114978772125,571.346751325225,372.652243630732,455.092962596632,185119.693611286,5849.68533275743,34984.4394216574,678.475482542283,2057.35785225024
100,0.215,0.825,0.162265605156944,0.185073900675987,1195.61717826151,924.869251041088,240.198467236649,406.701271141681,1250,1.13954806964878,1.60061309448651,0.879776087668546,1.17331482762548,1.23525278203842,1047.04452517402,679.444930380021,1765.35112133024,788.812615284134,908.419364954819,0.766239554352476,1.17087801048266,0.578752863633006,0.778794487781242,0.871045700033861,1.65939971355287,3.30682844297591,1.26710850073546,1.81763300339651,1.88211147238892,577.16856522552,485.464653951262,746.393920579319,489.750325112906,529.436652800189,2884.83243923613,1328.10679925694,12860.6227748462,2044.43278382949,2234.30633307469
100,0.215,0.825,0.1359512118419,0.191167880250941,1434.74061391381,924.869251041088,246.512720866686,417.258528720743,1500,1.20704197552723,0.703444946829043,0.763123928584036,1.31425740097388,2.03428839241554,813.377815774702,3223.92551736651,3684.14970638839,719.730245708453,707.244664395666,0.935983569875002,0.307095931357146,0.309346759485809,0.912357267960673,1.37908354705124,1.50565630636636,0.962489161757033,1.25939031890713,1.88550582560203,3.21104711352653,546.348999173803,1122.35096624129,1234.03839547948,503.268313679952,512.926289017171,1545.32264097941,575881.035491135,933591.852461402,1498.01336759237,1336.48217460137
100,0.215,0.825,0.1359512118419,0.191167880250941,1434.74061391381,924.869251041088,246.512720866686,417.258528720743,1500,1.34279173668666,1.62826976162564,1.39657645036776,0.851313806146447,0.887033665780864,944.04846092793,654.161146201785,823.995741923545,1734.80480856184,2181.40281277276,0.779943109095245,1.11734320941376,1.08868018287581,0.541255423164866,0.647462192442558,2.22388905711024,2.56060663571011,1.85979371476828,1.31682523751453,1.29869592381753,537.656893706253,465.396561667103,542.353182198323,787.911043656533,955.451108857315,4627.13541263047,1237.94995521953,1634.04377513155,11792.9466070748,14280.4585514545
100,0.215,0.825,0.116617315361724,0.195650660072703,1673.86404956611,924.869251041088,251.132776990115,424.977968864722,1750,1.75454768589645,1.66010696966049,1.39413134342781,1.00023273230205,1.65760875605169,730.58725095986,945.619935430701,1850.88780992391,906.133123714692,634.173779148588,1.19100636984528,0.87247439929589,1.01111358753885,0.569969968716864,1.22843053611863,5.73828408524942,6.86526966296786,8.16847918670209,1.44120861846335,2.38958532655913,490.959102205362,514.4082100639,483.71187874133,545.442544534378,460.377618985072,2259.84669640972,4762.16517671541,6961.08975716016,2958.81657087715,1134.11180318456
100,0.215,0.825,0.116617315361724,0.195650660072703,1673.86404956611,924.869251041088,251.132776990115,424.977968864722,1750,2.54795563559103,1.43135912033004,0.882445155244177,1.04971347855114,1.03698685138933,691.756607031045,1106.94938126173,2641.65810584965,736.840049113153,908.290352094405,1.40364536697755,0.663296883135474,0.455395641740775,0.76253714766751,0.521860713949294,7.87852668827764,2.98658736374524,1.83296299015572,1.6874330803538,2.10134334015811,479.319742673877,560.010725381134,846.801379872592,445.943567719903,501.094171416237,2197.54115313437,5648.87004110808,326645.57570479,1536.84408626862,6392.94960788085
100,0.215,0.825,0.553075327915399,0.0957972524877735,239.123435652302,924.869251041088,141.877032223114,241.321481188715,250,1.13961246269925,1.3653678309864,1.37812403012267,1.86186541977439,2.01721172792377,1783.81019574392,492.035188610274,239.442949740864,390.540326161351,446.312104252616,0.557097932185476,0.717275569438005,0.961458439149154,1.0708468493095,0.991243907419033,4.56255343687973,2.89097634820027,1.82983973821554,2.97820374063914,3.40024169005283,449.089478849949,281.758954714708,191.726303140544,268.040946689633,296.588221951147,8229.15948336669,3045.5042768925,361.248860188668,1124.73559893295,1408.13874434251
100,0.215,0.825,0.553075327915399,0.0957972524877735,239.123435652302,924.869251041088,141.877032223114,241.321481188715,250,1.40663600755064,1.20952313020457,1.18750482443323,1.207571746008,1.03824167196072,607.64494557421,834.668178946101,249.558165156118,899.343895656459,1980.79408844468,0.839899851762265,0.776986915457014,0.972371428990499,0.695179663924273,0.611333016858024,8.0066343685655,2.00623705079934,1.4319121568307,4.16917413913813,4.13406221005489,288.041133477153,422.50510429325,191.677628204598,348.042981818597,531.506201144728,3513.57017021505,3391.79956511446,354.319882661582,8034.70649967649,8894.22614945952
100,0.215,0.825,0.356446462328954,0.140393708864946,478.246871304603,924.869251041088,192.551785564447,326.781948325596,500,0.680144418048911,1.27596923684976,1.07819072280104,3.05685594549409,1.88571536046454,5219.10369255634,791.741541972505,571.788429239674,475.147080876062,622.16857436061,0.477639759462625,0.703898597102544,0.753115869894808,1.83601662903784,0.561374561989956,2.27314918448238,2.69873620550751,1.58350641255228,9.03425145789729,5.43602606888929,859.837459757718,426.051988589341,375.01071562019,370.242428774655,382.425255413356,91938.2156225478,3523.09728951826,1301.06702921115,1155.33738110118,26818.7461947549
100,0.215,0.825,0.356446462328954,0.140393708864946,478.246871304603,924.869251041088,192.551785564447,326.781948325596,500,1.21145215751125,1.06841113266488,0.961529936657965,1.3060926299521,0.841521702666709,1005.55841009345,1271.13359336345,629.90807875377,732.029521171104,3033.42428567422,0.716600295782986,0.776262718255273,0.746928602963247,0.679940179703157,0.356683122366536,2.11656424205722,1.58611828277647,1.24714911731361,2.86273746912036,13.2069104092625,520.366362621532,636.100058054088,400.120380027851,422.34978004778,376.698448646566,4993.84599310013,5396.58853819545,1320.30882947755,5955.17597980767,2317749.21952458
100,0.215,0.825,0.257851105105913,0.163013034765382,717.370306956905,924.869251041088,216.991020822759,367.829941016634,750,1.15633362324313,1.41040936387372,1.17591720170135,1.29668162961958,0.989736831425234,955.212653798793,607.46830209687,778.345484361995,618.705637467243,1441.85307483722,0.80562634063686,0.950240387075906,0.741537239031576,0.899265632865885,0.524004885482874,1.86595059787422,2.89188541912393,1.93480893646341,2.08080945246808,2.17935464446961,534.26508076475,405.42373026069,463.544403503157,413.740512534764,597.902507428428,4036.43038245712,1332.62950506567,2742.7197765436,1344.95017269396,18165.5156987058
100,0.215,0.825,0.257851105105913,0.163013034765382,717.370306956905,924.869251041088,216.991020822759,367.829941016634,750,1.34910566730165,0.955412877489183,0.898010439186385,1.04222237234381,1.61682653844906,1374.7829199154,2255.79944345347,1280.71867917232,1011.11763510806,566.250158606694,0.742754419208286,0.530288632771899,0.619582996353944,0.746983442719268,1.22787422546185,3.05824465209294,8.99093206595393,1.22858140601811,1.50323556849836,2.23508948422505,589.288144871072,466.19900764641,694.023089581995,583.465723495481,409.062057320225,9140.7931032977,47341.1438630907,4686.78370890362,2716.89819968285,928.96513144223
100,0.215,0.825,0.199949825732212,0.176362016848044,956.493742609207,924.869251041088,231.101477737775,391.477054325248,1000,1.46215100534168,0.924356418390652,0.748546000474192,1.29280472496926,1.10182496649899,665.675634524757,1449.09182618384,14756.123740101,701.804313749014,867.002100407778,1.00813484671103,0.587363145918095,0.499346219054623,0.966962306987235,0.657948354297493,2.53716822822289,1.29311265852623,2.9486168328516,1.83719215782531,1.82544473011598,447.881733348123,713.286988538182,1094.8288833358,461.727215349684,536.106937141999,1514.98098800564,7855.73044191488,53957.7501485024,1292.72609922915,3089.09288832672
100,0.215,0.825,0.199949825732212,0.176362016848044,956.493742609207,924.869251041088,231.101477737775,391.477054325248,1000,1.16770403441186,1.27049718820255,1.03101701150918,0.957098961723532,1.09645401503337,1077.07274039044,658.738580957163,1207.11470553224,1073.17964236429,1073.74886145563,0.687333885614111,0.936218642914004,0.537930479841964,0.59872553452579,0.65555171072527,1.85081475668442,1.77182175079276,2.07435934184659,1.80362293268115,2.17857309765903,551.769171534963,435.221987117239,530.48068904589,517.457184576427,554.442796238087,6593.33633084887,1521.04336453525,23736.0069204992,6707.29779864484,4909.37764612068
100,0.215,0.825,0.162265605156944,0.185073900675987,1195.61717826151,924.869251041088,240.198467236649,406.701271141681,1250,1.06521136343761,1.30082132051283,1.37405568640444,1.16319093970917,1.46812209257036,898.748660494006,962.354136898141,982.504016598742,1044.98579944715,1016.67119173276,0.711524873724188,0.847934869959404,0.823937700924502,0.816432084399804,0.813978028043277,1.95276669461646,1.912080262884,3.54400282332938,1.80139815766131,2.76471219519072,562.012110261469,590.513672720156,519.943001576908,598.888067988678,585.13458011192,2716.8632071779,3429.5057928699,5132.90202723019,3340.66051341323,5677.20812657879
100,0.215,0.825,0.162265605156944,0.185073900675987,1195.61717826151,924.869251041088,240.198467236649,406.701271141681,1250,1.50071529164564,1.35609879956925,0.924854596270389,0.852675450286861,0.849552404426124,623.561596122677,580.748500872264,2410.79402495478,1783.9845481802,1285.4995227615,0.632107929344646,0.918601760591692,0.522484249553005,0.548595958075705,0.37451694270936,3.47701267357348,2.00855622941076,3.41163806751025,1.36593209708938,2.01241016694894,439.143647642596,415.802725746946,629.379077443529,714.102019405984,569.845419275868,3589.94245361058,1154.09100872066,42615.6746446223,16075.8773118521,53900.4332866504
100,0.215,0.825,0.1359512118419,0.191167880250941,1434.74061391381,924.869251041088,246.512720866686,417.258528720743,1500,1.27322778713091,1.29294081167965,1.13753273639987,1.70955129903589,1.05283911485174,773.521263745481,1095.85660900543,1398.43612014202,826.391916029994,1489.36632765497,0.937168127371422,0.721282923356561,0.718571537613504,1.07311723320311,0.739661335097969,1.82024980773036,2.98981094029639,2.92093749327124,3.49202510958902,2.01247389653623,525.228778120108,568.373385855254,646.125459230974,534.744326095386,704.689476854174,1625.80872435579,5240.04426493352,6973.64789750759,2289.52448285679,7124.45724102072
100,0.215,0.825,0.1359512118419,0.191167880250941,1434.74061391381,924.869251041088,246.512720866686,417.258528720743,1500,1.81380093810436,0.900810220054603,1.17772294021438,1.0354839344794,1.53708709729653,837.706982829637,1013.81763624091,1169.51789196871,916.531505357982,518.412311647419,1.01642463288537,0.642350612906397,0.848525108695656,0.721555283452432,1.22939721324018,5.88706721847086,1.19976078302798,2.80187577924698,1.59519025279127,2.06202988189358,504.09034272928,533.19052763723,578.100049838673,515.467734735781,388.39721479554,3764.64787241543,3375.69697408132,4464.53120114822,2582.2521861523,892.486092312905
100,0.215,0.825,0.116617315361724,0.195650660072703,1673.86404956611,924.869251041088,251.132776990115,424.977968864722,1750,0.66687593154844,0.625744623089721,1.19672955536485,1.61713092099791,1.33043583090139,2327.16045505904,13426.857580054,1833.33743094462,985.540678287146,552.909631999348,0.426508062534479,0.457373291233699,0.46798716130861,1.01649054553294,0.997151697066295,0.911993521375943,2.65237083930455,2.71998945067479,2.97506459474435,1.7999846138074,1000.33902504308,3438.90126893767,775.180894286362,613.037880592667,430.390835227585,20470.0321322805,255990.765452888,186451.452213392,3677.17916428193,899.01351287261
100,0.215,0.825,0.116617315361724,0.195650660072703,1673.86404956611,924.869251041088,251.132776990115,424.977968864722,1750,2.10251196931228,0.893375085599634,1.85962523600187,1.19525102326754,1.25508207426616,593.533182974139,1725.65499401006,977.223760423072,1004.20454649411,825.08177702125,1.68364217978493,0.582054405245314,0.956190335434997,0.669686626891719,0.903714047542045,2.94915924578728,1.65518394547331,5.23076558844975,2.27549527065984,1.82407943698323,461.220280958544,763.717818209752,551.37752943932,578.647243033356,521.601485562326,891.860879709428,17486.9005043923,4205.76957673003,7135.73300314592,1719.70992344726
100,0.215,0.825,0.553075327915399,0.0957972524877735,239.123435652302,924.869251041088,141.877032223114,241.321481188715,250,0.988101249292561,0.989252956116453,1.27113440656509,1.09056328512048,1.49545387086192,1120.8790564161,894.389335178404,240.238477366984,606.472203960776,715.668710961234,0.676776375786599,0.722078539737558,0.945858904866982,0.704441380941348,0.625645449573083,1.61647643244875,2.30719314962405,1.62399783416397,1.9666956789039,5.88389038138948,478.026676465362,364.823572605964,189.245528520478,312.56399891458,285.754385112818,6077.54443301473,4664.06745664593,359.228279756154,2820.80109239953,9033.27502952229
100,0.215,0.825,0.553075327915399,0.0957972524877735,239.123435652302,924.869251041088,141.877032223114,241.321481188715,250,1.30695152651399,1.96829730511132,1.24894328479658,1.27626528523878,1.68474509098811,633.569452042112,566.71052034239,217.189896472069,433.717181733899,721.701802780568,0.496475119881211,0.914230841115984,0.98679825390087,0.998342552609049,0.90563394595198,2.53354014845722,40.7643996619879,1.5686663244017,1.6728224545366,6.49735719014745,329.610801716965,248.194726627188,173.400843024084,278.067022193139,328.549579930823,324134.34740781,2823.18088941336,307.235412645798,854.696968407786,4927.39198766933
100,0.215,0.825,0.356446462328954,0.140393708864946,478.246871304603,924.869251041088,192.551785564447,326.781948325596,500,1.60097824425383,1.80422571376299,1.06347808286204,1.10435122195882,1.01800884499354,599.396872920971,499.330398347905,511.890289604606,1155.71854630552,884.722668019859,1.23001945972555,0.918474567941005,0.536766799264291,0.595988150466054,0.437481400218598,2.44936037943179,3.3407742295377,1.64917976766888,2.50520948766108,1.59515197003774,384.072806927218,358.830831246627,329.50255495753,490.591715997146,445.759313722596,1232.90354011338,1548.5870163782,2201.34480048405,24912.9279537503,14779.2858193568
100,0.215,0.825,0.356446462328954,0.140393708864946,478.246871304603,924.869251041088,192.551785564447,326.781948325596,500,1.0964366616422,1.30318514910933,1.48514590336239,1.2135716181268,1.60109368981186,1564.78429850459,504.498899411072,343.373977226078,1461.00507120002,422.413407624297,0.698437689081385,0.947148535390677,0.990084890404454,0.683991545281893,0.624056670754968,4.76027688492974,2.89106863266892,2.46257634714768,4.38777534055593,4.58354735332108,456.843660511118,314.034483610573,263.980582067982,391.842228793199,298.796489421572,13537.452422245,1040.42678904907,523.761002794355,18107.096190863,2149.8697324066
100,0.215,0.825,0.257851105105913,0.163013034765382,717.370306956905,924.869251041088,216.991020822759,367.829941016634,750,1.86733957502565,0.907642587737988,0.869358746175833,1.48115826764185,0.791418027620543,760.722914112158,1250.78759727713,2175.06888643913,595.371276965612,1120.86255984683,0.967565809129147,0.685031711351374,0.586684975889587,0.91403710604367,0.557312729380626,3.99981882192271,1.37988409703942,1.3421104200009,2.08504024324494,1.20803789743286,471.941549324187,647.734681419518,880.781063582315,424.254537057123,571.121745690581,3352.85833782236,4422.75288637718,19732.2008304338,1228.93611092606,4604.60352993137
100,0.215,0.825,0.257851105105913,0.163013034765382,717.370306956905,924.869251041088,216.991020822759,367.829941016634,750,0.947108942903155,1.89187777940872,1.11674734053559,1.52207050027377,0.913431736391946,869.156565157984,616.577897102532,993.153739297428,588.361324930203,1422.59148019466,0.743586083223466,1.00915508870746,0.681341639337262,0.984820778196517,0.675364151682597,1.26643454489804,3.43619385745133,1.86553881343249,2.18694134888874,1.33819894911606,489.208691831693,406.625432654554,507.921572309438,400.039075014898,652.52100490531,2536.5337046607,2007.05911999801,6035.64357604905,1323.79791245393,6914.80240778542
100,0.215,0.825,0.199949825732212,0.176362016848044,956.493742609207,924.869251041088,231.101477737775,391.477054325248,1000,0.580698009773444,1.38424878848855,1.1183413850346,1.68887903942609,1.29338125678996,25189.3711484507,836.232177767283,1066.54777493356,613.158402422324,752.018040086754,0.354444987521216,0.853409445753929,0.639275253258186,1.2329176454036,0.890758494983292,0.838543185130836,3.00284356332956,1.93050014633928,2.80218802030455,1.98475366722869,3323.69171951902,517.152965860968,609.223663056328,440.89104879485,496.008902891671,265657.632990618,2454.05549202249,5218.99950963616,1000.9272608252,1622.71666708258
100,0.215,0.825,0.199949825732212,0.176362016848044,956.493742609207,924.869251041088,231.101477737775,391.477054325248,1000,1.06179179978234,1.62652847215578,1.26333516995615,1.04811233364754,2.59797439206754,792.819145333807,733.033454909499,612.157060203191,1082.53621697557,501.40643107764,0.787875344846135,0.972782770775457,0.93449752575316,0.814087321165586,1.56053574734857,1.44924497062638,2.79401584318643,1.71162009369539,1.66620225681216,5.12305463284626,495.528809964727,492.810009125307,411.392260241741,576.856787899895,403.689883552844,1923.8856579752,1911.39479934931,1319.72909587117,3091.7851517718,821.868999873932
100,0.215,0.825,0.162265605156944,0.185073900675987,1195.61717826151,924.869251041088,240.198467236649,406.701271141681,1250,1.90738717315903,1.10528255367256,0.965709466804214,2.42936014947477,1.00243058627002,836.914626296365,874.920400272756,1319.72539896085,630.976175958205,936.54405066629,1.25834717048911,0.77286434246965,0.682961113883419,1.40471237213254,0.686572769112495,6.70819096581064,1.3965483381166,1.69661810206058,12.1925767008586,1.50450778244849,488.019492177394,521.898982923374,609.929660355362,444.640711544209,545.218430390126,2940.57334859534,2528.67097091731,4986.37390666941,2118.9116253015,2609.9760627824
100,0.215,0.825,0.162265605156944,0.185073900675987,1195.61717826151,924.869251041088,240.198467236649,406.701271141681,1250,1.41871396527503,0.759050206558592,1.56988112555568,1.1417431750797,0.750086967524662,1064.45054598248,1571.76340736841,1006.66618100296,931.435504835024,2684.97232769779,0.722376886317612,0.46709535594863,0.905244083277423,0.788461684940791,0.369756495049403,3.12422631383329,2.18838397462214,8.90991962970922,1.74233543438765,1.70912642914062,598.753188371185,600.228784672153,509.090674361662,546.821109676257,719.983066723679,4499.76854103722,11345.3261433294,3641.81354674817,2418.8399761169,104574.129625034
100,0.215,0.825,0.1359512118419,0.191167880250941,1434.74061391381,924.869251041088,246.512720866686,417.258528720743,1500,1.03338817155592,0.853035589715717,1.72944585180301,0.868513856525106,1.23141281584071,822.926627680385,1006.89727572723,952.150544208695,2073.17164438965,999.267186323741,0.763758830128106,0.676517953261179,1.00801733586185,0.53921476100753,0.856044157943361,1.48213094102438,1.0943356349349,5.16112417164089,1.70366142962953,2.03296239173974,506.916760287087,553.954461587377,536.745797446336,798.265871502268,562.236800842044,1999.25366208146,2580.43567676527,3694.60152588881,34618.4200323293,3886.96882240223
100,0.215,0.825,0.1359512118419,0.191167880250941,1434.74061391381,924.869251041088,246.512720866686,417.258528720743,1500,0.713690762196409,1.23908999892573,0.800967075875319,1.90731245284126,1.51603648219956,2036.2796478625,929.84188980552,3585.93457759503,653.683407188215,735.810213921442,0.499723196313937,0.863157117215869,0.399860887688225,0.968260300938871,1.1467994024456,1.18580554304472,1.76190111280022,2.17704223616794,2.90282728096841,2.23231741362973,844.651540458713,582.709592666225,790.126117179255,477.726420224407,493.082890103779,10511.8377567188,2384.15351638595,229052.811053391,1365.33731517393,1353.41971783978
100,0.215,0.825,0.116617315361724,0.195650660072703,1673.86404956611,924.869251041088,251.132776990115,424.977968864722,1750,1.75114386486318,1.06294637984652,0.867068754576112,0.795424987822895,1.33060554483068,752.708898083408,1097.47643847768,8640.8723391898,2019.32845386093,711.577525885757,1.17340694924854,0.60578165507127,0.438346987254157,0.390405176993917,0.636154389980487,4.04374876067458,2.22354884619008,3.40365926715521,1.84510482106987,2.37190378370665,511.775253626376,561.601569935543,855.425835475249,710.769870664827,493.285050497932,1580.73170317753,5016.31487073663,251420.995217735,146693.036059101,2501.99326269831
100,0.215,0.825,0.116617315361724,0.195650660072703,1673.86404956611,924.869251041088,251.132776990115,424.977968864722,1750,1.12695920230263,1.39821366155564,1.2012486005742,1.07027501695063,0.973435206920612,912.114490683788,643.528665846601,1696.84144437338,855.858029759679,1554.76627254454,0.75187884714463,0.923645491349095,0.696583941267832,0.785888968430078,0.701962224523525,2.88428230359368,2.23855107568802,2.20918667798706,1.48342259765066,1.94239725815466,510.24152852163,443.456349172441,731.543042635188,546.918173789433,672.583502976708,3184.26309855632,1501.8410194242,10938.7501221417,1910.80204549635,7115.78022332851
100,0.215,0.825,0.553075327915399,0.0957972524877735,239.123435652302,924.869251041088,141.877032223114,241.321481188715,250,1.09465122085424,1.46934218731472,1.16281308599935,0.879392512180981,1.67518256874591,1341.6366563442,669.374370818459,245.262059664883,1261.23818720437,584.46459478349,0.445952689500631,0.96940007558701,0.825762322962226,0.438783808411842,0.904271916443248,4.28435212787804,5.20187038727954,1.5313858572064,1.50082043667919,10.1612343987459,573.835980750683,357.538025592086,187.58340388265,522.984107835869,280.020854913467,85752.7151659343,2809.88905486828,366.206320645951,57257.4438334006,3181.33181702482
100,0.215,0.825,0.553075327915399,0.0957972524877735,239.123435652302,924.869251041088,141.877032223114,241.321481188715,250,1.18462413596817,1.01414682393447,1.30916961310726,0.829559242676087,1.58628666919482,777.463237700629,1000.52754905174,239.741661588924,4767.35319156538,501.997123316664,0.698928662608357,0.62798104099879,1.03534756026877,0.498685404893313,1.14171835469198,2.11652112632901,2.02057906683589,1.6338775392137,3.52217359888643,3.81639014351787,392.95353007545,414.690111351577,187.746173628593,373.775857918948,306.602366777478,4668.56882988153,6412.16537277133,338.594486338626,36633.2463614854,1407.61828546062
100,0.215,0.825,0.356446462328954,0.140393708864946,478.246871304603,924.869251041088,192.551785564447,326.781948325596,500,0.883142035901706,1.1897078010234,0.987180544195675,1.37281427701766,1.21866128588537,1513.4074268926,1390.52356615333,641.430513252493,606.307502419123,952.779214553508,0.48445801663262,0.447190812684389,0.663342140685839,1.02822938157884,0.719278953547733,1.85088158960161,3.69795444202872,1.42019796159772,2.07471935772761,3.19620024584578,621.078377438743,500.049128386276,427.181216921978,408.665609269436,460.924241172794,103433.748612837,42254.5159837872,1661.93440935736,1303.38850528551,6180.64834645258
100,0.215,0.825,0.356446462328954,0.140393708864946,478.246871304603,924.869251041088,192.551785564447,326.781948325596,500,1.18163159067358,2.59615713638524,0.716210495877588,1.42615138396633,1.26316506256017,807.232993643626,684.411617425673,1253.83438367034,523.761395497311,846.942403179195,0.531875145486224,1.01906870626856,0.475755321061145,0.987877441501269,0.985127986715808,2.82604885147936,109.098415592346,0.95357855759827,2.4265871764412,1.80487516566726,414.181963794406,331.17801593682,596.71977660567,385.09147420452,522.137627839184,8029.34044164178,2200.5503509252,7523.28964126841,1044.10179218124,2438.86599556606
100,0.215,0.825,0.257851105105913,0.163013034765382,717.370306956905,924.869251041088,216.991020822759,367.829941016634,750,1.34498081594505,7.52584046753196,0.856845258332554,0.868973473376599,0.799865311359085,577.028517299024,432.207443193206,1005.81445679766,978.601584187463,1124.69124751869,0.979042841523976,2.1909810512242,0.533467999759302,0.577454912766933,0.526383048080353,1.96686108234121,17.4210420089423,1.30740326128954,1.23021598783783,1.25001943118732,394.07633852269,383.112477353895,503.838614266511,496.92823785717,528.666926433799,1178.16578166566,1043.03561776055,4903.42552409094,4488.47931188192,7220.54779944739
100,0.215,0.825,0.257851105105913,0.163013034765382,717.370306956905,924.869251041088,216.991020822759,367.829941016634,750,1.5831542132722,1.2298838794671,1.39547084288334,0.948224688102209,4.01908596568511,653.20160925521,847.610736665778,780.102213138149,763.332167779604,489.581898341908,0.947222531276334,0.761310352420475,0.980093997413379,0.678869159335905,1.36656795436439,3.66064429948219,2.61769557376722,2.40953556216584,1.38650745536726,9.20708399336033,427.730051878599,480.121571888384,484.398370204417,458.997342448696,398.089746044065,2096.57516609132,3563.72101221727,2181.009847202,2177.43818265128,950.732252661624
100,0.215,0.825,0.199949825732212,0.176362016848044,956.493742609207,924.869251041088,231.101477737775,391.477054325248,1000,1.51436730641191,0.703561590208837,1.16932468429193,1.05370393703816,1.99222350160704,574.564488805827,3757.2591613854,1049.80345263,967.68044743043,762.809380865734,1.13355427153536,0.300393931745301,0.482311208008017,0.471557599531433,0.946794274932169,2.08941269494937,1.37897708323247,2.45385553628973,1.66851575087782,8.96817334136266,415.914321255126,977.734627177831,539.316942004986,570.950203957263,468.461040846366,1004.76243123027,1367601.31636138,13596.1610009775,5359.9316430951,3099.8148888172
100,0.215,0.825,0.199949825732212,0.176362016848044,956.493742609207,924.869251041088,231.101477737775,391.477054325248,1000,1.16684672518677,1.2136301731009,1.3990980159465,1.02542981071269,1.21958045803719,1608.69310281926,708.555321995229,719.985373027287,929.3632394704,1011.15024444057,0.821918476022506,0.761336422426252,1.08252266891094,0.731199478360778,0.821689913578707,5.66488173579469,2.11755655837529,2.00970471513268,1.70946388161099,1.73509001735858,517.026821032426,473.563982858412,474.949083667664,535.529672275522,570.470345699851,8620.41156749815,1900.09367175177,1580.10619268126,2535.7403429753,3414.70666058323
100,0.215,0.825,0.162265605156944,0.185073900675987,1195.61717826151,924.869251041088,240.198467236649,406.701271141681,1250,1.50946189048722,0.893196999349598,1.73876063238872,1.19162696488961,1.03770143332654,1020.99582521377,878.438726326691,966.352300679652,774.23092604788,1027.1424660082,0.947786897900678,0.637131711332829,0.858189680184694,0.825780997637947,0.668023341821149,2.55929283588388,1.28350556090073,17.0635251727116,1.83828976434934,1.58851409799813,586.987653820467,498.757446874591,443.75943170133,496.89571612835,583.037877987453,4034.41122309941,2148.96101980705,11441.946044717,2117.1222273204,3261.30302363622
100,0.215,0.825,0.162265605156944,0.185073900675987,1195.61717826151,924.869251041088,240.198467236649,406.701271141681,1250,1.83815715072934,1.2222613939904,0.966404773360169,0.813605971600281,1.55189748276015,731.462225296808,659.691854512252,1252.31141568623,4158.71668748708,610.469169484103,1.02218167456828,0.925132635603851,0.697032785396073,0.422869963734702,0.979375326337169,10.1195766883388,1.83908609185484,1.40658781173302,1.63660882467124,2.9326289445274,439.171918480943,461.708804254398,653.988119954871,934.371086131502,425.195611221963,2458.19754004124,1230.09834129359,4968.18098504919,201625.274325592,1297.02596138878
100,0.215,0.825,0.1359512118419,0.191167880250941,1434.74061391381,924.869251041088,246.512720866686,417.258528720743,1500,1.25244343134312,1.13344880190841,1.27740630925808,1.17009757672785,0.896521904053829,1164.02253336113,861.250796887692,1662.5674039759,795.912794294908,2705.48198096586,0.752394632737436,0.729020000426227,0.498918835310744,0.888772886572416,0.461299313264661,6.06733195019812,2.20164776362234,6.32750576387122,1.66923877329371,1.8514797160691,520.611182228483,503.992949801143,505.353682791127,523.393529699276,896.884385994282,6617.76877819756,2552.70140351688,106625.41496951,1584.65454076118,67941.1071995509
100,0.215,0.825,0.1359512118419,0.191167880250941,1434.74061391381,924.869251041088,246.512720866686,417.258528720743,1500,0.593745107263842,1.2611859929578,1.06215641702345,1.48775851123368,1.0307720347568,11039.2303114071,947.556380242659,1395.45452652251,682.940416982172,1314.10384142021,0.260383182457927,0.651273317474216,0.608231334602836,0.89064441822638,0.555221838836159,2.33525185230152,1.93758918635047,2.13450764995557,2.35192134539425,1.97126052060136,733.633739870812,573.447110399752,644.116783603598,479.567994792042,624.959129353866,10081936.4649486,4217.9036829136,7961.93734032867,1973.22483649395,10708.1949541134
100,0.215,0.825,0.116617315361724,0.195650660072703,1673.86404956611,924.869251041088,251.132776990115,424.977968864722,1750,1.24818312525694,1.24777691989902,1.11094310776617,1.4352743631482,0.789702550419861,1085.37962868135,1016.17798898236,1220.40111767404,731.473011189595,2169.41245466694,0.801149971994133,0.826587793620281,0.699745906450319,0.997774411003174,0.589429868036764,4.19078125333658,3.19139982433231,3.55339696061056,2.1683673831191,1.11451579765044,532.743106362681,559.583680599446,528.310625717045,519.856840698312,965.200490820659,4334.32384036026,3168.80855717795,4758.52486342105,1418.8010580613,9055.57876759386
100,0.215,0.825,0.116617315361724,0.195650660072703,1673.86404956611,924.869251041088,251.132776990115,424.977968864722,1750,1.00623888420976,1.1201587824614,1.04896800091113,1.86253456607052,1.24211769271734,1554.57932798608,1086.62944614622,1146.95992874001,630.974730859543,944.92731037315,0.569897885948966,0.710846340001739,0.781643054348066,1.04808972474455,0.775454899401861,4.88885555589394,6.71370959190689,1.43341844226519,4.6689412439147,1.99707768724581,565.282027158363,498.296999928421,684.391956221603,462.148522337578,560.797121594831,17948.9165920603,4811.2426305586,3044.79721635276,1386.75989553164,4055.52130536262
100,0.215,0.825,0.553075327915399,0.0957972524877735,239.123435652302,924.869251041088,141.877032223114,241.321481188715,250,2.94007396707883,0.702914664277277,1.02531839697574,0.854619542820109,0.890131697623343,399.269647539291,4822.25681914001,240.47513186276,1467.90216172677,1156.30594196135,0.918858137551074,0.423439671111318,0.81103552568587,0.538944592707801,0.615577938475284,9.55850797131058,3.3073408669285,1.26916073639105,2.92393939640178,1.41237158003069,256.686364439575,476.479344203447,182.117925164982,406.093658386797,502.06863640774,1425.25507718354,174099.516597582,350.266793984667,13863.1112280961,6465.0687443315
100,0.215,0.825,0.553075327915399,0.0957972524877735,239.123435652302,924.869251041088,141.877032223114,241.321481188715,250,1.15248588660179,1.11347879438769,1.25618397019185,1.38767722771054,1.09163858589025,1307.52628137834,521.380729483948,197.345401143354,1099.18439467934,1186.80820000996,0.625834548279694,0.694291568746222,1.00085113721393,0.603059781103348,0.704299278845909,4.81543472741845,1.9456819222393,1.58745618567191,3.94470717274127,4.27954783520548,318.98061069126,301.652563623627,156.235461474979,427.225436329563,410.132006253576,7116.75259913676,1615.50961648406,261.945546152328,12504.7967861521,7367.63659323345
100,0.215,0.825,0.356446462328954,0.140393708864946,478.246871304603,924.869251041088,192.551785564447,326.781948325596,500,1.03856237436145,1.04486411750939,1.3622176801287,0.819680319985337,4.76300610766643,1120.32764889353,732.704409991735,351.487171628246,2430.10994230679,436.387836294461,0.510670003484653,0.767555564793779,1.01853974576191,0.599945290013803,2.4680645787856,3.07702576595219,1.48372766617422,1.88648123721744,1.47877606883265,8.91041934269053,435.770552363916,413.231517801792,274.921946666261,892.333195402631,360.411294906873,26228.1788326607,1856.22107406254,538.599724756682,21707.7588950599,755.225856074479
100,0.215,0.825,0.356446462328954,0.140393708864946,478.246871304603,924.869251041088,192.551785564447,326.781948325596,500,1.34669527054588,0.986128849149184,1.15191642289104,1.85722596838243,1.11458672035265,807.749432304692,1083.20144992976,375.782056885143,541.044676708801,1392.98414540471,0.951790123981514,0.624276000133363,0.847482034962635,1.3738389212888,0.501325415610535,2.02498100455872,1.95205619498066,1.58207081130724,2.6701649492474,2.37507108485505,450.210954469196,506.874181419101,272.819833235904,361.939563170258,506.979741711053,3207.25937929141,8612.91651930582,614.810736191516,1131.991927893,48736.6320139076
100,0.215,0.825,0.257851105105913,0.163013034765382,717.370306956905,924.869251041088,216.991020822759,367.829941016634,750,1.14786945592356,1.02477333413865,1.05257487160798,1.85862822218112,1.35904047654923,1075.59557161926,1641.62173459187,689.562967817523,492.853249647164,1015.71862043741,0.746180423002009,0.678395458462186,0.799302764203064,1.02126362225613,0.962654544178669,2.1367445226957,4.41297768153562,1.41003667487018,3.19464769361797,2.73811832890611,540.769358045961,537.635315957136,432.866434070668,386.41412960411,548.974034551442,4787.97737567522,11344.8488447467,1367.16464953613,1108.6658372855,3258.24049763572
100,0.215,0.825,0.257851105105913,0.163013034765382,717.370306956905,924.869251041088,216.991020822759,367.829941016634,750,1.58027119479447,1.04440079772298,1.18552731736164,1.14760137597114,1.27460369469487,582.946924586508,864.524626836539,906.228840793132,987.010957795728,896.683583839589,0.781676983283406,0.774403389367089,0.72214668704614,0.743271675743729,0.622684295657006,6.21842677479727,1.41526514423503,1.853456734796,2.53009221812499,1.99358377385894,394.682135912651,510.797888793982,533.983333223038,478.139776177173,522.001677174567,1917.12184698434,2060.79873294195,3860.00834451149,3393.2843486201,6095.00877664141
100,0.215,0.825,0.199949825732212,0.176362016848044,956.493742609207,924.869251041088,231.101477737775,391.477054325248,1000,1.54588347326356,1.10677744187012,3.07265409582334,1.43831550621499,1.206229234733,669.845746861956,825.60185378767,575.919285535568,775.5101765756,858.516493416235,1.08016855696258,0.691840763638241,1.11798944888564,0.829890968079011,0.881203298506785,2.80504186064862,1.72954456798732,8.85793120065612,3.98368262147059,2.30093626167695,451.965304515768,486.192992055263,433.758871872687,462.249876894327,495.633688200333,1383.89110553712,2347.14334944172,2177.38091288461,2823.83719939681,2382.53878961357
100,0.215,0.825,0.199949825732212,0.176362016848044,956.493742609207,924.869251041088,231.101477737775,391.477054325248,1000,1.26341231520686,0.925174871107544,1.38480028610755,0.819377770255939,1.58534526489256,801.000501256111,1224.06361048462,1048.2586605526,1745.26396278274,862.284664615457,0.875914154508254,0.571916786358633,0.728657526317139,0.493919741549876,0.969127499854923,1.90201368035488,1.42565652464512,2.13091031946633,1.72564037939555,2.53018140197768,512.370580283669,634.475445795105,580.27867731974,711.354646721601,565.952398013502,1784.59108710723,5183.90775986551,3870.4020877062,20894.7540223936,2992.19067903077
100,0.215,0.825,0.162265605156944,0.185073900675987,1195.61717826151,924.869251041088,240.198467236649,406.701271141681,1250,1.01939590729129,1.07603804491147,0.972361910686992,1.1991391172463,1.03213882155563,909.779058738233,924.879742041929,1852.06152310409,823.132948342196,2267.02665736098,0.677738904413947,0.616100122135218,0.528041053796459,0.987954801551735,0.64842404095394,1.68467709143634,1.72600492099588,2.72776240847918,1.53771269638634,4.60293950178817,538.541875624104,536.97572365774,610.43011490389,520.584150851143,895.144482550573,2739.41780043342,3505.41729751858,20150.1387831129,1666.43216710957,12959.0149253737
100,0.215,0.825,0.162265605156944,0.185073900675987,1195.61717826151,924.869251041088,240.198467236649,406.701271141681,1250,1.2828648467442,1.22579036443576,1.43628129907465,1.36804016556379,1.19157164709894,888.674621538955,603.108769389759,1616.99097548181,1157.88557211725,750.02626048525,0.871146467428385,0.875767924051593,1.02223389722288,0.705658529055258,0.835985038770297,1.8425939498956,1.66617253418398,4.94234629350692,2.29891240302904,1.81383875987973,526.027507073966,429.493084601414,689.360336406458,608.053938612999,470.398124941345,2709.28161021941,1131.32423213743,5568.98476584022,7345.71461533107,1615.89216700646
100,0.215,0.825,0.1359512118419,0.191167880250941,1434.74061391381,924.869251041088,246.512720866686,417.258528720743,1500,0.820167268092386,0.945663233672506,0.994524704093924,2.50579819432969,1.07019616330137,3392.20515557124,1508.16303074561,1048.68233997275,573.893248952265,1122.71433268089,0.520069847930562,0.596704500996639,0.586711575173976,1.65659673065912,0.759905159098442,2.20290786455826,2.33728663708078,1.9924168852232,5.33063588270082,1.81897610996475,828.267224601866,670.752400405803,582.345807567026,457.647523517936,588.55716662727,139398.697373381,9525.07627162929,5563.41946008843,899.770160018959,3239.5699784001
100,0.215,0.825,0.1359512118419,0.191167880250941,1434.74061391381,924.869251041088,246.512720866686,417.258528720743,1500,1.38649502879316,1.5713094723285,1.63794424687453,1.22667296560334,1.6366428577936,746.267803160856,657.139421310574,830.114904035517,1127.20673045201,668.570261588097,1.10287708093378,0.971716134612683,0.945990298550883,0.675714761096477,0.977930315373823,3.98600292206326,3.17815485191354,3.58561148894501,3.40063212439871,4.67333691561471,482.384377599481,462.827044490562,497.019735739179,531.652177753256,461.016258252584,1590.37586773881,1400.74894196684,2628.4753286494,9619.46896693501,2454.46362370444
100,0.215,0.825,0.116617315361724,0.195650660072703,1673.86404956611,924.869251041088,251.132776990115,424.977968864722,1750,1.53529907587073,0.791229314045962,1.68904378204734,1.10836786681413,1.36398070327232,833.150363596343,1386.62812502177,818.928378915317,1370.42463601853,978.446713945643,0.863156441333616,0.555886688468287,1.14396139136635,0.636811144393385,0.849778134138921,3.1658769102357,1.15357375636552,5.25544481766569,3.58867519573413,2.30925996979102,521.672105383649,701.241235369698,523.145576120923,608.366145211193,606.930010908852,2264.97875295077,5619.39438819446,2270.32482556832,9834.95828799947,3784.09809902536
100,0.215,0.825,0.116617315361724,0.195650660072703,1673.86404956611,924.869251041088,251.132776990115,424.977968864722,1750,1.78300702196606,0.795725274244357,2.30530462056507,1.17543106308925,1.83035013923122,738.698236358611,1529.43644614102,745.724968618608,910.921304629668,757.046592805157,1.34115790804495,0.47975386959394,1.59054607392209,0.713451407847186,1.20675886618751,2.60247932556902,1.30498449593208,6.57367869171692,2.12308285487676,8.54036796614942,491.128383004802,715.607771474569,502.286933157901,554.029805601718,494.919870206064,1398.6240377237,14033.5598016974,2523.19489568945,3482.45017517471,2071.49465155608
100,0.215,0.825,0.553075327915399,0.0957972524877735,239.123435652302,924.869251041088,141.877032223114,241.321481188715,250,1.28245912943906,1.18335934694426,1.13209672829306,1.58913566652718,1.73035608690197,1170.44072665526,510.928649345135,239.106555609066,522.851920364789,1097.19877955995,0.964572170616616,0.825168902288364,0.886799730794258,0.68274095962998,0.747993348039963,5.01099568378369,1.87090284418907,1.37415633548912,4.66669010441399,5.5583569057879,497.625314359491,298.348540372663,183.911564633976,300.256861664118,381.915858069345,4001.45143871091,1380.35946603156,368.949688094336,19035.4068083096,3385.78682262121
100,0.215,0.825,0.553075327915399,0.0957972524877735,239.123435652302,924.869251041088,141.877032223114,241.321481188715,250,1.04060365736259,4.01659895034648,1.03866451967739,0.996507871241903,1.24258003623694,1620.21323416381,351.710954719142,242.36827893328,1176.91215336639,753.34399296886,0.602861318449119,2.31983731420651,0.841262563886001,0.625155773606691,0.699020785439387,3.70294756008717,13.2290339840552,1.33352703762742,2.91655875387781,3.94133814561318,459.285174497496,265.300473154203,184.145525538666,403.507654895212,318.355338035653,19068.9935377046,769.826349758881,343.201503235441,11816.5381083488,7976.77301865655
100,0.215,0.825,0.356446462328954,0.140393708864946,478.246871304603,924.869251041088,192.551785564447,326.781948325596,500,1.46492116305682,0.869332127922572,1.11348063806516,0.971384909289902,2.4632362412332,1322.63118724027,1343.83461722603,555.605979354744,995.592509364502,519.441673035755,0.48023606978597,0.686151098549508,0.727710718937695,0.586758586770083,1.65613806788791,5.56627665936261,1.34859410354325,1.85983361026302,1.48117994288055,3.96629419618644,566.160959299584,628.069924738799,393.346110043976,554.328256901098,373.332038506855,11122.3780384612,4620.38899820625,1219.8803767647,5424.61952729956,974.294740525533
100,0.215,0.825,0.356446462328954,0.140393708864946,478.246871304603,924.869251041088,192.551785564447,326.781948325596,500,1.13960822968046,0.828621583443239,1.4427106647561,0.94873021674607,1.12145674431057,992.023324518673,2338.19546527716,349.280852373302,1763.0576315649,827.641323316564,0.604374905031729,0.439404350978443,1.09435665582547,0.612815830846576,0.694992473423984,7.17502179681896,3.14717137426699,1.95093442319764,1.84604611488706,2.25098800782195,389.89159585584,601.26858075115,277.688030852986,640.773394879466,472.261491775709,10232.7208786559,111703.534467517,491.864517198324,23911.4113262342,5144.33783403446
100,0.215,0.825,0.257851105105913,0.163013034765382,717.370306956905,924.869251041088,216.991020822759,367.829941016634,750,1.38705623809445,1.41126562485334,1.23711293069484,1.64627353255344,1.28597838783331,1322.9886975957,991.624162366852,657.887566250356,818.983035187026,915.756312577464,0.738491127878696,0.533759193680339,0.657817218005376,0.877461788383281,0.696582664774909,41.9693688185081,2.57128009576969,1.87753346005147,2.54128649392117,2.20401372213282,386.956910312604,533.301865529078,445.278450131141,528.306918074248,528.852521188127,11791.2528451846,16106.0648773246,2808.58874293103,2874.36492766362,3898.77404166836
100,0.215,0.825,0.257851105105913,0.163013034765382,717.370306956905,924.869251041088,216.991020822759,367.829941016634,750,1.61023549180591,0.730220021151256,1.40600717301893,1.88675331790344,0.715546180527268,727.460194887396,2055.79982630083,516.548068214864,704.742348760637,1872.95301125825,0.930738036794085,0.450428529574229,0.898819341105661,0.51531774192638,0.405512398199047,2.73179342441901,1.13485700328193,2.33521270506693,5.37258153315715,1.35939917527405,461.432286784789,754.305470395508,374.536203258734,432.809209700892,652.079748864065,2200.98153340868,15515.4271888125,954.089604374151,20116.1926088514,39878.4855338325
100,0.215,0.825,0.199949825732212,0.176362016848044,956.493742609207,924.869251041088,231.101477737775,391.477054325248,1000,1.59673676542339,1.13923167254517,0.827133944295838,1.76390222727814,1.53764598783705,621.264258424551,1012.08790481175,1849.16932540696,744.223335289948,962.831064020992,1.15511015792139,0.665086404656636,0.596737102780954,0.711416895430952,1.11910422305258,2.18741202969586,2.04623191278483,1.28022544384132,4.32094332415067,3.3847686044759,455.243368649394,558.065532809818,779.567233718848,472.503195103987,542.747914294352,1077.59621043228,7395.39577753374,7611.85865457053,5767.00672074161,2747.6893742904
100,0.215,0.825,0.199949825732212,0.176362016848044,956.493742609207,924.869251041088,231.101477737775,391.477054325248,1000,1.90407916752695,0.988544812600714,1.09894658711225,1.33323188691736,1.04769367391539,624.846376218113,1080.91450435408,1198.1559901933,682.497408592766,1892.02100722245,1.25825266526964,0.7458063493248,0.776434550706978,0.981998134851212,0.671307201371153,3.07741455660322,1.49430951074844,1.75057878519666,2.3303628002424,2.07438757141773,443.935129254046,620.540259578613,608.235705499555,470.395595540712,736.725399878223,1308.73581718916,3215.13896416693,3766.61792887332,1510.01121390222,19235.7018200954
100,0.215,0.825,0.162265605156944,0.185073900675987,1195.61717826151,924.869251041088,240.198467236649,406.701271141681,1250,1.24435324459551,1.23016655290326,2.05691919062813,0.824870487157712,0.79917241318676,1214.38486994581,947.428618074329,608.159593289936,1823.27761763384,2398.0960997767,0.663066713881259,0.892736840960735,1.30518639130422,0.49543741284241,0.590121877767271,2.1346751524128,1.91448374650792,3.43274341430043,1.19445856724126,1.26290922056776,635.975275766656,576.563981376618,464.027555999715,846.042022454093,965.297771325005,6668.21728823352,2292.92579723027,1021.05742632539,10730.0166259606,11054.2283797723
100,0.215,0.825,0.162265605156944,0.185073900675987,1195.61717826151,924.869251041088,240.198467236649,406.701271141681,1250,1.05291186122261,1.51247824668984,0.735017369579859,1.07462702913838,1.4510023819645,2684.29634298554,905.635648223124,1916.04050226263,1130.8432585076,702.857811830633,0.474311885757526,0.954185666584209,0.534389995887403,0.731809463749603,1.08397239781923,11.5887653316326,8.37958518694166,0.95963501133728,1.90111757186069,2.24717535222744,484.906335014872,510.567344924435,928.849068201478,605.739352229542,479.566866732499,301618.620944379,3861.62915025159,15445.5648326949,4523.94641278985,1239.41246678629
100,0.215,0.825,0.1359512118419,0.191167880250941,1434.74061391381,924.869251041088,246.512720866686,417.258528720743,1500,0.945772818567065,1.33200450623598,1.63144745602283,0.848688855114006,1.162981986663,1018.16437100787,945.236519946758,778.544926114227,1554.94022127337,1163.67396820896,0.587383857877476,0.685764654531543,1.02514004649888,0.489024702977183,0.832306627316705,1.49734556549635,4.53715106145975,6.58377940062271,1.40830279727428,1.99385794945001,571.857076504095,517.770861521851,483.869413338721,764.650269176366,643.334703232269,4530.27985377357,6548.26209006173,2439.81460916165,10230.8550678609,3614.99778033387
100,0.215,0.825,0.1359512118419,0.191167880250941,1434.74061391381,924.869251041088,246.512720866686,417.258528720743,1500,1.56146077363062,1.05937762127211,0.935761115048063,1.10831789344672,1.08078322726066,733.013162043509,1210.4460969258,2888.30548138957,1087.68117154342,1182.61654142781,0.996508692280755,0.75593355389839,0.618557417169062,0.723086583870388,0.429261821075698,2.88544059185853,1.56710417177764,1.68777508429766,1.71254131686243,1.86006144269876,503.535580888963,653.584730437689,942.392189317166,620.33845399845,634.4671228769,1635.25212809939,3898.30940420328,25667.0277366129,3322.97026751568,74665.1554636055
100,0.215,0.825,0.116617315361724,0.195650660072703,1673.86404956611,924.869251041088,251.132776990115,424.977968864722,1750,1.93857447666242,0.98181592321587,2.63410582840017,0.958535977025416,1.65472762652994,691.891376059657,874.773304383415,672.186448075097,1797.78940719574,685.359074534215,1.03491939306997,0.732923595987095,0.963717111851745,0.499558491054096,0.737693073281459,5.89051021911909,1.32267676225649,6.40159103920006,2.0569250210558,3.19619629547531,481.310614397211,553.755804002937,480.056704661016,694.98487469956,474.668401194553,1878.10378895226,2064.91992848101,2512.07571454988,27534.2453924029,4458.84673537028
100,0.215,0.825,0.116617315361724,0.195650660072703,1673.86404956611,924.869251041088,251.132776990115,424.977968864722,1750,1.62036852104365,2.31073569638755,1.39223643922489,0.913106240771885,1.94679456493788,693.629816318674,719.185925796979,976.860264054278,1113.6731043941,468.164084693088,1.14288763183764,1.28401356579318,0.916120534892579,0.699129052045785,1.38215400917051,2.23182769986425,5.33552078797259,2.30914191667724,1.23284679862102,2.75620750294205,478.825675893668,482.498337308361,564.499493441349,618.78182051253,388.949426293382,1406.51948893298,1879.619532991,3772.40961384286,3163.36065138864,716.444160725633
100,0.215,0.825,0.553075327915399,0.0957972524877735,239.123435652302,924.869251041088,141.877032223114,241.321481188715,250,1.3768177680298,0.621810050372651,1.02558833864209,1.11735292301966,1.26073943419994,1009.57646845919,8129.89454351021,281.804856973223,765.780238252831,1194.47364355195,0.631105374282804,0.450119578386109,0.714228314697616,0.723372717510252,0.682785754788536,3.99657665013598,2.47201492702498,1.42670889411352,1.98446475368833,5.2848490145175,374.964162411632,1592.72611646413,216.527710310077,395.841370518379,417.717827148711,17570.9689612587,91872.7280164741,448.788801277172,3648.97796253204,12821.3678776437
100,0.215,0.825,0.553075327915399,0.0957972524877735,239.123435652302,924.869251041088,141.877032223114,241.321481188715,250,0.576634734737072,1.12579527407103,0.943542222753511,1.63585899605589,1.57227816993597,43037.8306075417,810.336578992049,283.388533187206,482.436300342963,790.922502602201,0.403267739320089,0.785616965525275,0.627885508745294,0.642454998996124,0.868786809888928,2.60836213894744,2.59213124589781,1.28278931461097,3.72299242590578,4.55244755870087,349.120458006568,413.631290140956,208.442666907893,298.809200164612,361.378637878928,342148.852334179,4875.45796012276,499.143858403054,5954.75328001351,6379.77504775418
100,0.215,0.825,0.356446462328954,0.140393708864946,478.246871304603,924.869251041088,192.551785564447,326.781948325596,500,1.32315396248472,0.769698733303816,1.43279860760276,1.44212111662359,0.882547247765001,997.280283791627,4615.48642100453,550.161881765072,816.411669003776,982.462350066893,0.873333534715756,0.44558985351041,1.03577809508644,0.805802039922595,0.71637495002764,4.62619290527538,1.37390829203412,2.54200982941552,3.23240801017201,1.13398906499692,470.635926077089,1330.40300094958,397.661281236523,427.798674833463,529.527552806045,3982.90202777718,359118.959993197,943.136657974115,3261.24911584291,2577.94872405135
100,0.215,0.825,0.356446462328954,0.140393708864946,478.246871304603,924.869251041088,192.551785564447,326.781948325596,500,1.25170121119543,1.70271386802733,0.883096209484847,3.66818523736415,1.49087919875636,1086.4095403028,695.105924131066,635.677044721191,415.760455912892,553.474851758953,0.988330653459355,1.21384559585857,0.668941257383017,1.45441827054738,1.01821948552542,4.81826393174461,2.49296701339629,1.13104854243691,16.7574940424228,2.36438218541528,502.749905866874,435.646847622257,390.848180949565,339.959640888998,385.325130141446,4377.31019361472,1900.30875358748,1464.46178987704,869.81799343614,1338.88773477932
100,0.215,0.825,0.257851105105913,0.163013034765382,717.370306956905,924.869251041088,216.991020822759,367.829941016634,750,1.11933243436475,1.46613344882577,1.2210414231202,0.718155693127075,1.95661773950059,652.263453219287,691.931084875309,802.354757823016,8290.46644681941,683.892877457381,0.72772932373668,1.00123910495549,0.798965991935404,0.409428282923807,1.03409285931533,1.66758346948508,2.83625606004165,2.20695819869082,3.69749476408193,3.79881900571246,428.869642622932,450.443094182986,484.488390623712,571.598310207974,443.102260694225,1540.71015801713,1635.71835150125,2232.68647548446,477162.91047305,2277.81136656503
100,0.215,0.825,0.257851105105913,0.163013034765382,717.370306956905,924.869251041088,216.991020822759,367.829941016634,750,1.22509900483528,1.01592354391778,0.970396136247277,2.90931382421097,1.27756743580425,1567.7877363335,1383.15292713933,694.821793862445,569.675316023115,599.791538250853,0.526873897860785,0.683323156883819,0.564811350242404,1.4483801197197,0.806987699155385,4.70376401915814,1.65880805486168,1.86903280804185,5.42263408325235,2.04423966697395,527.24266555328,617.600836457071,424.818035359429,425.065726373779,402.925248239113,16136.2310748288,8959.90641753363,3053.80049120728,1449.90506703307,1397.95928513521
100,0.215,0.825,0.199949825732212,0.176362016848044,956.493742609207,924.869251041088,231.101477737775,391.477054325248,1000,1.10916655409532,1.10280170091708,1.54051282151254,1.47118075260354,1.5060340439478,794.153906918974,2767.60425832837,712.261382615207,819.980920257569,675.250368143445,0.696532586135864,0.863020983716122,0.799768373372545,0.959361503949033,1.07508653559679,1.53317930957644,4.59005735578719,2.26294328752217,2.25734973198056,2.04416173717623,510.212233737415,874.420702523966,489.037587695774,530.042739606779,474.135344989286,2408.53605149285,8474.11494108705,2534.05322068929,2154.67447792581,1320.9842696856
100,0.215,0.825,0.199949825732212,0.176362016848044,956.493742609207,924.869251041088,231.101477737775,391.477054325248,1000,1.99922371502192,2.28169060747382,0.87561638240724,1.12839168204632,0.954411730640136,645.633296659409,564.083705841343,1590.17775550237,1344.83264456682,887.992099698727,1.31587230606652,1.62181071153905,0.569786890460611,0.760001547348512,0.590469111210157,4.48417566526701,2.96803256765102,1.27132710583394,1.62617784080995,1.39384163871843,447.925901281885,427.379093205707,738.036050937918,692.198714779204,506.898809425322,1320.37765806415,900.654124976691,10466.8938553757,6700.13285935601,2633.90205257319
100,0.215,0.825,0.162265605156944,0.185073900675987,1195.61717826151,924.869251041088,240.198467236649,406.701271141681,1250,1.44369477976504,0.974634776873462,0.946068814963608,0.957674708457076,1.06946852300267,943.446951510838,1079.96265970961,1391.32979386535,2173.80625785795,848.667314912672,1.09247320456782,0.557444775387855,0.649501808610336,0.637093803045066,0.706114781302936,2.17548459297325,1.44778635110174,1.54688997685436,2.06736058706553,1.4532273636369,556.315880919986,619.787561170633,720.385786217903,792.930699233888,520.107919262818,2278.77250392253,7351.00237099394,6709.21004616588,16043.8809566457,2052.19564416336
100,0.215,0.825,0.162265605156944,0.185073900675987,1195.61717826151,924.869251041088,240.198467236649,406.701271141681,1250,1.16916122758732,1.0361624277687,1.05493272265953,1.01737423610872,3.04239885985793,1730.03319446161,686.879890116981,1196.54179903268,826.305204993012,530.831719407913,0.642784731280761,0.775799000377052,0.575715800417501,0.682985148977547,1.09499279622274,2.10358997441121,1.48814639197359,1.86801081249992,1.50543009543284,8.8370698697238,768.518475132925,461.062646307273,604.335242264307,499.748603769538,430.302621853753,16829.0855650291,1596.10425624754,9512.34846010628,2117.20379712012,1317.28198851925
100,0.215,0.825,0.1359512118419,0.191167880250941,1434.74061391381,924.869251041088,246.512720866686,417.258528720743,1500,1.27602060619101,1.98085810129413,1.85925263697362,0.807999185614303,1.06240286805872,1006.05247340612,572.523030054676,980.839487848551,2310.35114129065,830.887135293963,0.781067698952827,0.982838650996753,0.608442810650039,0.53047240637894,0.73087555671183,2.63059553083038,3.62198604201666,5.46597043383417,1.2073061924586,1.425560616557,573.918390163097,440.246342495626,508.488844839455,835.91779413573,516.993119723901,4731.69793929561,1265.07906931746,14681.1307585799,23375.786418684,2028.86795780005
100,0.215,0.825,0.1359512118419,0.191167880250941,1434.74061391381,924.869251041088,246.512720866686,417.258528720743,1500,1.07729819456448,1.18793870071047,1.8523563635722,1.38579217278409,1.05465250426332,1059.84270368315,660.745398244513,882.001197475454,607.394730664118,1287.92287121694,0.63214278530249,0.668014262573155,1.03694936783396,0.876197313036714,0.354595553384209,1.64299399966148,1.87723915540957,4.92686119646822,2.50768144195821,2.29089306651035,561.043923718427,436.88059615153,488.896316064942,422.479002602694,575.448020451212,6583.66118536763,2752.89683643623,3525.64421915591,1495.88577063358,158690.660153478
100,0.215,0.825,0.116617315361724,0.195650660072703,1673.86404956611,924.869251041088,251.132776990115,424.977968864722,1750,1.22839480823202,2.22771714218315,0.788343088004396,1.03600878241557,1.22266349027292,1350.40980484654,615.675137457083,2120.45962093497,1004.95018075854,796.140873635441,0.669002260172871,0.881899938147242,0.520194255473431,0.717329785724395,0.869828006725836,1.90001416080412,4.61514742766891,1.21652854953212,1.4056697766312,2.03808320632871,727.043940289152,463.3741612537,786.96408755215,592.461195676368,506.497781459498,10243.2496709648,2007.58834337263,16861.418084546,3081.00262830283,1710.52647473436
100,0.215,0.825,0.116617315361724,0.195650660072703,1673.86404956611,924.869251041088,251.132776990115,424.977968864722,1750,1.26480426226119,0.932973758397529,1.5030748651092,0.691149602507832,1.48891171163892,896.572083414176,1569.72500446513,992.236549170344,2534.52399543312,689.565399635388,0.65047300379292,0.374112940423003,0.865976593379283,0.527340520972572,0.922491807733464,1.70823816318387,1.63009222212878,7.49705390405826,0.877035374832519,2.43251919171355,550.805233506942,733.626243350742,518.879586861143,1084.04578313566,500.217773154583,3888.89121853908,96662.0105630169,4481.42900357586,13208.3958293647,1623.65719787546
100,0.215,0.825,0.553075327915399,0.0957972524877735,239.123435652302,924.869251041088,141.877032223114,241.321481188715,250,0.714130440447875,1.37070619979653,1.13187339537763,2.41131252396147,1.84902305787275,7241.27638433764,572.035417913314,259.707104739842,409.332473362191,448.177870596979,0.327549926386038,0.82500116406703,0.840437664823864,1.08555199806439,0.641889254285409,1.15404287080896,2.65394284027355,1.49622240252351,8.57351418353092,4.94806238679306,1369.2652542167,320.704126020473,203.609288221783,282.292936011207,273.13964329601,22672929.3512465,3275.90724700583,391.173162386359,1942.50428907698,7118.81347929576
100,0.215,0.825,0.553075327915399,0.0957972524877735,239.123435652302,924.869251041088,141.877032223114,241.321481188715,250,2.18559356466483,0.829483255554622,1.21420610262852,1.50751831792195,2.06178470790603,435.862661186372,2592.39686350337,221.66183811136,559.750308832634,376.066192249711,1.17046042736145,0.507906188974436,0.949555574987593,0.950875316616695,1.04510889472448,7.70026143727369,1.57639435074942,1.54862545890753,2.80677025197285,4.27155524378781,277.681117716497,567.388750681254,176.592372559409,313.927595940715,271.586182170372,2022.04097618285,61040.4619172809,298.904487378635,2136.33461307998,1226.88916934159
100,0.215,0.825,0.356446462328954,0.140393708864946,478.246871304603,924.869251041088,192.551785564447,326.781948325596,500,1.25116867336457,1.18594893561466,1.35239016346392,1.03151592208117,1.25559492888373,746.903592077403,1168.32737145602,425.804133200557,1151.26951363633,633.901031032741,0.921065097391913,0.788037655418515,1.05478996454598,0.701595739131561,0.871458708835125,2.24364633660428,3.7179541343537,1.78173922734552,1.58217310112863,2.99555237338487,421.924340344955,472.139856889067,304.81412958118,556.408971499901,388.508106647981,1716.41041344939,7598.44384994989,669.562642879695,5685.02938272828,1544.02302706536
100,0.215,0.825,0.356446462328954,0.140393708864946,478.246871304603,924.869251041088,192.551785564447,326.781948325596,500,1.63618663815378,1.38534169026685,1.12759436513778,2.56872939024445,1.66576601822648,740.933773805453,548.803350816354,871.727361776837,566.672908390531,703.663120008236,1.01716459490264,0.940911051258668,0.67464638384588,1.15522296461617,1.1282212278639,3.75488275096535,2.22391711360256,1.66373310254678,4.63202860051478,2.62647458055349,431.37134881285,387.903824082301,511.619309365106,403.651390648099,455.330992458746,1940.08178017587,1114.07932989579,3991.10498371276,1795.92091892276,1577.92006345791
100,0.215,0.825,0.257851105105913,0.163013034765382,717.370306956905,924.869251041088,216.991020822759,367.829941016634,750,1.65059246872226,1.06960073499924,2.29066166610074,1.04402025509154,1.46722333683791,1061.04946228608,707.00450563174,426.377433532156,796.66922340969,508.200278454428,0.64520513376876,0.649634410712664,1.28344935625192,0.627968095888629,1.05467525047646,37.2610590077446,1.45740253404309,3.62337634792329,1.62092125097286,2.12083870654382,378.452038545426,434.686079848439,346.344980192218,468.593127641687,366.334636439583,10057.8831464694,2547.50860719201,761.565772035959,3313.31335206055,874.924838871997
100,0.215,0.825,0.257851105105913,0.163013034765382,717.370306956905,924.869251041088,216.991020822759,367.829941016634,750,1.61559128022165,1.13910110869662,0.853243637309708,1.15716422272713,1.19313275237174,814.183912159113,645.075869723391,1544.82300576628,772.349938525824,818.555940009125,1.03817236325091,0.776134112697113,0.455520260195677,0.868177776407525,0.806022031113778,3.10053173682092,1.59027303859221,1.42623532775503,1.76432396118498,1.76054110091678,483.420127086234,405.281811362261,609.453183488194,460.585944511063,466.625557767017,2499.37771038074,1395.18386331949,57492.822947078,2589.92903227016,2392.8219143178
100,0.215,0.825,0.199949825732212,0.176362016848044,956.493742609207,924.869251041088,231.101477737775,391.477054325248,1000,0.987488945135696,2.55329414686891,1.8425716270914,1.07973380914735,0.640875244095732,1510.910334336,558.90065810576,636.365124644674,954.186465060292,3532.55182008717,0.538005201141388,1.67962322978753,0.860597936161106,0.664243717350917,0.473659275586054,1.81443816544755,3.68400568250992,3.39347851782647,2.40070830822672,0.876908175026459,654.337229598948,436.323625169328,437.916748608486,497.79041903138,1258.04563406747,19702.3138199322,848.994244971471,1743.06673918222,3129.98473786631,19147.2571870624
100,0.215,0.825,0.199949825732212,0.176362016848044,956.493742609207,924.869251041088,231.101477737775,391.477054325248,1000,0.897444011433524,2.5309993409169,1.12698188687503,0.894179272987356,1.25223842389247,1227.03906639512,621.389718372975,800.341095244986,1269.40894171534,1249.99275411499,0.667267518311911,0.525265209393101,0.731212961431634,0.369915855683035,0.750057654487206,1.33038860041189,30.9389629690673,1.5191843670639,2.24753947327993,2.29733374169332,607.946528289374,412.820807643994,523.316155189002,514.85307504257,613.98892717719,4788.59741362103,17948.2921986499,2794.52132068786,61215.4989789655,5883.9686017482
100,0.215,0.825,0.162265605156944,0.185073900675987,1195.61717826151,924.869251041088,240.198467236649,406.701271141681,1250,2.14305826704556,1.00304586871207,2.46622664268236,1.36813146228076,1.04109964081445,865.34568167956,839.819128654821,752.857236614463,624.340417849215,1142.70692313926,0.955561233487038,0.623501101950569,1.72466901128618,0.764714537943391,0.575929459120762,8.6093922449049,1.5174725589111,78.1466203469772,2.19486258234339,2.37968523652734,464.899001181353,499.259864730091,417.950981496472,460.016183395058,532.262992064488,10550.2978106284,2383.50748167935,1818.34634216179,1725.55493255345,10073.3228803797
100,0.215,0.825,0.162265605156944,0.185073900675987,1195.61717826151,924.869251041088,240.198467236649,406.701271141681,1250,1.18264646444575,1.15015460423345,1.05065249557866,1.13716067835673,1.13410313421693,983.62962626281,996.569777709484,1330.57707833681,635.24687647677,999.9944704786,0.760853036538947,0.612631250125815,0.618250787972278,0.702430684997757,0.758743198981961,2.69378973918995,2.30126024078583,1.61886408186299,1.50587058898284,1.88436076139852,537.280290558341,503.464307196842,677.655215112395,418.848163066648,530.059826842555,5784.24934549075,8946.83673065435,10592.3320164296,1607.6468980918,3278.66894746812
100,0.215,0.825,0.1359512118419,0.191167880250941,1434.74061391381,924.869251041088,246.512720866686,417.258528720743,1500,1.57009313321465,0.998083694846299,1.2415762039953,0.913619343812643,1.19536886192811,662.109475862119,967.442550603508,1118.04689650364,1747.04196573359,927.584243598343,1.15091605514441,0.701203716360085,0.620027020702526,0.440051016306981,0.642811127759311,2.99233305905837,1.50102262208727,5.71303206068455,2.5958057739489,2.26163372324654,463.328939474653,589.420889578244,508.532233077584,585.512855318988,542.214251481645,1197.40209380931,2425.12063560223,7030.38379684569,112349.478146658,6087.66101547854
100,0.215,0.825,0.1359512118419,0.191167880250941,1434.74061391381,924.869251041088,246.512720866686,417.258528720743,1500,1.49353233952849,1.1638301417422,0.951886702460026,1.23502840274194,0.875145037439252,860.806805946012,1037.8018221344,2364.2598866492,689.946878337159,912.508010747763,0.744021616107009,0.835624001861839,0.567270280267905,0.944876707816407,0.631858990205263,2.68205094419945,1.79512594944665,1.89799725101139,1.71799772491667,1.109821675217,535.444825557607,580.93264140438,785.758202740612,478.440754339626,494.531296378127,3813.65272510149,2647.16114882683,45269.4349200988,1402.83173033177,2567.61870764337
100,0.215,0.825,0.116617315361724,0.195650660072703,1673.86404956611,924.869251041088,251.132776990115,424.977968864722,1750,1.17303793132565,1.0030643918189,1.29926818022932,1.91937869052919,1.0622282903997,1094.45332857348,756.092856364472,1520.91152123628,647.542826095777,1210.97724095646,0.747935026548288,0.743907006197062,0.826609681467625,0.893631710556542,0.57041505006911,2.88778516141312,1.46953882194375,3.36772223046994,3.41355318746552,2.42299227594801,552.80885085235,487.670607151145,726.341214755382,452.482945924384,602.327054242607,5217.35450948414,1577.05086974801,9942.14463407616,1632.44535112193,13670.3219452196
100,0.215,0.825,0.116617315361724,0.195650660072703,1673.86404956611,924.869251041088,251.132776990115,424.977968864722,1750,1.02428942259534,1.30678603565619,1.05528014955777,1.34340885753231,1.18132696642489,716.507860972764,1174.4174614231,1519.74989035675,1091.72799257422,694.924284004633,0.761011855151809,0.617862502656883,0.542934998980208,0.783674099720464,0.775739555494722,1.53940333876009,6.036654369152,4.69346333188156,1.9958590790877,1.72149739133506,461.127941202473,530.456506306521,571.996629875733,613.529925337137,463.704359531579,1387.9424738594,27407.8346585484,38743.19779387,4729.33569622915,1764.30957714056
100,0.215,0.825,0.553075327915399,0.0957972524877735,239.123435652302,924.869251041088,141.877032223114,241.321481188715,250,1.60396231485186,1.89071989537264,1.11971653423225,0.993445463264106,5.67120180536459,644.922447962823,534.248707475339,269.660255340117,808.60700781012,3356.39275174001,0.774041122670239,1.24645613373302,0.899982135394311,0.625882920214039,5.67118438870556,3.42992177307891,3.01337744964669,1.41496739338523,1.62465953852785,5.67118438870556,340.985586443631,335.211981071424,205.681762075093,406.934625290324,3356.39484844315,5203.84681313224,1274.28948097028,386.124681328634,4094.56898277258,3356.39484844315
100,0.215,0.825,0.553075327915399,0.0957972524877735,239.123435652302,924.869251041088,141.877032223114,241.321481188715,250,1.14688984804126,1.54008983556592,1.00631218092191,1.3256485128449,1.38870627514961,2483.48175018923,617.45153312651,216.185983562477,836.901320420693,1389.1011829507,NA,NA,NA,NA,NA,NA,NA,NA,NA,NA,NA,NA,NA,NA,NA,NA,NA,NA,NA,NA
100,0.215,0.825,0.356446462328954,0.140393708864946,478.246871304603,924.869251041088,192.551785564447,326.781948325596,500,1.63060853058632,0.785840025727454,1.11598072365285,1.5685520569378,1.03815785811493,932.449579539395,2431.18227353603,445.889764970553,623.858801731157,1374.67047928335,0.969341086019863,0.498180366341318,0.77535572273167,1.19556718487685,0.688099142399006,6.55124338174796,1.41612493411055,1.59385366860885,2.33068774901688,4.17415369121003,450.419159383479,862.445331909814,332.025903306589,420.261244164553,473.285555061196,3463.60725859477,28942.0222270888,825.420711281015,1290.46723682858,8217.51604310958
100,0.215,0.825,0.356446462328954,0.140393708864946,478.246871304603,924.869251041088,192.551785564447,326.781948325596,500,1.09101943243858,1.02376637237331,0.897342266986098,1.52785973820488,1.39990781676985,1748.99514471558,1045.41826535677,693.784066690602,620.078230468413,671.298876031707,0.596180531861667,0.640145236056957,0.669505365157717,0.96124634074311,0.967673192723519,7.5845755628979,1.70465185019849,1.17615220994096,2.86777805334849,2.04001055978016,400.728567537625,534.006107938061,419.483669092634,389.885646753817,431.082761462086,22479.2182190605,5896.70824715079,1798.58520733014,1577.46195772269,1538.92603644397
100,0.215,0.825,0.257851105105913,0.163013034765382,717.370306956905,924.869251041088,216.991020822759,367.829941016634,750,0.881646761787306,1.27077708195841,1.11850344665521,1.17150528152486,1.38389592679806,1597.90878566907,916.29414399099,750.145321976246,878.90581436247,1241.41471459279,0.563409678730913,0.572995924288054,0.713308689755041,0.719173824328496,0.873017359604858,1.34593527793406,3.27452327761464,1.73802153944694,2.45664820967556,5.01118290374872,707.891863460005,478.349800774134,494.117078387014,472.616630762077,597.550426357114,10332.997419596,12781.3418343563,2136.42975013653,3420.97843889279,6570.46200618543
100,0.215,0.825,0.257851105105913,0.163013034765382,717.370306956905,924.869251041088,216.991020822759,367.829941016634,750,2.39049364740899,0.844129182886916,0.774652252533845,1.92007204257796,1.42396557244388,603.880774602077,1342.08975634257,2049.57317260256,725.889269425298,791.509781439509,1.29232478164964,0.632383000204325,0.502694188176633,0.999987636497314,0.893786325952908,4.03032252897545,1.28253443070267,1.33116069939878,5.1449469334623,2.22141850070998,445.609459243948,743.780751398575,761.057015723534,458.072687464964,509.30937445561,1613.99561938131,4810.06848783662,14895.5869184529,2284.62559093281,2109.44453499314
100,0.215,0.825,0.199949825732212,0.176362016848044,956.493742609207,924.869251041088,231.101477737775,391.477054325248,1000,2.38218291859669,1.12735979703662,0.971352197831085,0.853414828744956,1.30436161353638,477.454830628149,586.917549986235,1699.56513004469,1538.9050604414,1015.25431134559,1.66199817244192,0.832374412848076,0.636421881310436,0.522150525065099,0.847918893869702,3.6503062160543,1.53330544398344,3.2049013434108,1.37046635597713,3.08240798519925,392.335366061832,399.277697057664,582.876285116192,676.872597318376,540.585525371501,685.282778782959,1133.14109999011,15678.85456801,13420.9187300161,4837.70004006727
100,0.215,0.825,0.199949825732212,0.176362016848044,956.493742609207,924.869251041088,231.101477737775,391.477054325248,1000,1.56497781356902,1.39392543228848,0.888591749292896,1.05812629573136,1.10099917901497,827.15313980934,719.225635206846,963.616925211109,904.965324715787,861.991651733003,0.941207600443832,1.058883375695,0.700097950258491,0.817574488704738,0.852800195609526,2.87130037718699,2.03957807956897,1.22367259572421,1.64954088827249,1.44498575633004,502.354883153911,466.173184662124,489.339475336702,517.225170055223,475.849511791578,3492.53009908204,1672.27347936182,2405.77160461497,2628.15539080203,1932.22099256367
100,0.215,0.825,0.162265605156944,0.185073900675987,1195.61717826151,924.869251041088,240.198467236649,406.701271141681,1250,1.5349378447801,1.54051504538941,1.93670776420265,1.87097846002359,0.838673462548604,578.030388816675,823.272731201538,597.045452956736,898.266572313847,2628.77073498671,1.09518878285703,0.452066930750114,1.27749122593022,0.711980462749541,0.320675226292765,2.2865032995213,2.3590907312265,4.48507609983061,4.36259580301386,1.67891391088421,421.792130761838,529.670706563531,461.224256663601,520.610456570361,830.405229830142,1111.67906484978,8714.9933977462,1157.42838881536,17830.6142978281,1585252.31279832
100,0.215,0.825,0.162265605156944,0.185073900675987,1195.61717826151,924.869251041088,240.198467236649,406.701271141681,1250,1.18223184747215,0.982671165808709,3.6766408796389,1.46663527613108,1.83663500593585,791.668154420944,918.285983090665,448.382815840523,583.909871332294,536.381766663641,0.834139580247365,0.688850421938112,1.26238563394668,0.811867036735125,0.989418487658241,1.76326475664798,1.40421116937885,9.47543765982181,2.19124938838493,3.65685096664021,469.702865142897,514.920921420918,378.989565914276,408.346275771263,398.624251727061,2043.72744732885,2751.17236207549,883.953181904473,1467.35263583559,1275.74258994181
100,0.215,0.825,0.1359512118419,0.191167880250941,1434.74061391381,924.869251041088,246.512720866686,417.258528720743,1500,2.19862867012033,1.49868779188919,1.08339469493375,0.954475366235477,0.956448299235846,533.712636710777,689.793264585778,1020.45301540054,1315.36885584362,1195.70942862324,1.67984568111814,1.00880224379183,0.726713034357748,0.581778607821067,0.485830301984177,3.80380375441825,2.23392079839464,1.73612943779321,1.55236850595567,2.34324346460963,406.260914380065,469.317133784957,547.678321204771,670.448567505018,538.600618285585,806.043422692918,1605.51209439466,3988.13352352201,7759.61769567476,28402.5017789277
100,0.215,0.825,0.1359512118419,0.191167880250941,1434.74061391381,924.869251041088,246.512720866686,417.258528720743,1500,1.25696359926543,1.57179641014494,1.03300352711842,1.10326571419478,0.762371420941155,950.560038686904,525.700176298311,5389.44949054318,766.069568453065,3709.42720924529,0.742405678719078,1.14381515266061,0.716622831622585,0.759189907257836,0.454713317224888,2.15004143842742,2.64969182347057,4.08872476374302,1.6941870054353,2.49325709198772,560.970950122389,409.685511708321,1055.02631665075,484.31763889153,700.363747584831,3288.47362008478,820.152881286761,18559.192529226,1552.24687055988,75300.041993439
100,0.215,0.825,0.116617315361724,0.195650660072703,1673.86404956611,924.869251041088,251.132776990115,424.977968864722,1750,0.88819399064899,1.02142241283156,2.0307590018534,1.72464460806845,2.07381839961364,1350.50322805899,1025.29234213778,986.99161820602,866.138821962623,654.99681565777,0.537405268255655,0.610130274762692,0.519844238533527,1.02161973135463,1.26361650445044,1.42700776757333,1.40100319902837,3.36434897405355,14.5010436357808,4.66052549644406,737.523526011417,617.928543406424,634.481509186673,493.787391606308,488.627889569761,5719.22667385334,3819.34557991211,30747.8631139929,4099.38708554945,1262.20641880049
100,0.215,0.825,0.116617315361724,0.195650660072703,1673.86404956611,924.869251041088,251.132776990115,424.977968864722,1750,1.09750975997741,1.32808830134252,1.52143974472564,1.10933724460337,0.956593281371544,1424.19795038512,900.662858836773,1304.04906075309,878.493633167006,1295.27323126635,0.717938305704439,0.83998136001046,1.03558321421754,0.862996329324091,0.465863951343644,1.87336529510745,3.27450977573483,2.58066156274482,1.4835854417873,1.53023670633501,708.844284825467,552.891960028919,744.988399910184,561.141503190021,667.479186064301,7029.27582657172,2372.86019596113,4223.85908532204,2098.02902834079,8676.39440351125
100,0.215,0.825,0.553075327915399,0.0957972524877735,239.123435652302,924.869251041088,141.877032223114,241.321481188715,250,2.1467638334663,1.4057725786543,1.11321093599995,1.08854142975205,1.30841369660616,434.377312984814,503.126762558998,224.419984529379,1198.63826873276,608.540611899852,1.15058487048826,0.822936304945435,0.925515816574356,0.706533797980275,0.851546179668706,7.04314416670627,4.95049719024259,1.37648117139753,4.82828776151532,7.98518602661179,277.814611695108,286.095779621479,174.05996297038,355.155933954749,284.759006670441,1829.67366818409,2683.6066642434,328.493036744663,7596.56285852118,2948.77360554694
100,0.215,0.825,0.553075327915399,0.0957972524877735,239.123435652302,924.869251041088,141.877032223114,241.321481188715,250,1.28385272750256,1.25233612644191,1.2879935863618,1.26985216316894,1.25960318120194,1007.7691777523,753.579026149276,284.656096640361,797.306835388217,661.520482279586,0.81117361066326,0.71518853946122,0.975343275814666,0.814160400948523,0.877632498490721,1.81390497183547,2.3550134117308,1.77140954937616,3.7902351442999,1.94964228038538,488.817282438174,367.125124754381,223.002742489263,371.702875794455,360.108339456302,4122.84732586329,4498.99089267665,434.149806451512,3669.81478572263,1954.77071047115
100,0.215,0.825,0.356446462328954,0.140393708864946,478.246871304603,924.869251041088,192.551785564447,326.781948325596,500,0.909344595811717,1.15856959828932,1.37466321371899,1.56839892343434,1.05434994207927,3313.90128230107,951.264463499928,499.624481638412,547.567342538489,1352.75382001795,0.595964582878378,0.658474160012265,1.00312995626371,0.820679183885857,0.402010064625706,3.52986595025993,1.62545421951299,2.10950616780146,2.76100067831663,2.23807208598639,856.251494400336,523.775470449405,355.040045876566,389.918320868501,556.845188153131,65039.0011059509,4468.09076395346,851.384238981287,1429.14278311329,592403.367735354
100,0.215,0.825,0.356446462328954,0.140393708864946,478.246871304603,924.869251041088,192.551785564447,326.781948325596,500,0.826596947217837,1.47661617095151,1.04738828993608,1.73462593603572,1.18405727132571,3410.77642106046,786.187345196915,614.832417093814,479.656753405037,890.201647098468,0.524639535781001,0.677652271059928,0.680232539836297,1.20515879512319,0.741253690344867,1.96752646234193,4.97268555398789,1.67591589524885,3.00643462697146,2.38680697103773,969.29411467433,406.795348002415,398.13845409171,358.405954263394,456.426676284573,33974.5264790853,13896.7176950714,1810.50872915074,866.008414958157,3796.38985890464
100,0.215,0.825,0.257851105105913,0.163013034765382,717.370306956905,924.869251041088,216.991020822759,367.829941016634,750,1.73812794846803,1.29146381521796,0.857601946025154,1.63295610463407,1.15966375201822,625.679948940493,715.066055208716,979.253233455047,940.44178145324,1026.16329460656,1.18260082626732,0.555398037720099,0.425817106402965,0.465908898391839,0.692888820419278,2.99977447700579,2.03303561564248,1.46926341306914,3.11561601517977,2.05658323346755,444.286830251289,455.574261185496,497.734372971938,509.695609808127,512.184513808454,1414.59007140733,6764.29957121864,10070.1630811277,25015.6968856561,4704.00169026767
100,0.215,0.825,0.257851105105913,0.163013034765382,717.370306956905,924.869251041088,216.991020822759,367.829941016634,750,1.08000952377907,0.964650943235575,0.933903509027885,1.06878410983402,1.31898137168591,2185.28846580746,656.647450996815,1122.57181465634,1362.00571921759,878.220142783717,0.588557509333197,0.718811705725073,0.596163945412994,0.568916097525621,0.988606984683202,10.1869357378251,1.36229996370227,1.54729159269768,1.81441695772124,2.0279565123724,432.556402862058,430.719737652729,559.232102166315,645.887746676277,503.196031142872,64779.7778151555,1306.7708348754,6745.45657108998,17890.9988300496,2156.77018977332
100,0.215,0.825,0.199949825732212,0.176362016848044,956.493742609207,924.869251041088,231.101477737775,391.477054325248,1000,2.03762060906926,1.42083366045497,0.78085704773053,0.840169303292759,0.96928024320849,761.799378407656,609.364842934684,4016.94127801729,1694.10892579371,1069.84913025824,0.484436087738157,1.11393606309448,0.546108637637364,0.438533066773696,0.648349315763192,5.34067823177142,2.25401289236263,1.41035909239814,2.01785124862248,1.55681141411573,480.964814388499,444.477561116852,1208.22556550426,638.562630964933,611.338656221726,25541.8833760353,1019.37769884892,49560.1615740336,40958.7884001382,5302.36386725025
100,0.215,0.825,0.199949825732212,0.176362016848044,956.493742609207,924.869251041088,231.101477737775,391.477054325248,1000,1.83282468244792,1.25825296492368,1.06829435775363,0.953085100864466,1.05156918687569,538.124477469384,781.912454445679,1009.81156853026,1553.59444759089,792.996418838998,0.993246244947947,0.758132607394065,0.79724002312824,0.640824339409837,0.739463051056033,4.32395974895587,3.76571500640195,1.51397528072571,2.39361509441637,2.14365811354009,397.418358658718,451.197366984383,548.013558345492,652.536096244001,451.367423114372,1300.60488688319,2899.01334457506,2845.53556644889,9042.93311826616,2500.91144584256
100,0.215,0.825,0.162265605156944,0.185073900675987,1195.61717826151,924.869251041088,240.198467236649,406.701271141681,1250,1.1507961953337,1.12453794018327,1.0436454181145,1.40577027375499,0.956946897408498,1277.25218773119,815.179727822516,1182.33564751618,994.211714295599,918.725357320759,0.681172298569492,0.715445730343727,0.473437967645181,0.631296293365451,0.617301842815905,3.83709617038142,1.96408583682828,2.66692395083254,3.05260261815185,1.57381213607959,575.876830964833,481.817399671491,555.875893055957,522.088267346116,531.706126850979,6954.30109359834,2881.26309238382,22812.7275967231,10781.8341688068,3531.27655490022
100,0.215,0.825,0.162265605156944,0.185073900675987,1195.61717826151,924.869251041088,240.198467236649,406.701271141681,1250,1.56947861575178,1.10031004811799,0.853459614630295,1.75469548830289,0.974533866310358,991.794183200094,701.579690630909,1933.07073290929,875.263556087523,1250.42752810365,0.925571161853244,0.829036488257717,0.50602232225745,0.735401026161818,0.642733505775473,4.03310503568233,1.41337298264681,1.18316383760404,3.0896275461159,1.38029832227316,553.418812993998,459.78442339261,861.48692622982,562.073839815724,704.646268267285,3980.59687723877,1306.94228841154,18543.0913206131,5332.98410241767,6299.15146842179
100,0.215,0.825,0.1359512118419,0.191167880250941,1434.74061391381,924.869251041088,246.512720866686,417.258528720743,1500,1.7748896289474,0.855980908431478,0.924962420464269,1.19187530087864,2.28184815883277,743.427671259411,1116.80300532298,5983.58916164905,788.341402690996,556.939910690757,1.0442212831634,0.637841098375858,0.436897104586667,0.831480163694064,1.34602359400953,3.55340428777465,1.16496178507481,3.48397095811559,1.66574217882854,3.47889612696414,485.828818362378,616.35998364554,788.726448137438,516.190275686579,433.016098160632,2134.18653345891,3258.57673637717,86531.5814634076,1560.82711275873,871.848926958688
100,0.215,0.825,0.1359512118419,0.191167880250941,1434.74061391381,924.869251041088,246.512720866686,417.258528720743,1500,2.03296724501533,2.59795767675035,2.33742898306564,0.794326772201824,0.853013160531882,647.276111262269,606.447269715163,728.8409444223,1454.97534582121,871.594172899647,1.15669763200422,1.37429012770143,1.46817485710874,0.582566837242531,0.612719795022942,3.37453962821554,8.83228202850677,7.02912826286483,1.05066704393861,1.25097527494734,454.787193052872,452.470045618528,486.109615896441,701.200688036959,501.72870305407,1437.489898464,1388.54705654314,1760.16844782972,5192.40477782604,2025.2011525339
100,0.215,0.825,0.116617315361724,0.195650660072703,1673.86404956611,924.869251041088,251.132776990115,424.977968864722,1750,1.29870234346066,1.05488378807641,1.51696643626122,1.12084670787268,1.12953480568934,986.897406804098,1100.17072067595,779.568786827557,1148.95777969988,1467.39529207393,0.729905066689462,0.577732143295408,1.06570400470471,0.775454189321693,0.713827835393484,3.09552139322734,1.9795886790152,2.58422624058835,1.65343119663789,2.36535639664614,526.38692591712,593.774718274956,520.415478050611,632.653060849021,671.295269748594,4257.02578101014,8303.64975117556,1750.8369898977,3543.66682692517,9023.1977834472
100,0.215,0.825,0.116617315361724,0.195650660072703,1673.86404956611,924.869251041088,251.132776990115,424.977968864722,1750,1.24555694981202,0.894260978680319,1.19735598464764,1.53638271634502,1.12112593479224,869.071705726624,1450.33881365807,1538.50362344266,745.131289450324,1264.18293541521,0.89317756557288,0.610848342791879,0.915425947478882,1.09900468269949,0.572952044346619,1.75161652068307,1.28207183743756,1.7266661236664,2.51515660724822,2.02716008834002,572.665360452782,730.904347152093,724.909528278775,501.599574600066,638.519628041147,1900.17348532933,4965.21991434537,4884.93092258242,1578.24016363881,29545.4371657048
100,0.215,0.825,0.553075327915399,0.0957972524877735,239.123435652302,924.869251041088,141.877032223114,241.321481188715,250,1.58665286160029,1.00556413209464,1.11019784037481,1.36399685249218,1.27435219408031,810.856538296471,1295.30897235911,211.733428613992,921.344534179117,1065.69511478315,0.950307122961984,0.393586050767684,0.801195585941787,0.98534011567896,0.401506017532965,6.84054577340732,1.40846193753053,1.36722332970975,6.78779445737739,9.96040302687927,348.914192034823,553.45986155367,166.763913690495,347.652032068513,287.236689791958,8334.04226563686,58762.5084208082,291.959214551065,3308.81330887844,162950.201501009
100,0.215,0.825,0.553075327915399,0.0957972524877735,239.123435652302,924.869251041088,141.877032223114,241.321481188715,250,0.837305717274731,0.99641509937168,1.23508558182042,1.89542187294327,2.22473220097534,3511.20847238295,1648.40230945222,172.980633990423,652.932197412376,395.625277748059,0.468177376345771,0.447242281175744,0.982231106160793,0.742575180695799,0.830798776579938,1.34446621653509,3.36820170642004,1.46448302196108,6.41523127527412,3.68273655878843,794.986550124277,395.450134845196,139.590608667373,333.900772239592,264.743273779354,42748.1061995056,228429.495711051,219.6119894568,4380.00208330274,1609.84274558035
100,0.215,0.825,0.356446462328954,0.140393708864946,478.246871304603,924.869251041088,192.551785564447,326.781948325596,500,1.33639998800712,1.52064415682371,0.997271861423367,1.35122215350859,1.11402284117124,642.60155173723,698.990572851863,716.05645066939,1461.88062261976,726.202983125252,1.03980594524518,0.866356690825163,0.761938619874088,0.61578612608205,0.709905096548517,1.73911652860609,2.64208202988603,1.39199374596247,5.67015042771687,2.17819469909184,435.239091628091,436.714520941539,435.499677110258,471.608493301343,418.630581849545,1610.26691694285,2811.90557230795,1691.18073324712,17582.6626596932,2092.37308649347
100,0.215,0.825,0.356446462328954,0.140393708864946,478.246871304603,924.869251041088,192.551785564447,326.781948325596,500,1.26886686722968,1.0944710280178,1.45067989247804,1.0019930846608,1.45521939978831,1200.97244741165,1650.84967856657,409.104952048432,746.39640272828,760.330097240679,0.705049028823096,0.718614594765483,1.08242016190652,0.79046232294722,0.924425029534847,2.56561343462585,5.4076978880078,2.28998420375058,1.36811801072869,3.1960950128247,551.037357428178,469.657882171861,321.055309377101,444.04416882411,451.580197961934,12193.1238906255,22245.7440874133,635.624034754562,1635.69227901063,2514.5720500978
100,0.215,0.825,0.257851105105913,0.163013034765382,717.370306956905,924.869251041088,216.991020822759,367.829941016634,750,1.33993425848463,1.01074219967477,1.20427081913204,0.910584362809463,1.61814172637157,933.832992335993,1710.97605245222,553.456724726467,4003.84221461051,619.955429487829,1.02435029908431,0.709342352360955,0.950520981068897,0.471867072821246,0.969476074499169,1.95033213827888,1.8602862038641,1.56502274283485,3.63956149029038,2.84727248755192,557.575554117036,737.427940758909,392.917458768683,737.492652038378,447.261194134016,2564.56031682137,9333.64454646869,965.461336982002,77469.6442580952,1514.64542305468
100,0.215,0.825,0.257851105105913,0.163013034765382,717.370306956905,924.869251041088,216.991020822759,367.829941016634,750,1.06873501360031,1.48232576518147,1.06256648242301,0.634201679401471,1.05959554907447,1566.24197471618,623.41673937166,926.058301739621,3427.2061095632,1273.28409576996,0.534263415233815,0.934194789585096,0.684075313308873,0.399243696615012,0.587278620294007,3.47515468172342,2.79226338944593,1.82654582014439,0.954023230431992,2.64014296359214,550.377119214477,434.447618474165,504.809189307671,1032.72504638614,549.990861576735,45479.3113507483,1377.62752863071,3452.24981613403,88083.1612998062,13755.5757382802
100,0.215,0.825,0.199949825732212,0.176362016848044,956.493742609207,924.869251041088,231.101477737775,391.477054325248,1000,1.39638389808621,1.90064313914159,0.87063948493095,1.60731976906754,0.929613556968492,1044.02263053297,563.621463214057,1841.87992929901,643.167192538316,1136.11152803226,0.487729700100954,1.36042153534546,0.448489034421299,0.6711986854208,0.314391648379853,2.5947479377779,2.86471216758041,1.98823525601003,2.98733327199738,1.59446910864497,558.003033803615,424.838947132862,660.53256391996,441.91389900186,550.633562390105,26715.5109565626,1010.88372708323,49827.9694487083,3051.1684593332,48685.9632598595
100,0.215,0.825,0.199949825732212,0.176362016848044,956.493742609207,924.869251041088,231.101477737775,391.477054325248,1000,2.2297182669957,1.23452363157588,0.978912057336994,2.14933495032548,1.56880283820612,789.856642136999,713.625442501737,1257.14866661577,631.079954262712,671.734107693206,1.36857444883222,0.831237237594591,0.621459148905745,1.14807460583848,1.03542463412724,29.505896902736,1.7050554841794,1.76302446278579,6.17306218554269,2.28994214231503,414.840190778337,484.754281338815,567.564192317423,445.674135447216,477.358013792886,2814.54991001732,1435.89056917684,5585.02190132791,1760.94806533352,1454.34752115124
100,0.215,0.825,0.162265605156944,0.185073900675987,1195.61717826151,924.869251041088,240.198467236649,406.701271141681,1250,2.14827992034628,1.08982584910929,0.739584173327384,1.1317553226358,1.86445929388385,715.0721404117,1418.40573870861,1708.25076881728,778.55129933525,583.004513727011,0.63167170210185,0.713153597796192,0.540647722246224,0.648639492962352,1.21935121639668,8.73542094445705,2.0515750575675,0.998483573342703,1.84288140048532,3.34441373959226,462.639368894832,644.339658419008,793.406825050095,502.857765540978,439.429048357825,8560.02023500715,8284.33966509757,7587.13063636515,2832.0825128244,1112.09114191291
100,0.215,0.825,0.162265605156944,0.185073900675987,1195.61717826151,924.869251041088,240.198467236649,406.701271141681,1250,0.704136100837069,1.93186110973829,2.04722851152339,1.06157369106441,1.17834130615809,3776.03578627188,667.746268536702,725.447669809162,921.732300801806,1067.24248443678,0.451471818421937,1.23420956891602,1.35711186619854,0.583976831275656,0.817035590254636,1.0739487114766,3.41371579183176,4.56342584158451,1.40856642623061,1.51741261949325,1298.36729437087,481.970406772418,489.859845049872,571.483679636728,611.390720432861,66131.953281174,1206.02219929923,1639.0844866635,2955.2567423142,3106.03519079436
100,0.215,0.825,0.1359512118419,0.191167880250941,1434.74061391381,924.869251041088,246.512720866686,417.258528720743,1500,1.16335031491071,0.992625353318514,1.19844453246966,1.12350094585263,1.92470846737853,1332.98402697934,858.315120953529,1595.53446870516,1082.97328583145,621.668090381148,0.645072407217221,0.63793354298387,0.763181943369175,0.544243083060589,1.16365438476275,1.76301201001917,1.43818912020189,1.91286294909834,2.1148318272687,3.16671378864228,680.749387735437,510.577850570964,775.227548244296,553.567601556031,466.15918274405,9102.3372740227,2774.96483160227,8489.15766778919,6587.10098942118,1259.14805509095
100,0.215,0.825,0.1359512118419,0.191167880250941,1434.74061391381,924.869251041088,246.512720866686,417.258528720743,1500,1.18565229941028,1.69375899099632,1.19581791266139,1.03173552493889,1.04355568650042,610.625545562157,851.196154461984,1195.87810945203,1368.0560919409,1092.05205458815,0.91811408496497,0.786201331236324,0.654252372463361,0.768322207439559,0.520726743636454,1.5962340940557,7.5218589579317,2.11005341095829,1.73828179811905,1.68791558590612,426.936417327908,522.851120281271,610.851306555958,668.914257158518,614.024076216514,1223.60686077844,6099.76530181058,7782.46198241501,4707.65680750661,12070.0896324739
100,0.215,0.825,0.116617315361724,0.195650660072703,1673.86404956611,924.869251041088,251.132776990115,424.977968864722,1750,1.34568802838911,2.12473129279204,1.92260944378568,1.13834433346741,0.950719236536852,842.447649884672,548.385826555225,704.433413309839,1018.74833584209,2789.64181564831,0.887880036537835,1.09459780431593,1.16429591061007,0.737001886399321,0.527746577296998,2.24645678744104,4.14611665678262,4.34023001810197,1.73754562709717,3.34115431442363,526.915277889405,440.425391308176,488.962617401944,590.638149438571,664.522417415683,2190.18840026043,1040.79114025846,1629.02185987404,3178.9411405431,82206.6005569234
100,0.215,0.825,0.116617315361724,0.195650660072703,1673.86404956611,924.869251041088,251.132776990115,424.977968864722,1750,0.92363837678838,1.86536071378407,1.54873593626652,1.56682540928309,1.12240477642796,2231.89476303928,637.782515845511,811.550154132335,615.879231848016,905.590350630962,0.363057915598241,1.24467034568251,0.9980693502266,0.96298320357639,0.702820857110303,2.71933014576774,4.92954977618484,4.68318764693873,2.50748673891212,2.1738399875706,609.141897985521,456.415539132403,497.155979133597,439.673303008322,504.84375358767,792933.963110057,1236.52147398617,2729.82431611523,1289.51369241344,3190.33678140681
100,0.215,0.825,0.553075327915399,0.0957972524877735,239.123435652302,924.869251041088,141.877032223114,241.321481188715,250,0.701219929288229,1.68679399782247,1.13826123211339,1.71033324197741,2.2843880267806,3759.80496178627,477.042883253705,239.891048904805,1500.9949609511,723.124368363685,0.497236048582245,1.06722464246262,0.903357340605456,0.96531479186292,1.39999573511742,1.2120904096621,2.31950664662576,1.3878987940837,5.73429265666897,36.3948780062579,894.156396485869,332.907559573937,185.924434752616,500.624017856416,253.658673883849,35295.2703081922,1205.70468759778,329.429498082905,5682.16918834921,2710.786586763
100,0.215,0.825,0.553075327915399,0.0957972524877735,239.123435652302,924.869251041088,141.877032223114,241.321481188715,250,0.849038526455927,0.720025001601112,1.18528571472812,2.167222459929,1.30186321582272,3693.77862178416,2066.11284672176,294.728102421616,453.114154867719,1186.44239528184,0.501832967043544,0.391264196727387,0.899181379805839,0.807749831802241,0.774437491031422,2.1111523006211,1.432350697616,1.57106419409343,11.2096955361603,2.5134006673359,717.742526784025,606.731506576121,223.704297731934,281.61904518101,491.730871741357,104717.79721652,47102.8208064937,433.600756767461,3874.93294287853,5675.98083862306
100,0.215,0.825,0.356446462328954,0.140393708864946,478.246871304603,924.869251041088,192.551785564447,326.781948325596,500,0.847541989874503,0.973414796671122,1.62091531024474,0.866251194226563,3.11053285365929,2383.86309702732,1329.46636302945,458.872413903333,2230.47935280579,644.847443608511,0.592137287050891,0.700630859558367,1.12443334598445,0.643536961675281,1.31902576173521,1.31539780424558,1.56140060773708,2.25422843206632,1.2415509888554,26.263554351486,890.567989216022,664.973260537429,366.997197461921,878.132274959895,360.807354523603,17212.2501103198,5193.76867939118,701.948790454152,12235.7484072748,1956.48217533958
100,0.215,0.825,0.356446462328954,0.140393708864946,478.246871304603,924.869251041088,192.551785564447,326.781948325596,500,0.871365095890059,1.66055483271521,1.05152922922248,1.69748147564953,1.07144332870826,2891.7282240982,497.447553956088,472.105924778105,874.867690254063,1466.845445944,0.444850282008525,1.2565067922264,0.730175011152252,0.716723034034669,0.470373320370889,3.57859933256267,2.200893878442,1.41632945715189,14.9383211675159,2.90802973025203,367.638237956669,356.953475745759,344.599384461538,385.793309285224,482.727667810658,141759.073670656,794.772624012107,887.516411023821,5859.66008648624,71075.4171961101
100,0.215,0.825,0.257851105105913,0.163013034765382,717.370306956905,924.869251041088,216.991020822759,367.829941016634,750,1.51669832404584,1.09108571498376,0.888477356479214,1.10361566973442,1.46140922824792,740.551619132295,1124.71119331441,1519.41549290731,728.160799580077,1046.10184808406,0.9822959076819,0.810412517204388,0.586605939693093,0.77765940170682,1.0400469859808,3.19115670003249,1.56111466869384,1.34588188119938,1.53765737603255,2.39349540189572,457.963386519321,595.68260389457,742.390217825928,468.162993091658,591.344433346593,1808.82891916284,3710.97038219472,12100.7475346436,1626.05635039834,3962.53149448242
100,0.215,0.825,0.257851105105913,0.163013034765382,717.370306956905,924.869251041088,216.991020822759,367.829941016634,750,1.33784281031245,1.4192573210139,1.27172330627861,1.78715996332792,1.29593767756259,1207.35735337259,686.304585322529,454.799814896117,587.991530482949,834.631779033251,0.881387605860114,0.992546014041548,0.889853208027704,1.42875602770182,0.8512581388467,4.29493890690068,1.98286960689158,2.04788089938715,2.27435592876696,2.22718709526261,550.472665736238,440.754309535833,340.478240651714,404.623539213672,476.488407332737,6745.26305317608,1773.29861217025,786.799252393994,1025.67251824534,2611.59763549224
100,0.215,0.825,0.199949825732212,0.176362016848044,956.493742609207,924.869251041088,231.101477737775,391.477054325248,1000,0.851001323323879,1.12528865875804,1.19735420147047,1.56548628645979,1.05512675482057,1207.49169874987,754.963258347187,809.065806973075,828.16321951059,1307.54801751003,0.671283964214112,0.883475409985858,0.860211699330159,1.09550173057204,0.805719891502365,1.09608679493893,1.53750559887444,2.64439675872058,2.75232913338087,1.36676416449839,570.245720925722,486.809569263297,458.190380631338,506.417593494107,601.661382755239,3390.39850759001,1629.41602427604,2656.43493492048,2944.42232083885,4513.49307874349
100,0.215,0.825,0.199949825732212,0.176362016848044,956.493742609207,924.869251041088,231.101477737775,391.477054325248,1000,1.80138418363855,0.98482145071197,1.49801671737765,1.01453517150236,1.46380287357704,850.026799201052,1215.55326262439,1974.00958004922,920.242212591083,566.904258470404,0.651617010114639,0.669123944124087,0.583248382123809,0.58008281945525,1.07429166664657,4.27551957779915,1.43545554766288,5.38356506460621,1.56049218275349,2.11336635754328,525.585646019582,647.661269455192,584.587894046367,559.230089441591,415.048962397683,4201.0725090766,4217.6633040641,5732.34384776949,4628.19544577341,881.687522613877
100,0.215,0.825,0.162265605156944,0.185073900675987,1195.61717826151,924.869251041088,240.198467236649,406.701271141681,1250,1.13237553162211,1.24596836962766,1.52527765439284,1.3623671791102,1.1827065475787,1024.20134702587,660.003544577569,732.876605460672,1031.95613274909,1248.67031807283,0.77721959986572,0.928720235469963,1.15903309011634,1.03313863499087,0.648614171620203,1.6833282476431,1.68083188018912,2.03547474932418,2.09577657211466,2.26968983655647,597.402733708769,458.673046200544,500.020079021305,598.901045322956,613.519393779668,3153.80650336453,1250.44650234744,1402.90613298967,2763.74333706605,10113.4619849808
100,0.215,0.825,0.162265605156944,0.185073900675987,1195.61717826151,924.869251041088,240.198467236649,406.701271141681,1250,2.00161149119904,1.10320964734224,1.04870834416392,1.21320335646858,1.10365309678842,702.551734373255,1037.08570424992,1429.31866459206,1116.25432382496,1353.56192363184,1.14496754659777,0.782957968568797,0.593977460289107,0.94251395404387,0.722760502640296,3.8644146212823,2.19366821254208,3.02963929266675,1.5611827857064,1.72677251141452,510.551111165578,575.34909600237,623.814010307813,651.94002541051,683.147285862269,1863.00050357273,2917.45339671964,14201.3931282866,3411.95289678883,5798.68566327231
100,0.215,0.825,0.1359512118419,0.191167880250941,1434.74061391381,924.869251041088,246.512720866686,417.258528720743,1500,0.731562574208603,1.14615377113564,1.39120258024974,1.15669438687535,1.41302778346578,5973.85516559102,797.56228560955,1143.06459361021,1147.34092769282,702.964552936378,0.555558229457143,0.761724577265998,0.868088090474456,0.604733648519596,1.04284025914062,0.966133316541709,1.68732807235174,2.20432301101686,1.80671855062367,1.9387932016152,1849.16929392211,507.917577823994,637.575987364207,648.405126065434,491.130323741356,55892.1122608155,1840.13802110855,4282.158191698,5762.61812606124,1182.65141798507
100,0.215,0.825,0.1359512118419,0.191167880250941,1434.74061391381,924.869251041088,246.512720866686,417.258528720743,1500,1.3463782103028,1.22590508280313,5.75779257419274,0.978320801396939,1.0446919161278,854.941555615251,580.243799366114,5266.6361433805,789.612831638253,853.390151860204,0.901829377282987,0.859751345901096,5.7570921360244,0.778866086536227,0.83812217594863,2.38972276648301,1.76463781072945,5.7579389131457,1.37046385587656,1.38982310418254,520.404230317361,405.889991320899,5266.37491484771,481.945202790784,501.528152273394,2418.81798825081,1133.91362236032,5266.69119093517,1888.87063556239,1924.94207531407
100,0.215,0.825,0.116617315361724,0.195650660072703,1673.86404956611,924.869251041088,251.132776990115,424.977968864722,1750,2.36287375273919,0.989411165845204,0.911081283012305,1.24703195228923,1.18222937225469,660.153191225301,1438.03600663853,2975.40748219554,856.717404680863,1054.90569454862,1.38864439593326,0.559878951743427,0.547377097697036,0.692054066085906,0.646840352472554,4.35009504301619,1.8022769329172,1.45118535458492,2.36380913133828,2.03111420171193,493.807215417979,675.84150467594,992.968128318408,540.945321961891,592.603432590474,1207.13900383869,11965.6868859785,32922.677496767,2619.02298317617,5085.32270328611
100,0.215,0.825,0.116617315361724,0.195650660072703,1673.86404956611,924.869251041088,251.132776990115,424.977968864722,1750,1.32463036767457,1.57329853308895,1.56004213291119,0.815920372062489,1.87349090048068,889.040905680152,945.445507446015,1680.60898341327,1930.9949512774,826.377461440145,0.82974365078565,0.698734544274832,0.881506509648258,0.503382768812776,1.19861523432386,1.9143594490903,4.12202312391811,6.05635512693241,1.33080440110529,3.80850604430933,583.340197450746,576.119991469427,537.970029803507,752.533267993221,565.497199379018,2137.02983646748,3947.57144008848,8021.85950319476,13977.8625111872,1915.04665285352
100,0.215,0.825,0.553075327915399,0.0957972524877735,239.123435652302,924.869251041088,141.877032223114,241.321481188715,250,0.971060696021004,0.687857931591847,1.2817213446411,0.743042067339713,1.34708406205894,1253.45409121568,16604.4469987852,215.735765729563,14737.5465765419,706.695490233293,0.678078171585533,0.392993673958954,1.0042931340839,0.43971744079065,0.665765156651222,1.55291924188273,2.37369243998752,1.69385805572095,2.61445506189797,12.5658695531084,548.176944716789,2117.14651736304,178.146337747319,968.167079383102,283.253361387013,10213.2589749549,97894.7755278757,282.977102246251,44690.8869836464,4668.21822388521
100,0.215,0.825,0.553075327915399,0.0957972524877735,239.123435652302,924.869251041088,141.877032223114,241.321481188715,250,3.58629850011636,1.33243668361658,1.0161037115238,0.997792354799138,1.14565098536674,344.609085945186,523.313742118331,224.399203003104,1321.16351527587,658.713008825823,0.814010636101374,0.730554183701736,0.771977469110208,0.618498226608047,0.567734310976351,8.44252920654617,2.35000213549573,1.37799232969738,3.98688804333129,3.44635932422209,252.293410773105,280.889128861932,167.520727943905,324.578546147322,296.681271060172,1054.16570997619,2662.2082862357,349.203190233737,22448.2688660347,7329.6290486985
100,0.215,0.825,0.356446462328954,0.140393708864946,478.246871304603,924.869251041088,192.551785564447,326.781948325596,500,0.942338046761384,0.928544155396286,1.43962598624689,2.19721371213868,1.75763963446312,969.383212024131,1255.85023757597,457.321240336116,1029.95721456641,500.035891674448,0.654007162221839,0.54793060481279,0.948336833813296,1.44274001829367,1.33554744395099,1.29926898300017,1.91836735738841,1.94925519294136,6.62257195099717,2.44485094275067,490.255983057598,497.149920625744,331.048237313632,427.789012859294,366.405660379596,4654.48332702908,20676.187429563,818.635573690467,2867.36988431102,872.039063777285
100,0.215,0.825,0.356446462328954,0.140393708864946,478.246871304603,924.869251041088,192.551785564447,326.781948325596,500,1.3334393947505,1.61393468091667,1.01102761235451,1.12612245777509,1.16967878591268,1150.14169680589,486.256070862337,534.51501103973,1266.52092885629,888.790322852668,0.660994353521437,0.750086004837504,0.673257898617716,0.521148231912993,0.641168112327046,2.89452355407754,2.92920025542072,1.83517940854077,2.73735028898145,6.90479657296138,565.877155869415,352.462904370702,367.101400408826,447.902750219092,379.639596150387,31789.3270752299,1309.36884888298,1350.18133516223,116992.836513658,5641.35486380366
100,0.215,0.825,0.257851105105913,0.163013034765382,717.370306956905,924.869251041088,216.991020822759,367.829941016634,750,1.32066841450319,2.24570805745719,0.746443732343968,1.45792288341398,0.922795255965812,1159.66002988022,680.975090178566,1936.40152794034,754.062186654087,1387.09948394917,0.812436884096557,0.681008437650923,0.507976817984949,1.08848401232612,0.583675513889087,6.88678752707111,9.86569026426031,1.42531918110389,2.29007289458415,2.13248362212072,459.057832804169,424.960723408129,663.930051162975,508.832368670465,639.763872513391,4729.52184229497,7631.15756523677,8865.18821718926,1543.04952906765,9838.07268365096
100,0.215,0.825,0.257851105105913,0.163013034765382,717.370306956905,924.869251041088,216.991020822759,367.829941016634,750,1.35423075137165,1.01182585045655,0.906434495666899,0.55394969900294,1.20445097646119,663.044303494141,888.306722633318,1466.20164967716,13739.000666787,762.658222718107,1.03732240222877,0.675225090968092,0.555112368736409,0.348176320736626,0.929616485188584,1.9716289836458,1.6398900399256,2.22586651469836,1.13726783928211,1.70936152282255,438.9611103413,515.801722983321,588.235948152755,1523.71359749547,471.833410665805,1513.88261711224,3212.84832509293,14367.953906015,608911.354774418,1662.83810653545
100,0.215,0.825,0.199949825732212,0.176362016848044,956.493742609207,924.869251041088,231.101477737775,391.477054325248,1000,1.39937606032755,0.963292939610756,1.47619088041856,1.53091455224006,1.71196796587007,827.428383387453,1185.64724670307,819.095153531956,846.829498200297,627.806774327564,1.0345535424084,0.587692998388888,0.689930597259217,1.04009542703561,1.15441835677943,1.90086207317642,1.52404503352979,2.35440343476122,2.16311639862351,2.51430095599128,543.086478859435,598.389833173872,524.646551733061,528.572958338933,456.835235627207,1860.58710474858,5253.96957512998,5671.91680627693,2815.0765602047,1372.5730782999
100,0.215,0.825,0.199949825732212,0.176362016848044,956.493742609207,924.869251041088,231.101477737775,391.477054325248,1000,1.03458430080968,0.741819462409654,1.30266631234903,1.47905487672407,0.955590029507963,1536.48254916253,1794.91919809932,590.686238474163,787.165665782048,881.491583175108,0.708735309886045,0.56631166699225,0.766226656090076,0.656951285288586,0.717021154020591,1.62685031735803,1.10624030322728,2.39758810050255,5.53216253042391,1.30858988857388,626.833124217912,743.26824549133,420.730352588162,449.678156984329,500.540231379746,5909.61265900369,11183.8963403649,1580.13792622398,6495.67642443621,2216.13305345392
100,0.215,0.825,0.162265605156944,0.185073900675987,1195.61717826151,924.869251041088,240.198467236649,406.701271141681,1250,1.55865271616111,1.01056982872803,1.1688600860129,1.66666065336219,0.89149148331508,719.851972309688,1245.2513798701,2033.01476192678,755.24864756845,1202.95348529339,1.15062940454733,0.715666367914965,0.460518152439326,0.853840498866098,0.513872837233714,2.61611249049076,1.31273810299986,19.5024222655497,2.3915073103319,1.39414748062295,493.85113186495,695.582743308095,459.791940555197,506.373100762544,678.240236374602,1378.33072410699,4827.08357262622,78049.335293655,1821.8505313594,9657.67610422592
100,0.215,0.825,0.162265605156944,0.185073900675987,1195.61717826151,924.869251041088,240.198467236649,406.701271141681,1250,1.09517285135888,1.57336337322414,1.39539239896968,1.39837147716457,0.982096607234762,1238.01182694898,524.057110154391,745.417643207075,676.897381885714,2125.13239652699,0.723138826982665,1.19041281943011,1.07054554450299,0.897055201191422,0.414850141612032,1.56464724291336,2.71904290047328,2.29383995064063,2.42133105722946,2.05631893627296,661.289056976057,396.128213367882,469.502344636506,451.539140652135,719.679716269379,4451.94288424227,890.903507638123,1514.27796050492,1698.03333432628,739863.747187703
100,0.215,0.825,0.1359512118419,0.191167880250941,1434.74061391381,924.869251041088,246.512720866686,417.258528720743,1500,1.13478078098815,1.12155422967049,1.21431647663193,1.11019245545144,0.859044705479569,1207.02309480076,875.851864981203,837.036912517809,1872.06878726846,1335.89774284992,0.807727447512844,0.812206520923013,0.874049179140091,0.564878161319173,0.560470653907156,2.0000099716317,1.71031527972717,2.06916575384181,18.8375506806951,1.72796599761552,631.333790767729,535.729556509394,532.17644809046,464.084934475438,645.315444997656,6348.32215464918,2214.9872953501,2039.80288747173,88648.3228814641,7092.84585071959
100,0.215,0.825,0.1359512118419,0.191167880250941,1434.74061391381,924.869251041088,246.512720866686,417.258528720743,1500,0.999760427416174,1.13323142235514,1.46809109780259,0.919476184328597,1.20470055113715,1431.84165893552,1200.39328228492,731.386024227772,1397.52029679359,743.44820230998,0.566314217711734,0.711155127532977,0.990586593727455,0.515980872168783,0.60948764574115,1.97513675887043,1.70027225292407,2.16668831406575,1.56208526200145,2.179988611095,625.681640347599,656.969776754583,469.889611281405,682.585438962472,479.213833982337,12470.9898746099,4291.92964854104,1599.77196781417,10308.0537985834,2750.30599453013
100,0.215,0.825,0.116617315361724,0.195650660072703,1673.86404956611,924.869251041088,251.132776990115,424.977968864722,1750,2.13494805528324,1.09938429061917,0.9553407228156,1.08470999508962,1.58640856496221,670.034950445079,1177.41650326808,2929.21497377146,1077.31893120863,697.493500917492,0.787877961309741,0.582634325492453,0.413355219714325,0.685873103228729,0.96517160540579,2.89519629846986,2.45282329528249,2.29981873160827,2.11233707025374,2.72897682747801,501.907901399968,590.312501505225,767.290064116613,579.622922662709,483.352064163885,1754.74549758473,6963.33418658779,371840.744345481,3994.36289691821,1532.46694816373
100,0.215,0.825,0.116617315361724,0.195650660072703,1673.86404956611,924.869251041088,251.132776990115,424.977968864722,1750,2.08556349844897,1.39932271309658,1.30741473247318,1.32814718031273,1.17016872818836,802.341756953097,778.145998579021,977.395666546856,1114.08210444384,737.583854354014,0.955521324663404,0.962926279249474,0.80064783709199,0.923228610469356,0.816625305635153,3.82448705682512,2.32055875844379,2.47220623698008,2.11712698545698,1.81741387205565,523.51528417325,537.061566848872,558.798273008047,631.616368351331,505.230816737797,2511.54623166396,1637.04560813874,4356.00956121786,2885.79772443821,1632.45747508028
100,0.215,0.825,0.553075327915399,0.0957972524877735,239.123435652302,924.869251041088,141.877032223114,241.321481188715,250,1.11554121231277,0.956417751144572,1.06675468199813,0.74018742844105,0.874449901741196,1700.73707151187,776.998544688648,224.442682399809,11067.9874693709,3189.07160827726,0.510454179346175,0.667909422379786,0.77919558820608,0.499527312502668,0.400399933379778,4.74061169371654,1.64639925463092,1.40731908280209,3.38447296767931,3.84436457603392,465.203697599121,401.034266571439,173.160670622819,1441.16181611577,485.051194740167,151745.32645766,3658.39898670038,312.849658454898,64330.0260224782,53405.9669786427
100,0.215,0.825,0.553075327915399,0.0957972524877735,239.123435652302,924.869251041088,141.877032223114,241.321481188715,250,1.33725927921379,2.44880721430733,1.08929188233771,1.02970147176288,2.87412807392852,807.326691469729,400.750481531132,215.683345228561,825.331996184095,504.52629612335,0.979014663927472,1.42308145077008,0.796517639303698,0.674470393248768,1.38464231092786,1.88087899319404,4.39496138393337,1.385302496773,1.68897193249201,7.11082898500552,398.012884416936,283.409577259036,168.547066359043,397.235013132211,274.947462242861,2818.2240135496,1347.4384615834,312.216701058969,5104.73387477495,1493.04380634679
100,0.215,0.825,0.356446462328954,0.140393708864946,478.246871304603,924.869251041088,192.551785564447,326.781948325596,500,0.674698705928156,1.17606997979735,1.53614727467845,1.40227236578118,1.43677506552126,10016.3322408657,706.356639353299,419.541634582212,575.140370787588,732.641042533255,0.357962878788167,0.75963007339596,1.086658983722,0.84557843286533,0.91783534568816,2.53326041396605,2.04226472975298,2.1223721650656,2.43529313561182,2.30335395096216,1252.20807150926,402.825439171062,313.396617475657,373.114721733644,446.575786111174,378488.581747221,2552.66419328222,732.461708162372,1531.19172603738,2769.83065131364
100,0.215,0.825,0.356446462328954,0.140393708864946,478.246871304603,924.869251041088,192.551785564447,326.781948325596,500,1.41784060621179,1.88367992745216,0.897477988094,0.86751838878239,1.33449246737836,788.802037669437,633.56974473635,591.090507426765,4050.30158969555,1213.259200849,0.803699074566067,1.01684622678461,0.607546485667429,0.404594997777225,0.887555440655128,2.2046047401327,4.69279632587143,1.28334322494445,4.29427964732595,1.9269477404611,472.313624426292,421.283645628045,389.612591307515,461.150241526309,618.624186214557,2671.55347497517,2108.91634826229,1348.87070937244,518760.899233535,4311.3422929187
100,0.215,0.825,0.257851105105913,0.163013034765382,717.370306956905,924.869251041088,216.991020822759,367.829941016634,750,0.852726536781437,1.26852523123526,1.13976723923218,1.12617197440752,2.48858637776898,1874.97725859155,960.290229343951,666.826017656314,736.153810432292,664.00087593004,0.540159829098411,0.730420261438628,0.783927099564282,0.885296760644225,1.36352249625456,1.63703175742083,2.2452029063572,1.64704964423839,1.41814871380927,4.05588757474425,651.597587989883,517.250934351269,425.520772545545,441.432679457096,465.366912453342,28677.6846544471,5753.32939678412,1371.147380361,1556.68732008013,1819.71062712894
100,0.215,0.825,0.257851105105913,0.163013034765382,717.370306956905,924.869251041088,216.991020822759,367.829941016634,750,1.27048655723384,1.30355137823913,1.45180611366735,1.42894012463836,1.15849166127065,812.74062935661,978.793287568162,680.375853435551,741.292251994691,840.30684642295,0.802067796983622,0.989671615790554,1.07445721356012,0.846892639711409,0.79718818150835,2.13204140607003,2.05037382705364,2.1267288543738,3.16814758062487,1.85458855668643,488.507487683182,540.635417268243,457.450267198704,450.011206866801,503.867528466177,2572.0988185516,2910.86839662138,1598.26347416132,3462.13094646727,2473.50334553388
100,0.215,0.825,0.199949825732212,0.176362016848044,956.493742609207,924.869251041088,231.101477737775,391.477054325248,1000,0.835682673794937,1.50618981910726,1.07250284465527,0.827036441941931,2.03485489612856,1252.72816431787,992.169382001993,721.852744078053,2547.43524350632,606.651305859295,0.519589665896875,0.984554005073572,0.651232309885676,0.503161117157706,0.874249076084976,1.29093877577737,5.72076723642193,1.57595461200935,1.59747161922066,5.63334044987902,617.141094485121,548.247135291567,451.425166644605,807.076127282558,436.692951967624,8498.06525693566,4236.68832131065,2642.66578992801,50963.0179831215,1879.01426548025
100,0.215,0.825,0.199949825732212,0.176362016848044,956.493742609207,924.869251041088,231.101477737775,391.477054325248,1000,0.988102263977517,1.31444824189666,1.16345228088481,1.12386913794362,0.826705499844127,1155.60336595519,913.542419637126,866.856313818339,821.35500625592,2077.58302801413,0.737934034396598,0.837173522621524,0.780560765260181,0.719451979020759,0.548128625285315,1.46871774142006,3.08897874436499,2.51171340598881,1.86725068276929,1.34351406616197,624.549117095347,524.74300375173,484.348514257943,523.25007031818,823.943879200028,3262.97852253026,5135.91872374256,2890.52105594079,2422.17905521376,17721.5342818567
100,0.215,0.825,0.162265605156944,0.185073900675987,1195.61717826151,924.869251041088,240.198467236649,406.701271141681,1250,1.4780036568787,1.19875723810653,1.21047162330063,1.19816989953935,0.975677823083116,667.858208549944,1420.57568590166,977.660087503283,660.348652715539,2042.73062799602,0.848047035818533,0.586009595160962,0.712213300048053,0.760862027135465,0.644610725460726,2.48339301087063,3.28349702032956,2.20731678730386,1.82950612124514,1.95155218840233,468.178966557433,596.868905777087,555.041693099786,439.298054742248,720.669230319731,1780.11287491988,16083.6889393451,4603.50666228652,1527.73700960248,16056.4810755797
100,0.215,0.825,0.162265605156944,0.185073900675987,1195.61717826151,924.869251041088,240.198467236649,406.701271141681,1250,1.96150127308123,2.27283957755125,1.19656193908377,0.940223375905003,0.850239624028571,597.075212550698,564.649179337736,834.958492126598,1496.52844351773,1986.98685477287,1.41710324130095,1.36842709215201,0.752159298595731,0.667776781604586,0.424733977172674,2.77683081858838,5.66537941483304,2.60895880327384,1.64124554562353,2.34489101564488,451.022294041022,438.028045695761,501.735907219131,705.768761017837,597.803491159586,1079.23818763727,1048.22356462431,2720.99943784258,11444.4571077874,48710.5398942785
100,0.215,0.825,0.1359512118419,0.191167880250941,1434.74061391381,924.869251041088,246.512720866686,417.258528720743,1500,2.66513738834756,1.43447610740113,1.11095861588752,1.16058564439972,0.901488533482115,664.971872764763,648.487346407186,673.052358239794,920.92725244384,1251.39407072917,1.19208765949567,0.886600106837632,0.822080084327996,0.904371000994028,0.660674534727352,3.62234164358742,2.09667682809417,1.45983903229234,1.50618823952213,1.25229519512321,464.204266019916,430.761305684292,425.825806117013,551.363181569911,629.953060193783,2052.35869395075,1618.58983200344,1399.67287239025,2506.27815271372,3368.22448367525
100,0.215,0.825,0.1359512118419,0.191167880250941,1434.74061391381,924.869251041088,246.512720866686,417.258528720743,1500,1.08541773488855,0.684316001858381,1.36825947450712,1.29181869441653,1.23526660792794,1027.51022893209,1683.94229406983,1037.7867280128,1090.44796600765,853.881298559419,0.607987506727469,0.418281902441065,0.736767997822976,0.364397892161954,0.778169023723499,1.59213318711827,1.05357445777263,2.39741850991561,2.29182165972481,2.1870084785438,620.415945868798,691.51330198383,591.390464976955,582.426702685283,529.707436245994,6014.14416086923,21057.9668566862,4954.70778631255,336651.357692623,3777.57785635741
100,0.215,0.825,0.116617315361724,0.195650660072703,1673.86404956611,924.869251041088,251.132776990115,424.977968864722,1750,1.08628949233554,1.23982192216165,1.3115229732368,1.2833846954053,0.866200981429497,946.481195729625,1015.47131246531,995.881703951955,760.673310267862,1894.00476007917,0.792413583106402,0.89241540560994,0.696770586072906,0.907855691974504,0.487557722425168,1.55285595315874,1.66453959861379,2.49954680321203,1.97570832257954,2.13615091026597,558.063495882085,555.089729900177,555.120162640741,502.022058067555,692.990076462689,3097.08255242566,3200.66070072746,5148.9461667191,1724.2941153626,26723.3167520579
100,0.215,0.825,0.116617315361724,0.195650660072703,1673.86404956611,924.869251041088,251.132776990115,424.977968864722,1750,1.38239961680447,1.50250647788262,0.723107540607992,1.56776411993079,1.17127948211234,784.433716493672,671.856495476225,5767.27568128975,622.996126436547,1108.71925446544,1.01692743999704,1.13407511642002,0.497580121086999,1.08954007665982,0.835119150439426,2.24860941570676,2.19470906957239,3.22456214988333,2.37058361275967,2.06312702257588,512.905400558821,480.437229230603,966.390973566874,462.456839774645,605.950387038372,1718.49775568198,1260.66984898028,63128.0123320844,1055.03232404055,3425.60365616654
100,0.215,0.825,0.553075327915399,0.0957972524877735,239.123435652302,924.869251041088,141.877032223114,241.321481188715,250,2.38786651071341,0.816751335725072,1.0933788960716,1.04275154223596,1.76748649132552,791.238015783886,2484.61788604644,233.856431084928,955.225590013634,449.971579359243,1.09278318871357,0.484416812445567,0.833067598930159,0.803952248206078,0.89784494724723,7.20628123009975,3.57866095738862,1.34048494079678,1.48527917074673,4.97003378643698,330.327710243575,566.634591460764,174.783053822304,444.622537330032,290.696634349207,4659.45946183651,39138.1362519261,335.730720297,3950.40938380569,1683.34191831067
100,0.215,0.825,0.553075327915399,0.0957972524877735,239.123435652302,924.869251041088,141.877032223114,241.321481188715,250,1.31363156578827,1.51381388015926,1.15851672894523,3.3045362096086,0.854087321961259,2388.6623262283,520.668074039363,249.097500185666,331.699503116459,1867.3538487894,0.880469963727916,0.918533693808528,0.839537593196728,1.71719875301598,0.517859074554114,4.60705625834649,2.2154761431171,1.51112746708226,5.65271083590867,1.27435686237071,658.124295577797,312.334892531122,191.951028595045,264.800930812908,630.702679086565,5717.15915239148,1567.81031017134,365.643485411456,583.190520961411,32046.7492459162
100,0.215,0.825,0.356446462328954,0.140393708864946,478.246871304603,924.869251041088,192.551785564447,326.781948325596,500,1.04889725745047,1.24528044870085,0.716636336371146,0.967510803550276,1.66633019134053,1067.10678596199,569.520566971608,824.88154563078,1134.23769121112,611.313190588358,0.782399685710919,0.832991214769998,0.479054275858753,0.616016094099579,1.12597921158023,2.56464275485561,2.40259134771149,1.06276232629849,2.11203493429445,2.72159439173138,520.129933482658,374.438336158219,451.673654945391,475.700274309612,387.254632005388,4945.64511229101,1188.32376798217,3652.22457580997,5643.60365023483,1799.35410881626
100,0.215,0.825,0.356446462328954,0.140393708864946,478.246871304603,924.869251041088,192.551785564447,326.781948325596,500,1.11741202747783,1.71819627923254,0.963033628061601,1.33534166969197,1.77158256101282,947.298855377961,630.674511227748,489.702464043018,964.219676115526,642.027318663746,0.6375021925739,1.26188004981447,0.679161479220014,0.762078696519711,1.2967554297786,1.61442657741628,3.61375509595271,1.26896844042081,4.68339419384584,2.47520937791087,506.046086911515,411.513443616694,325.892239115039,448.117831784482,406.542065488032,3913.95199018901,1780.74862981011,985.87023403396,8150.27634458713,1398.89875055906
100,0.215,0.825,0.257851105105913,0.163013034765382,717.370306956905,924.869251041088,216.991020822759,367.829941016634,750,1.12080570244365,1.09331476664692,0.905409059193869,1.17964849735705,0.821722479246553,1343.67314688222,1208.08937362364,1166.86695948124,527.719112205403,3585.4083982366,0.451569405563341,0.829218870257361,0.648429421456497,0.876538510152118,0.474518263120167,5.70121041029283,1.46202858749587,1.70744254197021,1.65780482758635,2.85799733099795,467.524810106669,642.445716729782,564.461195179077,380.577664760671,722.615025391464,176793.28328601,4324.76445921322,4926.3693373421,1091.51455357082,106866.516909214
100,0.215,0.825,0.257851105105913,0.163013034765382,717.370306956905,924.869251041088,216.991020822759,367.829941016634,750,1.46383620629849,0.786252015043928,1.08001348874478,0.848062177905556,1.63246685878977,670.038290116751,3367.44079128505,1471.66984657819,1328.81461712797,518.067372633226,0.895693532943522,0.366689031109484,0.835974221579442,0.574762590903459,1.09385644216722,2.12465770144748,2.47575456833445,1.97107070788118,1.23059352182746,2.58609742417195,442.567108782495,654.291037411152,655.638446904272,644.210407579753,390.065632448063,1505.35011369149,1188314.45958415,4687.45101547821,8760.04514031159,952.842699550917
100,0.215,0.825,0.199949825732212,0.176362016848044,956.493742609207,924.869251041088,231.101477737775,391.477054325248,1000,1.92487138536182,1.24637014454661,1.3323190955869,1.01622628532994,1.27823038964786,1500.852582807,817.48589563302,763.996197378395,1407.8084617699,602.642830342298,0.693238918211973,0.857482462353627,1.01827001541858,0.706337711171388,0.921781376487723,6.06289965487912,2.13025948837053,1.85657873723763,1.68667978113051,1.85145686123322,418.913848540186,502.557755719931,528.810112751901,677.558932284334,424.31262258886,4011.90160182096,2044.9680219217,1615.18574066772,6524.60600497162,1071.79434244277
100,0.215,0.825,0.199949825732212,0.176362016848044,956.493742609207,924.869251041088,231.101477737775,391.477054325248,1000,1.56150453578539,0.722621962383517,1.25769892313714,1.01947749692963,1.54729463014112,1268.92778178683,2681.66298097834,472.253938066927,1224.79437709157,549.455659288065,0.98248072228988,0.472176139604942,1.01137032656613,0.608480096505875,1.05925500435529,5.67043396252078,1.07249292950765,1.64533224949704,1.59602256930408,2.13031317319234,605.499265874088,904.006243480972,338.07956075302,612.384056018401,389.599505474354,5076.82310986417,35247.1388175756,751.425265012038,6666.15591911661,955.014560452205
100,0.215,0.825,0.162265605156944,0.185073900675987,1195.61717826151,924.869251041088,240.198467236649,406.701271141681,1250,0.701474071753416,1.41012972882961,1.17246023038813,1.63493560679263,1.5807494421257,3734.0215507629,664.1368565106,769.939592767398,775.632333354574,808.565015310299,0.392444981562938,0.98142799399813,0.847476583432056,0.790582014274992,0.599494135084905,2.80385810691883,2.00883566834444,1.93037328532305,5.51315187467715,3.27810855799412,767.323215033791,472.97896544281,487.31308186557,471.750821419336,501.221626425386,319678.842361462,1346.4214863342,1571.76598209015,4527.32090928647,6340.87484467198
100,0.215,0.825,0.162265605156944,0.185073900675987,1195.61717826151,924.869251041088,240.198467236649,406.701271141681,1250,1.38705665012535,1.01469468810011,1.62913280625333,1.66390244210363,1.3708924747002,863.809126425831,1202.97866907406,721.772141754768,592.935882117185,912.88117799806,0.940295884961478,0.472339141666571,0.972725179539617,1.18381673609719,0.834287746771321,4.23791376203421,3.27599796190792,5.6050980717213,3.0504743014751,3.9446520852359,471.404158527729,499.062971112549,457.921631841105,434.059541684103,481.112163495948,2254.42752115336,19372.1201389977,2627.52191826804,1077.73578631579,3989.2164486273
100,0.215,0.825,0.1359512118419,0.191167880250941,1434.74061391381,924.869251041088,246.512720866686,417.258528720743,1500,1.09454033816544,1.12919183741395,1.25815632881325,1.56081076497744,1.46005548927659,1831.47143994789,1004.99644685356,896.574367981206,704.39925878236,794.897508620157,0.534155598444235,0.711630842768345,0.902599629405124,0.980420178569356,0.944754175679789,4.18662512828156,2.12421026761178,1.89410588840378,2.72788691693951,2.00665413758717,649.444426019998,559.519682099705,580.605892913289,484.876887528307,543.767030021054,39837.7493138544,4017.54958080273,2290.35901197085,1613.45923876674,1770.49054463437
100,0.215,0.825,0.1359512118419,0.191167880250941,1434.74061391381,924.869251041088,246.512720866686,417.258528720743,1500,1.13302345944225,0.837153490645996,1.68852896373939,1.38815610014684,1.10542073158169,1164.85510464928,1161.66913141031,720.57454722313,807.71746796064,1331.53457475877,0.649801747074327,0.464083359553184,1.16488101669016,0.716987240214316,0.712346849617301,2.61038408678192,1.4068508304732,2.49878693465342,2.81367431424195,1.87904357679386,570.772183715267,565.541533120589,491.498352617189,494.170527611804,617.861318357184,8379.84804513434,8434.26310376536,1654.20204812184,3745.29726111542,5555.50468101378
100,0.215,0.825,0.116617315361724,0.195650660072703,1673.86404956611,924.869251041088,251.132776990115,424.977968864722,1750,1.07669680568336,1.1619084414767,1.4858801089249,1.3139014473576,1.20874319411017,1514.32548167015,613.075708815957,1126.64426803149,850.975809394989,799.245286729982,0.631955876926617,0.845339097415601,0.966271214240968,0.848888695732741,0.88774513509153,4.58945771009386,1.58978738974271,5.52320133053116,2.53590061299652,1.79386876021204,578.59568711214,424.415155947081,578.079025319817,525.091729154164,511.67022439058,29567.2962564494,1257.81583771455,5227.5924648431,2447.16652316695,1689.18796552467
100,0.215,0.825,0.116617315361724,0.195650660072703,1673.86404956611,924.869251041088,251.132776990115,424.977968864722,1750,1.62434200486908,1.15062761721152,1.0899743864421,1.75518525641942,0.829294128010271,496.813344403417,787.541011207778,1313.62459918679,680.762126737933,2561.07756629046,1.15961633315575,0.829448801700242,0.630937958208421,0.823356310872844,0.39048697927435,2.25142777437758,1.53336275250008,1.74906431838294,3.54806365771166,1.31612730093159,382.102568330857,488.197592544659,649.220822027322,462.832487461192,929.803191447796,737.819601146931,1832.21912267612,11153.9714441989,2156.49546903461,74559.4638171823
100,0.215,0.825,0.553075327915399,0.0957972524877735,239.123435652302,924.869251041088,141.877032223114,241.321481188715,250,5.28447781994789,1.00614040347016,1.14811569864713,2.15637423606185,1.10914386515172,3011.56072542144,1137.42735019005,255.209838702528,465.378662159395,915.7282462081,5.28086161961413,0.758871792562043,0.895366655483925,1.43536768642085,0.916964837985807,5.28373789725001,2.17114908071473,1.48068370989149,3.61813956276072,1.51736454429561,3010.59465353342,460.024493653083,200.317044426359,311.586412021782,447.483323308209,3011.47317494384,5147.03453931531,363.782701834866,1525.492514473,2873.61453470534
100,0.215,0.825,0.553075327915399,0.0957972524877735,239.123435652302,924.869251041088,141.877032223114,241.321481188715,250,0.986229869358132,1.52443486763957,1.16751424171678,1.61925343121395,0.761408591776393,1209.991423214,1021.54974815599,199.350065837957,586.164989561794,2221.19275706591,0.487216475643694,0.465868226211814,0.728335532295732,0.704104718884406,0.458903537245336,2.00060018216196,5.94152755878348,1.60104257100524,7.78571915880711,1.68856866934497,386.219001643401,384.080351309349,163.810884785876,283.606627171356,553.12474529916,45071.5381912368,22924.7581522902,287.116256422298,16047.9732568766,59621.8898034112
100,0.215,0.825,0.356446462328954,0.140393708864946,478.246871304603,924.869251041088,192.551785564447,326.781948325596,500,1.45336932347545,0.870889161679309,0.8906157079675,1.51231074852759,1.44219058302424,740.947681647913,1729.31362600665,761.612549956953,680.678083558321,1064.43653575589,0.751386134405992,0.434888417006312,0.665155920370231,1.07142365552977,0.617362893840933,5.25423372554479,1.49272810055483,1.21196447222163,2.57683665018833,2.80031271391286,420.618407913,642.887680886176,449.517382233245,449.008125093455,509.456165114628,6531.18664462629,51252.5326999059,1950.79385862089,1548.38570654521,12539.4664380575
100,0.215,0.825,0.356446462328954,0.140393708864946,478.246871304603,924.869251041088,192.551785564447,326.781948325596,500,3.45412016018283,1.15713433792552,1.45304142492342,2.67718230712563,1.04066189301098,471.364830008124,1159.41893923814,329.582222548434,497.087559044313,872.185320323436,1.27157891241935,0.805504650623565,1.0800306352654,1.12296195313543,0.716871142997527,7.22968761244207,1.9541673449285,1.89069191944916,6.14280338796066,1.43109043618445,365.708911789886,559.131830168033,265.669991104152,377.322137851897,483.984616311988,1500.2796348116,6264.092931273,445.244612667438,2614.70018909242,2727.66357965727
100,0.215,0.825,0.257851105105913,0.163013034765382,717.370306956905,924.869251041088,216.991020822759,367.829941016634,750,1.21376441847009,1.51325411484067,1.37812152800214,1.03290988274649,1.69768255814611,768.449076861971,705.139055724785,2490.58104350239,992.999128570048,688.585095797967,0.782899202883195,0.91579063289028,0.750780113287326,0.710125044905695,1.16655163635879,3.71901340452844,2.59036806002415,5.03512527862611,1.43724900538824,3.17799342631375,431.675607242051,468.693620948533,568.800168759606,569.128173334074,461.404688572368,2230.43638685438,2336.97411422752,6779.90542064382,3156.06686157833,1466.22320108404
100,0.215,0.825,0.257851105105913,0.163013034765382,717.370306956905,924.869251041088,216.991020822759,367.829941016634,750,0.862657245968325,1.63302636669891,1.09203122467943,1.51789760701472,1.15982566567148,1601.79020863858,553.197003890677,1038.2145446166,503.243454143164,1521.14887223134,0.618058902163727,0.853162784987512,0.391353450275089,0.978917168461109,0.602552035853552,1.32692517206364,2.28190605168185,1.95789580079871,2.07547377951483,21.5716256614401,649.632717031165,384.679523081599,546.516966183187,366.973547708953,395.414563860754,6860.74600761156,1492.41501314672,315413.717821798,936.605304318948,31378.0413579692
100,0.215,0.825,0.199949825732212,0.176362016848044,956.493742609207,924.869251041088,231.101477737775,391.477054325248,1000,1.08591714370638,1.8186596157316,1.0970346267339,1.3527932651626,1.23771525861228,1115.23800451225,730.314524523609,1353.85939823197,632.652053371023,619.420014300239,0.690086171555543,1.00018983859302,0.560121166222703,0.908782475062095,0.907427386579841,1.7910814870441,4.29963557624667,2.1284301256978,1.91911958185836,2.027476182319,563.404534447363,463.389550254685,624.230295466988,432.18881768656,427.704415988443,6197.75337008078,2295.26679349322,41960.8574233216,1407.22041729436,1161.94176518239
100,0.215,0.825,0.199949825732212,0.176362016848044,956.493742609207,924.869251041088,231.101477737775,391.477054325248,1000,2.25385963362508,1.15298331707275,1.09745576852964,1.14376726365137,1.33890622338075,480.044093994269,844.75333382962,1357.28320504449,1091.35976544719,767.607227669521,1.19537379235012,0.654041486481639,0.726797191001556,0.704392209942863,0.887709647950347,3.34498960291138,1.87134090450979,2.47376044126358,2.05097788893348,2.67441536147545,383.846297566095,502.494247728912,577.879436314837,562.018769743795,486.930965754749,728.419161448322,5599.51529516215,6126.15701976686,4669.9865577468,2157.42788154779
100,0.215,0.825,0.162265605156944,0.185073900675987,1195.61717826151,924.869251041088,240.198467236649,406.701271141681,1250,1.79356703816892,1.0045956645986,1.08963024980484,1.251107873426,1.51814622896279,618.905220866778,2042.28398337288,1486.52746043402,752.867709549429,694.406211261036,1.12388336434518,0.50345139639175,0.699228814996548,0.934162591423027,0.875223493672726,2.912883138749,3.3209631223164,2.2082737074019,1.66697657826248,3.82307437732867,458.826663369128,625.57665622972,612.126366397101,491.729543768642,467.046991065517,1269.78881539371,82800.4501072717,6742.42696209605,1575.75847231167,1809.21620144638
100,0.215,0.825,0.162265605156944,0.185073900675987,1195.61717826151,924.869251041088,240.198467236649,406.701271141681,1250,1.06893406645012,1.35094423977812,1.28959087186264,2.30808501118871,0.953939400441137,1156.73398352905,601.88694429611,908.742047807195,612.209260986099,1256.67018173348,0.670650828877199,0.976500617985588,0.844552979863436,1.19090184639638,0.524311553985333,1.6370505069942,1.86566082544488,2.27648240273876,4.36583722370789,1.36969664010407,610.232918629077,420.433837017326,560.535068476771,460.28663409605,620.64396838738,6374.66795659349,1103.42819561007,3266.15306255456,1585.51208090042,8609.96848099926
100,0.215,0.825,0.1359512118419,0.191167880250941,1434.74061391381,924.869251041088,246.512720866686,417.258528720743,1500,0.825407133650751,1.0658458594966,1.6130457724219,2.0687346784459,1.0581616845199,1937.47110955643,1118.10133946411,827.831330648002,676.792317500784,1164.42976411037,0.537579104977481,0.632435304957656,0.572188550748355,1.23601429329883,0.667578551631833,1.71727218371293,2.0626753350033,2.75508666242982,4.60777295345309,1.74513599244367,732.241420554588,591.481433323442,541.952030311344,490.767066233099,646.905135002408,14210.412378766,5830.01503052586,7370.45741865392,1373.83495624182,4588.31384004734
100,0.215,0.825,0.1359512118419,0.191167880250941,1434.74061391381,924.869251041088,246.512720866686,417.258528720743,1500,1.20906316450429,1.18537438336052,1.49767163963065,1.82198516908231,1.58241084756326,1021.00090745818,1045.52825033673,986.14258319344,843.285814718906,598.686813976112,0.565476355598696,0.525131318717334,0.873477741319181,0.695894401536615,1.14220270806325,1.73423869677236,2.03218528687908,4.65765330522745,3.17742222035868,2.2957765613743,603.416427968323,609.927983549593,508.136601376339,531.612021402661,439.276764071826,6542.14224687143,7927.92833221314,6618.86207121282,4681.98061845841,1009.86453473686
100,0.215,0.825,0.116617315361724,0.195650660072703,1673.86404956611,924.869251041088,251.132776990115,424.977968864722,1750,1.55126716191758,0.905351533779867,1.32845230795018,0.899534847892001,1.72427477416016,652.473438132747,1507.80127024952,1542.04624027647,1355.3816544991,710.62261195036,1.01790575932109,0.586069897865159,0.851645388469107,0.672343077683689,1.21094035866828,3.05996934543268,1.40414928977511,2.15199347457406,1.21643069186977,3.25121886104215,483.04049842387,723.578223557414,773.129995352412,692.486149849641,516.93646075894,1340.45053726466,7353.2909823736,6239.02993100832,4308.47006674088,1440.2100224614
100,0.215,0.825,0.116617315361724,0.195650660072703,1673.86404956611,924.869251041088,251.132776990115,424.977968864722,1750,1.21831524981422,1.50968783884571,0.782252244482771,1.53183225226093,1.20038970085612,1115.12185255493,733.445054884327,5997.25739200603,771.138785931075,720.011969466666,0.917153054093785,0.900041266738906,0.471443557294131,1.10240066095376,0.854209379449605,1.61688020617341,2.36522983909651,1.81313916852917,2.06987250180091,1.71527053595957,664.395048681762,513.852308980659,1342.2691308225,530.493061354586,495.603168166695,3040.70938772767,1739.62085397752,274780.43747036,1639.73978214374,1504.19934116145
100,0.215,0.825,0.553075327915399,0.0957972524877735,239.123435652302,924.869251041088,141.877032223114,241.321481188715,250,0.986693041353343,1.46297839440066,1.01954416874631,1.25615057903329,0.572287040302523,2516.65825085428,689.250641731581,184.656686370486,649.11535925398,7141.65510665825,0.520442751939456,0.803958619148226,0.834674024133835,1.01761781042988,0.33006033343922,4.19693497609818,2.69839124874894,1.26320679203967,1.67522541580079,1.06325984912105,463.354736623872,360.057424071254,141.107768548772,364.984846959233,1164.68010010173,52170.0050713226,9525.57868258775,242.076053189437,1471.28060911587,956423.98921428
100,0.215,0.825,0.553075327915399,0.0957972524877735,239.123435652302,924.869251041088,141.877032223114,241.321481188715,250,1.68274736219998,0.871322719804002,1.09610477449349,1.08692817346185,1.12048363426526,442.758525038237,2751.64478029374,232.425397591192,935.740519858158,1428.38313908563,1.01708363055408,0.611355383269037,0.853185988732107,0.718341851583271,0.575983208041258,3.09039057733326,3.38693319315583,1.38858781655126,5.0951784121479,4.73514959059567,291.24417332616,748.471316472367,179.294241045791,395.214033052463,341.246319365603,1294.60822893332,19397.4220822963,351.926471449522,6847.71518664302,21591.0737169203
100,0.215,0.825,0.356446462328954,0.140393708864946,478.246871304603,924.869251041088,192.551785564447,326.781948325596,500,1.43928901556259,1.61936145932044,0.923277401726489,1.34884628411056,1.09194697746339,946.593179181605,586.964545499492,672.832384251764,627.652334487147,1044.51737704914,0.929868354946808,0.945592330831194,0.620614364728652,0.969113664314388,0.690444160988402,3.11142545382499,12.4003143807398,1.36051347215337,1.97045296883281,2.06614959346809,465.8469232554,352.904760621212,394.881712283675,405.458313551974,511.467855863328,3445.35339284655,2645.31820467758,2087.59001328662,1506.70253048945,5174.18578650691
100,0.215,0.825,0.356446462328954,0.140393708864946,478.246871304603,924.869251041088,192.551785564447,326.781948325596,500,1.01104231976873,1.07637215477586,1.21823035013455,0.855246102265238,1.5015023227937,1637.62231219008,928.707293314764,477.111295387721,1949.55593392632,512.633269550298,0.724666130884121,0.875272990374826,0.809991653739645,0.668046971891364,1.13539370602776,4.14245465110145,1.36951135573831,1.72699967337376,1.32182569100696,2.05305501774596,657.047338571825,541.079658352066,340.092101500802,702.729489166586,366.737435139538,8080.37220087844,2413.1053421269,913.293329389327,12021.8565471877,961.942861798508
100,0.215,0.825,0.257851105105913,0.163013034765382,717.370306956905,924.869251041088,216.991020822759,367.829941016634,750,2.2774966596884,0.714688045037495,1.09748589303565,1.10975420838962,1.46456695348197,787.06887193012,1506.82142273722,676.918452742529,1290.18009139718,614.287746896144,1.63909216326671,0.287116712566702,0.634367898114588,0.59843178601494,0.97300379554768,6.42690733715091,1.6086489390041,1.55314610489324,2.99816841172125,2.15898421267088,505.266906596088,549.027299563214,440.318964060677,492.165544814673,433.393466346117,2263.88401486813,122467.578315229,2170.04912047612,14973.5914679255,1429.30414015403
100,0.215,0.825,0.257851105105913,0.163013034765382,717.370306956905,924.869251041088,216.991020822759,367.829941016634,750,1.26612698405753,1.07779670734776,1.00540238470393,1.16056861153791,1.88781051276885,868.850946538915,613.133282793741,1256.67503482333,1321.49885057698,683.954566492925,0.762770103592067,0.746292922583226,0.52943811773076,0.738004792923209,0.822855435119866,2.31462654897906,1.67369961828593,1.99476226726299,1.88170368387644,5.31704267475129,508.69141422852,411.281441471295,590.982648304873,678.413126522986,449.616256983111,3523.25683048557,1212.54660046364,20132.2355553463,9379.69062041841,2464.27704619685
100,0.215,0.825,0.199949825732212,0.176362016848044,956.493742609207,924.869251041088,231.101477737775,391.477054325248,1000,1.30272646523098,0.891580437806715,0.89536850319854,1.34775560841468,1.02607681212886,1354.61488523523,1372.48751723651,1223.39011564173,717.307934054616,702.759705990717,1.02156810361471,0.516161252470652,0.334705507714043,0.993269881886591,0.622457946787535,5.81702426943206,1.36444203366113,1.56912514337439,2.22004127758309,1.54271939630654,679.510715454458,626.568751733139,540.596748032182,460.710601972667,441.243880666264,7219.48462654556,12110.9648181734,65503.0312908735,1539.1115810238,2318.11821424666
100,0.215,0.825,0.199949825732212,0.176362016848044,956.493742609207,924.869251041088,231.101477737775,391.477054325248,1000,1.84989528286992,0.867926635373313,1.11331025175317,0.804935455397045,1.21397313731348,852.485455355879,1497.86921324956,899.04796552978,1853.67157872495,1058.48820423996,1.02045769506894,0.564455937105628,0.786131393830884,0.555699743987901,0.898915758616828,5.8355190548557,1.35794660463499,1.83605269941212,1.10463236033379,1.85922876118534,499.944737697961,706.270428905442,540.25113347055,797.545293972782,596.794994440681,2701.39550168908,10082.0693951884,2706.16810435477,9114.00648679367,3419.75749070574
100,0.215,0.825,0.162265605156944,0.185073900675987,1195.61717826151,924.869251041088,240.198467236649,406.701271141681,1250,1.33823485188533,1.22224854751658,1.76268055005916,1.46567417324072,1.08368033490079,793.998713459812,747.364643964708,906.058804281927,1093.5733031945,947.543672520461,0.947141537366491,0.955354365294186,1.07501608650259,0.802881637835212,0.729789610740364,1.97528031372116,1.76322170050407,5.74257503606533,4.35160306770835,1.64565663214664,516.91079483244,494.773310169401,523.409221850017,548.553162227748,581.813779839135,1893.76860223067,1454.66938831174,3655.55646732397,8044.9931889992,2800.05337968732
100,0.215,0.825,0.162265605156944,0.185073900675987,1195.61717826151,924.869251041088,240.198467236649,406.701271141681,1250,1.20598300884088,2.83350667674529,0.963774496086916,1.17597458657184,1.27783108678187,1009.24606193973,704.57349089001,1496.89068943804,1245.98545795776,751.639156012844,0.682342623692749,0.718576691472082,0.602647820375686,0.450092918645032,0.669312199406515,2.79363304813545,8.80157801162633,1.40616682032249,2.16719441801798,2.26886602146809,530.614591592541,472.187300106105,751.502792462282,605.799137704513,491.4331420914,6446.56433131682,4207.59848531681,7407.43549164365,41200.642619187,3392.22488844514
100,0.215,0.825,0.1359512118419,0.191167880250941,1434.74061391381,924.869251041088,246.512720866686,417.258528720743,1500,0.941568572064753,1.71464836812735,1.28564836640208,1.41711265104845,1.50745482239406,2328.91953345801,828.905219575249,951.681758510133,743.84864592558,651.136343564733,0.506315351354314,1.05596156549581,0.756874491140147,0.856713751098517,1.20221986077968,1.5222774947658,2.56146809411863,3.00205494521013,2.18906791197557,2.09919345745619,933.610723032796,557.627435727042,524.325430449654,505.671830290474,463.397200196315,22708.2298479239,2219.01403290914,3715.94110121822,2000.5590348929,1045.66634525046
100,0.215,0.825,0.1359512118419,0.191167880250941,1434.74061391381,924.869251041088,246.512720866686,417.258528720743,1500,2.0478570285979,0.734715736105473,1.05893513619317,1.33991426072108,1.42894269776293,641.402408619953,3842.31995797173,3303.75638727009,803.180772146769,591.00552875707,0.857984606941346,0.29305618062423,0.635955045015523,0.896882762014008,1.00124514365323,5.75790766575928,1.68735787107957,4.51256409131849,2.31395535800383,2.26293453868787,473.177527400691,885.364131516786,1119.08379126251,518.062842978316,439.589038187612,2420.04923822578,2334891.35565984,92590.1601712513,1968.17438137343,1033.06910930452
100,0.215,0.825,0.116617315361724,0.195650660072703,1673.86404956611,924.869251041088,251.132776990115,424.977968864722,1750,1.9499857835608,0.954526500154711,2.21372618241577,1.01516559170076,1.48093331614219,643.468646323519,2166.15615405432,710.015453127678,905.735180731673,473.803189554068,1.36532247202597,0.44358219786001,1.53826552395237,0.76845229128828,1.03761069135658,2.67375865815948,1.81846970586956,6.27609112538139,1.52250308742789,2.06465883304756,469.002944356025,767.002609200748,486.247061226324,525.754241937574,360.697174994052,1142.4149468129,84384.1786629085,1778.32384883975,2343.02993064435,716.289904365581
100,0.215,0.825,0.116617315361724,0.195650660072703,1673.86404956611,924.869251041088,251.132776990115,424.977968864722,1750,1.59389487474763,0.792461716473686,1.11423563893439,0.946811051861279,1.61034217169098,1203.9036915466,1577.63588568711,1202.22184730145,1467.08241060324,745.703801004651,1.00563044445249,0.48610307384699,0.689386333520913,0.708551690730233,0.854280975339652,27.1683014264759,1.13560889697473,1.94474653864163,1.56994905290312,6.61932822394484,460.463854807404,786.448044362027,666.356610850931,752.446636271126,492.110573398612,4572.24068803856,10387.4397292758,6696.77238868542,4590.57543852544,1970.78451590807
100,0.215,0.825,0.553075327915399,0.0957972524877735,239.123435652302,924.869251041088,141.877032223114,241.321481188715,250,1.08467369223095,0.820739984790117,1.19154527150915,0.607145557707736,0.777205221086666,1333.73223069844,6420.59345093007,214.74752404178,5456.60984494637,3784.28310528385,0.628358561102749,0.571084398398184,0.972029645154875,0.400250096730845,0.526632169454628,4.13935621746609,3.93754479185766,1.49278196118228,0.961042355920914,2.77023754990978,527.07794121601,810.415975453816,173.112211087715,1238.36831734025,1008.24947373842,9261.88336370358,31750.8080597748,282.119112822934,183588.998817246,35281.2668016824
100,0.215,0.825,0.553075327915399,0.0957972524877735,239.123435652302,924.869251041088,141.877032223114,241.321481188715,250,1.21079149595372,1.49172021206032,1.13827609922025,1.43743906155559,0.887622632643157,1272.1572566514,819.466196254437,274.150840142876,622.423685696086,2912.78470963309,0.79697774521847,0.482445644845359,0.868205339527185,0.632056679104811,0.435435505614565,7.5180598149046,5.37784735758512,1.51535394920727,4.70894106539845,2.35169202467686,327.651259705764,315.435031983571,214.84876526165,301.491821922742,644.849691770783,9009.44278673658,118179.959771835,395.777205760351,6754.75256837412,513596.130870596
100,0.215,0.825,0.356446462328954,0.140393708864946,478.246871304603,924.869251041088,192.551785564447,326.781948325596,500,0.968559232616254,0.836245352322987,1.06784017720318,1.42742963805431,2.32182464565507,2147.98077582157,1757.4048005804,617.356957877216,651.204302305434,537.503412759761,0.563566964794372,0.621812760007533,0.727430539451192,0.966818533624782,0.841810161368631,3.47433914953904,1.41499524043171,1.7254661179033,2.06914198343877,4.70763363419185,568.42758146617,698.01809711505,410.915879211552,426.110565542219,386.849996875751,77609.7092539977,11622.6775897312,1470.95525673968,1491.62742933657,1943.63123655769
100,0.215,0.825,0.356446462328954,0.140393708864946,478.246871304603,924.869251041088,192.551785564447,326.781948325596,500,0.838045905648347,1.53686239385295,1.05537926996938,1.14830614410776,1.07846022207278,2436.34893268459,527.448645291464,474.635194374084,637.552222418086,938.022300591152,0.381339530764898,0.556656909255405,0.788975442859548,0.818827192110463,0.616960324444778,1.3942655515676,4.99824707169225,1.47974394146865,1.87938372468153,4.58834630182157,794.497829041217,334.806296345192,316.294437612709,389.644626276208,419.6492950736,768186.120991809,5342.03424961307,1001.56920111655,1708.26460233426,7892.87928425382
100,0.215,0.825,0.257851105105913,0.163013034765382,717.370306956905,924.869251041088,216.991020822759,367.829941016634,750,0.944169354814375,1.16631757646479,0.881911041029803,1.53251163846686,3.43884830146774,1162.02329410845,823.598081598744,847.272505430536,854.705466119472,658.685747920206,0.672570859961603,0.71016137444162,0.642681502656738,0.773099950143985,1.59347397676855,1.35632259672761,2.08467912775842,1.24585599260695,3.09450100995052,8.34410242163449,592.898792183411,483.503119765676,498.818219221855,505.424827578347,434.477777021316,3860.18788649568,3163.70285028521,2144.79870026135,3549.85360721028,1827.54269426427
100,0.215,0.825,0.257851105105913,0.163013034765382,717.370306956905,924.869251041088,216.991020822759,367.829941016634,750,0.889116165545702,1.97119105389402,1.37039078855947,1.01942853434836,1.21099099966124,1291.93874416033,533.959892882541,587.589209975004,918.411139397537,845.273643778064,0.490608895054238,1.1735100309176,0.952142446525256,0.502153083234752,0.686456693289922,1.32720542523689,4.55881090599977,2.02277347146725,1.84778255701044,2.07950777310171,634.7905261222,391.487148890307,395.658414491897,468.932871584492,477.776899961172,14785.8789770064,1257.93365472341,1255.91210395294,6159.98611370863,4043.60993307369
100,0.215,0.825,0.199949825732212,0.176362016848044,956.493742609207,924.869251041088,231.101477737775,391.477054325248,1000,1.50695459899424,0.889357857839084,1.389394408168,1.32104192139209,0.97491320678386,800.350898793469,1014.08607719684,723.989157527051,708.02559847844,1472.97306271113,0.832018254627903,0.613539047599403,1.09297657238357,0.795004018745288,0.679409624284614,8.37717922583136,1.26168029876306,1.93899422356033,1.77585598732961,1.58351735759253,463.225204012758,546.593563800487,463.545840213521,456.615320259364,676.971454289527,3731.75664033732,3023.45898899798,1412.33755414212,1883.89528826119,6782.40219518068
100,0.215,0.825,0.199949825732212,0.176362016848044,956.493742609207,924.869251041088,231.101477737775,391.477054325248,1000,2.96723097216039,2.16201642685891,1.3332306838688,0.920334796216123,1.45094405831152,671.579140518895,593.410596582971,672.422272883645,1435.61496752078,644.847944707358,0.91761447546844,0.880051635245594,0.845898340114258,0.547589842886953,0.898790216755781,16.7820354169774,3.89534441049975,1.94735421063698,2.00171163587668,2.06014238639629,429.749885983739,440.429380972913,474.005105401546,602.35132417675,433.641242668172,4057.27314461424,3117.23197554826,1504.37773120639,13967.9851243158,1333.1721082437
100,0.215,0.825,0.162265605156944,0.185073900675987,1195.61717826151,924.869251041088,240.198467236649,406.701271141681,1250,1.28487356608874,1.41407381103358,2.47373353588297,1.04054297113073,1.20342480371185,956.130473742272,683.921572169075,838.045117371054,1297.7779787694,822.435679331299,0.891474580996002,1.07097086526186,1.11183682924231,0.755258026209683,0.738709877618221,3.17781015458102,1.92308257603503,6.71927774212467,2.47903132164565,1.94834904415864,535.094816851967,477.613015568321,501.26826408773,567.607054486413,519.469001524302,3382.86325269701,1272.18348039677,2642.75992829289,3815.67571055938,3309.05096616695
100,0.215,0.825,0.162265605156944,0.185073900675987,1195.61717826151,924.869251041088,240.198467236649,406.701271141681,1250,1.75149948078115,1.35831691421893,1.11888179651102,0.910838602679956,0.973315548271635,643.472881529136,613.809458634652,1533.30841366636,1346.06397692807,1235.04740277119,1.10469082094399,0.933948599567948,0.659775731759079,0.628861048262964,0.656885806196765,3.46820129377998,2.09484561542848,1.80204393628807,1.28210284156098,1.49029916601288,464.306606138647,433.182871090973,741.684760916384,648.879532093187,597.195817337855,1857.43140194601,1200.03690087917,7820.07737093402,5692.57998119532,4546.00145886628
100,0.215,0.825,0.1359512118419,0.191167880250941,1434.74061391381,924.869251041088,246.512720866686,417.258528720743,1500,1.42676502006761,1.23725611794061,1.25684235506521,1.59157216682873,1.23244311794864,597.294071723292,2650.44771210277,1316.55352334337,777.243164546317,704.645653421725,0.933049627545766,0.620121835754416,0.909082299440875,1.05192071738231,0.799384072420024,2.01966462778624,4.01390210910931,1.96064100904967,2.47018358271443,1.74211252065743,443.539697308334,984.718485838017,681.751037481106,508.76365588712,490.1705575406,1012.3177091854,8433.13541812247,4501.84349133635,1665.9707193756,1492.75317555372
100,0.215,0.825,0.1359512118419,0.191167880250941,1434.74061391381,924.869251041088,246.512720866686,417.258528720743,1500,0.975052541488939,0.839197132358246,1.15638411646833,0.870271055882641,2.39050201297599,2200.87509318166,1253.30646871319,969.049825706061,1152.29019372696,744.546423163618,0.594943693346652,0.60246441319276,0.739116472280194,0.643589208038196,1.35532111335291,2.22748418971449,1.11561245792129,1.884115079935,2.27289954235951,4.77167841817835,776.003911578319,670.549607909077,574.009094660701,550.267430717976,512.16002926225,22004.5289648246,4217.22616046501,3185.30556258611,3574.34828015631,1685.83948574396
100,0.215,0.825,0.116617315361724,0.195650660072703,1673.86404956611,924.869251041088,251.132776990115,424.977968864722,1750,1.29543841536583,1.59847457766896,0.964646275994637,2.25022024454684,1.0980585441443,1034.56305806423,729.290032201457,1656.68725456074,850.023574040955,965.625253586667,0.846231195623019,0.990155329827477,0.644445369380351,1.08082795025877,0.712636036012705,2.24684967862088,2.40101383672966,1.41508798602745,8.65710056273783,1.81472316803958,612.643826288593,514.89978567758,812.432835208945,518.178822508954,585.612744823897,3604.57112626144,1505.78637233,7063.07041895689,2968.16818295329,3081.58160875427
100,0.215,0.825,0.116617315361724,0.195650660072703,1673.86404956611,924.869251041088,251.132776990115,424.977968864722,1750,1.82866131093109,1.44810689177733,1.77136752838432,1.2357528328185,1.15010281271976,902.409066085729,854.738935977756,1263.24770239821,775.132592699152,654.146135162466,1.23880339183174,0.883864283570912,0.90382399507422,0.90049975188898,0.791387715952164,5.29246262353965,2.22072875965472,6.22431268292032,1.7407169010229,1.91445237315284,510.674975882416,548.880745268963,605.9613856533,508.815515590421,442.687521838947,2891.17397502343,2070.61780516652,3948.14281539016,1816.14373515333,1238.43850178539
100,0.215,0.825,0.553075327915399,0.0957972524877735,239.123435652302,924.869251041088,141.877032223114,241.321481188715,250,1.24325369701853,1.41039314100827,1.25586254299136,1.55574491068092,1.95375637420875,1849.38399270827,549.430716394297,229.303323307815,469.557058933183,372.821156950096,0.812237186361177,0.571467584870045,0.986249334781257,1.1130774362905,1.21435914462255,4.64907803166071,3.62648997685862,1.60338007384434,3.01544974952291,3.52605578400565,317.473002682564,283.652055290536,180.980784130929,284.149799234301,250.331328945734,4834.60689762218,12226.0267997997,327.441573878465,1108.34595366961,740.392789217606
100,0.215,0.825,0.553075327915399,0.0957972524877735,239.123435652302,924.869251041088,141.877032223114,241.321481188715,250,1.33288132758968,1.46405312327427,1.10835462147905,1.5041762411695,1.0717797844228,808.023021901939,556.312562814318,215.970744431028,620.302700327887,1302.0744291368,0.900437885119898,0.671830189378015,0.802727628651151,0.92501442791992,0.870673885762342,2.57101950749994,2.96300524818595,1.34316370196544,9.75783531574068,1.4005610909663,404.095873656235,309.221618657506,165.341012952472,273.618854640856,527.516104343355,3824.1389543732,8122.23280821743,305.893955742023,2912.83575889308,4710.20770765931
100,0.215,0.825,0.356446462328954,0.140393708864946,478.246871304603,924.869251041088,192.551785564447,326.781948325596,500,1.27934942526697,1.01652296032617,1.22226349923473,1.10556209623939,1.08789991065479,736.276032508519,1697.66356644014,469.204989919428,850.593289858224,1157.83259846959,0.840206208972023,0.582962105114378,0.860868265331298,0.740222687497691,0.73579346751633,2.90627968657187,4.51324955717275,2.04577978943468,3.33384944509036,1.92010050267679,437.462775564266,455.450539687527,347.607864882986,440.160368128924,575.317921330977,2069.86907346424,21155.7008062489,901.602149853937,3583.98568940626,5879.45016674835
100,0.215,0.825,0.356446462328954,0.140393708864946,478.246871304603,924.869251041088,192.551785564447,326.781948325596,500,4.66372674605664,0.778867281490523,1.14302560528906,1.49518315968588,0.889018381015477,473.34644390603,3825.76770938139,389.066847313988,972.777968864764,1073.5093689239,0.786960654889306,0.27284470657196,0.927913540469094,1.01696829396678,0.601598071867284,17.0461649263429,1.94165382644749,1.42755523428824,5.73125460359272,1.22790385083661,361.975548769579,738.931847417136,290.617532482518,496.507785100051,552.901092629658,4578.42538782554,29795886.8359552,566.541172268417,4578.17575592025,4429.39742798632
100,0.215,0.825,0.257851105105913,0.163013034765382,717.370306956905,924.869251041088,216.991020822759,367.829941016634,750,0.996579529239709,1.83528761377963,0.864742597161976,1.16832850205904,0.9203844708214,2467.45622404494,661.82198897289,1465.76696497566,790.617009985575,1483.0693490085,0.428600910634096,1.06009028775138,0.598914839071918,0.857301995990979,0.701089959502143,2.85981923763365,14.9030072006679,1.35959327225908,1.71003448090727,1.23372179235343,718.650188699207,398.576793270339,670.418794880874,512.427011142252,725.457478158124,378458.483912699,1545.03109724373,6551.45635001158,1867.48824944291,5564.01476611039
100,0.215,0.825,0.257851105105913,0.163013034765382,717.370306956905,924.869251041088,216.991020822759,367.829941016634,750,0.980370113594393,1.07248979267451,0.938510175281028,1.39221352650099,1.30294356968517,1179.45971306549,727.047607336507,888.062150645162,412.811043342513,1015.98212210652,0.716772124048782,0.749589318013963,0.601415728264529,1.07614856161108,0.904350904938747,1.356997157309,1.48390159237456,1.31185744316885,1.91557119599201,2.06862038714119,541.280476301976,443.91977898455,483.187348544141,300.652602613031,524.417195535289,5528.5111814915,2416.08640696719,4976.60039370331,658.312610101402,3807.73551971183
100,0.215,0.825,0.199949825732212,0.176362016848044,956.493742609207,924.869251041088,231.101477737775,391.477054325248,1000,1.04144824694073,1.63683854339112,1.65142017145386,1.06792715783596,1.0101392678284,1392.20594042149,714.995937640762,675.073319926908,1147.72579887548,770.470194343554,0.559401912042648,0.779449484092738,0.700964906503351,0.562867370875658,0.602435547403422,1.80162743197948,2.81976483763905,2.53015046980734,1.71916669144908,1.56650731377135,614.439759195756,476.380863931077,452.184499803511,586.586136048344,468.203589831054,11836.9907097937,2440.97119677224,2756.82602513725,10359.0208692952,2157.69383248993
100,0.215,0.825,0.199949825732212,0.176362016848044,956.493742609207,924.869251041088,231.101477737775,391.477054325248,1000,1.14274034289738,1.1008456330461,0.796370650155131,1.14890274795271,0.752918121991676,787.606427287614,950.486727948753,1838.90561314508,1146.02980018773,3739.90286477721,0.610588910479602,0.685545229861141,0.402024058005588,0.755750787270926,0.483417297308132,2.25698300812122,1.71638040777862,1.5823806135773,2.03448830517388,3.32550078883058,474.801605892841,545.683224694917,732.063992204102,606.172228754151,964.506361322773,3036.4018106298,3770.18259518385,120168.382816301,4287.12908263772,45148.0394961365
100,0.215,0.825,0.162265605156944,0.185073900675987,1195.61717826151,924.869251041088,240.198467236649,406.701271141681,1250,2.01792990174001,0.977456444066171,1.04130313303201,0.794402301084117,1.00558217500488,657.341410718735,1449.26607309398,1712.79614549826,4338.90284064346,1169.47392907431,1.41215874549706,0.576616157733278,0.704044138789619,0.33941734891608,0.749605467673143,3.13787576642298,2.24902367231874,1.7828634260878,4.05325852457077,1.35947454580812,467.369256944888,648.738111248687,846.535606701067,595.472245698462,663.580737044712,1197.4318576745,11535.2900090703,9103.62433706631,3272980.51087241,2786.37959642229
100,0.215,0.825,0.162265605156944,0.185073900675987,1195.61717826151,924.869251041088,240.198467236649,406.701271141681,1250,1.2579130069706,0.967318531766686,1.06622928060821,0.73344415125214,1.64357231132217,844.35191257175,1801.66517234323,1457.98232175869,3555.09882732388,759.540096085329,0.954634922352923,0.496577494060703,0.720269955782975,0.398653602140509,1.15095566522348,2.04041122931015,1.67673673826757,3.85037822646843,2.95890964434986,2.64285525432617,552.818882990928,789.802684391385,601.288567556043,547.577386481892,511.51741083622,1929.83809472863,20349.3240175815,6589.19805076257,78465.7698076246,1557.34925671392
100,0.215,0.825,0.1359512118419,0.191167880250941,1434.74061391381,924.869251041088,246.512720866686,417.258528720743,1500,1.65645726961544,1.28918213307396,1.71586059965435,0.996725733801367,1.11695135014972,662.355139420561,894.963137892243,790.490528712646,1125.074080892,1535.62244349905,1.30627737558392,0.843882324081174,1.21564595351836,0.644839814178926,0.761837603685094,2.22388861561358,2.61256616069816,4.71341938171614,1.54083452009036,1.45689751086592,483.150813324409,556.50646348685,492.858056690409,608.415291002824,760.932704821664,1166.02287543261,2717.8724870702,1912.14094553028,5963.32864423823,5818.83568111104
100,0.215,0.825,0.1359512118419,0.191167880250941,1434.74061391381,924.869251041088,246.512720866686,417.258528720743,1500,1.12714222078014,0.800455503029618,2.14098709710119,1.32657462515297,1.56704251670716,1059.75240491502,2540.55757264612,796.255781778345,759.474390428723,666.104492450457,0.702923187262207,0.332685907698971,1.24497766413059,1.02940252217713,0.997878541828145,1.64164258814938,1.33029091967101,5.54642281054929,1.86246909515681,2.2902369158713,607.881100162591,941.879470532408,494.67830000163,506.083223834785,463.410079032021,4718.79927690787,381265.747862915,2625.6757405193,1383.81343871511,1442.87997492239
100,0.215,0.825,0.116617315361724,0.195650660072703,1673.86404956611,924.869251041088,251.132776990115,424.977968864722,1750,1.12310539980468,1.21842560111244,1.24052994754111,1.16968114040388,1.53569021693323,769.223157096691,810.252540792605,2466.00141423319,928.262875445957,844.197176365883,0.818694205480295,0.814261537308618,0.822543837169759,0.63233706599436,0.815941004530142,1.71799487456527,1.77620936338538,4.95887303887267,3.17146522727284,3.9793822397875,474.229584661813,517.036804102182,549.60309595712,515.51994049158,501.8348829195,1674.83739630903,1990.91676452528,7974.70377767263,4858.39732780423,3523.64142348828
100,0.215,0.825,0.116617315361724,0.195650660072703,1673.86404956611,924.869251041088,251.132776990115,424.977968864722,1750,2.26440684238875,0.891873070811774,1.58102437469967,1.17484270779752,1.0988331459815,803.612511172416,4672.62303459091,1011.59680696695,632.216144978384,1533.56615640841,0.864920536394509,0.477389325032418,0.978414989963286,0.811657214059042,0.570785596855195,12.5421624355607,3.40739153923003,2.53561254430548,1.67627865481639,2.32645043731127,503.19887714499,914.125094427622,617.62645484502,448.638942919604,670.132533941592,4662.25839367608,33863.9502838797,3783.17302292242,1127.55196677835,13228.5702531974
100,0.215,0.825,0.553075327915399,0.0957972524877735,239.123435652302,924.869251041088,141.877032223114,241.321481188715,250,2.63924628445667,1.23884737725322,1.35061773303564,1.16489425056339,1.49519989567458,537.377565969499,793.057900090302,245.578844054938,846.980412812878,656.925196514622,1.58638663952387,0.86069283204312,1.04282231753745,0.555860106293289,0.904135398588045,7.32959196471749,3.94181944441855,1.65711945954994,2.93387914603552,3.81447766015492,320.210028212697,379.884139894899,191.731987919614,370.311407355858,352.819705852696,2014.81460998845,3780.11024377533,324.145024183644,13094.7263633519,2436.06682838049
100,0.215,0.825,0.553075327915399,0.0957972524877735,239.123435652302,924.869251041088,141.877032223114,241.321481188715,250,2.66774345613928,0.882762458063626,1.10391632558998,0.898508678088479,0.817094566002317,357.909963056296,1693.71966334722,216.975503246441,2620.29991550976,1464.5951412153,0.935113785713231,0.488652691230928,0.854331191276793,0.386279273024466,0.409215177831873,4.0694280694378,5.50987680638304,1.44554449478313,4.0510486187111,2.55728583407471,261.739703944484,342.632827760781,167.819804639073,338.778107113283,361.052864655236,1050.59513362122,35377.7311557764,303.384694959967,240251.261811121,59985.9080390578
100,0.215,0.825,0.356446462328954,0.140393708864946,478.246871304603,924.869251041088,192.551785564447,326.781948325596,500,1.35013841694733,0.764147898980275,0.965700900886492,1.58951162279205,1.46195740145403,828.734125305764,4173.32449489813,529.282142536335,779.219728612913,638.469314144071,0.54770179993029,0.281938851322736,0.61042516404555,1.05263810490299,0.544339454049167,2.90090085000167,2.20526631719126,1.5260374999986,7.78781439158721,2.40687718237606,454.780315033922,521.560958997546,346.016249707304,454.191310467151,413.022477047796,15966.8687803701,12750302.5700338,1360.65545292565,3465.28461404422,4673.38438987249
100,0.215,0.825,0.356446462328954,0.140393708864946,478.246871304603,924.869251041088,192.551785564447,326.781948325596,500,1.58515699885919,0.868651168793684,1.24754911198201,1.36436314314487,1.14802031261376,1109.91877621673,1135.26597018858,675.802918495317,779.443109517296,853.83849371759,0.842149867301639,0.536786084692926,0.915965082707538,1.0121740059138,0.740169945266809,10.5504321744169,2.32026727873536,1.87279614074955,2.61527006960719,1.93520665033051,362.144320338605,450.625334938347,445.820968217921,470.880911306793,500.107931390017,7582.41436182429,6625.21249933961,1671.4836418526,1857.56820617853,3168.61444586865
100,0.215,0.825,0.257851105105913,0.163013034765382,717.370306956905,924.869251041088,216.991020822759,367.829941016634,750,1.35423259931706,1.03049430613134,1.40915411478497,1.49060071395024,2.22463785521635,518.185089113462,1162.2213906978,612.189030159674,617.906019346166,521.719143238903,0.871715699585331,0.376161950753337,0.591416091182159,0.731238556734363,0.691837813073373,1.90857374412795,1.67360832328523,2.43429307316692,2.46884481417199,8.25370313448138,365.055668121413,601.310333968426,399.496809555776,400.173066833742,379.082914493524,1045.23708367707,125994.522141658,5497.8372100439,2479.72784093454,5796.78830675426
100,0.215,0.825,0.257851105105913,0.163013034765382,717.370306956905,924.869251041088,216.991020822759,367.829941016634,750,1.09722167866426,0.783023046153412,1.35482479155151,0.72292913847854,1.27925707420298,774.564196021653,1999.01592412662,594.01180247565,3239.20486021103,764.604932505557,0.776084331403856,0.555932919622687,0.760377539317733,0.355802692694613,0.91279231595332,1.6415476591748,1.23318810446151,2.33585721733545,2.80687461323626,1.89315212268437,471.966474147678,747.450314214683,410.704257942886,573.69939175274,465.913119915473,2235.48271092926,10078.2463281484,1482.74506406533,395361.16506423,1833.89321781621
100,0.215,0.825,0.199949825732212,0.176362016848044,956.493742609207,924.869251041088,231.101477737775,391.477054325248,1000,1.48093357512445,1.00423137582604,1.13496019419177,1.37162856660326,1.03144769796492,838.069242602115,1188.86197673578,1077.42270559551,912.708682567675,1291.94788272868,0.943567151734179,0.831760145971811,0.922244713110803,0.982710972921561,0.790970106395422,3.35174683044617,1.38048119433382,1.56214671098,2.2262591359548,1.42946915899025,521.494113742858,642.414503970542,590.875859187679,566.371409931226,661.789518460487,2677.02816711368,3263.88586957804,2474.99674502355,2239.06865096951,3744.89042578068
100,0.215,0.825,0.199949825732212,0.176362016848044,956.493742609207,924.869251041088,231.101477737775,391.477054325248,1000,3.57687887320445,0.964187307340013,1.45357721947439,1.53367573483157,0.996897164653651,473.745590153734,1466.94743701757,581.854892405527,680.831339537804,1273.00409081738,1.92567625257419,0.435034303932615,0.901079011528823,0.776045940850518,0.707494716226606,15.6553210522736,2.41086394694634,2.56778734591331,3.21616702788217,1.42981555857387,398.711384267936,547.790727274407,421.297028714722,445.9406336811,718.962210897285,764.228064059631,37009.3303129629,1397.26134288247,2860.15623610635,5415.90441873018
100,0.215,0.825,0.162265605156944,0.185073900675987,1195.61717826151,924.869251041088,240.198467236649,406.701271141681,1250,1.16445214119729,1.97049138022775,0.864890984718734,1.33422745517374,0.912621537074999,1685.49151292972,551.14124683368,1362.11004870017,715.003162627566,1816.63125084967,0.731513106909986,1.26398097592956,0.593001231745427,1.00237806183874,0.584016848704324,1.91218968598797,2.99827279096218,1.75400505140629,1.88177931282585,2.31002867123662,735.405872930159,428.473018158818,637.464625757221,490.137599765045,677.224183000545,8326.94713326367,939.866577106859,5602.88883470405,1408.77583905273,17967.2307221127
100,0.215,0.825,0.162265605156944,0.185073900675987,1195.61717826151,924.869251041088,240.198467236649,406.701271141681,1250,1.11125370111406,0.736244632390373,0.959767949277822,1.48343117662795,0.942857998747988,1625.05237243447,3291.84250127151,2036.73626224713,791.696446952638,1302.65947476367,0.622826804128576,0.398115160244729,0.457234873107008,0.712198757578243,0.614331843275263,1.70084504028021,1.52651696263257,2.25625578745462,2.38620169534535,1.46435714545735,782.646947532304,875.870527634677,728.418766217423,520.711997297086,688.953131716654,9545.55400441281,120140.739267887,83846.7987967771,3007.75764110464,6684.3975367331
100,0.215,0.825,0.1359512118419,0.191167880250941,1434.74061391381,924.869251041088,246.512720866686,417.258528720743,1500,0.827550519723435,1.78833280642686,1.15498712985552,0.946691979142002,1.87594661278796,3837.75649622115,522.084204320438,1926.4383017402,1070.06738406895,919.734636276204,0.628118910286387,1.25692316373679,0.564665611861781,0.612383252939163,0.725160047028151,1.1860927286754,2.58570305445516,4.27332213823711,1.44575280232619,4.47955539267959,1285.47637634839,413.587578190254,566.099844655211,595.564791207634,540.383837315672,20107.1923822851,838.731212875419,42966.4710240881,3218.11766454477,6039.07285419293
100,0.215,0.825,0.1359512118419,0.191167880250941,1434.74061391381,924.869251041088,246.512720866686,417.258528720743,1500,1.13074396004268,1.81840992050809,0.912974936914459,0.964925083705296,1.37958429565685,1456.74125371657,611.740932488411,1385.52427437847,2245.09752458153,825.724321850764,0.499538030687913,1.13862535846408,0.427120032851131,0.485835099467183,0.790293703795526,2.14246964271531,2.81505929431177,2.29415463010884,2.12513049896249,2.68101683158601,694.059618837216,446.714617905085,605.1103882881,765.969819063913,543.687792482721,20747.656196584,1150.29424204561,60701.6928114723,35717.5050106388,2650.67615217066
100,0.215,0.825,0.116617315361724,0.195650660072703,1673.86404956611,924.869251041088,251.132776990115,424.977968864722,1750,0.983157983673958,1.15337815066072,1.05703549028651,1.20083587085183,1.52280198376628,1380.7741315368,570.244061939447,5661.82263740069,870.376219493631,625.382689549261,0.595557371703308,0.880074188750935,0.736868711196192,0.686127954903778,1.19807454868124,1.84538116901618,1.56029023103975,4.22182742239613,1.86690830884377,1.95802413486222,630.193606598564,411.535722187337,642.793767465266,524.70395134177,433.072861380615,10217.1069342356,1021.60403748714,13633.6840812705,3238.50755237504,1016.71259769659
100,0.215,0.825,0.116617315361724,0.195650660072703,1673.86404956611,924.869251041088,251.132776990115,424.977968864722,1750,1.70267261185856,1.33329362581919,0.874465017054338,1.936254179967,0.936060147553047,625.053743200815,1095.2276542141,1852.37929725064,840.624274171701,780.988788047279,1.03290716271159,0.942273711177425,0.65508524724062,1.29301477299731,0.65060684654369,2.7509408016559,2.49287000376242,1.21974723295177,4.88195795548899,1.25415985254996,456.287515430269,636.752050009687,779.859588942393,534.687283848828,494.788825213506,1455.23661508489,3852.48473459508,7950.27413621379,2900.56898927992,1706.3908417075
100,0.215,0.825,0.553075327915399,0.0957972524877735,239.123435652302,924.869251041088,141.877032223114,241.321481188715,250,2.65456567138306,0.954905499034544,1.26288892428355,1.2128153464101,1.62717095703245,539.092463807876,1254.21180269088,202.057392317513,1245.8247994096,649.907054754461,1.04015652089242,0.59676375130808,0.99755912218595,0.661366333775925,0.910063244274539,11.3784200117232,1.3908847319442,1.67067570136918,3.38239983415294,4.61631112699616,269.949244650657,509.512174629973,165.201680611457,364.462174384235,309.245543568204,1886.890775373,9667.92524926485,261.539755342491,12404.2494196036,3721.46946203109
100,0.215,0.825,0.553075327915399,0.0957972524877735,239.123435652302,924.869251041088,141.877032223114,241.321481188715,250,2.15074108651608,0.973127218654811,1.10994568962629,2.47078561975203,0.635632495647361,657.265438780606,1060.9610712386,187.600908655989,430.267743323197,9899.37198481684,0.876980345532037,0.564647686214884,0.869408013210128,1.38655167078572,0.360127049856746,6.40242591338237,1.60588769292652,1.38305093678276,61.2308924649893,3.08378662621966,372.913484224377,449.315793842663,148.862817842696,254.492817875515,474.03887356503,13164.1566585791,9216.09168594912,247.132559016612,1741.39655982449,2285882.06375456
100,0.215,0.825,0.356446462328954,0.140393708864946,478.246871304603,924.869251041088,192.551785564447,326.781948325596,500,3.00220403914454,0.944653940182696,1.46245078964811,1.71730602669893,0.75115892677622,455.864078119537,1431.09945677846,403.61489228546,1102.56285758889,2406.67791312972,1.96478042255651,0.516610987043665,0.884977640271912,0.596340132571207,0.472359276817633,5.74139735199487,2.36350568209789,2.11671148130962,5.08232644846188,1.44386588020683,367.689113335386,511.540753932213,309.710103379128,583.499783162893,630.528428364193,680.915141321293,16377.402328577,627.800231513658,11232.6584451195,24088.1054003967
100,0.215,0.825,0.356446462328954,0.140393708864946,478.246871304603,924.869251041088,192.551785564447,326.781948325596,500,1.79048426194578,1.44476879253696,1.0458535842856,6.13801378053432,1.14012919930003,602.482833681856,661.606241677163,386.427142632978,3595.64845878904,1197.80686327352,0.88470354916106,0.587903685613949,0.686843699537799,6.09537127583956,0.66239304789695,5.71846403321322,2.33782882764411,1.42458450917186,6.13822504417177,2.8514523792406,395.15594895801,417.7384856153,291.627265715695,3584.95109188411,475.062670535195,2598.53289555257,3443.40817911498,721.789464286964,3595.70018934252,20238.0591065547
100,0.215,0.825,0.257851105105913,0.163013034765382,717.370306956905,924.869251041088,216.991020822759,367.829941016634,750,1.35536627129535,1.64400794628151,2.42650763915013,0.56659026069072,1.25149540172067,1053.88510152856,497.009419314321,456.10939652311,6657.13326365005,723.463708231802,0.563180458503811,0.890732097859243,1.20554620517196,0.321634435427413,0.648798313475941,3.03849615067384,2.91897220723861,4.42508332690355,1.37952174434945,2.40056901804963,478.772327340786,375.835026733683,366.681441885271,858.750684073196,467.67907240286,23059.9770900436,1189.23925049781,742.155352421819,1090470.55127749,2604.92442173227
100,0.215,0.825,0.257851105105913,0.163013034765382,717.370306956905,924.869251041088,216.991020822759,367.829941016634,750,1.38987463584354,1.00799206126398,1.31184374064467,1.67392129241356,1.24399866995168,921.058631734804,1153.15585276595,744.231289465051,747.781803669765,807.530171836239,0.534029653209962,0.711239184532166,0.650596202694479,1.08904064927843,0.708479414032194,2.60694203182925,1.64983905350832,2.09060677362579,6.88707913977651,1.94760674031182,494.431595424807,567.802357204489,475.907525034157,449.444802427215,502.199995936777,17352.110461962,5158.85941166348,3640.01184948714,2557.79917933667,3967.3605446982
100,0.215,0.825,0.199949825732212,0.176362016848044,956.493742609207,924.869251041088,231.101477737775,391.477054325248,1000,1.61951719501131,1.62670630548287,1.13834645642746,1.19362064326491,0.919539594439388,666.173874611496,946.066568151402,917.526118700218,1008.26576643881,1097.74361918523,1.13989822679633,0.878460115909377,0.801395025804885,0.817864356044852,0.663103689174949,2.69685313832686,3.270480713596,1.55340250723676,1.72791104993333,1.415968296679,479.73093745361,558.382264425149,557.72821496054,555.307376303944,623.421586561736,1540.38837955608,3533.7503047754,2429.16336751889,3198.76725464843,3805.48884611378
100,0.215,0.825,0.199949825732212,0.176362016848044,956.493742609207,924.869251041088,231.101477737775,391.477054325248,1000,1.35517207439274,1.15425453508137,1.17808958553178,1.65311459628472,1.06850279243427,857.070708669687,862.863822853563,1090.61883833536,649.348935963839,1018.00815738135,0.853483178593654,0.85893400514564,0.822484359431627,1.18673568719451,0.776108771065279,2.92471792890649,1.76028019503448,4.22481807305405,2.78923941625782,1.48577584282197,507.109199215257,510.071577916318,561.179950249733,456.412974318674,605.322300132943,2893.38291424061,2921.15320759359,4001.02602565919,1256.30597313266,3412.12159594745
100,0.215,0.825,0.162265605156944,0.185073900675987,1195.61717826151,924.869251041088,240.198467236649,406.701271141681,1250,1.64379309731029,1.09658314196764,1.68861539771576,1.60861718619547,1.09934693876718,2514.91986247182,1725.55732814396,700.741990337993,640.49825579725,913.864014493393,1.24798074486607,0.429105676735216,1.20994665237215,1.21558219279895,0.712504136373596,5.58905732440317,2.29016800513394,2.61665420670976,2.1525147744563,1.51115577334567,777.406882193327,734.133406256925,508.576730628753,465.35153197485,583.488420684382,6252.13849343851,170168.912535985,1412.40430017202,1126.2486591706,2946.05294231879
100,0.215,0.825,0.162265605156944,0.185073900675987,1195.61717826151,924.869251041088,240.198467236649,406.701271141681,1250,1.18133893514731,1.26411464168951,1.3288469368672,1.75881643044605,1.00283392820112,1263.87455939697,680.512925140705,1379.89923364359,674.96937674572,1141.74016217388,0.46152494438863,0.745705037213146,0.751119563186161,0.840689543730253,0.466659738346066,2.524866656855,2.58432282006282,3.94499246678473,3.00784342182089,1.6925430536064,602.335987481152,454.2145960498,558.297184980352,478.356250243374,598.014010823245,47091.5582072655,1842.17085679482,9685.15376262508,1901.49908433928,12031.0720946627
100,0.215,0.825,0.1359512118419,0.191167880250941,1434.74061391381,924.869251041088,246.512720866686,417.258528720743,1500,2.87269185169016,0.965532726965078,1.1977085580179,0.928793447994867,1.16357202526023,746.796176560107,1229.12371737881,1131.25991742863,1087.84884641495,716.46794708101,1.58037455098935,0.62206270376833,0.828209173147003,0.678708512658589,0.837832776497373,8.05547153018868,1.61678443803718,1.77346001576909,1.22302291163486,1.62843241620834,498.815590827855,610.74528251474,652.140883787015,633.233420003705,472.710650055409,2445.72303867566,5962.28492162473,4165.10996676698,3642.1644943245,1458.37250702894
100,0.215,0.825,0.1359512118419,0.191167880250941,1434.74061391381,924.869251041088,246.512720866686,417.258528720743,1500,0.79986738929962,1.23061488804564,1.3720147044147,1.91685610261764,1.34719707293363,3383.333708844,713.75756778705,996.055502979654,729.60758603077,1034.57972255827,0.510427881805275,0.767538180592892,0.5129708579185,1.37340234769398,0.841558550485975,1.95158046916661,2.10876604346191,2.95090151465917,3.00513872831289,4.17120362465745,920.313499064382,468.150818191563,537.437734455065,530.399001785012,553.809529194385,60292.2706895152,1725.26798099236,21535.8581630465,1409.56489017002,4367.40173130066
100,0.215,0.825,0.116617315361724,0.195650660072703,1673.86404956611,924.869251041088,251.132776990115,424.977968864722,1750,1.0557996584677,0.952858259213484,0.868312295964145,1.14400954532836,2.33513850950712,988.339506462792,892.010443382787,3940.74570814821,945.585312353312,717.160336464089,0.849785345529767,0.713669773692691,0.578442285151916,0.633536692753432,0.566799677426393,1.39983570728598,1.37210977265455,1.34458547228873,2.1872208143122,17.4981233274372,562.285376185884,540.771732920705,1236.30515317701,556.684572220543,451.269665442319,1896.8257046573,2091.73459457431,22945.2771037259,4638.74363640887,13816.0355674824
100,0.215,0.825,0.116617315361724,0.195650660072703,1673.86404956611,924.869251041088,251.132776990115,424.977968864722,1750,1.07443086558529,1.41486707253368,1.21745401925306,0.953902131500573,1.06816950728283,1455.85013727153,783.777703664676,1646.52966691239,714.961382367244,1063.77567206596,0.546236812934494,0.892463988660398,0.620985583712501,0.684626491907516,0.685908011620627,2.57746611189082,2.42736746534102,5.73150389130601,1.32137416146371,2.48820960422308,563.181999193424,514.871920911894,505.95795201626,468.216053349324,583.149097851505,21888.576566239,2402.40408733149,35542.8658023313,1684.55409276245,3778.13000794205
100,0.215,0.825,0.553075327915399,0.0957972524877735,239.123435652302,924.869251041088,141.877032223114,241.321481188715,250,1.34366463745643,1.5835435677976,1.06138038908976,1.6845696251727,1.26975859233679,671.42496260343,982.341298478602,230.676119303634,456.074700518146,1014.69790001708,0.775822970420816,0.341276559045363,0.786618703813126,1.04177478397069,0.926511605275569,2.59298349544996,5.97169195868269,1.44430935445181,5.9378809316189,1.69372853972341,339.671322022073,282.141047592106,182.702140796424,278.270145159581,494.449535669902,3575.06977743567,186206.992127948,367.070067500805,1510.8799851905,4503.89148852409
100,0.215,0.825,0.553075327915399,0.0957972524877735,239.123435652302,924.869251041088,141.877032223114,241.321481188715,250,1.20730109258572,1.35353022473868,1.32673249151479,0.698266282208588,0.754301455804245,468.430254535144,1011.66655122032,265.842775199597,2399.53220997707,2133.38090250723,0.833988494721671,0.742063992410724,1.02668440915349,0.442386564120517,0.485672656593038,2.10337466481423,8.44279880519971,1.73630249835099,1.28559941862072,3.03546481869509,297.567593106769,295.346941215166,205.085315197703,601.688307548887,528.084039328833,1173.43914640616,5659.30147740859,387.161389440567,55423.8097172025,51818.7732913856
100,0.215,0.825,0.356446462328954,0.140393708864946,478.246871304603,924.869251041088,192.551785564447,326.781948325596,500,1.01119349868356,1.3943951951239,0.82034507874919,1.4916980720421,1.1432151145255,1102.69259730093,817.097096689946,736.886718057804,661.016623240729,1625.67917312185,0.643805854089485,0.802783515185711,0.563811664590764,0.697231329425164,0.430421987683823,2.03607614403869,2.73957040930428,1.10678339589652,3.19933163127127,4.66919662636833,530.269808541537,467.002379916645,450.548066422359,418.109272179179,549.776322394947,5444.86447424582,3981.42981101201,2002.15457890606,2673.5319072652,52182.8352858526
100,0.215,0.825,0.356446462328954,0.140393708864946,478.246871304603,924.869251041088,192.551785564447,326.781948325596,500,1.22609449385542,1.19706332188647,0.949894859843039,1.30960735996482,1.37146893845841,1090.84086460318,788.920689269129,613.54944293735,1031.92678431142,844.378772364416,0.629926441000996,0.812037362756599,0.570209591436958,0.503371937095731,1.040173130102,5.1340256578247,2.02436773133604,1.40275565708661,3.76416682253461,1.95252164779587,498.410443115008,468.002742568293,406.014636596844,448.068249565726,508.963956068077,10748.5063314729,1983.32280677371,2093.87185526033,43214.400595045,2705.08064474949
100,0.215,0.825,0.257851105105913,0.163013034765382,717.370306956905,924.869251041088,216.991020822759,367.829941016634,750,1.63946572609568,0.921211481270478,1.0533455693786,2.54217053040706,0.965442866048673,604.922181216178,1230.77103718727,1070.13113839549,442.658929369349,596.471405642809,0.940270709585566,0.575875277172847,0.682599683665448,1.59901648347913,0.79116041896991,3.4692535883573,1.24278320458819,1.96618311970072,4.33967622913911,1.21443104119246,396.440609549888,556.867595504353,524.178236897708,361.132991649257,365.627822808315,2131.96803805357,6490.63552502188,5532.39704555246,675.134901420888,1161.44524576392
100,0.215,0.825,0.257851105105913,0.163013034765382,717.370306956905,924.869251041088,216.991020822759,367.829941016634,750,1.19124978842306,1.45636283596094,1.31245648334774,0.773351686301671,1.37624224089059,1076.50838862865,727.002564233111,687.097661158136,2453.93349083163,1086.16723446961,0.525681900751369,0.982945793977462,0.958183067650208,0.419780011256968,0.922157338175186,2.04478615782061,2.22180188413051,1.81518431286702,1.30295092696757,5.95221753665785,594.740738915155,477.246353299836,469.859770395163,836.488405744312,524.96102139075,10082.5859964792,1698.45861754208,1559.99248485037,98828.8813780412,4382.03179581666
100,0.215,0.825,0.199949825732212,0.176362016848044,956.493742609207,924.869251041088,231.101477737775,391.477054325248,1000,1.88672608900007,0.85307987927654,1.03275720056076,1.33753698705794,1.92227376443157,634.823432065331,5155.0572619164,1237.94294028733,716.959599918025,773.436099168404,1.11076125987285,0.526561024043343,0.482528133007548,0.954528558601127,1.1980549222017,3.40551523658291,1.23545443544434,1.60986807934967,1.9031818339832,4.69309101366666,466.814072872994,1576.52612504597,683.742641745794,494.005562868696,499.471195377544,1330.08558230779,57350.1906484068,10408.0512376596,1543.19180451212,2347.22500270005
100,0.215,0.825,0.199949825732212,0.176362016848044,956.493742609207,924.869251041088,231.101477737775,391.477054325248,1000,1.14457417909704,1.35322410674059,1.44788137208336,1.3111084475039,1.00281588789627,1181.96139492568,604.418929867196,679.736667250775,734.054781901214,896.792423645664,0.720053666227748,0.951813353669072,0.735325207127753,0.936361635987982,0.763530341837365,2.71956334916421,1.96262437874014,2.62180006867956,1.9244252237478,1.41799741007634,544.135535818026,416.913401969229,444.236051761337,470.754655009096,507.890501101935,6083.14751459265,1137.92061742285,2933.66477301237,1818.41572586361,2137.75517490899
100,0.215,0.825,0.162265605156944,0.185073900675987,1195.61717826151,924.869251041088,240.198467236649,406.701271141681,1250,2.09135406496597,1.32812838893733,0.88972180928027,1.32672987062939,0.777627652647993,789.281189510933,641.037083778852,1557.43787354861,1150.84810499695,1814.88029050835,1.09799258813311,0.63586050044559,0.487098543249327,0.767761726691658,0.541844868694331,7.34980036130043,2.23172147253712,1.47146663012326,3.48432589885498,1.20756205958535,486.941750596024,455.233685672128,747.124397653709,557.029816258793,769.286725080693,2849.80624120377,2120.19893117098,25166.7991076502,9005.37575179561,10779.9525359157
100,0.215,0.825,0.162265605156944,0.185073900675987,1195.61717826151,924.869251041088,240.198467236649,406.701271141681,1250,0.625224940906809,1.22640798260158,1.69918823247619,1.39878748182218,1.64036235612909,9664.21479054842,1046.94048644561,761.724498125305,621.33705059359,640.491638889063,0.397835271925017,0.786832974993032,0.865581473150448,0.897556227408775,1.2217900500288,5.05088759058304,2.14617073393922,3.14510181679415,2.31569879831597,2.18082685409324,488.597819651754,582.901686792274,506.995757400662,445.486550054812,461.851116383911,1107155.95571785,4916.64341301527,2403.22432549812,1256.79578301492,1337.61006960419
100,0.215,0.825,0.1359512118419,0.191167880250941,1434.74061391381,924.869251041088,246.512720866686,417.258528720743,1500,1.64776218394239,1.26577244696341,1.42910637193306,0.957169792853812,0.98597342324022,818.98433261526,905.898199066946,1631.46968526798,935.595997077366,978.455785701249,1.18192293116224,0.846447893472043,0.285293117129731,0.294328135330358,0.563649645246989,2.74696573165517,2.14036443064048,5.18097128275072,1.46433161915326,1.4893258589564,516.753009009664,538.358367527103,707.509518769353,534.610195653141,537.711011199987,2120.9619842704,5491.29797331853,2303956.74921462,135713.310133931,5001.48633403735
100,0.215,0.825,0.1359512118419,0.191167880250941,1434.74061391381,924.869251041088,246.512720866686,417.258528720743,1500,1.17084488492883,1.2731773185598,1.21836428778494,1.18730147788705,1.56166020250525,1147.3970729631,637.583107943999,1360.15419362739,678.414417365203,1142.0597993672,0.681741703334983,0.849863260172035,0.762122247500711,0.707295117282888,1.10050800893831,2.09681304046326,2.00366841184666,2.34469720008957,1.6913670795451,5.93317268315587,638.255044185565,445.78048764188,640.102154284899,461.417029847139,587.980965364322,9387.62395536931,1267.20374227585,8382.9587527912,1844.38034095621,3895.15363460801
100,0.215,0.825,0.116617315361724,0.195650660072703,1673.86404956611,924.869251041088,251.132776990115,424.977968864722,1750,1.11517782278756,0.75618170491473,0.945840823114251,1.91794532943398,1.46174795560883,1296.13784545804,4257.50277940836,1300.46588272743,741.149332685857,750.776950929743,0.567483001508716,0.436189818733058,0.628474995902076,0.657671759470482,0.662037932809651,1.83144930421676,1.65429156615865,1.62124947381656,5.12954739107134,3.16010858825128,684.676308556048,876.220141868169,684.207162556074,492.088502375712,494.995641279242,17790.0065388121,86679.8174407774,6521.85706293603,5234.28501898332,4588.22077869746
100,0.215,0.825,0.116617315361724,0.195650660072703,1673.86404956611,924.869251041088,251.132776990115,424.977968864722,1750,1.42333150861456,1.03536823434033,1.16517307126292,1.37207495698924,1.60028820687154,822.995563120716,832.987120827989,1197.65226917752,592.964607752328,548.869712498667,0.550995757924553,0.686756085487546,0.660310436242522,1.0151622651636,1.29728664099131,2.38646882913883,1.51399546151039,2.01375225937273,1.91326018195,2.13166611331319,500.338388704463,486.708817860228,609.713655521945,418.974979907811,400.86201402984,7758.58955599923,2617.77496242896,7931.04122685504,1171.18873070999,950.02330201706
100,0.215,0.825,0.553075327915399,0.0957972524877735,239.123435652302,924.869251041088,141.877032223114,241.321481188715,250,2.15848177078371,1.69246433443549,0.947526261501998,1.20945122738543,1.44235948371863,373.803841257557,604.21558891056,256.755103716102,996.395644906016,771.944379700315,1.11085234035271,0.709947985773737,0.656948854417547,0.479282134133024,0.787097760790823,10.0951190213633,15.9204199512258,1.25806037118575,2.74042965745409,5.20610349358023,254.250380523396,256.497170301708,188.598336646473,369.049103145671,351.959558953573,1177.71553013242,4250.13965642333,417.375719230158,14040.6709628284,3117.74964070048
100,0.215,0.825,0.553075327915399,0.0957972524877735,239.123435652302,924.869251041088,141.877032223114,241.321481188715,250,1.0024784888275,1.04357176177999,1.29131066551228,4.29329740773447,1.17589978920009,2106.64739139439,805.293803198191,205.366730902666,298.420690566638,868.866462664145,0.491934527305808,0.689104456394775,1.04382361943985,0.746761430750762,0.732211912667062,4.69971976083612,1.68448238000358,1.61273809970153,9.32859650446446,3.46145165341229,299.722047607866,403.033314435513,163.903061142513,247.821018290786,368.421373788197,56673.7534620645,4402.86209137594,265.433519524615,1111.43797706922,4213.1757727155
100,0.215,0.825,0.356446462328954,0.140393708864946,478.246871304603,924.869251041088,192.551785564447,326.781948325596,500,1.98030518832278,1.19054051529028,1.10293278465655,1.26219244749437,1.2005924758823,512.923579756324,759.813420528239,524.213774343515,888.746330887122,639.899117785762,1.2561047612611,0.774184130105899,0.716398423212808,0.655022610004167,0.719970361008804,4.1280215166107,2.52290459959405,1.66369593024018,2.12903275005937,2.04312476625244,364.871744852673,421.112917548893,355.066650755433,451.307223537297,409.230502215773,1362.53072379051,3389.57739330453,1308.25507498067,6144.05975004867,2980.83502357483
100,0.215,0.825,0.356446462328954,0.140393708864946,478.246871304603,924.869251041088,192.551785564447,326.781948325596,500,1.42754803796072,1.51261169136468,1.25915321705162,1.73105304497268,1.10588688305975,706.429863690692,467.530448153714,461.080214759117,548.691560862589,958.053502289409,1.09473369500779,1.02664392612453,0.996123876088835,1.2694867164401,0.618881880447852,6.00777239440648,4.30432918292188,1.7331683045327,2.69317004772658,1.83125480461125,371.388945052861,340.14502240636,329.508659487162,376.099264863879,490.876751558213,2537.792515518,1081.31695159504,940.921712379357,1147.70433644557,9134.20221100584
100,0.215,0.825,0.257851105105913,0.163013034765382,717.370306956905,924.869251041088,216.991020822759,367.829941016634,750,0.942910248940629,1.06049347954163,0.937551569552387,1.25366241559313,1.18095855800462,2073.02817223954,841.746840054412,763.161243259753,589.372268274792,1139.4406290256,0.451716061788244,0.659709451869992,0.72188453639609,0.951837013796861,0.787586931978897,1.77090187851485,1.70180353779379,1.29697345223982,1.63277964099354,2.14863944334089,705.258915519646,482.190012409964,453.901410123567,393.416488247878,543.365343227497,119175.805554892,3113.13484118685,1996.18157339007,1170.492604158,5744.9587915858
100,0.215,0.825,0.257851105105913,0.163013034765382,717.370306956905,924.869251041088,216.991020822759,367.829941016634,750,1.38940699630213,1.05758989837337,1.59072522778862,1.20249053353785,1.12684177687349,1650.80175760911,1059.65074959429,395.488515936443,897.063963606916,1185.89985404481,0.581015477341447,0.720375655196298,1.22223280783332,0.884835529968726,0.725775012995419,8.35432254981301,1.79246471486852,2.07945439882958,1.68047789644863,2.50036638837808,415.072416690317,556.090892859836,317.125099983427,529.452379889524,573.971137044792,22743.3743319017,3718.7523865065,538.258489257004,2216.78120300553,7492.84247475549
100,0.215,0.825,0.199949825732212,0.176362016848044,956.493742609207,924.869251041088,231.101477737775,391.477054325248,1000,1.78916287867169,0.941535083822779,1.2885855121754,0.850143171459452,2.50300905464782,680.446929169963,730.729108351706,1036.55241312851,1897.10238963492,585.183168031817,1.23753715628967,0.658848057745529,0.561745901507619,0.588599031472507,1.49149546775698,3.10305949733412,1.53894241558145,2.46826461711807,1.14412457332799,6.25538072542068,449.609288573818,446.19853242245,541.473365863925,800.576754408306,441.100646350045,1375.36740299085,1768.54022943647,7652.73281642837,10391.5963881221,1372.31703988086
100,0.215,0.825,0.199949825732212,0.176362016848044,956.493742609207,924.869251041088,231.101477737775,391.477054325248,1000,1.73167256286088,1.35135071389361,0.951489707646763,0.918576930137837,1.33739270529899,750.522011695845,1021.40818839543,1055.58817297542,1359.15149071551,816.754294299899,1.241394417188,0.920769700258147,0.689811639730043,0.586530439320545,0.993991948637318,3.12833099828044,6.41969910849662,1.28790689059138,1.29838851378491,2.13028236703652,491.065548954188,477.776655524697,608.551387319398,673.321316273272,518.561628688527,1924.12414506081,4433.1594084686,3308.34017772042,7205.79497603267,3180.32129209262
100,0.215,0.825,0.162265605156944,0.185073900675987,1195.61717826151,924.869251041088,240.198467236649,406.701271141681,1250,1.23744269662723,1.11576593633292,0.689953115637461,1.05077490617381,0.999659888707937,772.930287675912,1068.96483049678,4151.99809081194,879.112300923985,1852.13090858066,0.835816212136565,0.493859616530808,0.298846053098924,0.777321775275002,0.445686588260831,1.9052509268658,1.69824747831664,1.1728674073323,1.55560780476445,5.50939213009801,500.994056994331,589.880349710114,1200.09846656406,520.097552145741,616.919377266875,1736.50683922092,11409.4676767207,2413001.34870768,2328.88975288772,714158.79769916
100,0.215,0.825,0.162265605156944,0.185073900675987,1195.61717826151,924.869251041088,240.198467236649,406.701271141681,1250,1.43453692684145,1.17173604356698,1.24079973262984,1.60465483750934,1.04214324486305,593.675571709026,839.301666852849,878.888495435049,544.296464723466,949.339229782152,1.04402178122819,0.730616458985275,0.835236156773258,0.865767623943224,0.72235940390054,2.09666057724984,2.55996264574693,2.24539611534719,2.63582201360613,1.56119628352863,401.968629250558,484.261922729009,524.003192731372,401.864274649654,544.094386074235,1184.35359079945,3095.62907061894,2511.23779975356,1107.8037583628,3291.54899187852
100,0.215,0.825,0.1359512118419,0.191167880250941,1434.74061391381,924.869251041088,246.512720866686,417.258528720743,1500,0.790529751078957,1.42177406066484,0.998175808831425,0.860018066705479,1.36277342041521,1954.04363297234,750.528990222356,2029.47796581455,1362.4636912866,749.090232392872,0.399895256842097,0.804711262539161,0.381622358106012,0.444977388342886,0.911954586155644,1.7856275244171,2.41185690945136,2.12137351811773,1.20317996212115,2.21425086386514,704.74189865253,479.60239614538,767.97007595487,696.182830985829,482.727368696786,66649.787447174,2405.49591462074,52486.0262337,25444.0993667802,1901.03676450554
100,0.215,0.825,0.1359512118419,0.191167880250941,1434.74061391381,924.869251041088,246.512720866686,417.258528720743,1500,1.35380151277841,1.29531597851758,0.611236965617404,1.47392860454407,1.09217211913059,635.92251010472,893.841109264435,135978.172522323,594.328470962201,1209.96011125943,0.844690656496733,0.873468546048842,0.470350745753585,0.974017820310644,0.565538122289888,2.22058069438937,1.92481215837222,2.21462502711594,2.19347911900891,3.15824397749239,454.265903483075,565.342263100274,752.55081734428,441.274742050153,551.018239052587,1273.49997085118,2682.25649579137,430947.706365482,1146.23091266555,18197.6910110982
100,0.215,0.825,0.116617315361724,0.195650660072703,1673.86404956611,924.869251041088,251.132776990115,424.977968864722,1750,1.35743852821574,1.16393518425652,0.845349747033213,0.962233433103801,1.06583335986162,1353.70404675732,770.29276574017,1901.90159639861,1133.66861136158,1652.55863272949,0.794493323202606,0.8092833664577,0.5605601872885,0.690554755509928,0.690031436022785,2.96170253524672,1.84448395713977,2.20533990414742,1.4870226191051,2.18890471043782,659.799313315762,498.423668970849,733.183428490942,620.090143087092,741.27512561968,6481.30988949704,1637.14415368882,14117.5060707185,3613.13693419623,10156.1925867111
100,0.215,0.825,0.116617315361724,0.195650660072703,1673.86404956611,924.869251041088,251.132776990115,424.977968864722,1750,1.60732706236962,1.06413721717985,1.47688699057275,1.16617703575655,1.00647876112831,676.015780966713,867.429931667894,1985.25142370144,1103.50708943748,2428.74007338445,1.19265586121426,0.649183492160621,0.788589323625721,0.825653513778437,0.717907859832536,2.47266826729661,1.90102072428073,5.72955965402372,1.79726239592627,2.01402214837505,500.858681497389,543.275488829764,452.381833707044,658.081500210405,745.75777574422,1148.40048063875,2685.56112631551,6925.05870216272,3885.40071623047,20681.6690997271
100,0.215,0.825,0.553075327915399,0.0957972524877735,239.123435652302,924.869251041088,141.877032223114,241.321481188715,250,1.02875070262527,0.863588951949527,1.27945106687914,1.47107328203945,1.00771667033245,1077.52521789722,1533.68525601113,201.259861518172,1136.36808610968,2298.35938648295,0.599403016694728,0.598216228405289,0.978356557304172,0.75137747255871,0.647973316693796,2.03292148375152,2.88835461361601,1.71769696053984,5.82298409510697,4.12214676879419,432.946475160514,451.60897113726,167.963033488997,431.144181180265,575.984572693312,12344.3047533816,15509.12778704,261.527892506966,5234.90672013327,9029.95452527836
100,0.215,0.825,0.553075327915399,0.0957972524877735,239.123435652302,924.869251041088,141.877032223114,241.321481188715,250,1.70052577356767,1.46047815793695,1.22447853112582,1.52668209766771,1.30836098245309,598.432029452176,777.314344102744,293.032872586122,868.981519610709,596.787762292712,0.929758817367981,0.722932275452668,0.887347049847739,0.613637105592576,0.909452002322348,3.37101922935193,3.97398769539042,1.65970742513265,5.18184627593919,1.76859519443001,355.404023646689,377.881112098576,223.037346676758,322.423379658059,358.18013210519,2508.06127428216,3765.65087578379,477.842178535552,22198.1195914584,1789.6010538094
100,0.215,0.825,0.356446462328954,0.140393708864946,478.246871304603,924.869251041088,192.551785564447,326.781948325596,500,1.63211721559975,1.06710604702324,1.20707430832614,0.867596389873876,1.60664831860697,892.857299904401,1025.0810111314,451.726669051443,813.175815453977,543.221139853011,0.598246438761119,0.731917415285902,0.943521593463949,0.56655723918936,1.00895092177706,5.9742961413767,1.56241293480938,1.63006114441841,1.34280831049719,2.39808518762573,429.84909400574,520.280247202624,320.198077868079,437.082454939181,365.873137107914,12124.9179070678,5760.14057992381,845.252144591491,3284.8244783257,1087.37050752793
100,0.215,0.825,0.356446462328954,0.140393708864946,478.246871304603,924.869251041088,192.551785564447,326.781948325596,500,0.929813406400662,1.57392110495507,1.34187453014786,1.4654794707832,1.1458109964161,2321.65186996382,618.078148066549,441.54056970448,989.151406176659,1115.43225981028,0.309530810744945,1.0326825286873,1.01739284192141,1.07692497451976,0.565578245248779,1.80026470929978,2.61544099188872,1.76797955434496,5.94731687149414,1.85891609104896,642.080942166348,407.638067558696,332.760085177865,549.030591614406,541.625333953303,7022770.72614834,1666.70150593833,708.44999303973,4787.4710538466,21691.2038389367
100,0.215,0.825,0.257851105105913,0.163013034765382,717.370306956905,924.869251041088,216.991020822759,367.829941016634,750,1.48722071087696,1.53335304487737,0.649019825240632,1.23499576222508,1.38631273313045,705.289361887742,771.810228468486,1457.87666794796,851.932169892117,687.201563499401,0.832335689697451,0.93612392040586,0.491009082384125,0.798488251923904,1.0393905097195,2.57485186855795,6.57889398177911,0.861278385043006,2.03995557090192,1.9991437527329,464.080887600223,452.461605564438,676.38860281696,506.509378254203,469.446429041407,2264.56944927792,2881.77016840916,6473.52197544455,2711.65947667339,1681.53750322366
100,0.215,0.825,0.257851105105913,0.163013034765382,717.370306956905,924.869251041088,216.991020822759,367.829941016634,750,1.65537328458117,0.982374026437513,0.981155203167645,1.115707088402,1.25555123158252,603.459193265466,845.70157824197,957.247581686985,1127.98437332798,659.40740295153,0.652955608832996,0.645453309438761,0.688467429361281,0.691431871569057,0.942996117879951,3.13677883875567,2.17046324145269,1.57940411439819,3.4085070924519,1.90058770112209,413.842677252089,449.372000018188,511.318165150608,502.168583618588,402.777045127553,3467.41184735776,3014.71802903781,3155.25300522338,6175.312847799,1371.28477550077
100,0.215,0.825,0.199949825732212,0.176362016848044,956.493742609207,924.869251041088,231.101477737775,391.477054325248,1000,1.48778241156622,0.893866657867787,1.0548622045776,1.68145184956156,1.10341819419707,884.830230255865,1778.12474327,1363.49161712039,726.80044875821,812.450639419414,0.773729072433054,0.558294112649719,0.664726244681671,0.960665563387214,0.833817991308323,2.04709424940417,1.3471600508159,1.56334180621229,2.89773644372463,1.62793199946281,536.280764987208,772.160072948201,673.402744577975,480.144418182611,503.568877895621,2982.38540998059,12263.3351304549,5385.45847563116,2172.48705041643,1711.88349519088
100,0.215,0.825,0.199949825732212,0.176362016848044,956.493742609207,924.869251041088,231.101477737775,391.477054325248,1000,1.0100892588161,1.04363890209554,1.18600715154947,1.60946837156811,0.788795649313651,852.429933695118,680.289016280937,916.569484912798,680.799762918421,3420.79082124165,0.691781730716001,0.627882167978782,0.740619083488667,0.668834550973416,0.342729503453338,1.40228550481709,1.52067349939911,1.96139855051689,2.9602526410147,1.52495325513405,500.907036960593,420.034321734016,531.080019523206,451.234443186926,784.215817743224,2604.42899113982,1978.79194387929,3353.05652305621,2501.84253506637,1206346.72512122
100,0.215,0.825,0.162265605156944,0.185073900675987,1195.61717826151,924.869251041088,240.198467236649,406.701271141681,1250,0.977383881457385,1.21444940559849,0.958595804389023,1.32325515424139,1.05177101210728,2074.00609921666,817.173879962081,1479.22021564733,589.074173932832,1911.31715350522,0.588806862521683,0.848646681337098,0.57677022842271,0.880927215803066,0.612241618855033,2.83026615950308,1.79860058507661,1.63248699808056,2.21260514550395,2.54683060152746,769.573998145439,514.362481684218,704.101477709289,438.273185882016,693.36184860931,27214.9627658986,1903.61791764002,8718.7396535653,1088.37288475995,14931.274309426
100,0.215,0.825,0.162265605156944,0.185073900675987,1195.61717826151,924.869251041088,240.198467236649,406.701271141681,1250,1.15438373710661,1.37460836673507,1.16560227637147,1.12981003907091,1.11103374500631,1151.20284833976,698.8616658051,768.122582539268,1072.63794025384,1191.24695400365,0.670619112244917,0.992759295403817,0.682165197288534,0.794044711707828,0.616139717287857,1.702160542279,1.87835692391383,1.72234157426993,1.94391570285102,2.4731597827254,619.764702220798,456.640655977703,489.787462728257,588.139844777521,598.471236433533,5234.73659734483,1399.70696767245,2860.45170576462,3666.42202310245,12518.7145373185
100,0.215,0.825,0.1359512118419,0.191167880250941,1434.74061391381,924.869251041088,246.512720866686,417.258528720743,1500,0.86226065160052,1.9772478606211,1.07854735810733,1.00611694861154,0.984740879367177,1641.81626211372,671.646968172675,1828.55590909443,1402.60887257053,1168.48628874843,0.491603457623738,1.09664683201856,0.494310675091389,0.53033899082282,0.664608709191019,1.23748781566611,9.89246123569493,2.59692342162154,1.79598061596046,1.71789874474487,805.870679560922,464.394354807195,704.152005613997,732.617328420516,644.035019299072,11748.7616276088,1676.14045431175,115247.475138504,27037.5619668792,3735.1639570556
100,0.215,0.825,0.1359512118419,0.191167880250941,1434.74061391381,924.869251041088,246.512720866686,417.258528720743,1500,2.14600427871769,0.995468980893432,0.960597718259136,1.19479033704723,1.40566166156331,1085.76211794721,921.328809563397,1544.23190441417,1223.73770374631,872.660992358824,0.641456351443388,0.683467086959353,0.602169694035316,0.804618577966261,0.915763732341268,14.6780844964139,1.41960156355634,2.6847724781593,2.28348945213781,2.27651010968125,450.159413127678,573.409775419686,661.548299089799,638.660063825816,550.951817644167,4676.75987955515,2345.6746468216,11387.7718682516,4735.56694984219,2119.29295459491
100,0.215,0.825,0.116617315361724,0.195650660072703,1673.86404956611,924.869251041088,251.132776990115,424.977968864722,1750,1.72640902708207,0.800917648529927,1.09592523233604,1.69160327354727,2.01255153936891,775.773793943346,994.924075673994,1595.09149941779,550.205076776547,630.395853983465,0.512402949697045,0.465936635017705,0.775051144967474,1.12809600740655,0.883996592598593,4.86857332698774,1.16500092735589,1.90467864945175,2.73744964428234,4.16641797080664,520.284999150297,559.827567758757,741.020015383844,423.575980173382,452.264828122369,30104.5366199067,3954.39741016808,10286.9267880043,907.920111807328,1759.82223797033
100,0.215,0.825,0.116617315361724,0.195650660072703,1673.86404956611,924.869251041088,251.132776990115,424.977968864722,1750,1.50253385122983,0.974353269920499,1.32933479546257,1.03648729557167,0.79893558246862,827.735786596573,1061.89707429916,1252.58891666209,1107.44283148644,2512.90091355121,0.716147991086802,0.58764414534101,0.814821127586467,0.712131771831927,0.514705377348657,2.46182928901884,1.97047834918552,21.4878134667236,1.91947206141514,1.36953514945174,542.635950119112,605.958215223668,468.749720880529,636.462008215059,900.784089939453,3506.61707454705,4906.71278185456,5560.75448633589,3685.11524648049,21623.5050158883
100,0.215,0.825,0.553075327915399,0.0957972524877735,239.123435652302,924.869251041088,141.877032223114,241.321481188715,250,1.0543346129579,1.20686804765146,1.20776929601512,1.01734273544236,1.21311601138153,3766.13804776553,669.841227807535,254.205728491523,1109.9164228117,586.319594849156,0.555740815352569,0.75079703701613,0.992395144598537,0.539811036224755,0.687173123523373,3.88242418682817,2.06082833971773,1.48437388141239,1.60177586246902,3.47275701322116,743.298139466358,351.800536193422,195.169847801966,446.435917777105,314.418740282411,11112.1471708179,3351.70551648953,378.083635772918,18911.3073246205,3564.13964156662
100,0.215,0.825,0.553075327915399,0.0957972524877735,239.123435652302,924.869251041088,141.877032223114,241.321481188715,250,0.808352487500738,2.42246806616374,1.2640280338908,1.31462968793534,0.814131994286159,3113.80305823715,368.259828332689,220.867501545209,861.231734085942,2905.08017935009,0.593421891683184,1.30731500642581,0.987119501869999,0.646044698839594,0.461135123565245,1.51368279657645,7.10541977304443,1.61431497463397,2.81926919810603,1.56844770934545,979.682920292682,264.421165488813,177.292203197134,396.02209817972,712.912405740273,33148.5747595874,844.04506281107,289.640532612206,7052.30709362718,72342.4953543004
100,0.215,0.825,0.356446462328954,0.140393708864946,478.246871304603,924.869251041088,192.551785564447,326.781948325596,500,0.910478943596477,1.04563959699506,1.05649026472259,1.57937891632965,1.10852510961154,2193.65685843395,1003.89557634554,443.365441999978,983.005541878464,980.286810809417,0.728549224054373,0.777762571814829,0.77948626575832,0.885836300531176,0.759627867933125,1.16129177211802,1.58388104522083,1.39009742298463,5.41349715992012,1.65441360301089,853.928185745858,533.066975983485,320.400162764508,452.650126457507,519.760646565276,8011.90849565327,3284.39480805604,817.31235273652,4408.8750864536,4110.57985491165
100,0.215,0.825,0.356446462328954,0.140393708864946,478.246871304603,924.869251041088,192.551785564447,326.781948325596,500,1.41897821674568,0.966636150364519,1.11211072097633,2.87674777438011,0.966669171354816,986.926050427524,1095.38104552036,617.501220944495,572.271661169631,1050.56370607206,0.803204743297116,0.501204518432615,0.726541148435755,0.71275296851155,0.569327367890799,33.5887682515014,1.4337108728656,1.95799313023456,15.3172588465923,1.92644220842546,350.827239022779,583.953201935953,406.902226462082,387.744776583674,541.156244452229,9291.67297112089,10212.2658960973,1808.26522823391,4260.61662176818,8554.7061276042
100,0.215,0.825,0.257851105105913,0.163013034765382,717.370306956905,924.869251041088,216.991020822759,367.829941016634,750,0.905805642970833,1.19355706186419,0.912586779888049,1.68559223743056,1.9022707002761,3055.82295655622,744.120038426506,920.660250946318,800.15528798398,698.25120688168,0.374346982535596,0.816443927889288,0.506499030226119,0.877656000847777,1.22037258289857,1.66626057619639,1.93195187672874,1.39861159051025,2.64423243093658,9.23224363890624,918.469590902385,464.270474821019,536.199065187035,504.700379887779,412.921346363825,466883.389231735,1966.77903258962,5530.65331584861,3010.55566168083,1893.77323206827
100,0.215,0.825,0.257851105105913,0.163013034765382,717.370306956905,924.869251041088,216.991020822759,367.829941016634,750,1.64774914901943,1.37149445308094,1.1110532101631,1.83690365609084,1.1860894841244,724.075962067382,582.711260588144,501.17061977956,749.481148118437,799.460307146741,0.832030884615429,0.892763782952409,0.651805798378927,0.853699019370426,0.675432502517908,6.83165616247398,2.12629221462563,1.84536425164704,9.75971676806115,2.1743320119932,425.355420166047,382.576690782935,351.957709431106,399.154460150943,444.558500225631,4530.07216646201,1310.44284251528,1388.10386904854,4013.11146053851,3260.860429362
100,0.215,0.825,0.199949825732212,0.176362016848044,956.493742609207,924.869251041088,231.101477737775,391.477054325248,1000,1.61134461204517,0.866939793429848,0.866375719514821,1.78838418273006,1.04837416277013,874.591332701854,1442.83324449915,2449.91312870053,606.444418803417,884.57412862386,0.817132124538795,0.448936908228724,0.455685009318479,1.21144054228365,0.712280556600193,2.57104272359023,1.384867196433,1.7981258756686,3.11025590576478,1.8350740364358,528.9657255216,655.468721811946,766.037413805672,451.381917299576,515.554600552008,4045.11269936649,19695.1065196964,46111.954050514,1236.15708953681,2338.71683913189
100,0.215,0.825,0.199949825732212,0.176362016848044,956.493742609207,924.869251041088,231.101477737775,391.477054325248,1000,2.0227893052229,0.912195027775458,0.920221613662852,2.48818445816515,1.02313935350842,543.717930943846,1032.2708223239,1061.70466479703,614.694511247828,1561.98694395842,1.48838386954881,0.516035030963181,0.433730903928728,0.534180698798931,0.344522479683794,3.19488583588163,1.38899943248065,1.33082033078269,5.40439239057423,1.73967190202864,422.71219896396,538.30515261591,594.12556961748,459.093057560245,678.587201199015,844.608621756426,5547.51776189724,11079.488369008,5196.93787389418,109111.991866349
100,0.215,0.825,0.162265605156944,0.185073900675987,1195.61717826151,924.869251041088,240.198467236649,406.701271141681,1250,0.824464157965391,0.887695136801877,2.63402820879394,0.9630983814969,1.50528598940368,1380.77959249283,1095.02224034636,703.96895545387,1008.83783209252,873.738319354198,0.556367031016156,0.673997427034394,1.05043123385129,0.439962541839582,0.892287072463373,1.34467890113527,1.25450306201572,6.89861238797698,1.71906904548052,3.65949395848892,636.696751809784,587.613039958241,477.704666836565,551.435796160188,517.906908009799,6553.65449306322,2934.03215849888,2838.59081777393,17369.5465535036,3969.16028139927
100,0.215,0.825,0.162265605156944,0.185073900675987,1195.61717826151,924.869251041088,240.198467236649,406.701271141681,1250,1.76321038761074,1.19653827652782,2.80806112598867,1.08659524306796,0.869067701865687,698.949756849125,750.781937714565,774.03041915883,1132.24141463409,1310.25166817356,1.13561960563906,0.838740203864537,1.06109726737018,0.845870551364114,0.367142236043872,2.97548317952034,2.18899609415934,4.95603897916938,1.46159550004902,1.58454912328167,489.547807086936,475.616310227277,524.598745838612,613.769916710824,596.308893158395,1453.33592784307,1858.80651229874,2362.89520457991,3261.80646714498,19898.6844637605
100,0.215,0.825,0.1359512118419,0.191167880250941,1434.74061391381,924.869251041088,246.512720866686,417.258528720743,1500,1.14783453350763,1.06175983009603,1.36516510237736,1.47750213907968,1.06823521313537,921.083779133418,925.673716098209,907.522165098484,928.211704227691,810.618296675514,0.661980802003637,0.749911638342331,0.932340075749336,0.992348019062066,0.742957586505403,1.66702507926312,1.59528736762455,3.19592934236708,2.7077275631282,1.44083930816247,539.069437533747,516.690590182879,539.554356446609,564.181706559337,481.814625153823,5140.47389646415,3899.8848428708,2921.92410566293,3748.34771916818,2143.4405943384
100,0.215,0.825,0.1359512118419,0.191167880250941,1434.74061391381,924.869251041088,246.512720866686,417.258528720743,1500,2.63949104690258,0.872911514154749,1.63898603816228,0.993990064208314,1.20833431509481,466.966664347045,1514.15370603791,628.287052754816,1138.91718321502,734.72549040826,1.61346025605635,0.432796036168395,1.21109832871173,0.598011464076745,0.910015355799637,4.82719127987434,1.39105370304726,2.64657106089992,1.7675668285552,1.88227475061202,391.653112272574,694.129556056001,444.423048817867,536.697854394799,477.233332408997,689.828072149461,24236.2456607006,1274.03162810414,10904.6389318315,1412.69358144406
100,0.215,0.825,0.116617315361724,0.195650660072703,1673.86404956611,924.869251041088,251.132776990115,424.977968864722,1750,1.14705335445237,0.820707112324661,1.44014689361421,1.20979569320253,1.39154895161332,1106.78325884128,1534.7717173737,1113.17806053272,610.336379428931,685.419620340946,0.706440603107704,0.346045372994245,1.01173925754317,0.71423652109117,0.626431296646046,2.90624027765888,1.46273393677071,6.15608236748618,2.07993180099856,2.20849901646008,552.302184901126,630.901022073742,571.046184868799,432.155168686605,448.158119894241,5769.16811308653,173431.847733571,4315.67829883791,1499.85584074916,2614.55892106582
100,0.215,0.825,0.116617315361724,0.195650660072703,1673.86404956611,924.869251041088,251.132776990115,424.977968864722,1750,1.01554805442342,0.862767730337382,0.933770994338663,1.07612632244009,1.20004209085669,1909.47387820299,938.847831778968,1863.77843691881,1238.01375433132,839.442716076454,0.599136183291284,0.615849424559115,0.587227867800001,0.738049350515627,0.971808939446907,2.35566078257027,1.28689214060545,1.77436892723563,2.00225355779393,1.61007713208953,757.776273302373,530.249248858402,715.413154993629,584.983953787568,521.363656479404,27712.694836196,2320.70985368409,21141.9237883929,4727.79284434471,1661.33736669673
100,0.215,0.825,0.553075327915399,0.0957972524877735,239.123435652302,924.869251041088,141.877032223114,241.321481188715,250,1.95400628484397,3.39836491778345,1.2187388844264,0.902871456443818,1.50132294469216,546.527159378339,447.652931185022,230.342149171163,1272.73997982006,773.137329289304,0.842486228055518,0.714714939117788,1.00493176767276,0.61211481674969,0.760706662480794,6.84421704060234,8.30851536405574,1.53259641089697,1.54954126815012,5.58203800973796,286.863954293921,287.146912599212,181.025683020061,461.763695770215,302.769151936271,4654.24572518626,3148.71640731391,310.748885789053,8694.58647038168,6754.95425005328
100,0.215,0.825,0.553075327915399,0.0957972524877735,239.123435652302,924.869251041088,141.877032223114,241.321481188715,250,0.776989765236949,1.28292253004491,0.928438910278135,1.0054581571199,0.95930921891064,1320.77403877321,1263.87523666888,259.325495978768,1118.38151119061,657.268750098516,0.448376781720535,0.597339142780941,0.672819057435915,0.682949916454093,0.664094540031908,1.99232221566928,5.15661263784329,1.4776931764825,1.47549270375151,1.47469573134045,425.682720607113,450.945323206427,192.885914535202,480.310886552031,352.094850560899,36683.0429839757,7311.30562714184,411.234435510839,5051.16183035658,2684.39068537478
100,0.215,0.825,0.356446462328954,0.140393708864946,478.246871304603,924.869251041088,192.551785564447,326.781948325596,500,0.951086887186795,0.949753246336243,1.02434385943259,1.24260798451261,2.88081316128259,4830.691038815,758.705633405393,566.626342371418,626.680920781671,443.949242231649,0.581483428908179,0.514556836494981,0.817574383926974,0.795106515195433,1.22439954196584,4.05125617006535,1.74231351840555,1.35288220477176,2.55358329045328,20.5403042552355,400.912175838375,424.147938105102,357.414327289241,393.416650872085,344.6310424806,16900.03960153,4157.67318366464,1030.89923265607,2332.60346157636,1707.42810485424
100,0.215,0.825,0.356446462328954,0.140393708864946,478.246871304603,924.869251041088,192.551785564447,326.781948325596,500,1.14583680643232,1.26630910915805,1.27006289049752,1.14198229185819,1.86299138082335,1171.60138760049,943.862772161695,476.433767067002,583.432004606719,578.772758341063,0.668637084546112,0.805760137831605,0.936677123535451,0.786359885792429,1.10009264463479,6.2237515294661,2.5726330013701,1.60606775689373,1.54212939953567,6.73970467933408,392.760753206107,500.924741123351,341.045582574394,396.846380292963,377.825540131336,9386.07214876845,4602.1925280879,865.959563897743,1416.69581041973,1712.53334704837
100,0.215,0.825,0.257851105105913,0.163013034765382,717.370306956905,924.869251041088,216.991020822759,367.829941016634,750,1.19301789067089,1.14550222873843,1.45057227478346,0.959232200903934,1.6249551184653,1011.1853139398,1020.30483838635,533.180532278073,1284.86667355753,651.111190848954,0.78872940087521,0.746321851605979,1.01681129538138,0.712904178037448,1.09001917759025,1.97409884021244,1.62795078053574,2.08076772324764,1.26415117148748,2.27688934125704,519.568213358642,547.615100647775,385.455251628561,663.356484949755,446.367487038913,5066.80226185431,4292.16678663845,941.904361202253,3985.25018763747,1342.24593801421
100,0.215,0.825,0.257851105105913,0.163013034765382,717.370306956905,924.869251041088,216.991020822759,367.829941016634,750,1.0462990120139,1.24880820550447,1.39808829823668,1.05728513020718,1.30999907715149,707.693229492216,553.221758026832,604.917673696542,2984.20546240253,785.473988519681,0.727094638471868,0.998141469271507,1.11445228832659,0.718368465135236,0.655210234029063,1.63734948225623,1.57444491864788,1.75166021314431,4.69199074315897,2.07877026679738,426.487225576676,372.659680924446,398.433253914559,401.373723648648,477.251303856398,1873.90755737381,984.772368633839,1191.67116290381,12416.7102264015,4439.36652984161
100,0.215,0.825,0.199949825732212,0.176362016848044,956.493742609207,924.869251041088,231.101477737775,391.477054325248,1000,0.892928126723036,1.15886215756119,1.46511999437816,1.13382677332571,1.63443521166687,1254.71855715528,1366.44930988472,623.896402370768,1063.91523201379,772.144911582407,0.594398433698993,0.729192704118604,0.976949523951833,0.747521279375663,1.19834292079447,1.39526357884475,2.27314516684285,2.1348825293716,1.56335882753186,2.49589622790574,639.557970928106,628.231009753244,443.328307107851,555.178472653169,492.447737578749,5357.73335111255,6573.26451135748,1276.83235423097,4904.99196746265,2014.469215558
100,0.215,0.825,0.199949825732212,0.176362016848044,956.493742609207,924.869251041088,231.101477737775,391.477054325248,1000,1.59756371316566,1.80766663359054,1.00217083781959,1.25915850671795,0.892175832433134,720.355657641075,624.857049591378,1580.4495023517,815.633202636447,2431.92487982076,0.856600548960855,0.923343295986916,0.748143232909041,0.837277439155358,0.543145777344741,3.70745700589399,4.13306831117038,1.48145570672353,1.785059091092,2.04057916323618,474.299767353272,439.237090210386,714.097710509083,525.819037050732,757.75356377011,3065.46487852622,2249.76323341078,6757.39098909881,1897.97695469816,24796.514021896
100,0.215,0.825,0.162265605156944,0.185073900675987,1195.61717826151,924.869251041088,240.198467236649,406.701271141681,1250,1.42091553452723,1.46986400784442,1.23917844316848,1.23500148936622,1.54411458957134,594.858424317292,692.30000514286,1078.39650265823,888.451654851674,719.845486901082,1.08065827175494,0.882605797731096,0.814474311560404,0.809886672341088,0.894252304397358,2.14570118113113,2.371796616814,2.41419324965083,3.86632364962065,3.16691034349004,411.430565774869,460.130244694106,569.88105826681,495.083273072885,474.900219319524,1047.49489823141,1860.2514036591,6059.23356151817,2979.62946295913,2682.88823591013
100,0.215,0.825,0.162265605156944,0.185073900675987,1195.61717826151,924.869251041088,240.198467236649,406.701271141681,1250,0.643062892720697,1.12404804458551,1.42077826417426,1.16826750629882,2.4043764280362,7198.6392588129,1157.6586307701,985.667450438128,918.53938572728,564.253033785609,0.404331917823565,0.750459292152101,0.764582192719588,0.786795314646015,1.30402633463732,7.9452731025216,1.70204950056392,5.95990980251376,1.82261307400974,3.70911049087598,463.616929607249,657.587337945391,532.492157316578,576.792258737059,448.860206078872,238084.449791635,3859.02455248478,4774.05056024225,2474.68889257164,950.945070313063
100,0.215,0.825,0.1359512118419,0.191167880250941,1434.74061391381,924.869251041088,246.512720866686,417.258528720743,1500,1.53541699749496,1.13386734930618,1.59855334528276,0.893308893213754,1.28282544750581,774.467813839236,825.731761891615,1907.56301044587,1601.69854886322,671.680715877828,1.03257001058637,0.762497042761564,0.850502759855239,0.554742292225324,0.973820114308634,2.95882080428468,1.85846236575175,5.49946772743616,1.30173823260933,1.85964336786117,501.135698443314,534.004425897063,617.312964705109,731.034369358394,464.708779917315,1839.79740450183,2053.08677125327,5417.62405632875,9543.7000410829,1204.20431531936
100,0.215,0.825,0.1359512118419,0.191167880250941,1434.74061391381,924.869251041088,246.512720866686,417.258528720743,1500,1.37076675936604,1.14218656905599,1.60621028457419,1.4711633887148,1.31309614296513,1467.87032339397,809.755951376997,1217.06839482692,826.273591971384,644.043517504217,0.702434125060717,0.611277371046135,0.855106433757111,0.547784779892017,0.874209709944005,3.6436128030206,2.02675775777806,6.04039601832204,2.3859192181975,1.82150655540261,670.33457265022,494.245953562406,618.520222949714,532.278208821807,451.993327028081,23336.9931106637,3368.15915922474,6907.83624947393,5371.8234871686,1168.54623188211
100,0.215,0.825,0.116617315361724,0.195650660072703,1673.86404956611,924.869251041088,251.132776990115,424.977968864722,1750,0.815775034817382,0.929235734845857,1.55025788049352,1.04832083720584,1.44319614943716,1855.03815768777,1129.86724798346,771.736659721254,1159.85083713267,870.46121483157,0.553974176597512,0.651704653875962,0.99114382075136,0.571260645277156,0.940484221563645,1.15005966940155,1.34221906342489,2.95243601512899,1.55137375031495,2.43950104251236,776.06599862909,624.384562220418,510.00887803146,627.801690297393,552.658370980145,8329.12271181631,4181.02329984146,2023.09501990435,5395.48489839717,2876.65562071997
100,0.215,0.825,0.116617315361724,0.195650660072703,1673.86404956611,924.869251041088,251.132776990115,424.977968864722,1750,1.5147377764968,1.27098806597311,1.02843389569848,0.827019967855737,1.33989236806357,743.827593594342,743.542119847581,2549.14513839262,1574.26330245849,994.634559607233,1.14233841886432,0.920251463884481,0.622948399004071,0.38815786010575,0.919515542986336,2.08600265367782,1.90840297850327,23.7159091364841,1.33852052419059,2.05747481450327,527.257396159652,518.984466426504,456.583421853601,712.574691642024,643.052582181614,1404.20185192041,1584.34492357163,26964.1740117168,50832.5410047647,3362.51422742406
100,0.215,0.825,0.553075327915399,0.0957972524877735,239.123435652302,924.869251041088,141.877032223114,241.321481188715,250,1.45135287328483,2.22602457083018,0.809360640777068,1.45911799775995,1.37667745547168,409.651397879048,370.11484859323,316.288047549264,956.689528721543,865.484464286657,0.83800768803117,1.40869369555408,0.55483276818337,1.08020932853839,0.302089554115975,2.43339252988055,4.38596321429573,1.08930998766064,6.07617540567287,5.38862840173392,283.396309605487,269.413812958056,213.317768316473,418.870182103351,366.830494499654,1372.51805342134,804.540098257966,696.065709762369,4824.3397272779,96715.3591448807
100,0.215,0.825,0.553075327915399,0.0957972524877735,239.123435652302,924.869251041088,141.877032223114,241.321481188715,250,1.39597813495015,1.59364604003478,1.03988695918549,1.44009004109032,1.30829453981532,607.382251356966,724.54868576137,267.323899770114,693.955665294876,903.856666390794,0.675896167362109,1.0033789950236,0.772011605736416,0.976287982201873,0.632561490933283,2.30305913537199,5.80889128270031,1.36299316482125,2.53855973501062,4.9840174990452,349.82695692115,362.169392704259,198.417050478875,385.703682006902,340.507701856443,8673.1999611708,2801.17133479403,436.311617033292,2864.55507464661,13122.9105201236
100,0.215,0.825,0.356446462328954,0.140393708864946,478.246871304603,924.869251041088,192.551785564447,326.781948325596,500,1.51730845350033,1.04276312775167,0.899264301843561,0.938367376164596,1.74793481509122,752.50054363397,1406.6018012076,727.665524815355,832.464235366928,567.192395473565,0.876029168753017,0.642485496275738,0.553631801529889,0.619409000873307,1.03953457847161,6.70583785134382,4.25615074875869,1.33789475465571,1.38705718326405,8.74779094249144,400.158651420961,539.322681516832,422.200885067347,453.20928743785,370.29332788772,3756.16407459311,13848.5655527183,2809.62369412821,3035.66442353165,2338.2279206463
100,0.215,0.825,0.356446462328954,0.140393708864946,478.246871304603,924.869251041088,192.551785564447,326.781948325596,500,1.11728263848909,1.25278576079762,1.32766508953331,1.04759636704782,1.32560536354818,3225.66737974809,730.283184012888,450.68128689272,601.448070544448,991.952553664346,0.460579289169197,0.713792246077004,1.03280430900802,0.691772355252181,0.764297797392024,4.62992817123675,2.31260895635257,1.90496448158239,2.15349932537682,4.39746401425383,385.808893303889,431.247182910874,327.966489227907,370.021107312005,424.314446947667,86311.1256826328,3508.95884512119,760.782416570684,1715.43641522429,5825.37676970365
100,0.215,0.825,0.257851105105913,0.163013034765382,717.370306956905,924.869251041088,216.991020822759,367.829941016634,750,1.32148470669804,0.693858716963641,0.958868110493662,1.8865950940257,1.31007423431433,624.295623680881,17594.2641071478,744.649372541997,849.481987983154,637.976304538462,0.818758891939802,0.45305118219861,0.599491912524157,1.07584263497701,0.791454438539098,2.33667282362343,3.68258384193451,1.46399528526253,3.62890783003159,2.11384721965248,419.456273479336,430.188870533901,457.949519401628,503.172008171441,421.041191178129,1871.54217374545,239949.126472953,3356.70329908514,2744.3804755637,1524.89051777398
100,0.215,0.825,0.257851105105913,0.163013034765382,717.370306956905,924.869251041088,216.991020822759,367.829941016634,750,1.54669946390464,1.75002250385394,0.753187466528628,1.10388906023131,0.994346457463597,981.130492157984,655.414255487187,1822.14628564777,1287.96852550033,977.331835812375,0.790286420563674,1.33976324442708,0.415575550808448,0.409238181950095,0.589214628297481,3.43860989331493,2.40845658767337,1.26864275338727,2.48378985040153,1.39920015182834,539.045402418017,448.569739090311,670.303315419079,561.930275452946,592.836779009722,5840.75032754795,1264.06975203577,33058.8434801164,44303.0637978828,5454.25843385431
100,0.215,0.825,0.199949825732212,0.176362016848044,956.493742609207,924.869251041088,231.101477737775,391.477054325248,1000,2.49497469242812,0.768066877348977,1.19098231394355,1.31871831077594,1.55652031003827,558.244277023242,3636.03977424064,1328.65808943092,691.649711541141,647.844062986421,0.872291209633724,0.336708823224082,0.611254109534189,0.841548798642163,0.832808297275582,5.70252130934996,2.02920181946982,4.65466580886594,1.84870742253357,3.052679730964,432.082051303766,674.725244290372,501.629706340728,470.745598418014,465.69717284142,1821.03210374125,903761.479583901,17035.2434436197,1639.14367874233,1910.39934893333
100,0.215,0.825,0.199949825732212,0.176362016848044,956.493742609207,924.869251041088,231.101477737775,391.477054325248,1000,0.954369649072182,1.1801741621957,1.03485704862294,1.0624590688349,1.38251750734606,1462.99513020896,964.473795582349,1322.0654646587,1207.24433709773,789.289175072773,0.559823058203496,0.635858566479417,0.710968912601067,0.820198307164953,0.809521123711019,1.33662410902557,1.90291623313772,2.85725637959288,1.86375721592086,3.23935104412665,692.930848736117,556.018728252385,614.540299118108,622.805610705432,495.352481386738,10319.9753248085,3127.4137280057,7147.82825006859,4297.52508544372,2746.77335648393
100,0.215,0.825,0.162265605156944,0.185073900675987,1195.61717826151,924.869251041088,240.198467236649,406.701271141681,1250,1.89660084784387,1.05426808194268,1.72132278774584,1.08684794069977,0.718227071570462,537.081552836244,790.717619031799,696.423343970011,923.021254201979,4423.30850213753,1.20356061231632,0.582789438946952,1.08011043324668,0.816284174582283,0.255243404019546,3.21213229888217,1.58503829014333,2.79158913382673,1.71340715457498,1.95033381237448,416.600978041148,482.793707713077,451.580479606332,546.818525015777,770.74833393451,927.518476995823,2725.10674292707,1538.42848480077,2731.99156439511,8586988.95680962
100,0.215,0.825,0.162265605156944,0.185073900675987,1195.61717826151,924.869251041088,240.198467236649,406.701271141681,1250,1.52085738724322,1.09789427487233,0.860726472669794,0.856900016468678,1.19042590754126,883.74719620307,863.585785290914,5402.04445697563,807.575643726776,1010.95053000885,0.966754791317982,0.623764469958724,0.54619110401546,0.602098781716492,0.582091960472305,3.73691532336954,1.75220999833799,1.30496075564554,1.21146528740965,4.16246454039583,502.86836133378,529.512437388417,1463.51768761018,479.190624586007,510.73036409487,2792.74997565007,3152.81303594295,81147.1289819356,1907.94200361565,7050.57631443166
100,0.215,0.825,0.1359512118419,0.191167880250941,1434.74061391381,924.869251041088,246.512720866686,417.258528720743,1500,1.0250522125544,0.931160886365324,1.23344249368234,1.16836944918496,1.80844371073483,746.163585654893,1170.32894399528,706.505867181234,869.355104821295,741.983899426799,0.775671907084898,0.640249920738461,0.759631611205368,0.739717180811812,0.949797965138729,1.83467998997055,1.56418561715365,1.78065884888018,1.92034631044567,7.1965372636547,447.567167456501,553.023630017065,453.544958809547,519.805286998106,459.330945407163,1894.13210750375,7765.51402934581,2088.08461045238,4144.10395666634,3521.52069117683
100,0.215,0.825,0.1359512118419,0.191167880250941,1434.74061391381,924.869251041088,246.512720866686,417.258528720743,1500,1.32642493496215,1.48360237256347,1.23795156141696,1.22012974172333,3.26868525101743,914.112631210624,711.650215737087,1038.57707685864,1155.55482652212,494.609830587679,0.781308827975193,0.943204686853714,0.734844509411794,0.816746900880703,1.49721047052117,2.52693729827645,3.08703314566684,3.03622254545698,2.93613272243751,6.13469789625454,550.944922368008,466.681656016828,542.988625831136,580.981404372753,412.159603509289,3138.76372491387,2065.88903513141,6125.96247620155,5682.07306068083,766.257450623411
100,0.215,0.825,0.116617315361724,0.195650660072703,1673.86404956611,924.869251041088,251.132776990115,424.977968864722,1750,1.09488772719616,0.896045531716295,1.20670611362739,1.02593932405807,1.17879533159373,1487.03707559269,1566.34334119589,1527.0335581647,730.304383970022,904.801937460343,0.664310461363743,0.481939355428456,0.666640931435477,0.682138056008494,0.853194722772077,1.87161548722043,1.2583227115157,2.74220591985811,1.55301744660247,1.6884238214694,689.865198727576,728.894069752933,673.888939807092,482.918625173502,557.330411382197,8757.97289193469,16799.7302609196,10127.5373440661,1678.12254178438,2119.26314168717
100,0.215,0.825,0.116617315361724,0.195650660072703,1673.86404956611,924.869251041088,251.132776990115,424.977968864722,1750,1.08210051786371,1.34977540166498,0.583588829935026,1.97879631027328,1.29243247264102,1085.02127756296,679.169843439026,166482.222083573,548.451093862233,710.140661973278,0.666751767850565,0.979234939189364,0.388828333661168,1.3607702252362,0.90112271429575,1.88861524017099,1.8326186850135,1.88152452327262,2.80220283480878,1.91853536800977,606.237371305306,472.282859989973,7977.30253961605,420.426012160429,488.443103248812,5282.59855965928,1251.91272749871,444732.897915515,821.937580172351,1627.35423331914
100,0.215,0.825,0.553075327915399,0.0957972524877735,239.123435652302,924.869251041088,141.877032223114,241.321481188715,250,0.962480440719463,1.22999170200579,1.13858519041746,1.39501017333788,0.620213303449316,2449.57342841301,1130.05349058881,242.757584346613,665.575442522095,4627.6868676884,0.636537787337856,0.875206313167564,0.824636077257276,0.801287243725847,0.416760805116371,4.21828988429194,5.18578264953993,1.52241292437897,2.84034708047756,0.913671261447489,437.30988845302,530.806106762466,188.313956466926,338.810965444329,1243.95831092457,16035.5225231539,5423.34519785207,355.999250496794,3284.61275468553,88866.0584836624
100,0.215,0.825,0.553075327915399,0.0957972524877735,239.123435652302,924.869251041088,141.877032223114,241.321481188715,250,1.49518932805784,1.10038198222399,0.996163128461754,0.770191404693415,1.51551505390707,528.459328587424,812.300717788013,211.256185862645,1968.23070156029,890.726535654587,0.992435871792269,0.716331383930449,0.806466894148021,0.32982588301351,0.680242626146275,2.2807057652204,2.33106624089355,1.22623382817919,1.22464071511994,8.76524047206452,316.624695638151,362.199563881706,155.687364862641,633.962342370252,268.413545908957,2099.7143878421,4942.87573440348,301.209803670684,174199.211353666,6722.49764186447
100,0.215,0.825,0.356446462328954,0.140393708864946,478.246871304603,924.869251041088,192.551785564447,326.781948325596,500,2.62609751266221,1.28712239016577,1.00652095159372,1.50919905742593,1.20094453751552,597.691708857168,625.507927428777,454.774980628383,800.095534189339,1043.92154331512,0.932962295924017,0.89764457266777,0.753770530498182,1.08695312706651,0.782615559513839,14.7384588577167,1.9464043140517,1.2653487102155,2.65385907594007,2.0972663955262,365.55357817373,403.613010904685,318.514136251421,460.209590095981,488.718142067649,4769.09476944349,1533.80315875089,851.159070355667,2293.38170226221,3942.85958590096
100,0.215,0.825,0.356446462328954,0.140393708864946,478.246871304603,924.869251041088,192.551785564447,326.781948325596,500,1.71908612735541,0.983014618365181,1.0165277562739,1.51490857804105,1.23435234261822,658.756982132064,1211.80680799542,543.639329655196,881.363868354391,752.166816698958,0.755851280299044,0.565605342844668,0.769283425067223,0.91301317078135,0.806360891975646,3.49266841385825,1.81434544149607,1.30123656509719,4.79078222797092,1.78136283884528,421.497058494742,553.497422606372,354.992620215056,464.335956064743,447.069533461877,3194.81295632137,10400.6257721708,1110.92997852557,3868.3374240094,2100.8207102156
100,0.215,0.825,0.257851105105913,0.163013034765382,717.370306956905,924.869251041088,216.991020822759,367.829941016634,750,1.61107044582239,1.19991793102302,1.16123027264709,1.09636891637108,1.43286904811678,557.091043104595,582.647041406209,599.880317419745,2889.50340294489,620.624824851594,1.0675369047784,0.746956259543279,0.825000349544471,0.766634600003901,1.02041707863691,2.23483044038825,1.7821174688543,1.5010798717944,4.79002209644552,1.89643229224012,372.998615354903,380.910667765612,384.701944554521,749.3513599253,410.626839992911,1036.48105869146,1415.71065356943,1348.03570101995,9008.92190107066,1471.34186640712
100,0.215,0.825,0.257851105105913,0.163013034765382,717.370306956905,924.869251041088,216.991020822759,367.829941016634,750,1.28509759767297,2.18420214762097,1.07521833486114,2.28635901863553,0.861050899851483,882.663784734415,529.782233469621,606.082106900346,727.74908126912,1564.01183865575,0.67054919494863,1.05569927597327,0.767312041630249,1.40512394985607,0.464098728532274,2.18512347871272,4.76812411024384,1.60680815790929,8.49677021732795,1.56376379898861,508.456974148766,406.881175189138,407.181133587728,421.986642118623,613.138131730039,3987.83664377082,1312.19875095571,1357.37920501785,2248.98913328497,52579.422133994
100,0.215,0.825,0.199949825732212,0.176362016848044,956.493742609207,924.869251041088,231.101477737775,391.477054325248,1000,1.27039726097883,1.03733298968024,1.46707453494575,1.43633771846909,1.76992659179165,729.642969697006,1148.47077261718,677.308601051477,707.128962752881,544.670200841237,0.73298851064269,0.554791579873774,0.72177369630585,0.710119868083561,1.06022494636066,1.97685334886971,2.32036173475409,2.64119393437712,2.26102179675211,2.7161944892293,453.992512661067,506.363800059027,444.383131953359,445.248343956378,375.271758914463,2163.71882260076,17355.0771608751,2996.0075338093,3013.37042621375,1012.31719740498
100,0.215,0.825,0.199949825732212,0.176362016848044,956.493742609207,924.869251041088,231.101477737775,391.477054325248,1000,1.62734960870607,1.36116580510223,4.79974555425187,1.48850833274848,0.790544656327628,712.32626842359,748.722646283653,523.554371246051,660.57774822619,4131.75516620399,1.1860813448633,1.02973395179078,2.56780873279182,1.07480987503715,0.417337972747164,2.3003314367173,1.9186212776574,19.1724543441049,2.06701040708318,1.49368756968782,500.132276081196,501.65773106316,420.220587407561,465.072211639467,1072.92145003543,1295.86559892121,1260.81113039865,1143.12682975937,1201.9243334098,534897.349614062
100,0.215,0.825,0.162265605156944,0.185073900675987,1195.61717826151,924.869251041088,240.198467236649,406.701271141681,1250,1.78379677106644,1.43587372909607,0.798473881476622,0.920569760344827,0.885256820368217,739.92551789711,916.633816418325,1531.80764611404,1531.74997384406,3456.56003956829,1.33598083153776,0.809030342256631,0.499010764795941,0.52138879644196,0.561279738240297,7.80349397455057,2.69055692144296,1.63425688535442,1.43916430042988,3.87851266500088,499.624252873863,563.972710118638,654.199523438463,757.871191768862,1136.17820949656,1892.05727227805,3615.5003665542,9521.59348809703,9898.35950659833,56960.5914777792
100,0.215,0.825,0.162265605156944,0.185073900675987,1195.61717826151,924.869251041088,240.198467236649,406.701271141681,1250,0.950988917393662,1.06021726237799,1.15908077021917,1.38142541843117,1.80341124736163,4170.55297164251,748.489541200921,1093.9017173418,591.507360930358,477.59544652876,0.669337857952248,0.802969950542966,0.750957944372984,0.947056224664294,1.41906292821509,3.89274556709162,1.96013703800627,2.05383297056523,2.56512640741653,2.53826087895924,1237.75049388457,440.216301378742,554.017880532387,396.612011677893,369.434107763423,25152.5625578207,2275.84508697389,6017.20165340641,1304.24586790585,692.691902646527
100,0.215,0.825,0.1359512118419,0.191167880250941,1434.74061391381,924.869251041088,246.512720866686,417.258528720743,1500,2.29955004763287,1.06594368160989,1.91190659255713,1.0249281589688,0.856621862063176,846.312576994131,896.628659349338,1231.95793098477,1204.65697498354,1323.14975537109,1.62295270268953,0.706588222588737,0.440105059253277,0.521315017469916,0.439755620785712,10.2092049292079,1.55150690012284,6.70784488345226,1.71419086242393,1.3502927512717,532.0570713791,539.238096897947,638.557233372942,631.837684418242,656.279437051064,3031.55153853561,2560.6033053588,13643.6958781884,11697.7450655691,15233.4066878928
100,0.215,0.825,0.1359512118419,0.191167880250941,1434.74061391381,924.869251041088,246.512720866686,417.258528720743,1500,1.80680244507084,0.82488308248807,1.60033947429149,1.44009349138546,1.79936007708283,688.265668451655,1462.2613804923,988.450151838313,900.656445935397,791.879656892496,1.36563860977454,0.513718568291637,1.17155039975197,0.696296307706886,1.30177363153295,2.42782021951057,1.09420009455206,3.0482526154059,2.57408192236842,2.96327563732451,507.982793895239,734.754935673264,574.971047579168,569.347690407781,533.842616943296,1236.50401258456,6335.13830292719,2728.41981130393,5487.26050967083,1677.74383044021
100,0.215,0.825,0.116617315361724,0.195650660072703,1673.86404956611,924.869251041088,251.132776990115,424.977968864722,1750,1.88797677680086,1.23325773584622,0.690649152693552,1.34755609257574,1.06569181839428,588.50373249479,1077.64411844482,39237.8520428676,653.043580988977,995.232719855362,0.797181640845479,0.637069975778408,0.440505662162199,0.879309560703575,0.416542142828058,3.62249871347896,1.97596114717044,2.45863522727833,2.04044734967897,2.05278627337144,448.161317312549,592.807470284003,1960.22834699382,449.716827586844,498.36018243357,2494.75667478102,6808.16009620569,135796.86837852,1282.04848283483,14686.6096450363
100,0.215,0.825,0.116617315361724,0.195650660072703,1673.86404956611,924.869251041088,251.132776990115,424.977968864722,1750,1.1090480101152,1.11250718106652,0.621909825562337,1.12097706428109,0.877723754939919,1517.51468862125,617.146368450061,13776.5524597248,1204.46512133117,2098.34290300528,0.65155793595303,0.799952207422089,0.411294614052988,0.752118650564214,0.301956440326617,3.58168840790232,1.58118778916744,2.60413404067481,2.21506530771243,1.80360764395572,636.634200664511,435.953454819837,1978.48260029461,643.384723885852,744.441864997388,19549.7318587199,1055.03425042173,579088.196551402,5170.37858594977,1134349.5039772
100,0.215,0.825,0.553075327915399,0.0957972524877735,239.123435652302,924.869251041088,141.877032223114,241.321481188715,250,1.42263678858932,2.17581455991226,1.43748189002025,1.65864191278664,1.19565348717324,836.28830974723,348.689187645541,264.341090260257,551.626730935202,720.220178841158,0.71488885272942,1.26323967976784,1.10760844529651,0.763646142735284,0.745618459572299,2.2955083026236,5.32497649682223,1.85427476136982,4.87973664632466,2.1531651040458,403.846498952411,262.329825559039,209.682666190809,292.996757221446,356.418243691103,8494.72624985635,705.853804055618,379.502192120406,3310.38635970393,3227.01368447941
100,0.215,0.825,0.553075327915399,0.0957972524877735,239.123435652302,924.869251041088,141.877032223114,241.321481188715,250,1.18081203250602,1.98021393080231,1.07640003229136,1.6482823414824,1.02468494498096,1155.3558844823,701.140698560331,201.221406113946,560.676333499409,2671.2543817151,0.901610608147637,1.30838819306825,0.875376602973468,1.13525289848885,0.77671761072426,3.11427781046957,3.30024626778757,1.32237363043185,4.06357513735363,4.05210655843491,501.095256268288,374.536384382458,154.716131061825,330.510860008882,469.538379449186,4327.85484949164,1887.80967883134,274.372687159215,1846.32405833192,7450.44037787176
100,0.215,0.825,0.356446462328954,0.140393708864946,478.246871304603,924.869251041088,192.551785564447,326.781948325596,500,1.30113354505202,1.04329894712827,1.49959624889919,1.30241728417524,1.06758687339083,913.127691699117,1000.20584362366,468.720118322492,969.328462142128,1229.51890832316,0.569048400544695,0.734763047418874,1.09579633450931,0.494863870112006,0.638556265896741,3.24518496043422,1.56967221013813,2.29104832230472,4.48479746623969,1.7947372114332,446.720958154034,541.64186385551,357.732462872106,406.143007741113,603.520756404117,9361.09540853682,3843.89068272532,743.55732371788,16585.4567404785,8486.00564555944
100,0.215,0.825,0.356446462328954,0.140393708864946,478.246871304603,924.869251041088,192.551785564447,326.781948325596,500,1.88365202958157,1.05465144264236,0.992769636411835,2.16705433067351,0.957608559425714,549.088060352639,1164.18290896017,729.208895226569,529.362875462658,1120.06505461855,1.19534600904437,0.622578367012047,0.740528063610534,1.22277046609816,0.646182299997739,4.09472206807617,1.7449684486102,1.34613659711038,5.27774820461626,1.58974243667376,389.654678130055,554.976326449133,460.015003516966,393.035382960339,562.64191190148,1426.76347894223,8541.29504909032,1641.2547280262,1371.38420929692,5027.53517154043
100,0.215,0.825,0.257851105105913,0.163013034765382,717.370306956905,924.869251041088,216.991020822759,367.829941016634,750,1.47224992799835,1.52418207917331,1.13576139343683,1.21797038824027,1.559235401181,988.134618312288,782.297612542346,994.543459938856,1041.12953071204,994.66838835507,1.06275086711463,1.057445787936,0.425881844463675,0.897151736642867,0.969159376314735,2.0587319954312,2.73507008598835,1.88219856861297,2.0234100785616,6.87381189597767,597.065258706722,510.37555313432,554.56807377019,609.135778641036,466.432634776249,2407.41699551669,1747.38993015488,13783.7284482774,2957.60160230717,3849.8490354583
100,0.215,0.825,0.257851105105913,0.163013034765382,717.370306956905,924.869251041088,216.991020822759,367.829941016634,750,2.58623641158881,1.62163110549484,1.31724773085595,0.957806252960746,1.23244052556039,459.209204969953,715.339089509698,634.153048319542,1601.47688519351,705.855398961306,1.47716697952404,0.910604049920002,0.984680098746618,0.556042473200499,0.80145013635099,5.53546411661447,2.52533240761114,1.80025114154177,1.42645051338363,1.75707182798139,374.470191280823,461.402339955942,417.857621137517,694.992094985557,447.686840829313,835.453840175412,2153.93089146789,1385.91333938733,14981.2539762705,2021.49415406355
100,0.215,0.825,0.199949825732212,0.176362016848044,956.493742609207,924.869251041088,231.101477737775,391.477054325248,1000,1.32426089027982,1.14328907528251,1.10872073332972,1.07095465605736,1.61084857388783,680.623138598025,915.351000681203,2087.90533973962,1045.50736508923,682.21405446057,0.803421051915664,0.781576874702161,0.772458039466674,0.757310947670406,1.015406328474,2.65940593445058,1.63035829069708,4.68985923435067,1.69802434820257,2.61569199961698,442.33022668647,541.059247898641,755.873607745066,548.122750840511,471.430035724802,2166.81118026832,3014.24746201955,7847.88494611136,3214.10515463965,1910.33890427913
100,0.215,0.825,0.199949825732212,0.176362016848044,956.493742609207,924.869251041088,231.101477737775,391.477054325248,1000,2.43020216103493,0.93520115687857,1.0870531196667,0.81280779915449,1.45876761589528,563.80827983955,1013.92333030884,791.623803376186,3358.04115412522,689.509268701896,1.48196987999195,0.524848601501743,0.667960362123324,0.361769827677113,0.934048334752158,5.48702425628272,1.5579678009586,1.57089670073569,1.39407258139454,2.27785820612095,430.447270198167,540.906901508414,476.833430388624,968.498758444682,459.3091890385,1229.66154123679,5185.16688359265,2252.92748358448,1029387.54520157,1662.0074272936
100,0.215,0.825,0.162265605156944,0.185073900675987,1195.61717826151,924.869251041088,240.198467236649,406.701271141681,1250,1.09886842900778,1.07380123326299,1.352751433965,0.957241695600474,1.43219779231537,741.372088807475,913.60446118128,860.58941815872,1037.7132455292,724.754038219032,0.756699212592976,0.535918337516466,0.938137322306274,0.444493908819614,0.765776323263894,1.748380797339,2.08004099534629,11.8527798737184,1.71872237203045,2.64558944554871,443.048797745504,500.15147669926,449.494305208851,530.782730019748,486.822674221294,1774.96133124286,10512.5310795682,3346.26276066062,12137.2546420468,3331.66796865814
100,0.215,0.825,0.162265605156944,0.185073900675987,1195.61717826151,924.869251041088,240.198467236649,406.701271141681,1250,1.50289402336588,1.18696560489007,1.1422256673775,1.26598544236399,1.49785556370939,843.61001940086,834.202131516245,1191.34825164041,825.07985074493,889.032457143906,0.877711291805124,0.596717584260106,0.646677089727709,0.919647133155471,0.831695511276209,2.20840977723762,2.09379271299356,1.69252360788366,1.83507647180274,2.6525625538591,530.623512305766,527.954444761314,624.603618039894,502.360073635213,561.48810429571,2450.54825129457,4955.30657298095,6987.17603851379,2046.64513632518,4275.74292084609
100,0.215,0.825,0.1359512118419,0.191167880250941,1434.74061391381,924.869251041088,246.512720866686,417.258528720743,1500,1.39603536203535,1.0057266165736,1.11061499936613,1.56017497287254,1.53994245806164,571.63658710704,2267.83170868476,1277.74258960515,881.52249032208,745.492630594968,0.947055294421692,0.540990031537395,0.703406381282114,1.20976037248578,0.95786754379887,2.03881392413104,3.55352804360358,1.52750924426344,2.64707558439203,2.92037860790539,424.038165723921,583.000462059091,689.282272811705,557.692536729045,499.037657210137,1044.13381490271,23722.3568935547,6042.76259687514,2142.03922213435,1714.27684615454
100,0.215,0.825,0.1359512118419,0.191167880250941,1434.74061391381,924.869251041088,246.512720866686,417.258528720743,1500,1.91523516701775,0.872196320522974,1.4416027583778,1.11001122139722,1.31115118525804,598.783376863749,969.332369567669,1173.51039164364,1295.69181913046,798.263220231715,1.12116680550039,0.584801435125436,0.526448954073416,0.761875644749878,0.854768238021044,3.97725498471449,1.32976439322942,5.64241652237018,2.16261061710845,1.84563221971749,447.938506337261,549.677416217723,539.347198851892,633.596491758224,502.253443325923,1202.35722812991,3224.8367790156,26435.2391214372,6354.65521989722,1852.59023633503
100,0.215,0.825,0.116617315361724,0.195650660072703,1673.86404956611,924.869251041088,251.132776990115,424.977968864722,1750,0.960184763422923,1.33032887143145,1.82591118471561,0.942282333633393,1.24747925406422,2780.29897583461,552.183693228344,940.260249655279,1206.12299948151,796.112614468073,0.73526846534671,0.8974432209519,1.12854227120177,0.622738869351429,0.896489333267122,1.39142734229532,1.99892453551036,3.42512317444398,1.58914879250281,2.05473160522122,1011.03314788083,413.451741060546,550.994011494307,613.921069135592,525.609690838013,11518.0186244636,942.822739625309,3076.81254001335,5675.76128571562,1676.33353373106
100,0.215,0.825,0.116617315361724,0.195650660072703,1673.86404956611,924.869251041088,251.132776990115,424.977968864722,1750,1.37128277189009,2.69059286172963,1.24998055740407,1.00407213066068,1.13922278194891,1037.8044169495,600.283993050383,1040.46079111967,1529.76222098407,908.482745718778,0.624938633296419,2.1672886673436,0.68033236529552,0.490553741263388,0.745190816516295,3.82333038373916,3.56112246651593,2.36358671431135,3.23091042696872,2.22250042725391,544.985668264853,459.341285308964,593.611361280476,552.200182756145,545.412723928113,9281.03295868987,831.001670502851,5460.85648294366,16116.7352366218,2510.63556275505
100,0.215,0.825,0.553075327915399,0.0957972524877735,239.123435652302,924.869251041088,141.877032223114,241.321481188715,250,0.852238235452796,1.10792250813103,1.21290285717157,0.961225286642824,2.86162408463493,2681.82225471608,452.836860535729,220.808347330379,4115.33835488088,564.738183123341,0.362086928743458,0.832184192928196,0.891004628734691,0.61258757665682,2.01852397830039,2.43731869715516,1.47619029774931,1.53061683429653,4.32749841236968,9.24271018535745,492.405544792039,302.134137340989,172.264235839512,496.345149972155,340.675162103633,952985.952351305,903.850013009566,294.804854222842,25615.3129154353,2967.62904172905
100,0.215,0.825,0.553075327915399,0.0957972524877735,239.123435652302,924.869251041088,141.877032223114,241.321481188715,250,1.06648238530219,1.05175029857228,1.08035542870626,1.39024464454859,1.58852354314582,1809.42464736457,1226.08503586121,275.420457506583,1194.15384254054,408.692699174633,0.729640308002785,0.757331192074713,0.838926972094162,0.579297229284134,1.14082527913983,4.59037402422138,1.6813264847978,1.33760469078103,5.20490175236762,2.48256042298737,493.818342015794,537.557046011069,212.00899991216,363.971594435262,288.60766799992,8377.92257726029,6709.5396730231,416.249730495279,65613.2452262994,793.584957953782
100,0.215,0.825,0.356446462328954,0.140393708864946,478.246871304603,924.869251041088,192.551785564447,326.781948325596,500,1.73662764797279,1.46810526536459,1.22320943072605,0.763306161484653,1.54175812574647,784.629997915996,533.588547336808,679.067198863631,3688.63242099014,563.413694542446,0.903249206080397,1.04122515287004,0.932724421584456,0.333402391114017,1.01773207839617,4.87096273390011,2.28270746280362,1.76064790115838,4.00211499713776,2.42400660897442,415.506759801492,378.359455590563,408.315624082446,492.769466991228,391.214444719563,3500.66169136788,926.744602404833,1520.32567330931,2458191.45538327,1294.0269932885
100,0.215,0.825,0.356446462328954,0.140393708864946,478.246871304603,924.869251041088,192.551785564447,326.781948325596,500,1.11111110001762,0.704736060910111,2.03028912065652,0.682777923065417,1.26719795622652,1195.2113965391,3033.86580902276,381.885000840894,3916.0257242913,953.608478673774,0.63643861580904,0.512051880356407,1.12956682106902,0.374796777974917,0.707552661555118,4.225912226802,1.01127418130627,3.61276200391059,4.40493791398099,1.87482385790684,488.774762462815,1059.94597625874,313.790696855327,513.419869273594,516.302457147207,8969.73059608951,35460.2570025187,580.324300337095,738778.960028609,5450.91292656596
100,0.215,0.825,0.257851105105913,0.163013034765382,717.370306956905,924.869251041088,216.991020822759,367.829941016634,750,2.36693818075434,0.834608293641621,1.01261581467892,1.08566125886053,1.70715587598587,657.219867333216,1650.69819809211,932.252367199235,1088.62699010308,711.111642174424,1.01002883290331,0.583210006311287,0.604229108530326,0.748274131078551,0.475017486322346,7.52629044845467,1.13794841502483,1.89659641768982,1.77700543351338,3.89299869361994,431.059769884426,743.353588219439,507.687888375174,569.711678862138,430.897886594454,2495.00845256495,7588.27844453737,4233.60886078996,3675.70382407135,20559.2861668867
100,0.215,0.825,0.257851105105913,0.163013034765382,717.370306956905,924.869251041088,216.991020822759,367.829941016634,750,1.09023379202408,1.22483305399893,1.43637912512288,0.897244550961612,1.65666122182979,902.21138752357,837.865987209365,482.325461076759,2161.73325205019,954.939274999521,0.544024260466978,0.743604488045888,1.10091380930158,0.606600317025964,0.514639493422618,1.97727720778549,2.00613082424004,1.88794461841504,1.62233503039095,5.39444438343396,493.008159750457,470.573549845303,354.627590751914,867.20191144837,436.273127779158,7683.17477359441,3681.16103554766,746.000116154889,26107.4736895745,22361.3518714125
100,0.215,0.825,0.199949825732212,0.176362016848044,956.493742609207,924.869251041088,231.101477737775,391.477054325248,1000,1.74285702579523,0.883952024909801,1.13519581723649,2.33700401352239,1.29928488514072,1031.41456300953,1707.83722520061,775.453356872655,705.371678163035,632.502277590206,0.745108240079318,0.589762911954855,0.766523662625331,1.57412912584173,0.948222661050643,13.7625774119671,1.35734810927084,1.7111842643189,5.84235920853507,1.77980251770338,427.662025915734,818.587499476854,496.251013894368,492.442238598276,438.091371011249,12235.2421701882,12764.2003607193,1838.71889604836,1878.77423148772,1146.34129132567
100,0.215,0.825,0.199949825732212,0.176362016848044,956.493742609207,924.869251041088,231.101477737775,391.477054325248,1000,1.87267280572286,1.47805086753725,0.733094695968403,1.30599060155935,1.01800117880828,823.354146003991,664.912434594049,1679.97201017399,828.190505318454,1288.17428194382,0.895939915517255,1.18612172654288,0.453294546328662,0.780262828500847,0.430236175916555,4.51704656832919,2.00281680318962,1.05330008368296,1.99096580377218,2.209242684706,500.96420085408,457.7458140855,749.025374620594,525.973239866468,577.164496752483,3403.68419862629,1266.91180727764,14721.3491396012,2820.7146841436,34951.2929526167
100,0.215,0.825,0.162265605156944,0.185073900675987,1195.61717826151,924.869251041088,240.198467236649,406.701271141681,1250,1.49456326614763,1.60512030630039,1.83559776757727,1.15433695876068,0.913801188199694,680.970372739021,551.526477974238,893.223960512898,1383.80984004004,1930.42573509385,1.06509962194908,1.16772585614055,1.13454097268758,0.71653009240029,0.462363419547765,1.94171451083999,2.30747965968243,36.3428731855094,1.78055747717765,1.45572202903183,481.471772291542,421.124141654732,422.707171308052,702.576204740786,825.08381659265,1290.05521976948,874.100787714188,4451.9882913124,10033.6190403142,40232.210359732
100,0.215,0.825,0.162265605156944,0.185073900675987,1195.61717826151,924.869251041088,240.198467236649,406.701271141681,1250,3.17908747183345,1.26333587960009,1.17242968855418,0.810348435878165,1.86618887228091,716.79367634087,749.615613104378,1293.49618380363,1137.22736932903,630.650093051319,1.47244561413449,0.927513703634081,0.9026833931751,0.62930071065419,0.943588351634447,8.06478860691709,1.880894187412,1.71843733117131,1.05864736607156,3.75815621550641,477.622855107771,492.782147428126,653.848433332575,630.650872460412,460.795299921088,2474.15436646448,1773.77526115225,4514.07946252305,3350.99973639636,1769.89721033443
100,0.215,0.825,0.1359512118419,0.191167880250941,1434.74061391381,924.869251041088,246.512720866686,417.258528720743,1500,0.990464662282101,1.22618904371911,2.47186503362188,1.40194646108765,1.57222530518427,1010.4564730163,749.981582468321,654.657433287503,823.783541721823,594.620963427973,0.725888794134726,0.664074034674245,1.26001198962932,0.82401628683941,1.00213250166602,1.33551960023954,2.04435060095822,5.96009309373039,2.11696143106662,3.0386980603949,567.308517673589,471.657472524264,453.2416321422,494.117422026157,434.297917276586,2803.38695414233,2907.68650747854,2051.61827439211,2320.55571871955,1239.82470350436
100,0.215,0.825,0.1359512118419,0.191167880250941,1434.74061391381,924.869251041088,246.512720866686,417.258528720743,1500,0.956839102054284,0.832022163790351,0.855429755095179,1.21547275587555,2.31425833673023,1215.97661378301,2006.20526091804,3422.62251891903,865.824095401331,579.22999380733,0.635392206560504,0.522207650966875,0.453849881286886,0.892337940230093,1.50678131415063,2.7927166745551,1.86416890498579,1.4408293532326,1.81427000724056,4.39241580245142,606.651477328142,804.253408527319,1026.07550744564,553.907024864554,452.159567459756,4988.40869827897,19233.881927741,180225.778240445,2054.66688281109,922.889870913977
100,0.215,0.825,0.116617315361724,0.195650660072703,1673.86404956611,924.869251041088,251.132776990115,424.977968864722,1750,1.07271690138217,0.814657240233101,1.77567735600576,1.31057239358828,1.21320823576962,1048.6000969731,2146.18397574354,1086.80115910106,924.704339972455,976.327753239528,0.767213538268992,0.386335186080553,0.749209609218236,0.589982395665319,0.377473486883999,1.63891833561282,1.25089403276736,3.429821537245,2.34499330768114,1.98801295408436,612.932716705704,914.66523619359,606.294406023045,536.117559871719,573.641975057914,2764.94435510041,98811.4373735153,14296.0518204781,5956.60022286202,12690.116315648
100,0.215,0.825,0.116617315361724,0.195650660072703,1673.86404956611,924.869251041088,251.132776990115,424.977968864722,1750,1.97196938432954,1.34267428322644,1.50931858441199,1.12550264997867,1.19198801607081,672.452016557749,811.892997275691,966.827968038046,820.705323544414,1508.86192175122,1.33114228049591,0.694519943985061,0.998528568190026,0.839750087431864,0.720213076923377,3.85145575184951,2.32822242162806,2.75797591465428,1.56220238180219,5.63819548471269,482.274998657088,513.692602683965,553.524386570368,514.673572576651,539.421766205978,1207.34827853749,2819.35754037866,2334.24562030045,1616.42708477776,12738.958030228
100,0.215,0.825,0.553075327915399,0.0957972524877735,239.123435652302,924.869251041088,141.877032223114,241.321481188715,250,0.832898456699939,1.05707520281802,1.33546336659864,1.04688039910452,0.803462561148898,2265.44676622257,1315.31197753841,233.766485083785,1481.55460617591,2184.7110536893,0.361294545770596,0.482537244926784,0.999219914382897,0.522427963024743,0.463651719100426,3.02250382953364,6.35848000871539,1.85983655726994,4.29879099191718,1.2291351855789,419.597239980062,264.405309932101,186.705797331303,438.27412307801,682.956841631768,504490.506224873,49038.8556883939,325.946929478322,27865.3815797033,42690.9290409527
100,0.215,0.825,0.553075327915399,0.0957972524877735,239.123435652302,924.869251041088,141.877032223114,241.321481188715,250,2.25108080005475,2.7588663930809,1.15231728620612,1.88490334374808,1.38939222951469,577.271538657986,462.229885856959,211.987512737391,453.146215895282,619.36645865626,1.60719787089295,1.67293050959298,0.845151047661231,1.26143983914487,0.362603502720015,7.07139247523255,9.90066416854211,1.56714744226413,2.98640856329179,2.88360943478299,304.872487145671,276.187859131864,168.81648631145,311.09502838166,310.951893727584,2349.20515226115,2139.46520308791,288.328231272919,1218.9717549289,142661.817234185
100,0.215,0.825,0.356446462328954,0.140393708864946,478.246871304603,924.869251041088,192.551785564447,326.781948325596,500,1.63087156647438,0.829226401186103,1.10830302636601,1.21681059227407,1.0058470904226,677.102760191871,1928.64974817165,454.64503874357,860.924476797807,1346.19982129357,0.711324739091936,0.38221221333974,0.77697389398559,0.703779174554042,0.463616686364445,2.80670962359433,1.65049076250311,1.64501148335252,1.9839596916172,3.08428952720891,412.648870231731,637.397682992144,314.335682742313,481.367949042066,464.025695308951,3102.71081798059,111207.433956645,829.425388105691,3915.01470113867,40225.4333181245
100,0.215,0.825,0.356446462328954,0.140393708864946,478.246871304603,924.869251041088,192.551785564447,326.781948325596,500,2.19681535667187,0.829770251912686,1.16904701963644,1.09900328988412,1.13984196036994,519.747495157271,1370.45208125877,599.841316316812,1434.91913940938,913.277634161713,1.18929441499027,0.434473969133728,0.675294771752351,0.529301297646308,0.653063693323921,3.33993818573944,2.09617981156179,1.74275783174147,2.4717552049364,1.64640942962517,386.343551285835,504.715744275721,385.563919044381,590.598780604738,489.204718316555,1123.40476786734,29422.3604805253,1852.67169379734,17437.4946149954,4389.98318227874
100,0.215,0.825,0.257851105105913,0.163013034765382,717.370306956905,924.869251041088,216.991020822759,367.829941016634,750,1.48429384111149,1.72798262220938,1.08503682945424,0.844880139522992,0.82030531982196,609.220258050071,717.881911352338,732.311953916704,1585.26091265638,2634.21563025774,1.05695121786841,0.805927142315218,0.701616265524502,0.483872166272048,0.624066161757101,2.56760246032992,3.68852427792018,1.65163537986299,1.19703263234135,1.27961944781199,441.723247367363,459.104902087995,454.920268619438,738.098557175292,876.561677647579,1236.09991468159,2961.08309874924,1989.93620587751,14705.4903406219,20652.4665847866
100,0.215,0.825,0.257851105105913,0.163013034765382,717.370306956905,924.869251041088,216.991020822759,367.829941016634,750,0.978359094549678,1.0344426775274,1.72994884289635,0.927653959236422,0.925100804756598,2235.76154092615,1589.15883608062,560.011942227667,1525.77477298722,955.913710661596,0.556381426382535,0.694361431648243,1.0396456274558,0.641291501980935,0.659172151247702,4.90586863326607,1.91168420617425,4.40564500711387,2.64727625802995,1.32337902285204,472.054273619869,720.582231357154,417.283130883385,554.977988477566,541.511096653865,37282.5313892734,10016.9055846112,1381.92434296515,6925.36846468537,3030.70361307366
100,0.215,0.825,0.199949825732212,0.176362016848044,956.493742609207,924.869251041088,231.101477737775,391.477054325248,1000,1.7397666337474,1.61918110339277,0.839623269859884,1.46650961812825,1.12123726829651,1195.72679612694,772.264007741847,1988.3671452305,562.037766129736,954.283633248198,0.640832657052343,0.831784495341093,0.524900793588179,1.00026903217879,0.674215614221111,3.89856882061243,2.98759471436075,1.48883356840854,2.19970364861166,2.50392233129044,650.389670810049,487.837691011322,770.506763027663,426.421384353808,520.513266566414,5949.31595173456,3436.32860139511,14895.564251254,1111.25173174108,4236.24603071455
100,0.215,0.825,0.199949825732212,0.176362016848044,956.493742609207,924.869251041088,231.101477737775,391.477054325248,1000,1.55119644942589,0.921024723151644,0.724248664036568,1.61548872537745,1.07142403658097,525.510481199822,1650.79859193019,2236.11057807556,754.352345752067,826.309677262025,1.19113671682771,0.569406665711489,0.343882591495924,0.58809053574044,0.762576445835292,2.31692502265806,1.62187475986492,3.28971559417707,8.3321840796602,1.3826720014622,388.93680066189,761.853892479529,496.193267840329,418.375116614365,482.886024058364,854.869287164,22620.5845733566,154350.187189871,6967.86662532352,2231.13333185995
100,0.215,0.825,0.162265605156944,0.185073900675987,1195.61717826151,924.869251041088,240.198467236649,406.701271141681,1250,1.18068340874711,1.73767034667644,1.78337544854223,1.42820042013197,0.824316043327345,1202.61445960428,572.679510455961,795.539806789595,759.665561860981,1634.53398979436,0.724298695322408,1.12036159970145,1.33328346008158,0.683210635383852,0.534636634442996,1.94652442086559,3.17851503743139,2.8188215583333,2.41174054549186,1.25333539251529,639.733387019982,427.4085038717,509.966822689066,490.79461695121,722.535008448994,5635.35010470391,1022.96711872683,1905.00344892816,3410.24977168679,11170.8136657833
100,0.215,0.825,0.162265605156944,0.185073900675987,1195.61717826151,924.869251041088,240.198467236649,406.701271141681,1250,1.15360512576007,1.23062200819895,0.896341963685265,1.66505563033729,1.12795305549933,975.930645707753,1086.77401505617,2129.33346552219,832.052060117532,899.858720710536,0.903073576863169,0.628245355717021,0.56388429523575,1.20032336654076,0.885727302988687,1.61194689205843,3.7165727463707,1.30300731435008,3.95758139472105,1.49963054247513,611.824442343753,577.891585993532,923.45134149622,540.741810262508,560.145996345473,2347.42245776471,9766.28130826086,11823.1783923659,2009.96870632531,1812.193378137
100,0.215,0.825,0.1359512118419,0.191167880250941,1434.74061391381,924.869251041088,246.512720866686,417.258528720743,1500,1.22675610185838,0.879041500831719,0.908834882849407,0.913872719326077,1.37643324600142,1680.64407692266,1725.01664374347,3211.56271368676,1876.97942043856,684.113941701224,0.472893125651578,0.458169065371109,0.52302719771953,0.532689703968146,0.837550317483022,18.3406977652528,1.44980583832567,2.99452371085341,1.78409182616995,1.99930623146498,467.721237420797,798.10482024062,638.794689613605,808.935408420683,495.361819710996,47398.1285752362,26000.7278783043,52140.7254996567,17370.0494491806,1428.44981858783
100,0.215,0.825,0.1359512118419,0.191167880250941,1434.74061391381,924.869251041088,246.512720866686,417.258528720743,1500,0.982328995909528,1.0824635776759,1.53368999710296,1.30507339915358,1.49113369048481,1472.54751657762,1401.04756445745,829.239352985526,654.71957523284,680.641878057345,0.642662977572499,0.730987219875901,0.975350371296797,0.919489194771076,0.936277157115773,1.50045393448405,1.71016765266628,2.75638768990984,1.8718759208574,2.40778338761073,728.455192669835,615.62357130538,492.155978013163,453.153754848761,464.032531376052,11293.7092913256,7255.97855695728,2237.67398191786,1205.47275597764,1796.42421171778
100,0.215,0.825,0.116617315361724,0.195650660072703,1673.86404956611,924.869251041088,251.132776990115,424.977968864722,1750,1.20015127475901,1.0477213771879,1.23370903025446,1.00256973955586,1.29805898038753,1090.34081542934,1511.43510686397,1608.32646021665,1132.13969114518,741.664127251913,0.889921421472861,0.488444506960984,0.637102803566366,0.692961728420755,0.745167838312372,1.72762470827463,3.10893238399125,5.35773306613962,1.35160203607789,1.98014582724755,616.839669398947,606.421922132293,601.016466687019,619.40754296787,484.303958267725,2703.51240223386,25052.3238238057,16606.1550756657,3888.81373857644,1980.58370819338
100,0.215,0.825,0.116617315361724,0.195650660072703,1673.86404956611,924.869251041088,251.132776990115,424.977968864722,1750,1.45111573174121,1.64997998017752,1.08449319667739,1.19556791951633,1.22785957863063,1092.46083424164,784.878950774356,1175.32109699994,673.207511766466,1074.81743358906,1.04539797338629,1.12242017506731,0.75743791447234,0.903553381822864,0.872099733841871,2.39230596616454,6.28043456274425,1.79513191510898,1.62270882218398,1.95147866286098,609.652962420114,498.462651835153,623.107854548453,468.860217016411,616.182512700564,3732.19188926274,1664.45176575298,4439.95092612339,1368.9933786711,3285.88564511229
100,0.215,0.825,0.553075327915399,0.0957972524877735,239.123435652302,924.869251041088,141.877032223114,241.321481188715,250,2.7349608767646,0.699354028737242,1.27117939841144,0.837997753198809,0.980780386912743,475.174745081976,5127.7710266836,288.446932641957,1624.31559074697,1170.78675500521,1.2315756955942,0.382970894125411,0.906792767630024,0.557872047323619,0.502721336295243,10.8235157721841,8.08195053883011,1.73423177930906,1.62579168698767,1.41425605032246,291.437712340849,316.499706538562,220.380740680111,531.74706622054,532.011363741698,1688.71551131206,201597.990361611,445.529247687934,15263.0978419593,11804.1467737179
100,0.215,0.825,0.553075327915399,0.0957972524877735,239.123435652302,924.869251041088,141.877032223114,241.321481188715,250,2.82394327839664,0.935445981470658,1.10979936936511,0.744820629535332,2.56842938305732,427.866277770964,2231.51352246534,230.83135860089,2674.74839740832,420.325397682057,0.892100024360734,0.549455846453271,0.912725804592462,0.354342957122451,1.11182635811999,6.0591470443709,4.20084334502084,1.36787133728556,1.62552249038042,5.38264442482786,293.436347086048,352.534357229659,180.404385771838,563.900186381015,297.877517809535,2122.33090673441,41417.1694375131,315.271185601608,398690.490938197,2014.59268920263
100,0.215,0.825,0.356446462328954,0.140393708864946,478.246871304603,924.869251041088,192.551785564447,326.781948325596,500,0.772490677672888,1.20391313075364,0.863938418852549,0.933399886286574,1.09350057198815,2530.070536001,4109.27540329527,568.376056693875,751.334643776303,834.781574788768,0.493317410162733,0.906388876390343,0.641260667820475,0.641863160419833,0.720934359422711,1.46693847359382,4.35046736648179,1.34695637290054,1.34352651669835,2.05016781698374,868.246616435661,731.411106463976,356.418278647569,438.24753467947,473.518233801024,58303.5743359712,9093.70885154146,1267.24106081604,2220.35157186586,2930.12960404399
100,0.215,0.825,0.356446462328954,0.140393708864946,478.246871304603,924.869251041088,192.551785564447,326.781948325596,500,1.79763230348776,0.915981864406362,1.68443161280391,1.61826663070485,0.801345207324936,557.473325103048,1052.8920993435,324.010348008583,797.740889825516,2166.45031459602,0.872899007216632,0.59904053050943,1.30796277579779,0.892313905100858,0.551071526310673,3.09695084415179,1.52297196583644,2.20297142367618,2.6572688130124,1.5091464124757,371.244612748469,459.850913526233,263.579462948824,433.46779418356,752.327276260966,2631.12727100366,5023.34603087181,434.088090918847,3049.64715378155,21654.7248478165
100,0.215,0.825,0.257851105105913,0.163013034765382,717.370306956905,924.869251041088,216.991020822759,367.829941016634,750,2.33700129579141,1.24278976262059,0.840757494029796,0.878929405856364,1.53992757976543,1069.77050703249,1081.00695448083,859.900166932373,1431.28825367644,567.877837405494,1.30491644194617,0.619663715929259,0.601508808701609,0.589789157523304,1.16687468557469,6.8961646440594,1.88224946524796,1.12489210953064,1.21091039970182,2.05304304256208,515.480475261959,574.449889755272,503.350549303507,738.935268249963,412.053647407866,3172.0211180707,8756.54892610332,2677.44305813124,9177.14400991604,977.749313947692
100,0.215,0.825,0.257851105105913,0.163013034765382,717.370306956905,924.869251041088,216.991020822759,367.829941016634,750,1.06703607322415,1.57244878999863,1.33538315833494,1.38520922695095,0.868737741086721,1306.02174861291,613.626257559259,584.179150550868,908.759899664115,2988.74329308544,0.604352118191917,0.93373002420179,1.00189880992828,0.610964012707664,0.441789533127723,2.08172592403244,2.29873255457517,1.85029061663647,3.58545572949908,1.99502632574665,608.046053709081,427.962899857481,397.87610101764,467.028964839859,721.067550030273,10937.0819465336,1404.231714901,989.797645439834,9229.07341415602,214195.041846688
100,0.215,0.825,0.199949825732212,0.176362016848044,956.493742609207,924.869251041088,231.101477737775,391.477054325248,1000,1.21348960912128,0.848053754205956,3.41508098748239,1.08063082727669,1.01925909156401,901.47449873346,1266.198535582,598.263129047456,637.774565789518,759.711232707518,0.765160533060253,0.589548432761252,1.37509698326076,0.86187279646603,0.700350843890734,4.53824855378989,1.1476737170568,11.8775177841003,1.48826709153191,1.40392212249608,498.085921318431,599.23493545805,397.142551940022,407.600826792716,463.828331663677,4061.07055173496,8129.93347523579,1808.44877598233,1359.1902954957,2466.73548960858
100,0.215,0.825,0.199949825732212,0.176362016848044,956.493742609207,924.869251041088,231.101477737775,391.477054325248,1000,1.26840178537488,1.37744273302739,1.41168699729182,1.44710419406643,1.00976437355316,2257.28053967704,531.714422985657,807.724387313091,1061.96840680197,987.210984870845,0.857645969587832,1.14022119211308,0.87600406284908,0.921468550712909,0.811137677728791,4.98384228495434,1.81877904978726,2.72070063623649,3.69651674228269,1.33384237080708,623.055782276256,404.355602848956,492.898645682823,542.117589286421,561.591811796563,8052.49941162244,857.069645358682,3336.049019941,4334.32541447382,2578.95673071062
100,0.215,0.825,0.162265605156944,0.185073900675987,1195.61717826151,924.869251041088,240.198467236649,406.701271141681,1250,1.59995420713936,1.49365539247397,0.901742292041485,1.60616578520954,1.47208421409005,949.429623658625,671.176676482318,1476.27464927369,730.334666868075,577.811644745645,1.00221111277989,0.900868986346838,0.454165360195565,1.16413882153837,0.825017873231206,6.25756877120752,2.2086520947447,1.37772977865531,3.1484735945622,2.02768021241967,474.129166763566,459.154640685029,677.438989066104,468.30950680957,422.607847010267,3406.54787386935,1808.97620767993,36233.1028479277,1451.05002508678,1306.48823199443
100,0.215,0.825,0.162265605156944,0.185073900675987,1195.61717826151,924.869251041088,240.198467236649,406.701271141681,1250,1.00006897412936,1.12657487332153,0.980428337386634,1.45895463598456,1.00137179751106,2096.12222325928,1067.62067126679,1710.8488873874,815.027905955842,905.031178925758,0.356236471988518,0.73595077631505,0.590274835826906,0.657200047882056,0.571724206042985,5.50436688859655,2.24746799319648,1.38456963956911,2.50279290361729,1.53364330352616,541.266208907831,573.058236597131,830.412709218115,525.560147656488,569.803876864664,1024981.12919682,2897.88440587461,12407.5129325392,4651.11103105467,7221.27753211959
100,0.215,0.825,0.1359512118419,0.191167880250941,1434.74061391381,924.869251041088,246.512720866686,417.258528720743,1500,1.10833267222282,1.8984420484521,1.94300959124158,0.912430899014762,1.68238972335985,1217.05871678601,729.759069375633,882.232540599235,774.646405789237,659.245863092319,0.790560287951929,1.25776732419387,1.17286505143826,0.60651850625586,1.06664168494288,1.6824491124007,3.8604872742219,5.35082088364103,1.19672230107216,3.00261636393365,657.232159425647,483.228986263919,523.326821663037,503.868566193374,477.405372354764,3994.83256294398,1570.81450369742,2695.04910320021,1758.59124652972,1311.12978395368
100,0.215,0.825,0.1359512118419,0.191167880250941,1434.74061391381,924.869251041088,246.512720866686,417.258528720743,1500,1.30563468605543,0.967792344667171,1.42484618465096,1.27495531220056,1.53026267502128,1299.17551267536,1301.35472168292,829.377803469726,1086.08670697425,753.748321408304,0.765996218870304,0.494794678824926,1.08366348232129,0.935814461764628,0.996524569400222,2.93479347886752,1.8765612818369,1.96229653574675,3.84610500784158,3.03643053881868,644.347020978092,603.847022314828,536.170580349909,587.125964802322,518.621923548977,6947.02088767744,12355.4601309561,1775.46128575587,2981.17827347769,1541.34359183037
100,0.215,0.825,0.116617315361724,0.195650660072703,1673.86404956611,924.869251041088,251.132776990115,424.977968864722,1750,1.6724888427294,1.42418776044804,1.04715130943897,1.57353606763805,1.05166976708535,916.505482507589,605.430918065576,2793.25262436621,886.71282112175,698.677000578494,0.693070744122115,1.0280344269325,0.308652100325163,0.54047740209897,0.619793497337664,2.52759965893533,2.19241831449729,2.1829768345917,5.05908650557157,1.3856691858318,563.809382036113,430.265503362051,731.802340163538,522.539446098375,491.793916789828,4177.51271170848,1001.57174219336,1658791.87590798,9112.58918386845,2240.341835424
100,0.215,0.825,0.116617315361724,0.195650660072703,1673.86404956611,924.869251041088,251.132776990115,424.977968864722,1750,1.25514419086062,0.888694185271847,0.565574810376841,1.06056100054332,1.33294012060478,1143.69228528101,1159.17768849604,153268.940284328,888.178962208298,739.12828130705,0.387383342212549,0.527070398981543,0.347425402090904,0.557497613343384,0.849767700801946,2.50060108952731,1.22924089966187,2.18120312578292,1.9127536581796,1.69687501450027,602.92743649185,590.118596001242,3682.39266343908,528.705269937796,500.847023323723,77118.7645160183,4749.27662166382,729374.875647685,4679.10358068505,1542.53647032953
100,0.215,0.825,0.553075327915399,0.0957972524877735,239.123435652302,924.869251041088,141.877032223114,241.321481188715,250,1.38997735038321,0.890168863744723,0.735226616960222,1.45531402464287,0.987169199185946,587.049305264484,1104.76883850989,289.153515209292,554.425285713507,2690.22791408163,0.705930782606005,0.313411681513827,0.570370525444829,0.860055106321915,0.65189080180867,2.80073053222737,1.8735772479178,0.935383588850025,2.88314314192306,4.0652069162457,313.262009387557,399.215938678575,190.043678562218,312.839490187649,454.086433593198,3037.08838199258,163659.122255502,617.571233436174,1820.56013606677,14169.4748360613
100,0.215,0.825,0.553075327915399,0.0957972524877735,239.123435652302,924.869251041088,141.877032223114,241.321481188715,250,5.15289428949016,1.36316868891334,0.976241637567261,2.32985188140588,1.47842903586269,3382.70619334229,555.284523744928,211.987646400902,414.457269747001,417.148026275522,5.12471968265633,0.904124083157232,0.749417264621026,0.649211044464791,1.03086262153169,5.15448779616993,2.00773641923017,1.24449790072352,4.49178494549463,2.50811319460964,3378.10816603902,331.248243614416,164.078568328138,289.841315592763,281.793541235739,3383.18263173292,1380.37484615064,291.120717533819,2997.47368270128,921.526602185911
100,0.215,0.825,0.356446462328954,0.140393708864946,478.246871304603,924.869251041088,192.551785564447,326.781948325596,500,1.51721347160154,0.611583131107699,1.11954161320736,1.4868961040262,1.64809749505944,485.806923316449,7418.8860193836,552.845882373078,568.419566030771,934.78812593714,0.693362166042718,0.34534953287333,0.833563999868137,0.852830594495536,0.648404101412124,3.08614046351148,2.16954629946659,1.5518057421954,2.79589259891699,6.7784644243875,349.87125675667,627.444588554589,372.369852556641,371.41880457954,408.682942122401,1790.55034834972,1256271.71831381,1050.15667913822,1523.42431837129,12439.7895778314
100,0.215,0.825,0.356446462328954,0.140393708864946,478.246871304603,924.869251041088,192.551785564447,326.781948325596,500,0.963473987533121,0.748812672064126,1.61878268744535,1.57633987149006,1.82122844096645,1485.73219427794,2122.9439825687,393.682285306917,884.46530938024,453.820492780151,0.530859329759264,0.360786771368696,0.720960903394421,0.542926101917949,1.30463601274254,1.83078106523786,1.43883142992376,2.85505178848666,37.0955651423551,2.74825106986355,628.101280982984,661.647481066888,317.935348736666,341.288273391133,329.504933073773,16712.6667680597,239754.181329865,888.542205578998,8965.75933362493,716.101601688526
100,0.215,0.825,0.257851105105913,0.163013034765382,717.370306956905,924.869251041088,216.991020822759,367.829941016634,750,1.58037313053045,0.905917683623391,1.12578814909345,0.886148186596289,0.862085651803768,708.423899091143,2114.96270369929,958.489671839859,2308.01346110237,1307.93054995009,0.897777692966457,0.533601500225915,0.738798485788741,0.523439711927828,0.552240667286462,2.77685932130767,1.8519620820471,1.81054735972059,2.01935928632255,1.52783046864313,480.364513730013,693.101210888503,551.070175801342,711.55568535651,611.05800626791,2123.57701722848,22769.0054036837,2699.68984204576,20291.852373217,6473.31862457463
100,0.215,0.825,0.257851105105913,0.163013034765382,717.370306956905,924.869251041088,216.991020822759,367.829941016634,750,2.62457106063385,0.956845611915155,0.902729014621017,1.13589916277825,1.31727385790243,779.253953274665,1434.94369662795,1096.63851658861,678.873125970425,831.660696748899,0.950411876891567,0.67074991232192,0.656219088194517,0.825956554426995,0.809894125923702,7.50412038007546,2.30227366966661,1.36207487454941,1.57771921154944,2.4175488974361,465.991052446093,616.186534113446,568.809779680085,442.403474242551,499.700704871064,2780.39217255986,5921.25335790789,3633.63710658893,1500.67436943154,2861.70722635507
100,0.215,0.825,0.199949825732212,0.176362016848044,956.493742609207,924.869251041088,231.101477737775,391.477054325248,1000,0.944731197008298,1.23261324968127,1.3979049397513,0.768118859391256,2.14885480321419,3234.82177954506,589.646102164508,710.99367820425,1743.79109943552,528.559134792364,0.520815354053422,0.743063586202027,0.962846132587869,0.49767570952326,1.25694893826079,1.77654409667767,1.6903028369973,2.40711050114875,1.21209984896427,4.62652179561353,999.921117768884,406.06515905945,477.206872457989,722.603929231407,417.527790623434,61101.0694537643,1440.15805302527,2020.7236487874,13089.2691472245,943.384817162319
100,0.215,0.825,0.199949825732212,0.176362016848044,956.493742609207,924.869251041088,231.101477737775,391.477054325248,1000,1.84287079632128,0.797083409067148,1.48318748495014,0.862553242545116,1.1420121896267,819.161147680271,2466.95165543812,496.617300543732,1814.37961245172,1363.10408621326,0.701214887711964,0.477575046246737,1.25558657444701,0.468435956854439,0.585339787269934,2.94899515922087,1.19216775094164,1.80711863781258,1.44904859752479,2.41771311701255,532.733198542855,845.125768928356,369.289309205922,761.065784938813,661.399168715707,5129.25490947592,30354.5562357874,743.444895563644,28378.033643243,17598.4800589633
100,0.215,0.825,0.162265605156944,0.185073900675987,1195.61717826151,924.869251041088,240.198467236649,406.701271141681,1250,1.30674842554228,1.49873770844964,1.20176945434569,1.29228153219669,1.53842095054858,801.534822845474,847.256306551251,1290.762616942,1095.75574695209,774.780627393098,0.931097595737232,1.00605676419958,0.784351612020748,0.751949570939376,1.19400024207982,1.83575087783529,3.09422413394208,2.9205034877384,2.21303642370749,2.25158160733086,503.222075970705,544.938102071407,609.802902314685,627.440520452521,518.327783781578,1706.16654118183,2169.93204040258,7005.15163707406,5579.84003591236,1601.17687999513
100,0.215,0.825,0.162265605156944,0.185073900675987,1195.61717826151,924.869251041088,240.198467236649,406.701271141681,1250,1.67818938639817,0.892993110154876,1.6016581515787,1.4357252931273,1.36638402659436,661.060430507613,1231.43476200247,699.323119648453,1305.69240326432,654.01633296918,1.19338410724358,0.496758729780105,0.867877429023891,0.966655410995412,0.992438133375759,2.83259306230016,1.54770129910673,2.70748557418941,5.42398460061386,1.99624875213601,450.662536781847,587.096091047468,457.261342756104,613.090492102505,462.747922420637,1354.92852814723,9592.9916174923,2058.7248083852,4795.26967261515,1241.73185370315
100,0.215,0.825,0.1359512118419,0.191167880250941,1434.74061391381,924.869251041088,246.512720866686,417.258528720743,1500,1.21691123204518,2.12337541033901,1.01145857607574,1.50395518356246,0.821308268771801,1033.38361525681,547.08206956925,2193.53206468352,936.701392558758,2355.92744242732,0.660129485457008,0.972269177466863,0.646878383756437,0.84246744655784,0.494995463399856,2.15687616254496,3.91450881240375,2.39887361485265,3.18118073183503,1.72826506411579,592.602995018681,444.665175677761,759.985883425296,542.576259356787,772.211983531497,6747.67911791369,1238.8948807481,20190.6461601756,3993.05759674037,33846.2041148061
100,0.215,0.825,0.1359512118419,0.191167880250941,1434.74061391381,924.869251041088,246.512720866686,417.258528720743,1500,1.33040956014819,0.69766208664126,1.45053284806755,1.04937245953339,1.11756279525399,1153.88221068702,1376.54870051099,935.61866006469,1325.84844071109,1060.35351307236,0.703942605624268,0.511412680684187,0.964553136664692,0.528954783020954,0.66478543714347,7.28337492605242,0.899360378703132,5.69431092032838,1.76267993222307,1.98792271294822,504.642545397962,684.695766389315,528.621172344425,681.836972836084,614.694538231831,8413.89727548957,5286.22454901423,3057.20666865088,28063.7772888831,4912.75111735676
100,0.215,0.825,0.116617315361724,0.195650660072703,1673.86404956611,924.869251041088,251.132776990115,424.977968864722,1750,1.09783986944714,0.817960509976845,0.908680831399282,1.51220263112301,1.340594961206,791.359934720499,2282.03095390575,2322.17549229627,437.89510418065,711.199110322581,0.813369472923907,0.568879605994426,0.480109618512488,1.14655946292619,0.941912822980745,1.6785005462849,2.04231729131274,3.50145222801735,1.94328654964157,2.12815127762813,466.80305262931,718.37900110414,674.921080232225,337.228391177539,451.11963328095,1962.90975422719,14355.6537994335,98495.1605726352,672.622939876541,1727.90018707081
100,0.215,0.825,0.116617315361724,0.195650660072703,1673.86404956611,924.869251041088,251.132776990115,424.977968864722,1750,0.911073563054464,0.960346168360932,1.4964399816147,2.27673738788412,1.41970938212367,1060.1608320823,988.214702701707,1110.00571548621,579.566237003516,596.759066455527,0.573969029694058,0.646388152388177,1.10497516601771,1.24421573823334,0.799445073217425,1.22984269309915,1.2714725936822,5.22077056911096,4.01440970804937,2.14439878686463,577.106950694346,548.2104996697,572.014224607438,426.837087906371,418.846421679311,3939.71244591664,2792.33791295176,3863.9277817244,1114.50610923553,1623.21546454398
100,0.215,0.825,0.553075327915399,0.0957972524877735,239.123435652302,924.869251041088,141.877032223114,241.321481188715,250,3.19641479306259,0.844044473403387,1.20523389795925,1.45505039002369,1.06753816803732,441.508617252954,6713.76945240599,222.263752064886,1227.95528632589,672.998198046128,2.10405946848593,0.558153950238285,0.915888363819308,0.690278137187359,0.806290865459021,8.56486553818614,3.37447595092111,1.61688270832997,5.2866450706552,1.44456534608576,301.978753513694,464.598673835712,175.85309623495,416.817770312897,382.788350359029,1350.66178112758,27509.6922201736,295.554559818945,6979.86262512566,1987.24115608026
100,0.215,0.825,0.553075327915399,0.0957972524877735,239.123435652302,924.869251041088,141.877032223114,241.321481188715,250,1.89399154233823,1.21288246897586,1.30850687518601,1.44318557666585,2.44269019628949,633.757288612296,865.647415096126,218.194195588543,602.894783497934,469.885646043704,1.12534408350783,0.606949962663138,1.04467714987328,0.756657095841694,1.35758569937809,5.9441106815081,2.33392875480061,1.58807271246752,2.07568780041447,7.8829341906266,328.553545555453,397.467387256138,168.96930326629,343.348846410547,285.364100298843,2553.33382737895,10833.9872783711,276.269353227192,4302.55432690056,1580.8383437805
100,0.215,0.825,0.356446462328954,0.140393708864946,478.246871304603,924.869251041088,192.551785564447,326.781948325596,500,0.964667264234554,1.21387839880486,1.55718445674604,1.22288752704132,1.27032809451346,2169.05843220116,814.252598686549,305.260426303394,845.331237115958,618.871445354926,0.623260385195498,0.729647700205217,1.21316467615196,0.850927042024694,0.868023419963913,2.29306152880183,1.98113001531663,1.98607489541286,2.00720411708586,2.58012030952355,688.389907807671,442.813174829348,243.189070194203,437.207041650827,394.512376646964,16619.4498922734,4433.13534768898,422.490976301496,3310.22255981763,1509.44215505346
100,0.215,0.825,0.356446462328954,0.140393708864946,478.246871304603,924.869251041088,192.551785564447,326.781948325596,500,1.27210117079239,1.24879757611445,1.00212469941077,1.57572194651172,2.05626704886289,1451.02590874043,681.427735373482,553.538914968443,1095.61007200607,484.723851750806,0.859933868844392,0.832584910192775,0.676990613869827,0.469833989030398,0.912732055221112,5.63672522763029,2.33701139712955,1.83203640316779,10.2948414054343,5.60977737879254,389.977738152472,420.8781737045,385.549300001144,373.686103173167,360.098319817328,7121.27651732434,1810.78780559825,1243.60933124414,32987.6086529637,2029.00796031645
100,0.215,0.825,0.257851105105913,0.163013034765382,717.370306956905,924.869251041088,216.991020822759,367.829941016634,750,1.35126353086687,1.12220748993917,1.05642462974056,0.965348895659999,1.84268461160389,1990.63197764441,822.128219177591,614.203536302914,940.599736236736,481.688316364294,0.711462173725816,0.897864593926114,0.822683449192444,0.533894384511765,1.29547307868553,5.01611525299575,1.41258591967845,1.39099725050725,1.42403270600154,3.26578876147465,634.45828479275,448.794022349728,397.028079074893,516.102882577207,367.328577822639,7499.0573316318,1901.21368604708,1200.56730788017,4589.82873997173,782.10908823648
100,0.215,0.825,0.257851105105913,0.163013034765382,717.370306956905,924.869251041088,216.991020822759,367.829941016634,750,1.38021749434534,1.02562228828641,1.14376055491141,0.780461506671991,0.826643507368241,593.70691718587,1388.83958133875,804.66360579609,1373.54706464829,2188.68224780908,0.989816463296711,0.457199873691674,0.718325596475865,0.572928026643069,0.284774710902312,1.98576184423842,1.98264741227448,1.5874162398679,1.02496054066504,1.74377067706111,409.153849027307,672.873100453084,469.938432922879,625.413380575597,622.836347998949,1190.72854814048,132237.782189816,2804.17086981336,5617.53561887343,988700.13316021
100,0.215,0.825,0.199949825732212,0.176362016848044,956.493742609207,924.869251041088,231.101477737775,391.477054325248,1000,1.4452120004524,0.769748600951626,1.05985956176298,2.02651168573969,1.02332829846678,806.902060112801,1414.13163364253,998.372532533089,607.056292215538,1455.79760405516,1.12560577489762,0.431353250421441,0.701818805898053,1.3550348484364,0.621820012810009,2.13275355617492,1.23203266453926,1.57006055958177,3.50449611576241,1.60244115511541,514.422447519647,639.530332655572,553.634222612613,433.096618618131,704.443878045861,1641.36413557632,9694.97019302135,2776.29372052936,1127.57520727823,8913.72218100087
100,0.215,0.825,0.199949825732212,0.176362016848044,956.493742609207,924.869251041088,231.101477737775,391.477054325248,1000,0.839106883014599,0.972545753585839,1.23010575417941,2.40549595539192,1.13378082822078,2394.02002795462,1035.80824690131,925.449697622348,772.270409950029,743.708267065924,0.52067015311728,0.684505798342619,0.812288711306682,0.960907029781511,0.711255106163251,2.86559738599692,1.38588376232652,3.17182766633795,7.12303343947899,1.7053468265141,664.242654184263,553.1555150401,500.636176147972,491.743982652858,491.043181427582,27927.9142653139,3055.94947090592,2782.13373043354,2825.85680147017,1837.33017446079
100,0.215,0.825,0.162265605156944,0.185073900675987,1195.61717826151,924.869251041088,240.198467236649,406.701271141681,1250,1.19639079586707,0.829060639327514,1.56920520883493,1.27662495299105,1.6255423749341,1293.19313196079,1053.20811658608,796.270424036979,731.533400390083,843.339587188182,0.815882652405164,0.588507704676235,0.562432055889721,0.929607257145195,0.886945267629578,4.42687698494008,1.19780863580731,4.80069237819946,1.88064821015269,5.56141126540288,608.962693197691,596.405235328882,462.432476023004,485.802400895582,495.723328770421,5381.86139324075,3826.43008913798,6565.78396549795,1553.20068917565,4580.43869440623
100,0.215,0.825,0.162265605156944,0.185073900675987,1195.61717826151,924.869251041088,240.198467236649,406.701271141681,1250,1.07965669979143,1.44809073096464,0.917477838633301,2.85785322553526,1.73445512305405,969.862544547159,1221.75757615457,1870.41628391753,630.291420526666,885.669706209295,0.735440372060258,0.788970017501367,0.642135118131842,0.689091430415671,1.09942094480738,1.59000095291702,2.72379338072637,1.36895339315477,9.93222097509165,2.58603702348342,605.889008322287,630.5294217301,813.956216824129,456.113705391481,573.993823336283,2355.657051237,6776.20750828067,13061.9414611697,12395.4141167441,2432.50729984934
100,0.215,0.825,0.1359512118419,0.191167880250941,1434.74061391381,924.869251041088,246.512720866686,417.258528720743,1500,1.04486451699782,0.851893934399546,1.70372039886665,1.58769882821992,1.16783389863817,1809.35260261838,2532.3039997724,1017.09405764694,758.51226359762,782.379229464729,0.438114021588413,0.432218654855095,1.17534921081212,1.03222073287022,0.800319171055712,1.67762823036075,1.15715321417067,3.50612585898956,2.20385859819103,1.80067708460299,840.665403065576,1051.76835958134,634.346947927148,524.066414686179,540.5018228972,36345.1676843408,49726.6420236671,3012.71192677272,1556.57469901224,1804.5636042408
100,0.215,0.825,0.1359512118419,0.191167880250941,1434.74061391381,924.869251041088,246.512720866686,417.258528720743,1500,1.28528157061555,1.38305650666606,0.833686885139386,1.39797264564089,1.44628971596073,1230.78707132638,934.068646166517,8200.65612761562,677.035504269741,618.942822105086,0.701443686373707,0.708903498633925,0.404368230520601,1.02292272892372,1.06342660327979,3.38332875169474,2.95735782046625,2.51929284034902,3.06436914280243,2.01806267097694,565.59526130145,520.567345871692,695.636182316698,471.723908787043,448.500884987158,9827.81186322986,4267.72143875029,299105.388200989,1300.33920608232,1021.81183781711
100,0.215,0.825,0.116617315361724,0.195650660072703,1673.86404956611,924.869251041088,251.132776990115,424.977968864722,1750,1.41815132540101,1.01119846382655,1.20671097642595,0.723278194266511,1.46387886135414,795.806168098108,983.328908652306,1441.00006516362,1681.8655468945,908.429542454538,0.862510137447802,0.633201927942334,0.890820294736244,0.474564596243771,0.874299032292357,2.38562851364235,1.24763728700285,1.97959733193217,1.03310442506851,3.31449266763228,514.766746021799,599.047403140618,703.783123981152,741.444098003454,535.299923717803,2382.36499682705,3303.36676121188,5288.12824355918,8036.99571130727,3084.8985290209
100,0.215,0.825,0.116617315361724,0.195650660072703,1673.86404956611,924.869251041088,251.132776990115,424.977968864722,1750,1.61298398695229,1.11076595612333,0.742443514507404,1.0575140327572,1.11949420701825,760.370595290886,1263.11168698989,3478.30160678262,1180.78804941507,614.347471026541,0.775722560088893,0.786723703580347,0.508308639873009,0.563519307123487,0.783103821544993,6.44900631967418,2.31082372766258,1.4962907186642,3.41124565348736,1.86102475691951,459.361834145994,650.333878809215,1077.43923585911,579.433850980872,438.380746918233,2826.31893551522,4392.3158218913,39609.8135029756,17450.1624788728,1227.17568406877
100,0.215,0.825,0.553075327915399,0.0957972524877735,239.123435652302,924.869251041088,141.877032223114,241.321481188715,250,1.51207261374716,0.801462791404447,1.13246505386323,1.48344570131967,1.16812024626727,556.374845663568,3578.55897606701,205.553451439407,840.720563970549,588.477399775108,1.01773065896216,0.611907175118491,0.909194960462806,1.01288526181494,0.880162344913527,2.2130906771294,2.81360079845236,1.38832863314053,2.34986419947849,1.819908210339,321.353255260234,826.463602120075,155.006664477147,410.737402709894,316.863862047703,2414.0445533627,20574.3510471987,307.017757464213,3408.60523963282,1943.83254799281
100,0.215,0.825,0.553075327915399,0.0957972524877735,239.123435652302,924.869251041088,141.877032223114,241.321481188715,250,0.740977233293679,1.90277922165701,1.23423454003927,1.23335452767349,1.2649697021848,3773.9218328513,445.710061769494,249.099207182454,842.692451897954,870.518778538686,0.507061424259699,1.09238574658111,0.892997547274625,0.769984538584833,0.711999311692752,1.15126778546274,4.4388556348982,1.59833944844244,1.82697096929973,3.14332369375115,920.803502667773,293.586277029135,197.406408543305,427.046578707931,360.832135237576,66303.9515579531,1504.68036820517,373.745138764034,4472.95247459623,10089.746635574
100,0.215,0.825,0.356446462328954,0.140393708864946,478.246871304603,924.869251041088,192.551785564447,326.781948325596,500,1.07956727141122,1.12052271812035,1.21018857829126,0.833863221597654,1.55816647218935,1425.74268998706,869.162229058136,509.081586109886,1987.99825034826,864.456629349117,0.729648367453999,0.759883431475239,0.935715002707431,0.56849724173369,0.891173235607672,3.36214945701813,1.49337706392986,1.61156622688633,1.44808039839582,3.90432865862706,642.046660845407,507.505883766997,352.130010538109,664.456401768706,492.643668096175,9525.26292924672,2880.67852001395,862.243467525021,15445.0701368745,4059.85174519378
100,0.215,0.825,0.356446462328954,0.140393708864946,478.246871304603,924.869251041088,192.551785564447,326.781948325596,500,1.29168361573158,1.521188266959,1.0736130675654,0.890312699512971,0.883609513682773,1044.18084071023,503.259076757881,364.201825035439,1380.53948176508,3868.90290627985,0.922542928076127,0.717125946281715,0.814271640304114,0.546492336315359,0.394425055325506,2.2314770380875,2.52797447063826,1.35098763273458,1.44290765581503,7.7610002284277,523.365318607021,360.225266022031,260.888685463556,596.38452726178,368.556088346949,4349.32621345757,2732.34109009286,601.255221530681,15431.6449803123,1310707.08503235
100,0.215,0.825,0.257851105105913,0.163013034765382,717.370306956905,924.869251041088,216.991020822759,367.829941016634,750,0.598368625867093,1.60956921307518,0.937225938028681,0.916553285498985,0.927416121176992,7050.53461465036,547.847255957593,824.014372684184,1193.66587156833,1647.16392222109,0.332259494066861,1.03168538611519,0.558451050263166,0.587267787694278,0.507239415096556,0.933434915497643,2.45506452713191,1.55670307270112,1.26786750915693,1.69613278909563,1450.60476246428,402.517846319955,465.996269735263,618.301531142906,685.938519323019,385652.643819042,1037.12125611528,3090.65551663255,5367.96960743289,34482.8462433988
100,0.215,0.825,0.257851105105913,0.163013034765382,717.370306956905,924.869251041088,216.991020822759,367.829941016634,750,0.903507755853697,1.62836007968975,0.935050903389597,1.16693392417011,1.00218131903146,1550.25500522147,581.901206549329,1302.40316754767,1731.06699893857,1025.68071342989,0.596455582372598,1.06080481622,0.717846211066647,0.650416514364095,0.742601733788643,1.41068279570078,2.87736333854886,1.30897049851045,3.65970891179249,1.39143632317182,679.304794383801,426.679309885607,672.302749229008,592.938966658191,571.361004368208,9242.11176256616,1088.15015863264,3477.29825981476,20552.5495180414,2950.60221656542
100,0.215,0.825,0.199949825732212,0.176362016848044,956.493742609207,924.869251041088,231.101477737775,391.477054325248,1000,1.10506940488394,1.53627603043479,1.04888908737552,1.1444623375299,1.8806198291151,996.350425376517,893.860193831262,1702.72350136499,966.868147582789,684.505762510845,0.871601116852144,0.960879147829388,0.647216665541919,0.766903029366046,0.887097397577694,1.55301279428376,4.52156784538362,1.69798218111022,2.60410331076882,3.78981846543354,578.809688966743,505.558489147223,758.934639794164,538.474234292466,477.500044186026,2724.75271129669,3131.83274062649,11560.0631353179,3482.38889442385,3328.09940016837
100,0.215,0.825,0.199949825732212,0.176362016848044,956.493742609207,924.869251041088,231.101477737775,391.477054325248,1000,5.67289168141158,0.875581360687815,0.970744893196761,0.824574007669002,1.2376528880564,4365.36163535389,1866.67651253543,728.681810546747,1396.46088053008,672.522158861837,5.67287100947313,0.660468490831464,0.621368076848849,0.582156399265272,0.764794396299853,5.67287100947313,1.26002448411338,1.51124340273453,1.14417097497606,1.75747355702827,4365.35212915735,850.729728728872,471.264402068866,674.977959781122,459.20246575931,4365.35212915735,7958.95998220848,1953.79367846847,5068.25461972019,1422.03417694816
100,0.215,0.825,0.162265605156944,0.185073900675987,1195.61717826151,924.869251041088,240.198467236649,406.701271141681,1250,1.08402171675552,1.0117881903553,1.58616822809787,1.00736029486749,1.03918579321282,919.821174830669,1039.41091817421,2996.67314139945,1118.19611921196,1300.12539634009,0.648069727629041,0.609473650343876,0.667682112785478,0.688385671956699,0.647841247134538,1.900814925832,1.65839202612699,5.08432013932326,1.60953824048929,1.82913554259305,543.612445308809,599.249426656437,616.564561489537,618.880725185016,635.496535425387,3749.59449014393,4688.71127631319,6658.14663217791,3716.82400110612,5489.18172609723
100,0.215,0.825,0.162265605156944,0.185073900675987,1195.61717826151,924.869251041088,240.198467236649,406.701271141681,1250,1.46653881461758,0.846354563828865,1.12518803161731,1.62865340510179,1.47988513351822,1048.20284660075,1366.0995884714,1417.41950761252,714.212233471386,735.845285060457,0.860213602865099,0.636329884917897,0.433985628360202,1.16879729115399,0.992912126088332,3.36063220510376,1.07715866125351,3.19892548077662,2.78253377201132,2.00377628088472,517.766371016607,695.119886589579,559.793537456292,498.729748912132,493.166021244086,5433.64869808139,3949.26847368903,36051.8254801619,1544.73434670216,1392.99232042446
100,0.215,0.825,0.1359512118419,0.191167880250941,1434.74061391381,924.869251041088,246.512720866686,417.258528720743,1500,1.07478740289306,1.49341247155256,1.03063221564712,1.08395360965982,0.939399676753134,896.14991576773,772.156576745241,1769.49509378651,981.120440782418,935.370546485178,0.672861801138829,0.995860890364803,0.567538585280895,0.775827374115193,0.56051200632836,2.07494205962151,4.47395483157954,9.32662429212062,2.06695172987111,2.20788150212742,515.95423794877,477.642875443472,499.21102841651,536.759592406704,502.560586787976,3373.78199059494,2120.52535770919,30799.2876120086,3077.05738013268,4344.34052828963
100,0.215,0.825,0.1359512118419,0.191167880250941,1434.74061391381,924.869251041088,246.512720866686,417.258528720743,1500,1.29123532563189,1.3589993796028,0.916982662534755,0.781545657099678,0.934825200529475,737.579240220235,970.679580668089,1666.1791357451,1997.13691971175,989.294231553519,0.723960685001786,0.863541001675119,0.531714824615835,0.596462948175912,0.52994392520038,3.49062626986014,3.24245401601256,2.22383441491215,1.31658857495767,1.47116121625906,461.402404229031,534.908097045912,668.417133434136,841.314123200095,555.055058502999,2970.74879992294,5860.88483020174,21529.4651121649,19648.0330117008,5802.30845221796
100,0.215,0.825,0.116617315361724,0.195650660072703,1673.86404956611,924.869251041088,251.132776990115,424.977968864722,1750,3.92818305524667,1.09092128629033,1.17278570272444,1.35316826937648,1.06245496323255,763.255225144067,852.64811186729,2771.06183882669,787.474561390672,1187.86111424334,1.08302633946711,0.822535220321602,0.777546633939207,0.977804266944084,0.742943733717143,11.8772477847624,1.53991094076122,6.73780319455691,1.89323876217459,1.88863263078147,463.133741275751,546.405716116356,591.382384198615,548.511863442721,660.738031576885,2147.14098625852,1683.99571750807,14782.0038206178,1433.94383695157,4140.89911123163
100,0.215,0.825,0.116617315361724,0.195650660072703,1673.86404956611,924.869251041088,251.132776990115,424.977968864722,1750,1.22573094285033,1.03237802502742,1.58213709474675,1.18810341115571,1.10077341964577,1121.26431330891,975.718125172644,888.004995145839,1141.48514839954,913.903041936467,0.825075696914822,0.72025718993505,0.723146132055656,0.570687146786942,0.760157195728521,1.93199494845306,1.79997599261445,2.73892157131428,2.27797998513084,1.90638647188945,647.344826924382,570.893648539385,549.581673081865,607.747037403254,553.970198998301,3733.2019156741,2704.86175290595,3464.39686096722,11604.9418730826,2255.0045166508
100,0.215,0.825,0.553075327915399,0.0957972524877735,239.123435652302,924.869251041088,141.877032223114,241.321481188715,250,0.954211166913264,1.42739362025612,0.949423813319942,0.75194810222426,1.66277918073798,1125.20294950388,688.331211106272,259.235024108557,2321.39423200774,618.992641823906,0.376109880316375,0.680621088361048,0.768712224467354,0.485894076659451,0.791781366860723,2.20079807780675,6.01425974988655,1.17082355274073,1.31179001521895,3.34457721450584,393.663163890625,303.814247119506,190.407271457778,684.112064871943,332.562125319692,499087.983033984,4279.44808463572,419.994365266416,61133.7601555621,7144.04931797755
100,0.215,0.825,0.553075327915399,0.0957972524877735,239.123435652302,924.869251041088,141.877032223114,241.321481188715,250,1.90296282695971,1.33272396309909,1.14262483248525,2.42008351990833,0.866724009212779,548.883505702015,581.126627711084,295.683018295846,723.040153496613,2169.36335490312,1.00343402470945,0.871250613767362,0.866335853827643,0.545700927987856,0.264517444213573,4.04563404187155,2.14514284567092,1.47591558299895,7.00934980032059,2.00041901147611,338.259981059623,347.81968157306,226.750995707108,354.608118947676,477.411844303956,2569.13987351882,1555.28716589858,457.850583555823,2834.72101151946,7841764.47259146
100,0.215,0.825,0.356446462328954,0.140393708864946,478.246871304603,924.869251041088,192.551785564447,326.781948325596,500,1.29747334045326,0.773079799192629,0.991157998883481,2.29368861636224,1.30462928832985,1355.04609751126,1669.57934091794,435.739790831054,509.007978081018,774.950140430929,0.762915140383162,0.500669706093558,0.650903203981084,0.816067730711548,0.659094697559057,6.29370201780889,1.36375947964239,1.3576208209571,4.81505545613901,2.50331151598634,362.413778729657,654.07133150307,303.590359715492,383.971591727169,453.14526419162,9561.70527647516,13694.5044537181,848.038324207319,2092.96340173406,6518.2252980128
100,0.215,0.825,0.356446462328954,0.140393708864946,478.246871304603,924.869251041088,192.551785564447,326.781948325596,500,1.98582807227575,1.59198190905006,1.01043903749453,3.47360855104968,1.53608685473185,612.069136867591,1010.13429377556,525.074488000995,579.593710656211,756.076082298031,1.3905925248371,1.15216608923988,0.770095599859768,2.11960365651222,0.837432065647307,3.40977229760026,2.31486531083794,1.32694274622712,8.71207860710031,2.52740159119449,428.436578881995,561.876528982331,378.412056071829,407.521539643237,460.667137929059,1241.26858496219,3404.44180183517,991.994800412472,1702.5140296544,2993.93214588892
100,0.215,0.825,0.257851105105913,0.163013034765382,717.370306956905,924.869251041088,216.991020822759,367.829941016634,750,2.10199321638415,1.21297727212659,1.29322276391425,1.59496928764656,2.73159032777964,692.775161179007,702.63483427026,552.99544319405,638.515011795256,482.455902601013,1.35514828053299,0.834600510309163,0.834436041996072,1.04779509554576,1.27141871936948,39.3993454410136,1.80441138655885,1.78069613088587,2.45971914654541,5.10067493874498,381.045456386584,446.132757504579,392.077747435695,441.370058499925,390.128672591334,2940.3637082092,1766.86169792843,1024.60033107035,1561.29702295552,1266.76591685073
100,0.215,0.825,0.257851105105913,0.163013034765382,717.370306956905,924.869251041088,216.991020822759,367.829941016634,750,1.81768109819607,0.749516210385318,1.07558328421603,1.26672634650831,1.33281609427566,595.375604354906,2364.43005994003,853.187019076649,765.911661848587,1068.99357418243,1.07739520446585,0.460123992526499,0.691272355226414,0.709921210577958,0.76639691239857,3.05189649571258,1.33116897628316,1.67852946594975,2.1412332775387,2.80182862242249,426.294401353104,812.910039435096,502.227637900166,484.789491165745,572.765534895064,1206.03600249775,51466.3049625818,2631.07395439957,2965.54156438285,8154.54683524159
100,0.215,0.825,0.199949825732212,0.176362016848044,956.493742609207,924.869251041088,231.101477737775,391.477054325248,1000,1.47039759220648,0.924512649765947,0.911093611950239,0.991355004600186,1.16258017648296,859.840458670462,2089.678223454,1319.31329971637,795.833903320183,792.52222386581,0.691776312876135,0.60604230811921,0.587539784496024,0.711303907592282,0.589245455690246,10.1411963354971,3.20176965612717,6.24406534162314,1.4376217516584,2.54417182123476,437.804522365764,640.988740345992,443.428261260356,478.065239510056,454.433420188919,5142.88266234496,20408.0534741188,11902.1546923759,2111.30449206704,5008.9445191265
100,0.215,0.825,0.199949825732212,0.176362016848044,956.493742609207,924.869251041088,231.101477737775,391.477054325248,1000,1.22260069844815,0.974323366602165,1.52635391693882,1.27679829941711,1.28851811425253,921.520466468824,1113.78013763534,1032.93007836604,692.089851675657,705.671095480128,0.919017972875164,0.610050215528126,0.838541408938173,0.983246273408997,0.736119177738083,1.82896039489136,1.34771623500708,2.41923539671034,1.76248348007124,2.06115795418839,531.299439566539,570.296829903401,568.425606697573,445.150391849253,463.682653383781,2152.58702906265,4879.11888624615,4606.74076884983,1510.89728325325,1979.89415807867
100,0.215,0.825,0.162265605156944,0.185073900675987,1195.61717826151,924.869251041088,240.198467236649,406.701271141681,1250,1.40286315910025,1.70330666063008,5.4961191002475,1.92228263314444,0.957525326104437,860.907461575429,632.438731682054,540.534618552136,749.495328704896,1044.37174998531,1.03568547590002,1.16974302296956,3.22809834823034,1.07956012070266,0.580059071223232,2.16642516920247,2.79448075527094,62.1028426117913,3.33229274670264,1.26938444479466,553.843551642061,468.038566375514,417.981858660873,500.834285311039,605.460320023414,1692.0441686176,1268.75137281018,1368.67037531381,2091.13751728409,3672.31574769227
100,0.215,0.825,0.162265605156944,0.185073900675987,1195.61717826151,924.869251041088,240.198467236649,406.701271141681,1250,1.22093236455023,0.772647445031964,1.45352217288748,1.74990387347688,1.64717330976979,1333.65156128764,1765.52685036154,1058.05468784731,627.939709088301,575.033667851063,0.794726481873604,0.377015555629842,0.706463198712576,1.09129036555721,0.990031992079484,2.69592809685118,1.23730059077287,3.38537869467012,2.75977180641025,2.64643277789405,580.041161068285,740.44250751601,551.520875589983,460.652337111059,419.807692931639,5745.63610813725,27607.0648745177,9381.78158051196,1194.3061650959,1219.93963353139
100,0.215,0.825,0.1359512118419,0.191167880250941,1434.74061391381,924.869251041088,246.512720866686,417.258528720743,1500,1.62602903526043,1.40043230401671,0.955574379705912,1.4561469518638,1.31910597355778,747.742863587151,585.575799519625,1974.73622662933,733.561179162266,699.811013640234,1.12455438265242,0.999020185173079,0.557528415729065,0.926362640041483,0.891416538552091,7.22009131884243,2.09482262584007,3.46496210016971,2.82993080919822,2.05571269621023,474.588203224754,416.144849870694,599.949016511014,478.704573070713,463.525171414909,2091.04990170695,1086.09804880472,59167.2207988992,1748.03985057813,1469.24869880066
100,0.215,0.825,0.1359512118419,0.191167880250941,1434.74061391381,924.869251041088,246.512720866686,417.258528720743,1500,2.21590274793386,1.20228715385693,1.50079217188358,1.20679305036697,1.61257841339589,906.383974588681,846.786619423021,1368.93604559311,1284.81205921451,537.692347682405,1.66267812012491,0.768300874999928,0.663190759741832,0.626890384274859,1.17422676715387,7.4140058321425,1.72921140740402,5.60364241978147,2.31339401979065,2.50485574933084,522.442046497373,548.193224056765,534.414609430139,676.106468516512,417.730364579226,2022.17403501808,2659.95918847312,31249.8983036536,12160.8013618196,794.57622939111
100,0.215,0.825,0.116617315361724,0.195650660072703,1673.86404956611,924.869251041088,251.132776990115,424.977968864722,1750,1.29066787034784,0.859693322933479,0.656373537250146,1.71496204199123,1.85981301920453,926.679513306996,1302.45985610781,6103.01895951423,767.619689926857,664.227589382744,0.872460873408531,0.657918684804058,0.468254063727479,0.934979334991463,1.30914771436877,2.21003371180515,1.20281631185207,0.870213030586731,2.55267082231159,3.29246979008246,566.149957681584,659.914151214661,2008.58730342158,531.902516019934,470.569103310331,2579.19950804675,4339.55218210117,58345.0920399768,2195.68667322248,1229.83289091288
100,0.215,0.825,0.116617315361724,0.195650660072703,1673.86404956611,924.869251041088,251.132776990115,424.977968864722,1750,1.12192554042146,1.28752863696381,0.864802233156254,2.28273290882354,1.08039551061224,910.967287627714,968.851668836408,2419.81670073327,583.286631173047,1000.63166155369,0.882430995245592,0.723853234554889,0.513174351358174,1.11686870453739,0.781494241830183,1.46584072970404,2.13174408716473,1.33668545676506,4.61778464330023,1.60474299234933,543.33638182665,591.907717529398,988.332611228617,452.191554483102,598.335902367235,2234.02851412186,5236.07565076157,53428.3952403797,1182.37872167192,2490.65308702904
